{
  "type": "FeatureCollection",
  "features": [
    {
      "type": "Feature",
      "id": "vw_DistritosEducacao_2023.fid-3da4354c_18dace4b5a0_-54ba",
      "geometry": {
        "type": "Polygon",
        "coordinates": [
          [
            [
              -38.5762028,
              -3.77678002
            ],
            [
              -38.57627912,
              -3.77687155
            ],
            [
              -38.57643621,
              -3.77705148
            ],
            [
              -38.57663808,
              -3.77728242
            ],
            [
              -38.57673715,
              -3.77739457
            ],
            [
              -38.57684153,
              -3.77751417
            ],
            [
              -38.57702955,
              -3.777731
            ],
            [
              -38.57708545,
              -3.77779419
            ],
            [
              -38.57719618,
              -3.77792125
            ],
            [
              -38.57731089,
              -3.77805071
            ],
            [
              -38.5774097,
              -3.77816578
            ],
            [
              -38.57751295,
              -3.7782828
            ],
            [
              -38.57768177,
              -3.77847784
            ],
            [
              -38.57770839,
              -3.77850727
            ],
            [
              -38.57773024,
              -3.77853451
            ],
            [
              -38.57791016,
              -3.77874398
            ],
            [
              -38.5780298,
              -3.77887726
            ],
            [
              -38.57808694,
              -3.7789422
            ],
            [
              -38.57850536,
              -3.77941372
            ],
            [
              -38.57865923,
              -3.77959886
            ],
            [
              -38.57904711,
              -3.78002916
            ],
            [
              -38.57926526,
              -3.78027488
            ],
            [
              -38.57942204,
              -3.78045814
            ],
            [
              -38.57982897,
              -3.7809226
            ],
            [
              -38.58012792,
              -3.78127767
            ],
            [
              -38.58020183,
              -3.78136451
            ],
            [
              -38.5802821,
              -3.78145454
            ],
            [
              -38.58047707,
              -3.78167909
            ],
            [
              -38.5807502,
              -3.78199048
            ],
            [
              -38.58093511,
              -3.78220065
            ],
            [
              -38.58120109,
              -3.78250777
            ],
            [
              -38.58131792,
              -3.78263856
            ],
            [
              -38.58138971,
              -3.78272034
            ],
            [
              -38.58163688,
              -3.78300322
            ],
            [
              -38.581688,
              -3.78306209
            ],
            [
              -38.58182576,
              -3.78322058
            ],
            [
              -38.58201862,
              -3.78344061
            ],
            [
              -38.5823347,
              -3.78380928
            ],
            [
              -38.58246262,
              -3.78395417
            ],
            [
              -38.58258289,
              -3.78409428
            ],
            [
              -38.5826719,
              -3.78419763
            ],
            [
              -38.58286794,
              -3.78442191
            ],
            [
              -38.58325022,
              -3.78486608
            ],
            [
              -38.58344885,
              -3.78509382
            ],
            [
              -38.58370736,
              -3.78545038
            ],
            [
              -38.58398714,
              -3.78586105
            ],
            [
              -38.5842704,
              -3.78629015
            ],
            [
              -38.5844665,
              -3.78655971
            ],
            [
              -38.5846443,
              -3.78691322
            ],
            [
              -38.58482583,
              -3.78732278
            ],
            [
              -38.58515988,
              -3.78753189
            ],
            [
              -38.58545235,
              -3.78778043
            ],
            [
              -38.58568775,
              -3.78798128
            ],
            [
              -38.58693365,
              -3.78926122
            ],
            [
              -38.5880194,
              -3.79037518
            ],
            [
              -38.5886185,
              -3.79100259
            ],
            [
              -38.58810703,
              -3.79225455
            ],
            [
              -38.58777319,
              -3.7931112
            ],
            [
              -38.58743267,
              -3.79396057
            ],
            [
              -38.58707867,
              -3.79486881
            ],
            [
              -38.58670084,
              -3.79579054
            ],
            [
              -38.58636983,
              -3.79662691
            ],
            [
              -38.58565036,
              -3.79584728
            ],
            [
              -38.58475756,
              -3.79486329
            ],
            [
              -38.58417948,
              -3.79424103
            ],
            [
              -38.58370056,
              -3.79469823
            ],
            [
              -38.58362418,
              -3.79476849
            ],
            [
              -38.58351757,
              -3.79487494
            ],
            [
              -38.58314896,
              -3.79523048
            ],
            [
              -38.58301213,
              -3.79535822
            ],
            [
              -38.58160154,
              -3.79384321
            ],
            [
              -38.58032127,
              -3.79246228
            ],
            [
              -38.57983542,
              -3.79193315
            ],
            [
              -38.5793664,
              -3.79142433
            ],
            [
              -38.57843846,
              -3.79042192
            ],
            [
              -38.57810128,
              -3.7900654
            ],
            [
              -38.57813576,
              -3.79071384
            ],
            [
              -38.57465735,
              -3.79082838
            ],
            [
              -38.57468472,
              -3.791456
            ],
            [
              -38.57442231,
              -3.79145897
            ],
            [
              -38.57321874,
              -3.79106729
            ],
            [
              -38.57302355,
              -3.79100987
            ],
            [
              -38.57283212,
              -3.7909521
            ],
            [
              -38.57264609,
              -3.79089595
            ],
            [
              -38.57245692,
              -3.79083886
            ],
            [
              -38.57226561,
              -3.79078113
            ],
            [
              -38.57208081,
              -3.79072535
            ],
            [
              -38.57204056,
              -3.79069395
            ],
            [
              -38.57199586,
              -3.79067137
            ],
            [
              -38.57195528,
              -3.79065368
            ],
            [
              -38.57191385,
              -3.79063809
            ],
            [
              -38.57187247,
              -3.79062484
            ],
            [
              -38.57184346,
              -3.7906154
            ],
            [
              -38.57181505,
              -3.79060427
            ],
            [
              -38.57178734,
              -3.79059148
            ],
            [
              -38.57176043,
              -3.79057708
            ],
            [
              -38.5717344,
              -3.79056111
            ],
            [
              -38.57169757,
              -3.79053605
            ],
            [
              -38.57166202,
              -3.79050919
            ],
            [
              -38.5716429,
              -3.79049307
            ],
            [
              -38.57162473,
              -3.79047586
            ],
            [
              -38.57160759,
              -3.79045763
            ],
            [
              -38.57158161,
              -3.7904279
            ],
            [
              -38.57154726,
              -3.79038713
            ],
            [
              -38.57149909,
              -3.79032501
            ],
            [
              -38.57145347,
              -3.79026287
            ],
            [
              -38.57144393,
              -3.79024891
            ],
            [
              -38.5713723,
              -3.79013545
            ],
            [
              -38.57135389,
              -3.79010628
            ],
            [
              -38.57133366,
              -3.79007835
            ],
            [
              -38.57132359,
              -3.79006517
            ],
            [
              -38.57127364,
              -3.78999433
            ],
            [
              -38.57122835,
              -3.78992039
            ],
            [
              -38.57120261,
              -3.78987758
            ],
            [
              -38.57118094,
              -3.78984478
            ],
            [
              -38.57114626,
              -3.78979229
            ],
            [
              -38.57111357,
              -3.78973853
            ],
            [
              -38.5710838,
              -3.7896849
            ],
            [
              -38.57105598,
              -3.78962978
            ],
            [
              -38.57104665,
              -3.78961167
            ],
            [
              -38.5710338,
              -3.78958986
            ],
            [
              -38.57101973,
              -3.78956881
            ],
            [
              -38.57100449,
              -3.7895486
            ],
            [
              -38.57096011,
              -3.78949364
            ],
            [
              -38.57093382,
              -3.78946157
            ],
            [
              -38.57083804,
              -3.78934755
            ],
            [
              -38.57082,
              -3.78932611
            ],
            [
              -38.57077852,
              -3.78927389
            ],
            [
              -38.57073916,
              -3.78922004
            ],
            [
              -38.57068525,
              -3.78914167
            ],
            [
              -38.57066088,
              -3.78910524
            ],
            [
              -38.57064897,
              -3.78908855
            ],
            [
              -38.57063595,
              -3.78907273
            ],
            [
              -38.57060346,
              -3.78903726
            ],
            [
              -38.57056966,
              -3.78900306
            ],
            [
              -38.57055392,
              -3.78898716
            ],
            [
              -38.57052974,
              -3.78896035
            ],
            [
              -38.57050714,
              -3.78893219
            ],
            [
              -38.57049937,
              -3.78892261
            ],
            [
              -38.57049096,
              -3.78891358
            ],
            [
              -38.57048197,
              -3.78890514
            ],
            [
              -38.57047243,
              -3.78889733
            ],
            [
              -38.5704633,
              -3.78889067
            ],
            [
              -38.57045389,
              -3.78888443
            ],
            [
              -38.57040347,
              -3.78885057
            ],
            [
              -38.57037671,
              -3.78883091
            ],
            [
              -38.570294,
              -3.78876848
            ],
            [
              -38.57027839,
              -3.78875748
            ],
            [
              -38.57026214,
              -3.78874746
            ],
            [
              -38.5702453,
              -3.78873847
            ],
            [
              -38.57013018,
              -3.788692
            ],
            [
              -38.57009776,
              -3.78867927
            ],
            [
              -38.57006582,
              -3.78866538
            ],
            [
              -38.57004237,
              -3.78865429
            ],
            [
              -38.56988354,
              -3.78858389
            ],
            [
              -38.56975197,
              -3.78853437
            ],
            [
              -38.56969957,
              -3.788514
            ],
            [
              -38.56967057,
              -3.78850102
            ],
            [
              -38.56953122,
              -3.78843978
            ],
            [
              -38.56942292,
              -3.78839625
            ],
            [
              -38.56935882,
              -3.78837215
            ],
            [
              -38.5692209,
              -3.78832128
            ],
            [
              -38.56894231,
              -3.78821993
            ],
            [
              -38.56880369,
              -3.78816778
            ],
            [
              -38.56878854,
              -3.78816256
            ],
            [
              -38.56877312,
              -3.78815816
            ],
            [
              -38.5687575,
              -3.7881546
            ],
            [
              -38.5687417,
              -3.78815189
            ],
            [
              -38.56859489,
              -3.78812557
            ],
            [
              -38.5685377,
              -3.78811468
            ],
            [
              -38.56848006,
              -3.78810652
            ],
            [
              -38.56844382,
              -3.78810334
            ],
            [
              -38.56840745,
              -3.78810225
            ],
            [
              -38.56837108,
              -3.78810327
            ],
            [
              -38.56833483,
              -3.78810639
            ],
            [
              -38.56824506,
              -3.78811372
            ],
            [
              -38.568155,
              -3.78811505
            ],
            [
              -38.56812565,
              -3.78811363
            ],
            [
              -38.56809643,
              -3.78811045
            ],
            [
              -38.56806745,
              -3.78810554
            ],
            [
              -38.56793805,
              -3.78807963
            ],
            [
              -38.56791941,
              -3.78807522
            ],
            [
              -38.56790111,
              -3.78806954
            ],
            [
              -38.56788325,
              -3.7880626
            ],
            [
              -38.5678659,
              -3.78805445
            ],
            [
              -38.56784376,
              -3.78804401
            ],
            [
              -38.56782098,
              -3.7880351
            ],
            [
              -38.56779764,
              -3.78802775
            ],
            [
              -38.56777387,
              -3.78802199
            ],
            [
              -38.56775976,
              -3.78801955
            ],
            [
              -38.56774553,
              -3.78801804
            ],
            [
              -38.56773123,
              -3.78801747
            ],
            [
              -38.56771692,
              -3.78801782
            ],
            [
              -38.56770266,
              -3.78801911
            ],
            [
              -38.56768852,
              -3.78802133
            ],
            [
              -38.56767455,
              -3.78802447
            ],
            [
              -38.56764792,
              -3.78803059
            ],
            [
              -38.56762099,
              -3.78803524
            ],
            [
              -38.56759385,
              -3.78803839
            ],
            [
              -38.56750169,
              -3.7880455
            ],
            [
              -38.56748616,
              -3.78804557
            ],
            [
              -38.56747075,
              -3.7880437
            ],
            [
              -38.56745568,
              -3.78803995
            ],
            [
              -38.56744118,
              -3.78803435
            ],
            [
              -38.56741461,
              -3.78802119
            ],
            [
              -38.56738885,
              -3.7880065
            ],
            [
              -38.56736399,
              -3.78799031
            ],
            [
              -38.56734012,
              -3.78797269
            ],
            [
              -38.56731732,
              -3.7879537
            ],
            [
              -38.56729566,
              -3.7879334
            ],
            [
              -38.56723883,
              -3.7878683
            ],
            [
              -38.56715899,
              -3.78777313
            ],
            [
              -38.56711225,
              -3.787704
            ],
            [
              -38.56706311,
              -3.78765954
            ],
            [
              -38.56697138,
              -3.78762492
            ],
            [
              -38.56691843,
              -3.78761002
            ],
            [
              -38.56685669,
              -3.78760183
            ],
            [
              -38.56680216,
              -3.78759358
            ],
            [
              -38.56678812,
              -3.78759159
            ],
            [
              -38.5667383,
              -3.78755445
            ],
            [
              -38.56671268,
              -3.78753293
            ],
            [
              -38.56663958,
              -3.78747092
            ],
            [
              -38.56656186,
              -3.78747088
            ],
            [
              -38.56648639,
              -3.78746397
            ],
            [
              -38.56641786,
              -3.78745706
            ],
            [
              -38.56637445,
              -3.78746391
            ],
            [
              -38.56629329,
              -3.78749147
            ],
            [
              -38.56622691,
              -3.78750057
            ],
            [
              -38.56616747,
              -3.78749828
            ],
            [
              -38.56611947,
              -3.78750278
            ],
            [
              -38.56605777,
              -3.78751197
            ],
            [
              -38.56598923,
              -3.78752343
            ],
            [
              -38.56592979,
              -3.78753489
            ],
            [
              -38.56587034,
              -3.78754173
            ],
            [
              -38.56582459,
              -3.78754171
            ],
            [
              -38.56576515,
              -3.78754168
            ],
            [
              -38.56573769,
              -3.78753705
            ],
            [
              -38.56570573,
              -3.78751641
            ],
            [
              -38.56569205,
              -3.7874842
            ],
            [
              -38.56567604,
              -3.7874452
            ],
            [
              -38.56565093,
              -3.7874061
            ],
            [
              -38.56561898,
              -3.78736936
            ],
            [
              -38.5655755,
              -3.78733261
            ],
            [
              -38.56553436,
              -3.78730273
            ],
            [
              -38.56552186,
              -3.787266
            ],
            [
              -38.56552188,
              -3.78722465
            ],
            [
              -38.56551505,
              -3.78718792
            ],
            [
              -38.56548535,
              -3.78714656
            ],
            [
              -38.56545564,
              -3.78712357
            ],
            [
              -38.56538938,
              -3.78709142
            ],
            [
              -38.56535048,
              -3.7870753
            ],
            [
              -38.56531392,
              -3.7870523
            ],
            [
              -38.56528196,
              -3.78703392
            ],
            [
              -38.56524765,
              -3.78703852
            ],
            [
              -38.56520423,
              -3.78704998
            ],
            [
              -38.56516991,
              -3.78706146
            ],
            [
              -38.565131,
              -3.78707293
            ],
            [
              -38.56509669,
              -3.78707291
            ],
            [
              -38.56506013,
              -3.78705905
            ],
            [
              -38.56503736,
              -3.7870338
            ],
            [
              -38.56499847,
              -3.78700854
            ],
            [
              -38.56494361,
              -3.78702226
            ],
            [
              -38.56489786,
              -3.7870292
            ],
            [
              -38.56485219,
              -3.78704293
            ],
            [
              -38.56481553,
              -3.78704753
            ],
            [
              -38.5647687,
              -3.78704515
            ],
            [
              -38.56472529,
              -3.787052
            ],
            [
              -38.56467729,
              -3.78705659
            ],
            [
              -38.56462928,
              -3.78705657
            ],
            [
              -38.56457894,
              -3.78705654
            ],
            [
              -38.56452635,
              -3.7870519
            ],
            [
              -38.56447609,
              -3.78705188
            ],
            [
              -38.5644235,
              -3.78704272
            ],
            [
              -38.56438694,
              -3.78703582
            ],
            [
              -38.56434353,
              -3.78703806
            ],
            [
              -38.56432067,
              -3.78701969
            ],
            [
              -38.56428869,
              -3.7870289
            ],
            [
              -38.56424978,
              -3.78704724
            ],
            [
              -38.56421095,
              -3.78707246
            ],
            [
              -38.56418347,
              -3.78709769
            ],
            [
              -38.56415833,
              -3.78711604
            ],
            [
              -38.56413321,
              -3.78710915
            ],
            [
              -38.56411034,
              -3.78709765
            ],
            [
              -38.56401315,
              -3.78712746
            ],
            [
              -38.56393541,
              -3.78715501
            ],
            [
              -38.56388055,
              -3.78718022
            ],
            [
              -38.56379363,
              -3.78721003
            ],
            [
              -38.56371589,
              -3.78723523
            ],
            [
              -38.56364501,
              -3.78725818
            ],
            [
              -38.56358096,
              -3.78727651
            ],
            [
              -38.56350323,
              -3.78729945
            ],
            [
              -38.56342784,
              -3.78732691
            ],
            [
              -38.56334209,
              -3.7873361
            ],
            [
              -38.56326437,
              -3.78734755
            ],
            [
              -38.5631798,
              -3.78735212
            ],
            [
              -38.56312719,
              -3.78737959
            ],
            [
              -38.56305854,
              -3.7874209
            ],
            [
              -38.56295107,
              -3.78748743
            ],
            [
              -38.56281847,
              -3.78754246
            ],
            [
              -38.5627019,
              -3.78759984
            ],
            [
              -38.56260814,
              -3.78762965
            ],
            [
              -38.56236234,
              -3.78767774
            ],
            [
              -38.56223436,
              -3.78768917
            ],
            [
              -38.56191884,
              -3.78775098
            ],
            [
              -38.56179653,
              -3.78777163
            ],
            [
              -38.56167538,
              -3.78780595
            ],
            [
              -38.56151758,
              -3.78784269
            ],
            [
              -38.56143759,
              -3.78786554
            ],
            [
              -38.56136788,
              -3.78787817
            ],
            [
              -38.56132672,
              -3.7878919
            ],
            [
              -38.56128553,
              -3.78794009
            ],
            [
              -38.56126724,
              -3.7879608
            ],
            [
              -38.56124661,
              -3.78798603
            ],
            [
              -38.56121923,
              -3.78798602
            ],
            [
              -38.56117573,
              -3.78797224
            ],
            [
              -38.56112324,
              -3.78795838
            ],
            [
              -38.5610638,
              -3.78794686
            ],
            [
              -38.56101805,
              -3.78794683
            ],
            [
              -38.56096545,
              -3.78796752
            ],
            [
              -38.56090375,
              -3.78798359
            ],
            [
              -38.5608534,
              -3.78799044
            ],
            [
              -38.56079171,
              -3.78799267
            ],
            [
              -38.56074371,
              -3.78798804
            ],
            [
              -38.56069345,
              -3.78799036
            ],
            [
              -38.56065914,
              -3.78799722
            ],
            [
              -38.560629,
              -3.78799444
            ],
            [
              -38.56122599,
              -3.78958015
            ],
            [
              -38.5617155,
              -3.79088037
            ],
            [
              -38.56207358,
              -3.79180453
            ],
            [
              -38.56255463,
              -3.79310069
            ],
            [
              -38.56256797,
              -3.79322272
            ],
            [
              -38.56283319,
              -3.79389374
            ],
            [
              -38.5630225,
              -3.7943655
            ],
            [
              -38.56335194,
              -3.79519319
            ],
            [
              -38.56347257,
              -3.79550124
            ],
            [
              -38.56349523,
              -3.79556179
            ],
            [
              -38.56319638,
              -3.79592617
            ],
            [
              -38.56314451,
              -3.7959962
            ],
            [
              -38.56313005,
              -3.79601575
            ],
            [
              -38.56311747,
              -3.79603626
            ],
            [
              -38.56310143,
              -3.79606686
            ],
            [
              -38.56300615,
              -3.79625016
            ],
            [
              -38.56283352,
              -3.79658858
            ],
            [
              -38.56270443,
              -3.79684626
            ],
            [
              -38.5626096,
              -3.79706679
            ],
            [
              -38.56254857,
              -3.79722991
            ],
            [
              -38.56245766,
              -3.79747064
            ],
            [
              -38.56239789,
              -3.79762744
            ],
            [
              -38.56235196,
              -3.79776785
            ],
            [
              -38.56231954,
              -3.79787954
            ],
            [
              -38.56221322,
              -3.79826594
            ],
            [
              -38.56207256,
              -3.79876013
            ],
            [
              -38.56198295,
              -3.799075
            ],
            [
              -38.56195906,
              -3.79915535
            ],
            [
              -38.56187133,
              -3.79945054
            ],
            [
              -38.56180777,
              -3.79967478
            ],
            [
              -38.56177582,
              -3.79978747
            ],
            [
              -38.5614404,
              -3.80021781
            ],
            [
              -38.56122276,
              -3.80049704
            ],
            [
              -38.56113945,
              -3.80060299
            ],
            [
              -38.56069004,
              -3.80117454
            ],
            [
              -38.56057882,
              -3.80131319
            ],
            [
              -38.56052826,
              -3.80139098
            ],
            [
              -38.56047489,
              -3.80148399
            ],
            [
              -38.56042487,
              -3.80160068
            ],
            [
              -38.5603799,
              -3.80173429
            ],
            [
              -38.56033437,
              -3.80185606
            ],
            [
              -38.56030345,
              -3.80195246
            ],
            [
              -38.56025451,
              -3.80207528
            ],
            [
              -38.56022082,
              -3.80217739
            ],
            [
              -38.56012691,
              -3.80250776
            ],
            [
              -38.56009318,
              -3.80260472
            ],
            [
              -38.5600662,
              -3.80268252
            ],
            [
              -38.56001675,
              -3.80278963
            ],
            [
              -38.55994706,
              -3.80295311
            ],
            [
              -38.55985492,
              -3.80311658
            ],
            [
              -38.55974706,
              -3.80327778
            ],
            [
              -38.558996,
              -3.80448636
            ],
            [
              -38.55800812,
              -3.80613059
            ],
            [
              -38.5578746,
              -3.80633514
            ],
            [
              -38.55770327,
              -3.80658427
            ],
            [
              -38.55751793,
              -3.80677927
            ],
            [
              -38.55728992,
              -3.80700244
            ],
            [
              -38.55704899,
              -3.80723687
            ],
            [
              -38.55689455,
              -3.80737888
            ],
            [
              -38.55650423,
              -3.80775872
            ],
            [
              -38.55626835,
              -3.80799034
            ],
            [
              -38.55598418,
              -3.80826704
            ],
            [
              -38.55581064,
              -3.80844174
            ],
            [
              -38.55561969,
              -3.80862038
            ],
            [
              -38.55546301,
              -3.80877085
            ],
            [
              -38.55506819,
              -3.80916308
            ],
            [
              -38.55492273,
              -3.80930453
            ],
            [
              -38.5548795,
              -3.80933101
            ],
            [
              -38.55468337,
              -3.80944942
            ],
            [
              -38.55461498,
              -3.80947277
            ],
            [
              -38.55525646,
              -3.81158773
            ],
            [
              -38.55581396,
              -3.81338673
            ],
            [
              -38.55611525,
              -3.81436234
            ],
            [
              -38.55720007,
              -3.81789421
            ],
            [
              -38.5578565,
              -3.82003135
            ],
            [
              -38.55800593,
              -3.82051786
            ],
            [
              -38.55807284,
              -3.82081465
            ],
            [
              -38.55811484,
              -3.82106806
            ],
            [
              -38.55869383,
              -3.82291553
            ],
            [
              -38.55873776,
              -3.8231569
            ],
            [
              -38.55877997,
              -3.82362821
            ],
            [
              -38.55887208,
              -3.82452374
            ],
            [
              -38.55885585,
              -3.82518933
            ],
            [
              -38.55888272,
              -3.82559956
            ],
            [
              -38.55896151,
              -3.82597781
            ],
            [
              -38.55918692,
              -3.82686285
            ],
            [
              -38.55929256,
              -3.82682684
            ],
            [
              -38.55952488,
              -3.82675383
            ],
            [
              -38.55956958,
              -3.82688425
            ],
            [
              -38.55970094,
              -3.82724747
            ],
            [
              -38.55984675,
              -3.827668
            ],
            [
              -38.56010903,
              -3.82842052
            ],
            [
              -38.56042565,
              -3.82931097
            ],
            [
              -38.56061154,
              -3.82984489
            ],
            [
              -38.56069402,
              -3.83011491
            ],
            [
              -38.56075035,
              -3.83032064
            ],
            [
              -38.56077765,
              -3.83039282
            ],
            [
              -38.56101235,
              -3.83105504
            ],
            [
              -38.56146143,
              -3.83231605
            ],
            [
              -38.56146754,
              -3.83233332
            ],
            [
              -38.56228435,
              -3.83203345
            ],
            [
              -38.56310666,
              -3.83174241
            ],
            [
              -38.56385587,
              -3.83147399
            ],
            [
              -38.56464163,
              -3.83118941
            ],
            [
              -38.56494153,
              -3.83107405
            ],
            [
              -38.56506085,
              -3.83102769
            ],
            [
              -38.56513986,
              -3.83099373
            ],
            [
              -38.56519146,
              -3.83096839
            ],
            [
              -38.56525059,
              -3.83093819
            ],
            [
              -38.56530057,
              -3.83091069
            ],
            [
              -38.56534787,
              -3.83088858
            ],
            [
              -38.56540592,
              -3.83086972
            ],
            [
              -38.56550481,
              -3.830839
            ],
            [
              -38.5656671,
              -3.83081102
            ],
            [
              -38.56574341,
              -3.83079648
            ],
            [
              -38.56580683,
              -3.83078086
            ],
            [
              -38.56588745,
              -3.83075608
            ],
            [
              -38.56602557,
              -3.83070109
            ],
            [
              -38.56607932,
              -3.83068547
            ],
            [
              -38.56613145,
              -3.83067146
            ],
            [
              -38.56619648,
              -3.83065908
            ],
            [
              -38.56627171,
              -3.83065426
            ],
            [
              -38.56631201,
              -3.83065968
            ],
            [
              -38.56635714,
              -3.83067103
            ],
            [
              -38.56640281,
              -3.83067538
            ],
            [
              -38.56643237,
              -3.83067647
            ],
            [
              -38.56646354,
              -3.83067325
            ],
            [
              -38.56649148,
              -3.8306684
            ],
            [
              -38.56652641,
              -3.83065871
            ],
            [
              -38.56656887,
              -3.83064199
            ],
            [
              -38.56661832,
              -3.83062205
            ],
            [
              -38.56667315,
              -3.83058537
            ],
            [
              -38.56748541,
              -3.82996938
            ],
            [
              -38.56810576,
              -3.82949094
            ],
            [
              -38.56862345,
              -3.82906479
            ],
            [
              -38.56892717,
              -3.82882691
            ],
            [
              -38.56925617,
              -3.82855504
            ],
            [
              -38.56952657,
              -3.82833388
            ],
            [
              -38.56958409,
              -3.82828695
            ],
            [
              -38.56963947,
              -3.82823786
            ],
            [
              -38.56967925,
              -3.82819308
            ],
            [
              -38.56973033,
              -3.82813589
            ],
            [
              -38.5697814,
              -3.8280868
            ],
            [
              -38.56988086,
              -3.82798699
            ],
            [
              -38.5700529,
              -3.82782677
            ],
            [
              -38.57018461,
              -3.82770593
            ],
            [
              -38.5703889,
              -3.82751874
            ],
            [
              -38.57048029,
              -3.82743297
            ],
            [
              -38.57058566,
              -3.82733586
            ],
            [
              -38.57065017,
              -3.82727922
            ],
            [
              -38.57061527,
              -3.82723441
            ],
            [
              -38.57088298,
              -3.82700784
            ],
            [
              -38.57118726,
              -3.82674567
            ],
            [
              -38.57142378,
              -3.82656767
            ],
            [
              -38.57183018,
              -3.82624942
            ],
            [
              -38.57187749,
              -3.82621274
            ],
            [
              -38.57203014,
              -3.82612214
            ],
            [
              -38.5724494,
              -3.82588054
            ],
            [
              -38.57285146,
              -3.82564217
            ],
            [
              -38.57295574,
              -3.82558069
            ],
            [
              -38.57338847,
              -3.82525651
            ],
            [
              -38.57413798,
              -3.82428875
            ],
            [
              -38.5740538,
              -3.8239656
            ],
            [
              -38.57451358,
              -3.82379994
            ],
            [
              -38.57532325,
              -3.82354051
            ],
            [
              -38.57568656,
              -3.82342626
            ],
            [
              -38.57612833,
              -3.82329478
            ],
            [
              -38.57692159,
              -3.82304149
            ],
            [
              -38.57725373,
              -3.82292399
            ],
            [
              -38.57744614,
              -3.82286147
            ],
            [
              -38.57822093,
              -3.82261049
            ],
            [
              -38.57851634,
              -3.8235414
            ],
            [
              -38.57894192,
              -3.82484903
            ],
            [
              -38.57913507,
              -3.82543532
            ],
            [
              -38.57914959,
              -3.82552443
            ],
            [
              -38.57915734,
              -3.82559836
            ],
            [
              -38.57915942,
              -3.82569858
            ],
            [
              -38.57915457,
              -3.825791
            ],
            [
              -38.57914856,
              -3.82582314
            ],
            [
              -38.57913014,
              -3.82587004
            ],
            [
              -38.57911314,
              -3.82591837
            ],
            [
              -38.57909966,
              -3.82597345
            ],
            [
              -38.5790883,
              -3.82605589
            ],
            [
              -38.57908775,
              -3.82610583
            ],
            [
              -38.5790921,
              -3.82615323
            ],
            [
              -38.57910433,
              -3.82619895
            ],
            [
              -38.57911922,
              -3.82623591
            ],
            [
              -38.5791319,
              -3.82626542
            ],
            [
              -38.57914763,
              -3.82628853
            ],
            [
              -38.57917956,
              -3.82633183
            ],
            [
              -38.57921075,
              -3.82636604
            ],
            [
              -38.57924486,
              -3.82639647
            ],
            [
              -38.5792966,
              -3.82643254
            ],
            [
              -38.57935096,
              -3.82646622
            ],
            [
              -38.57944169,
              -3.82656731
            ],
            [
              -38.57947882,
              -3.82661637
            ],
            [
              -38.57950463,
              -3.82666116
            ],
            [
              -38.57953502,
              -3.82672231
            ],
            [
              -38.57963619,
              -3.82697282
            ],
            [
              -38.58010648,
              -3.82842215
            ],
            [
              -38.58033249,
              -3.82911865
            ],
            [
              -38.58093192,
              -3.83096594
            ],
            [
              -38.58132191,
              -3.8321678
            ],
            [
              -38.58160016,
              -3.83306371
            ],
            [
              -38.58210058,
              -3.8345824
            ],
            [
              -38.58251545,
              -3.83584942
            ],
            [
              -38.58295861,
              -3.83717226
            ],
            [
              -38.58344182,
              -3.8386726
            ],
            [
              -38.58346442,
              -3.83895975
            ],
            [
              -38.58346382,
              -3.83898419
            ],
            [
              -38.58353895,
              -3.83892685
            ],
            [
              -38.58363267,
              -3.83889122
            ],
            [
              -38.58371495,
              -3.83888365
            ],
            [
              -38.58380228,
              -3.83889797
            ],
            [
              -38.5838978,
              -3.83894428
            ],
            [
              -38.58397076,
              -3.83901327
            ],
            [
              -38.58423342,
              -3.83938927
            ],
            [
              -38.58544056,
              -3.83908126
            ],
            [
              -38.5870156,
              -3.83867937
            ],
            [
              -38.58707087,
              -3.83866527
            ],
            [
              -38.58721128,
              -3.8387306
            ],
            [
              -38.58759957,
              -3.83891126
            ],
            [
              -38.58839247,
              -3.83836356
            ],
            [
              -38.58951568,
              -3.83758769
            ],
            [
              -38.58959872,
              -3.83753033
            ],
            [
              -38.58980827,
              -3.83723649
            ],
            [
              -38.58987496,
              -3.83715577
            ],
            [
              -38.59002501,
              -3.83697414
            ],
            [
              -38.59412703,
              -3.83416358
            ],
            [
              -38.59415884,
              -3.83414585
            ],
            [
              -38.59428366,
              -3.83410439
            ],
            [
              -38.59441469,
              -3.83401193
            ],
            [
              -38.59451524,
              -3.83394714
            ],
            [
              -38.59462636,
              -3.83391723
            ],
            [
              -38.59625655,
              -3.83347891
            ],
            [
              -38.59641885,
              -3.83343526
            ],
            [
              -38.5966354,
              -3.83337502
            ],
            [
              -38.59681727,
              -3.83326899
            ],
            [
              -38.59727378,
              -3.83305038
            ],
            [
              -38.59758543,
              -3.83290504
            ],
            [
              -38.59802856,
              -3.83267542
            ],
            [
              -38.59830369,
              -3.83253496
            ],
            [
              -38.5985776,
              -3.83239572
            ],
            [
              -38.59901587,
              -3.8321282
            ],
            [
              -38.59935674,
              -3.83195965
            ],
            [
              -38.59953082,
              -3.83188149
            ],
            [
              -38.59977674,
              -3.83173123
            ],
            [
              -38.60054247,
              -3.8313465
            ],
            [
              -38.60131917,
              -3.83093854
            ],
            [
              -38.60139586,
              -3.83089456
            ],
            [
              -38.60149203,
              -3.83085916
            ],
            [
              -38.60192299,
              -3.83061485
            ],
            [
              -38.60220056,
              -3.83046828
            ],
            [
              -38.60249881,
              -3.83031805
            ],
            [
              -38.60273864,
              -3.83019591
            ],
            [
              -38.6030515,
              -3.83004935
            ],
            [
              -38.60312819,
              -3.83001149
            ],
            [
              -38.60326088,
              -3.82995287
            ],
            [
              -38.60339722,
              -3.82989548
            ],
            [
              -38.60347879,
              -3.82984906
            ],
            [
              -38.60450626,
              -3.82930918
            ],
            [
              -38.60543148,
              -3.82879982
            ],
            [
              -38.60641391,
              -3.82827336
            ],
            [
              -38.60735256,
              -3.8277683
            ],
            [
              -38.60833378,
              -3.82724969
            ],
            [
              -38.60931766,
              -3.826741
            ],
            [
              -38.60945208,
              -3.82669511
            ],
            [
              -38.6122208,
              -3.8252286
            ],
            [
              -38.61322186,
              -3.82474076
            ],
            [
              -38.61320505,
              -3.82468625
            ],
            [
              -38.61319724,
              -3.82466094
            ],
            [
              -38.61360089,
              -3.82444221
            ],
            [
              -38.61469532,
              -3.82393495
            ],
            [
              -38.61473783,
              -3.82385246
            ],
            [
              -38.61476127,
              -3.82364109
            ],
            [
              -38.61473655,
              -3.82350347
            ],
            [
              -38.61472229,
              -3.82346652
            ],
            [
              -38.61469519,
              -3.82339631
            ],
            [
              -38.61468942,
              -3.82338137
            ],
            [
              -38.61465374,
              -3.82330755
            ],
            [
              -38.61463943,
              -3.82327795
            ],
            [
              -38.6144617,
              -3.82316378
            ],
            [
              -38.6144336,
              -3.82314573
            ],
            [
              -38.61436011,
              -3.82312398
            ],
            [
              -38.61433639,
              -3.82311696
            ],
            [
              -38.61425779,
              -3.8230207
            ],
            [
              -38.61418777,
              -3.82292732
            ],
            [
              -38.61414946,
              -3.82285702
            ],
            [
              -38.61499211,
              -3.82244885
            ],
            [
              -38.61694782,
              -3.82142775
            ],
            [
              -38.61778103,
              -3.82099265
            ],
            [
              -38.61786101,
              -3.8209509
            ],
            [
              -38.61813467,
              -3.82121801
            ],
            [
              -38.619002,
              -3.82034475
            ],
            [
              -38.61979872,
              -3.81956814
            ],
            [
              -38.62059973,
              -3.81880014
            ],
            [
              -38.62140503,
              -3.81804364
            ],
            [
              -38.62250026,
              -3.81696568
            ],
            [
              -38.62152013,
              -3.81525911
            ],
            [
              -38.62554166,
              -3.81223084
            ],
            [
              -38.62686084,
              -3.81122854
            ],
            [
              -38.62767343,
              -3.81064615
            ],
            [
              -38.62806692,
              -3.81037119
            ],
            [
              -38.62820446,
              -3.81035344
            ],
            [
              -38.63052704,
              -3.80974407
            ],
            [
              -38.63015356,
              -3.80825432
            ],
            [
              -38.6297677,
              -3.80653665
            ],
            [
              -38.63322877,
              -3.80567014
            ],
            [
              -38.6352794,
              -3.80523034
            ],
            [
              -38.63548443,
              -3.80519154
            ],
            [
              -38.63610714,
              -3.80507397
            ],
            [
              -38.63614985,
              -3.8050659
            ],
            [
              -38.63634131,
              -3.80502973
            ],
            [
              -38.63662385,
              -3.80494472
            ],
            [
              -38.63666543,
              -3.80493221
            ],
            [
              -38.63675124,
              -3.80486331
            ],
            [
              -38.63697117,
              -3.80481813
            ],
            [
              -38.63716536,
              -3.80478148
            ],
            [
              -38.63739783,
              -3.80474185
            ],
            [
              -38.63772611,
              -3.80468822
            ],
            [
              -38.63790294,
              -3.80139537
            ],
            [
              -38.63785646,
              -3.80132319
            ],
            [
              -38.63777215,
              -3.80119227
            ],
            [
              -38.63766719,
              -3.80113562
            ],
            [
              -38.63753282,
              -3.80110215
            ],
            [
              -38.63735591,
              -3.80102835
            ],
            [
              -38.63734134,
              -3.80101489
            ],
            [
              -38.63725209,
              -3.80093248
            ],
            [
              -38.63717834,
              -3.80089529
            ],
            [
              -38.63712082,
              -3.800847
            ],
            [
              -38.63710312,
              -3.80083656
            ],
            [
              -38.63707521,
              -3.80083038
            ],
            [
              -38.63704661,
              -3.80082403
            ],
            [
              -38.63702005,
              -3.800816
            ],
            [
              -38.63698613,
              -3.80080607
            ],
            [
              -38.63696159,
              -3.80080444
            ],
            [
              -38.63691892,
              -3.80079383
            ],
            [
              -38.63689033,
              -3.80078392
            ],
            [
              -38.63685536,
              -3.8007722
            ],
            [
              -38.63683187,
              -3.80076732
            ],
            [
              -38.63681487,
              -3.80075084
            ],
            [
              -38.63679802,
              -3.80073938
            ],
            [
              -38.63678119,
              -3.80072175
            ],
            [
              -38.63676375,
              -3.80070379
            ],
            [
              -38.63674517,
              -3.800677
            ],
            [
              -38.63672429,
              -3.80064694
            ],
            [
              -38.63670912,
              -3.80062724
            ],
            [
              -38.63668638,
              -3.80060193
            ],
            [
              -38.63665138,
              -3.80057195
            ],
            [
              -38.63662578,
              -3.80055203
            ],
            [
              -38.63659734,
              -3.80053426
            ],
            [
              -38.63657057,
              -3.80051644
            ],
            [
              -38.63654669,
              -3.80050192
            ],
            [
              -38.63652449,
              -3.80049196
            ],
            [
              -38.63649371,
              -3.80047747
            ],
            [
              -38.6364688,
              -3.80046739
            ],
            [
              -38.63643825,
              -3.80045582
            ],
            [
              -38.63640718,
              -3.80044253
            ],
            [
              -38.63637812,
              -3.80042443
            ],
            [
              -38.63634945,
              -3.80040854
            ],
            [
              -38.63611957,
              -3.80029634
            ],
            [
              -38.63609351,
              -3.80027958
            ],
            [
              -38.63607337,
              -3.80026621
            ],
            [
              -38.63604312,
              -3.80024762
            ],
            [
              -38.63602108,
              -3.80023522
            ],
            [
              -38.63599697,
              -3.80022442
            ],
            [
              -38.63597707,
              -3.800219
            ],
            [
              -38.63594861,
              -3.80020897
            ],
            [
              -38.63592204,
              -3.80019911
            ],
            [
              -38.63588663,
              -3.80019427
            ],
            [
              -38.63585681,
              -3.80018672
            ],
            [
              -38.63582441,
              -3.8001749
            ],
            [
              -38.63579519,
              -3.80016755
            ],
            [
              -38.63575485,
              -3.80016342
            ],
            [
              -38.63572936,
              -3.8001547
            ],
            [
              -38.63570065,
              -3.80013652
            ],
            [
              -38.6356839,
              -3.80012188
            ],
            [
              -38.63566622,
              -3.8001011
            ],
            [
              -38.63564592,
              -3.8000734
            ],
            [
              -38.63561787,
              -3.80003798
            ],
            [
              -38.63560561,
              -3.80002053
            ],
            [
              -38.63558861,
              -3.79999821
            ],
            [
              -38.63557784,
              -3.79998195
            ],
            [
              -38.63556533,
              -3.79996518
            ],
            [
              -38.63555693,
              -3.79994819
            ],
            [
              -38.63554596,
              -3.79992743
            ],
            [
              -38.63553644,
              -3.79989966
            ],
            [
              -38.63552573,
              -3.79987202
            ],
            [
              -38.63551568,
              -3.79985303
            ],
            [
              -38.63550567,
              -3.79982776
            ],
            [
              -38.63547835,
              -3.79977834
            ],
            [
              -38.6354704,
              -3.79975014
            ],
            [
              -38.63542998,
              -3.79963271
            ],
            [
              -38.63542248,
              -3.7995841
            ],
            [
              -38.6354189,
              -3.79952867
            ],
            [
              -38.63541941,
              -3.79949722
            ],
            [
              -38.63541893,
              -3.79945528
            ],
            [
              -38.63541539,
              -3.79941536
            ],
            [
              -38.6354044,
              -3.7993396
            ],
            [
              -38.63538493,
              -3.79926953
            ],
            [
              -38.63536565,
              -3.79919956
            ],
            [
              -38.63534662,
              -3.79914893
            ],
            [
              -38.6353158,
              -3.79909391
            ],
            [
              -38.63528859,
              -3.79906367
            ],
            [
              -38.6352284,
              -3.79904375
            ],
            [
              -38.63519103,
              -3.79903884
            ],
            [
              -38.63518274,
              -3.79906878
            ],
            [
              -38.63514014,
              -3.79906743
            ],
            [
              -38.63510642,
              -3.79908841
            ],
            [
              -38.63508446,
              -3.7990901
            ],
            [
              -38.63506416,
              -3.79909308
            ],
            [
              -38.63504122,
              -3.79908812
            ],
            [
              -38.63501964,
              -3.79908728
            ],
            [
              -38.63499683,
              -3.79907469
            ],
            [
              -38.63498191,
              -3.7990575
            ],
            [
              -38.63496336,
              -3.79902361
            ],
            [
              -38.63494424,
              -3.798966
            ],
            [
              -38.63492817,
              -3.79894038
            ],
            [
              -38.63488776,
              -3.79892417
            ],
            [
              -38.6348556,
              -3.79891637
            ],
            [
              -38.63481638,
              -3.7988673
            ],
            [
              -38.63480258,
              -3.79883336
            ],
            [
              -38.6347928,
              -3.79879414
            ],
            [
              -38.63479731,
              -3.79873141
            ],
            [
              -38.63481719,
              -3.79867562
            ],
            [
              -38.63482756,
              -3.79864995
            ],
            [
              -38.63482803,
              -3.7986022
            ],
            [
              -38.63482758,
              -3.79855297
            ],
            [
              -38.63482719,
              -3.79850984
            ],
            [
              -38.63481275,
              -3.79847615
            ],
            [
              -38.63472602,
              -3.79844445
            ],
            [
              -38.63468765,
              -3.79843063
            ],
            [
              -38.63464868,
              -3.79841359
            ],
            [
              -38.63461379,
              -3.79838215
            ],
            [
              -38.63460443,
              -3.79836467
            ],
            [
              -38.63459432,
              -3.79832337
            ],
            [
              -38.63458132,
              -3.79828723
            ],
            [
              -38.63457297,
              -3.79825502
            ],
            [
              -38.63456773,
              -3.79821998
            ],
            [
              -38.63456585,
              -3.79819269
            ],
            [
              -38.63456315,
              -3.79817506
            ],
            [
              -38.63455449,
              -3.79814559
            ],
            [
              -38.63454114,
              -3.79810796
            ],
            [
              -38.63452545,
              -3.79806346
            ],
            [
              -38.63447816,
              -3.79797705
            ],
            [
              -38.6344525,
              -3.79789952
            ],
            [
              -38.63441007,
              -3.79781104
            ],
            [
              -38.63437974,
              -3.79775323
            ],
            [
              -38.63436383,
              -3.7977021
            ],
            [
              -38.63435952,
              -3.79765791
            ],
            [
              -38.6343529,
              -3.79758446
            ],
            [
              -38.63435275,
              -3.79751445
            ],
            [
              -38.63436103,
              -3.79745961
            ],
            [
              -38.6343764,
              -3.79743038
            ],
            [
              -38.63438465,
              -3.79740338
            ],
            [
              -38.63441525,
              -3.79732714
            ],
            [
              -38.63442216,
              -3.7972934
            ],
            [
              -38.63443015,
              -3.79726939
            ],
            [
              -38.63444003,
              -3.79724835
            ],
            [
              -38.63445254,
              -3.79720562
            ],
            [
              -38.63446665,
              -3.79717828
            ],
            [
              -38.63448939,
              -3.79715407
            ],
            [
              -38.63450372,
              -3.79711868
            ],
            [
              -38.63452,
              -3.7971064
            ],
            [
              -38.63453839,
              -3.79709493
            ],
            [
              -38.63455572,
              -3.79708049
            ],
            [
              -38.63458043,
              -3.79706539
            ],
            [
              -38.63460378,
              -3.7970547
            ],
            [
              -38.63467894,
              -3.79702265
            ],
            [
              -38.63472256,
              -3.79701035
            ],
            [
              -38.63477753,
              -3.79698348
            ],
            [
              -38.63481069,
              -3.79697167
            ],
            [
              -38.63484412,
              -3.796961
            ],
            [
              -38.63489715,
              -3.79693388
            ],
            [
              -38.63494668,
              -3.7969125
            ],
            [
              -38.63499668,
              -3.79686934
            ],
            [
              -38.63503201,
              -3.7968274
            ],
            [
              -38.63507012,
              -3.79680097
            ],
            [
              -38.63512241,
              -3.7967771
            ],
            [
              -38.63516884,
              -3.79672299
            ],
            [
              -38.63518844,
              -3.79669636
            ],
            [
              -38.63521664,
              -3.79665088
            ],
            [
              -38.63522395,
              -3.79663417
            ],
            [
              -38.635234,
              -3.79661121
            ],
            [
              -38.63524317,
              -3.79658961
            ],
            [
              -38.63525575,
              -3.79655461
            ],
            [
              -38.63526179,
              -3.79653262
            ],
            [
              -38.6352687,
              -3.79651338
            ],
            [
              -38.63529075,
              -3.79647277
            ],
            [
              -38.6352972,
              -3.79645223
            ],
            [
              -38.63530088,
              -3.79642074
            ],
            [
              -38.635305,
              -3.79635154
            ],
            [
              -38.63530664,
              -3.79629455
            ],
            [
              -38.63531196,
              -3.79626527
            ],
            [
              -38.63532219,
              -3.79624124
            ],
            [
              -38.63533695,
              -3.79621574
            ],
            [
              -38.63535114,
              -3.79619549
            ],
            [
              -38.63535751,
              -3.79611998
            ],
            [
              -38.63536212,
              -3.79609138
            ],
            [
              -38.63535237,
              -3.79604655
            ],
            [
              -38.63531893,
              -3.79600633
            ],
            [
              -38.63528961,
              -3.79598422
            ],
            [
              -38.63526378,
              -3.79596476
            ],
            [
              -38.63522458,
              -3.79594212
            ],
            [
              -38.63519483,
              -3.7959113
            ],
            [
              -38.63517767,
              -3.79587348
            ],
            [
              -38.63515954,
              -3.79582976
            ],
            [
              -38.6351412,
              -3.79579217
            ],
            [
              -38.63512448,
              -3.79573922
            ],
            [
              -38.63512486,
              -3.79567004
            ],
            [
              -38.63513271,
              -3.79563439
            ],
            [
              -38.63514595,
              -3.79559393
            ],
            [
              -38.63515483,
              -3.7955551
            ],
            [
              -38.63516767,
              -3.79552176
            ],
            [
              -38.63517983,
              -3.79549851
            ],
            [
              -38.6352009,
              -3.79547347
            ],
            [
              -38.63521756,
              -3.79545951
            ],
            [
              -38.63526473,
              -3.79542011
            ],
            [
              -38.63530731,
              -3.79534888
            ],
            [
              -38.63536062,
              -3.79526652
            ],
            [
              -38.63538096,
              -3.7952232
            ],
            [
              -38.63539552,
              -3.7951728
            ],
            [
              -38.6354122,
              -3.79511454
            ],
            [
              -38.63542076,
              -3.79507783
            ],
            [
              -38.63543532,
              -3.79503682
            ],
            [
              -38.63545431,
              -3.79499833
            ],
            [
              -38.63548339,
              -3.79495566
            ],
            [
              -38.6355073,
              -3.79494245
            ],
            [
              -38.63556549,
              -3.79491863
            ],
            [
              -38.63559982,
              -3.79489703
            ],
            [
              -38.63562828,
              -3.79487149
            ],
            [
              -38.63566726,
              -3.79479327
            ],
            [
              -38.63568062,
              -3.79474222
            ],
            [
              -38.63568267,
              -3.79469175
            ],
            [
              -38.6356937,
              -3.79460114
            ],
            [
              -38.63569585,
              -3.79455291
            ],
            [
              -38.63571304,
              -3.7945036
            ],
            [
              -38.63571288,
              -3.79443505
            ],
            [
              -38.6356848,
              -3.79436745
            ],
            [
              -38.63565977,
              -3.79431313
            ],
            [
              -38.63564783,
              -3.7942881
            ],
            [
              -38.63563114,
              -3.79426236
            ],
            [
              -38.6356224,
              -3.79423644
            ],
            [
              -38.63561865,
              -3.7942052
            ],
            [
              -38.63561133,
              -3.79417735
            ],
            [
              -38.63560314,
              -3.79415397
            ],
            [
              -38.63559434,
              -3.7941304
            ],
            [
              -38.63558407,
              -3.79410735
            ],
            [
              -38.63557556,
              -3.79408296
            ],
            [
              -38.63556838,
              -3.79404973
            ],
            [
              -38.63556459,
              -3.79402838
            ],
            [
              -38.63556064,
              -3.79400546
            ],
            [
              -38.63555641,
              -3.7939837
            ],
            [
              -38.63555767,
              -3.79395628
            ],
            [
              -38.63554353,
              -3.79387496
            ],
            [
              -38.63553984,
              -3.79384604
            ],
            [
              -38.63553019,
              -3.79380636
            ],
            [
              -38.63551829,
              -3.79376463
            ],
            [
              -38.63551492,
              -3.793728
            ],
            [
              -38.63550906,
              -3.79369622
            ],
            [
              -38.63548405,
              -3.79365921
            ],
            [
              -38.63546031,
              -3.79362718
            ],
            [
              -38.63545063,
              -3.79361412
            ],
            [
              -38.63539254,
              -3.79358407
            ],
            [
              -38.63535504,
              -3.79357449
            ],
            [
              -38.63532647,
              -3.7935679
            ],
            [
              -38.63528801,
              -3.79355883
            ],
            [
              -38.63526502,
              -3.79356028
            ],
            [
              -38.63524528,
              -3.7935491
            ],
            [
              -38.63523401,
              -3.79354272
            ],
            [
              -38.63520582,
              -3.79354595
            ],
            [
              -38.63518525,
              -3.79353819
            ],
            [
              -38.63515827,
              -3.7935342
            ],
            [
              -38.63512873,
              -3.79353075
            ],
            [
              -38.63509428,
              -3.79352687
            ],
            [
              -38.63505958,
              -3.79352056
            ],
            [
              -38.63503372,
              -3.7935128
            ],
            [
              -38.63500913,
              -3.79350905
            ],
            [
              -38.63498376,
              -3.79349716
            ],
            [
              -38.63495894,
              -3.79347983
            ],
            [
              -38.63494506,
              -3.79346804
            ],
            [
              -38.63492537,
              -3.79345611
            ],
            [
              -38.6349059,
              -3.79344398
            ],
            [
              -38.63488933,
              -3.79341789
            ],
            [
              -38.63487999,
              -3.79339594
            ],
            [
              -38.63487566,
              -3.79337305
            ],
            [
              -38.63487398,
              -3.79334512
            ],
            [
              -38.6348746,
              -3.79331007
            ],
            [
              -38.63487917,
              -3.79328432
            ],
            [
              -38.63489168,
              -3.79325687
            ],
            [
              -38.63489815,
              -3.79323328
            ],
            [
              -38.6349095,
              -3.79321704
            ],
            [
              -38.63492065,
              -3.79319486
            ],
            [
              -38.63494424,
              -3.79316458
            ],
            [
              -38.63495574,
              -3.79313884
            ],
            [
              -38.63497598,
              -3.79309353
            ],
            [
              -38.6349788,
              -3.79304322
            ],
            [
              -38.63493429,
              -3.79297125
            ],
            [
              -38.63489918,
              -3.79295027
            ],
            [
              -38.63486187,
              -3.79293343
            ],
            [
              -38.63485756,
              -3.79291178
            ],
            [
              -38.63485345,
              -3.79289114
            ],
            [
              -38.63487211,
              -3.79283624
            ],
            [
              -38.63493145,
              -3.79277559
            ],
            [
              -38.63495274,
              -3.79274749
            ],
            [
              -38.6349703,
              -3.79272565
            ],
            [
              -38.63498941,
              -3.79270869
            ],
            [
              -38.63502168,
              -3.79268684
            ],
            [
              -38.6350491,
              -3.79267019
            ],
            [
              -38.63508289,
              -3.79265734
            ],
            [
              -38.63509306,
              -3.79265273
            ],
            [
              -38.63510957,
              -3.79264094
            ],
            [
              -38.63513628,
              -3.79262692
            ],
            [
              -38.63515853,
              -3.79260647
            ],
            [
              -38.63516965,
              -3.79257639
            ],
            [
              -38.63517388,
              -3.79255011
            ],
            [
              -38.63517444,
              -3.79251908
            ],
            [
              -38.63517541,
              -3.7924857
            ],
            [
              -38.63517474,
              -3.79246469
            ],
            [
              -38.63516614,
              -3.79243256
            ],
            [
              -38.63516,
              -3.79241293
            ],
            [
              -38.63515383,
              -3.7923947
            ],
            [
              -38.6351481,
              -3.7923705
            ],
            [
              -38.63514222,
              -3.79234227
            ],
            [
              -38.63516393,
              -3.79223839
            ],
            [
              -38.6351855,
              -3.79221486
            ],
            [
              -38.63520794,
              -3.79219761
            ],
            [
              -38.63522155,
              -3.7921809
            ],
            [
              -38.63523523,
              -3.79216304
            ],
            [
              -38.63524827,
              -3.79214041
            ],
            [
              -38.63525551,
              -3.79211999
            ],
            [
              -38.63526524,
              -3.79209363
            ],
            [
              -38.63527182,
              -3.79206734
            ],
            [
              -38.63527717,
              -3.79204352
            ],
            [
              -38.63527852,
              -3.79202127
            ],
            [
              -38.63528001,
              -3.79199962
            ],
            [
              -38.63527722,
              -3.7919802
            ],
            [
              -38.63527347,
              -3.79195835
            ],
            [
              -38.63526754,
              -3.79193451
            ],
            [
              -38.63525445,
              -3.79189313
            ],
            [
              -38.63524428,
              -3.79186669
            ],
            [
              -38.63523613,
              -3.79184869
            ],
            [
              -38.6352174,
              -3.79182599
            ],
            [
              -38.63519134,
              -3.7918089
            ],
            [
              -38.6351676,
              -3.79180044
            ],
            [
              -38.63514419,
              -3.7917906
            ],
            [
              -38.63512608,
              -3.79178186
            ],
            [
              -38.63510405,
              -3.79176632
            ],
            [
              -38.63508019,
              -3.79174683
            ],
            [
              -38.63506411,
              -3.79173049
            ],
            [
              -38.63505345,
              -3.79171712
            ],
            [
              -38.63499011,
              -3.79159499
            ],
            [
              -38.63498797,
              -3.79157006
            ],
            [
              -38.63498308,
              -3.79154879
            ],
            [
              -38.63497631,
              -3.79152337
            ],
            [
              -38.63496835,
              -3.7915009
            ],
            [
              -38.63496105,
              -3.79148251
            ],
            [
              -38.63495223,
              -3.79145777
            ],
            [
              -38.63437925,
              -3.79123031
            ],
            [
              -38.63385512,
              -3.79074855
            ],
            [
              -38.63342927,
              -3.79058085
            ],
            [
              -38.6315443,
              -3.78368742
            ],
            [
              -38.63145755,
              -3.78371364
            ],
            [
              -38.63137643,
              -3.78374236
            ],
            [
              -38.63119661,
              -3.78378135
            ],
            [
              -38.6310944,
              -3.78378901
            ],
            [
              -38.63099506,
              -3.7838084
            ],
            [
              -38.63095384,
              -3.7838244
            ],
            [
              -38.63090094,
              -3.78387019
            ],
            [
              -38.63027795,
              -3.78405335
            ],
            [
              -38.62802831,
              -3.78467768
            ],
            [
              -38.62781682,
              -3.78400375
            ],
            [
              -38.62762291,
              -3.78330951
            ],
            [
              -38.62760788,
              -3.78325007
            ],
            [
              -38.62756057,
              -3.78306299
            ],
            [
              -38.62745186,
              -3.78262977
            ],
            [
              -38.62646169,
              -3.78289876
            ],
            [
              -38.626009,
              -3.78302431
            ],
            [
              -38.62580621,
              -3.78231491
            ],
            [
              -38.62563212,
              -3.78165049
            ],
            [
              -38.6255787,
              -3.7814501
            ],
            [
              -38.62550343,
              -3.78116776
            ],
            [
              -38.62544766,
              -3.78095855
            ],
            [
              -38.62539145,
              -3.78097405
            ],
            [
              -38.62402231,
              -3.78135168
            ],
            [
              -38.6239523,
              -3.78137099
            ],
            [
              -38.62251637,
              -3.7817875
            ],
            [
              -38.62212587,
              -3.78036606
            ],
            [
              -38.62194065,
              -3.77968217
            ],
            [
              -38.62173116,
              -3.77897464
            ],
            [
              -38.62133659,
              -3.77756529
            ],
            [
              -38.62119309,
              -3.77705892
            ],
            [
              -38.62117364,
              -3.77705685
            ],
            [
              -38.62061899,
              -3.77700194
            ],
            [
              -38.61957877,
              -3.77690897
            ],
            [
              -38.61794414,
              -3.77672743
            ],
            [
              -38.61649854,
              -3.77657861
            ],
            [
              -38.61454508,
              -3.77637404
            ],
            [
              -38.61312503,
              -3.77623224
            ],
            [
              -38.61260388,
              -3.77617945
            ],
            [
              -38.61154385,
              -3.77603742
            ],
            [
              -38.61019114,
              -3.77586238
            ],
            [
              -38.60983934,
              -3.77581685
            ],
            [
              -38.60888703,
              -3.77569362
            ],
            [
              -38.60762682,
              -3.77552752
            ],
            [
              -38.6071308,
              -3.77543478
            ],
            [
              -38.60598597,
              -3.77520125
            ],
            [
              -38.60594597,
              -3.77519659
            ],
            [
              -38.60590408,
              -3.77519171
            ],
            [
              -38.60537066,
              -3.77512701
            ],
            [
              -38.60367745,
              -3.77492439
            ],
            [
              -38.60358874,
              -3.77491176
            ],
            [
              -38.60206586,
              -3.77474704
            ],
            [
              -38.60177705,
              -3.77467331
            ],
            [
              -38.60144432,
              -3.77450496
            ],
            [
              -38.60134809,
              -3.7744082
            ],
            [
              -38.60108868,
              -3.77412213
            ],
            [
              -38.60064104,
              -3.77351008
            ],
            [
              -38.60045904,
              -3.77328292
            ],
            [
              -38.60036906,
              -3.77323242
            ],
            [
              -38.60026025,
              -3.7731756
            ],
            [
              -38.60009492,
              -3.77313137
            ],
            [
              -38.59995887,
              -3.7731292
            ],
            [
              -38.59884737,
              -3.7733011
            ],
            [
              -38.59867364,
              -3.77330943
            ],
            [
              -38.59853132,
              -3.77329044
            ],
            [
              -38.59834297,
              -3.77321887
            ],
            [
              -38.59816513,
              -3.77307581
            ],
            [
              -38.59806263,
              -3.77294961
            ],
            [
              -38.59801245,
              -3.77282554
            ],
            [
              -38.59796439,
              -3.77264469
            ],
            [
              -38.5978311,
              -3.7720021
            ],
            [
              -38.5974809,
              -3.7721511
            ],
            [
              -38.59720519,
              -3.77226227
            ],
            [
              -38.59714369,
              -3.77228674
            ],
            [
              -38.59707582,
              -3.77231919
            ],
            [
              -38.5970159,
              -3.77235218
            ],
            [
              -38.5969512,
              -3.77239368
            ],
            [
              -38.59689128,
              -3.77243679
            ],
            [
              -38.59666538,
              -3.77258845
            ],
            [
              -38.59644641,
              -3.77274495
            ],
            [
              -38.59637497,
              -3.77277791
            ],
            [
              -38.59631944,
              -3.77280239
            ],
            [
              -38.59619425,
              -3.77285008
            ],
            [
              -38.59611787,
              -3.77287552
            ],
            [
              -38.59609877,
              -3.77282416
            ],
            [
              -38.59602888,
              -3.77264999
            ],
            [
              -38.5960162,
              -3.77254881
            ],
            [
              -38.59601257,
              -3.77238586
            ],
            [
              -38.59600477,
              -3.77224845
            ],
            [
              -38.59600205,
              -3.77220054
            ],
            [
              -38.59598195,
              -3.77210787
            ],
            [
              -38.59594779,
              -3.7720309
            ],
            [
              -38.59589482,
              -3.77195313
            ],
            [
              -38.59583335,
              -3.77189346
            ],
            [
              -38.59577824,
              -3.77185616
            ],
            [
              -38.59571993,
              -3.7718327
            ],
            [
              -38.59561287,
              -3.77179324
            ],
            [
              -38.59556199,
              -3.77177512
            ],
            [
              -38.5950619,
              -3.77216522
            ],
            [
              -38.59395462,
              -3.77303217
            ],
            [
              -38.5926543,
              -3.77403696
            ],
            [
              -38.59214034,
              -3.77349781
            ],
            [
              -38.59208099,
              -3.77343973
            ],
            [
              -38.59202589,
              -3.77338592
            ],
            [
              -38.59195646,
              -3.77333264
            ],
            [
              -38.59182292,
              -3.77323672
            ],
            [
              -38.59169944,
              -3.7731504
            ],
            [
              -38.59166394,
              -3.77312109
            ],
            [
              -38.5916136,
              -3.77308006
            ],
            [
              -38.59155312,
              -3.77302409
            ],
            [
              -38.59148695,
              -3.77296285
            ],
            [
              -38.59130996,
              -3.77282271
            ],
            [
              -38.5909475,
              -3.77251741
            ],
            [
              -38.59086531,
              -3.77256264
            ],
            [
              -38.59078365,
              -3.77261478
            ],
            [
              -38.59070251,
              -3.77267599
            ],
            [
              -38.59066304,
              -3.77270963
            ],
            [
              -38.59048773,
              -3.77285907
            ],
            [
              -38.59035887,
              -3.77295114
            ],
            [
              -38.59023213,
              -3.77303788
            ],
            [
              -38.58998766,
              -3.77321988
            ],
            [
              -38.58986888,
              -3.77330077
            ],
            [
              -38.58972729,
              -3.77339229
            ],
            [
              -38.58962336,
              -3.77345029
            ],
            [
              -38.58937095,
              -3.77360566
            ],
            [
              -38.58902575,
              -3.77381851
            ],
            [
              -38.58864076,
              -3.77406541
            ],
            [
              -38.58850971,
              -3.7740535
            ],
            [
              -38.58824637,
              -3.77402955
            ],
            [
              -38.58792619,
              -3.7740049
            ],
            [
              -38.58747667,
              -3.7739754
            ],
            [
              -38.58687659,
              -3.7739405
            ],
            [
              -38.58680291,
              -3.77393567
            ],
            [
              -38.58673771,
              -3.77392392
            ],
            [
              -38.58667675,
              -3.77391165
            ],
            [
              -38.5865612,
              -3.77387857
            ],
            [
              -38.58647567,
              -3.77384724
            ],
            [
              -38.58646368,
              -3.77384285
            ],
            [
              -38.58639689,
              -3.77381566
            ],
            [
              -38.5862999,
              -3.77377461
            ],
            [
              -38.58619761,
              -3.7737245
            ],
            [
              -38.58610169,
              -3.77367174
            ],
            [
              -38.58586426,
              -3.77353583
            ],
            [
              -38.5855847,
              -3.77337701
            ],
            [
              -38.5855423,
              -3.77335276
            ],
            [
              -38.58550043,
              -3.77332931
            ],
            [
              -38.58549126,
              -3.77332402
            ],
            [
              -38.58546254,
              -3.77330746
            ],
            [
              -38.58537059,
              -3.77325922
            ],
            [
              -38.5853213,
              -3.77323577
            ],
            [
              -38.58526936,
              -3.77321178
            ],
            [
              -38.58521688,
              -3.77319152
            ],
            [
              -38.58516706,
              -3.77317286
            ],
            [
              -38.58511485,
              -3.77315579
            ],
            [
              -38.585093,
              -3.77314933
            ],
            [
              -38.58506158,
              -3.77314005
            ],
            [
              -38.58500646,
              -3.77312752
            ],
            [
              -38.58495796,
              -3.77311977
            ],
            [
              -38.58493087,
              -3.77311672
            ],
            [
              -38.5848962,
              -3.77311282
            ],
            [
              -38.58486759,
              -3.77311256
            ],
            [
              -38.58483285,
              -3.77311225
            ],
            [
              -38.58478965,
              -3.77311441
            ],
            [
              -38.58473769,
              -3.773117
            ],
            [
              -38.58472282,
              -3.7731201
            ],
            [
              -38.58467573,
              -3.77312992
            ],
            [
              -38.58465854,
              -3.77313481
            ],
            [
              -38.58459348,
              -3.7731614
            ],
            [
              -38.5844922,
              -3.77321487
            ],
            [
              -38.58440391,
              -3.77326621
            ],
            [
              -38.58439306,
              -3.77327261
            ],
            [
              -38.58425173,
              -3.77335587
            ],
            [
              -38.58388717,
              -3.7735703
            ],
            [
              -38.58385164,
              -3.77359211
            ],
            [
              -38.5838124,
              -3.77362085
            ],
            [
              -38.58376997,
              -3.77365438
            ],
            [
              -38.5837302,
              -3.77369004
            ],
            [
              -38.58368989,
              -3.77372783
            ],
            [
              -38.58365595,
              -3.77376562
            ],
            [
              -38.58362253,
              -3.77380874
            ],
            [
              -38.58351272,
              -3.77395406
            ],
            [
              -38.58348833,
              -3.77398174
            ],
            [
              -38.58345332,
              -3.77402167
            ],
            [
              -38.58341513,
              -3.77406105
            ],
            [
              -38.58337854,
              -3.77409831
            ],
            [
              -38.58317594,
              -3.77428087
            ],
            [
              -38.58301472,
              -3.77442084
            ],
            [
              -38.58282857,
              -3.77458264
            ],
            [
              -38.58264401,
              -3.77474497
            ],
            [
              -38.58261391,
              -3.77477116
            ],
            [
              -38.58244089,
              -3.77492166
            ],
            [
              -38.58228922,
              -3.77505366
            ],
            [
              -38.58222081,
              -3.77511114
            ],
            [
              -38.58217732,
              -3.77514519
            ],
            [
              -38.58213436,
              -3.77517713
            ],
            [
              -38.58209937,
              -3.77519841
            ],
            [
              -38.58207113,
              -3.7752141
            ],
            [
              -38.58203149,
              -3.77523286
            ],
            [
              -38.58199146,
              -3.77524668
            ],
            [
              -38.58195806,
              -3.77525705
            ],
            [
              -38.58193261,
              -3.7752637
            ],
            [
              -38.58190856,
              -3.77526949
            ],
            [
              -38.58176102,
              -3.775305
            ],
            [
              -38.58171093,
              -3.77531724
            ],
            [
              -38.58160707,
              -3.77534207
            ],
            [
              -38.58146791,
              -3.77537557
            ],
            [
              -38.58125637,
              -3.77542552
            ],
            [
              -38.58091944,
              -3.77550497
            ],
            [
              -38.58036329,
              -3.77562611
            ],
            [
              -38.58002292,
              -3.77569997
            ],
            [
              -38.57969686,
              -3.7757733
            ],
            [
              -38.57946358,
              -3.77582484
            ],
            [
              -38.57931248,
              -3.77586044
            ],
            [
              -38.57919849,
              -3.77588914
            ],
            [
              -38.57911419,
              -3.77591413
            ],
            [
              -38.57903678,
              -3.77593912
            ],
            [
              -38.57893021,
              -3.77597741
            ],
            [
              -38.5786158,
              -3.77611037
            ],
            [
              -38.57858556,
              -3.77612315
            ],
            [
              -38.57825735,
              -3.77626038
            ],
            [
              -38.57819001,
              -3.77628556
            ],
            [
              -38.57811367,
              -3.7763141
            ],
            [
              -38.57805508,
              -3.77633297
            ],
            [
              -38.5779737,
              -3.77635397
            ],
            [
              -38.57790345,
              -3.77636778
            ],
            [
              -38.57777276,
              -3.77638875
            ],
            [
              -38.57765984,
              -3.77640121
            ],
            [
              -38.57709471,
              -3.77644806
            ],
            [
              -38.57705469,
              -3.77645417
            ],
            [
              -38.57700511,
              -3.77646799
            ],
            [
              -38.57694441,
              -3.77648659
            ],
            [
              -38.57673046,
              -3.77656983
            ],
            [
              -38.5762028,
              -3.77678002
            ]
          ]
        ]
      },
      "geometry_name": "The_geom",
      "properties": {
        "id": 3,
        "nome": "Distrito 5",
        "area_ha": "4192",
        "fonte": "SME - Secretaria Municipal de Educação de Fortaleza",
        "ano_ref": 2023,
        "data_atual": "08/Ago/2023",
        "epsg_codif": "EPSG: 31984 (SIRGAS 2000 - UTM 24S); Codificação: UTF-8"
      }
    },
    {
      "type": "Feature",
      "properties": {
        "ID": 5,
        "ESCOLA": "ESCOLA MUNICIPAL HILZA DIOGO CALS",
        "DIST": "DIST5",
        "DISTRITO": "DISTRITO 5"
      },
      "geometry": {
        "type": "Point",
        "coordinates": [
          -38.5856,
          -3.80391
        ]
      }
    },
    {
      "type": "Feature",
      "properties": {
        "ID": 6,
        "ESCOLA": "ESCOLA MUNICIPAL SANTA ISABEL",
        "DIST": "DIST5",
        "DISTRITO": "DISTRITO 5"
      },
      "geometry": {
        "type": "Point",
        "coordinates": [
          -38.59815,
          -3.79182
        ]
      }
    },
    {
      "type": "Feature",
      "properties": {
        "ID": 8,
        "ESCOLA": "ESCOLA MUNICIPAL FRANCISCO EDMILSON PINHEIRO",
        "DIST": "DIST5",
        "DISTRITO": "DISTRITO 5"
      },
      "geometry": {
        "type": "Point",
        "coordinates": [
          -38.6175,
          -3.77693
        ]
      }
    },
    {
      "type": "Feature",
      "properties": {
        "ID": 13,
        "ESCOLA": "ESCOLA MUNICIPAL ROSA AMARO CAVALCANTE",
        "DIST": "DIST5",
        "DISTRITO": "DISTRITO 5"
      },
      "geometry": {
        "type": "Point",
        "coordinates": [
          -38.58456,
          -3.81107
        ]
      }
    },
    {
      "type": "Feature",
      "properties": {
        "ID": 16,
        "ESCOLA": "ESCOLA MUNICIPAL MARIA BEZERRA QUEVEDO",
        "DIST": "DIST5",
        "DISTRITO": "DISTRITO 5"
      },
      "geometry": {
        "type": "Point",
        "coordinates": [
          -38.58758,
          -3.80767
        ]
      }
    },
    {
      "type": "Feature",
      "properties": {
        "ID": 17,
        "ESCOLA": "ESCOLA MUNICIPAL PROFESSOR EDILSON BRASIL SOAREZ",
        "DIST": "DIST5",
        "DISTRITO": "DISTRITO 5"
      },
      "geometry": {
        "type": "Point",
        "coordinates": [
          -38.61435,
          -3.80192
        ]
      }
    },
    {
      "type": "Feature",
      "properties": {
        "ID": 22,
        "ESCOLA": "ESCOLA MUNICIPAL FRANCISCA DE ABREU LIMA",
        "DIST": "DIST5",
        "DISTRITO": "DISTRITO 5"
      },
      "geometry": {
        "type": "Point",
        "coordinates": [
          -38.59743,
          -3.80726
        ]
      }
    },
    {
      "type": "Feature",
      "properties": {
        "ID": 24,
        "ESCOLA": "ESCOLA MUNICIPAL CASIMIRO MONTENEGRO",
        "DIST": "DIST5",
        "DISTRITO": "DISTRITO 5"
      },
      "geometry": {
        "type": "Point",
        "coordinates": [
          -38.55806,
          -3.81879
        ]
      }
    },
    {
      "type": "Feature",
      "properties": {
        "ID": 28,
        "ESCOLA": "CENTRO DE EDUCACAO INFANTIL CHICO ANYSIO",
        "DIST": "DIST5",
        "DISTRITO": "DISTRITO 5"
      },
      "geometry": {
        "type": "Point",
        "coordinates": [
          -38.61181,
          -3.80451
        ]
      }
    },
    {
      "type": "Feature",
      "properties": {
        "ID": 29,
        "ESCOLA": "CRECHE PEQUENOS BRILHANTES",
        "DIST": "DIST5",
        "DISTRITO": "DISTRITO 5"
      },
      "geometry": {
        "type": "Point",
        "coordinates": [
          -38.58839,
          -3.82771
        ]
      }
    },
    {
      "type": "Feature",
      "properties": {
        "ID": 34,
        "ESCOLA": "ESCOLA MUNICIPAL PROFESSOR JOSE CIRIO PEREIRA FILHO",
        "DIST": "DIST5",
        "DISTRITO": "DISTRITO 5"
      },
      "geometry": {
        "type": "Point",
        "coordinates": [
          -38.6232,
          -3.8055
        ]
      }
    },
    {
      "type": "Feature",
      "properties": {
        "ID": 35,
        "ESCOLA": "ESCOLA MUNICIPAL CRESCER E APRENDER",
        "DIST": "DIST5",
        "DISTRITO": "DISTRITO 5"
      },
      "geometry": {
        "type": "Point",
        "coordinates": [
          -38.59782,
          -3.79073
        ]
      }
    },
    {
      "type": "Feature",
      "properties": {
        "ID": 43,
        "ESCOLA": "ESCOLA MUNICIPAL PROFESSORA LIREDA FACO",
        "DIST": "DIST5",
        "DISTRITO": "DISTRITO 5"
      },
      "geometry": {
        "type": "Point",
        "coordinates": [
          -38.60983,
          -3.78834
        ]
      }
    },
    {
      "type": "Feature",
      "properties": {
        "ID": 46,
        "ESCOLA": "CENTRO DE EDUCACAO INFANTIL MARIA DOLORES PETROLA DE MELO JORGE",
        "DIST": "DIST5",
        "DISTRITO": "DISTRITO 5"
      },
      "geometry": {
        "type": "Point",
        "coordinates": [
          -38.61936,
          -3.78294
        ]
      }
    },
    {
      "type": "Feature",
      "properties": {
        "ID": 47,
        "ESCOLA": "CENTRO DE EDUCACAO INFANTIL JOAO ESTANISLAU FAÇANHA",
        "DIST": "DIST5",
        "DISTRITO": "DISTRITO 5"
      },
      "geometry": {
        "type": "Point",
        "coordinates": [
          -38.56213,
          -3.79927
        ]
      }
    },
    {
      "type": "Feature",
      "properties": {
        "ID": 51,
        "ESCOLA": "CRECHE RAIO DE LUZ",
        "DIST": "DIST5",
        "DISTRITO": "DISTRITO 5"
      },
      "geometry": {
        "type": "Point",
        "coordinates": [
          -38.60043,
          -3.78324
        ]
      }
    },
    {
      "type": "Feature",
      "properties": {
        "ID": 55,
        "ESCOLA": "CENTRO DE EDUCACAO INFANTIL FRANCISCA DE ABREU LIMA",
        "DIST": "DIST5",
        "DISTRITO": "DISTRITO 5"
      },
      "geometry": {
        "type": "Point",
        "coordinates": [
          -38.61605,
          -3.81516
        ]
      }
    },
    {
      "type": "Feature",
      "properties": {
        "ID": 59,
        "ESCOLA": "ESCOLA MUNICIPAL DE TEMPO INTEGRAL PROFESSOR AGERSON TABOSA PINTO",
        "DIST": "DIST5",
        "DISTRITO": "DISTRITO 5"
      },
      "geometry": {
        "type": "Point",
        "coordinates": [
          -38.61491,
          -3.81425
        ]
      }
    },
    {
      "type": "Feature",
      "properties": {
        "ID": 60,
        "ESCOLA": "CENTRO DE EDUCACAO INFANTIL FRANCISCA FERNANDES MAGALHAES",
        "DIST": "DIST5",
        "DISTRITO": "DISTRITO 5"
      },
      "geometry": {
        "type": "Point",
        "coordinates": [
          -38.5896,
          -3.77983
        ]
      }
    },
    {
      "type": "Feature",
      "properties": {
        "ID": 64,
        "ESCOLA": "CRECHE PEQUENO MUNDO DE FLORA",
        "DIST": "DIST5",
        "DISTRITO": "DISTRITO 5"
      },
      "geometry": {
        "type": "Point",
        "coordinates": [
          -38.60204,
          -3.78415
        ]
      }
    },
    {
      "type": "Feature",
      "properties": {
        "ID": 81,
        "ESCOLA": "CRECHE MARCILIO AMORIM",
        "DIST": "DIST5",
        "DISTRITO": "DISTRITO 5"
      },
      "geometry": {
        "type": "Point",
        "coordinates": [
          -38.58789,
          -3.79868
        ]
      }
    },
    {
      "type": "Feature",
      "properties": {
        "ID": 83,
        "ESCOLA": "CRECHE CORES E BRINCADEIRAS",
        "DIST": "DIST5",
        "DISTRITO": "DISTRITO 5"
      },
      "geometry": {
        "type": "Point",
        "coordinates": [
          -38.59766,
          -3.77312
        ]
      }
    },
    {
      "type": "Feature",
      "properties": {
        "ID": 93,
        "ESCOLA": "ESCOLA MUNICIPAL SEBASTIAO DE ABREU",
        "DIST": "DIST5",
        "DISTRITO": "DISTRITO 5"
      },
      "geometry": {
        "type": "Point",
        "coordinates": [
          -38.60184,
          -3.79234
        ]
      }
    },
    {
      "type": "Feature",
      "properties": {
        "ID": 101,
        "ESCOLA": "ESCOLA MUNICIPAL FLORIVAL ALVES SERAINE",
        "DIST": "DIST5",
        "DISTRITO": "DISTRITO 5"
      },
      "geometry": {
        "type": "Point",
        "coordinates": [
          -38.60211,
          -3.80735
        ]
      }
    },
    {
      "type": "Feature",
      "properties": {
        "ID": 104,
        "ESCOLA": "ESCOLA MUNICIPAL PROFESSOR JACINTO BOTELHO",
        "DIST": "DIST5",
        "DISTRITO": "DISTRITO 5"
      },
      "geometry": {
        "type": "Point",
        "coordinates": [
          -38.56852,
          -3.80639
        ]
      }
    },
    {
      "type": "Feature",
      "properties": {
        "ID": 107,
        "ESCOLA": "ESCOLA MUNICIPAL MARIA VIVIANE BENEVIDES GOUVEIA",
        "DIST": "DIST5",
        "DISTRITO": "DISTRITO 5"
      },
      "geometry": {
        "type": "Point",
        "coordinates": [
          -38.57704,
          -3.80097
        ]
      }
    },
    {
      "type": "Feature",
      "properties": {
        "ID": 109,
        "ESCOLA": "ESCOLA MUNICIPAL PROFESSORA LIREDA FACO - UNID II",
        "DIST": "DIST5",
        "DISTRITO": "DISTRITO 5"
      },
      "geometry": {
        "type": "Point",
        "coordinates": [
          -38.60388,
          -3.78649
        ]
      }
    },
    {
      "type": "Feature",
      "properties": {
        "ID": 114,
        "ESCOLA": "CRECHE PEQUENOS HEROIS",
        "DIST": "DIST5",
        "DISTRITO": "DISTRITO 5"
      },
      "geometry": {
        "type": "Point",
        "coordinates": [
          -38.58105,
          -3.82847
        ]
      }
    },
    {
      "type": "Feature",
      "properties": {
        "ID": 125,
        "ESCOLA": "ESCOLA MUNICIPAL RACHEL VIANA MARTINS",
        "DIST": "DIST5",
        "DISTRITO": "DISTRITO 5"
      },
      "geometry": {
        "type": "Point",
        "coordinates": [
          -38.62464,
          -3.79295
        ]
      }
    },
    {
      "type": "Feature",
      "properties": {
        "ID": 131,
        "ESCOLA": "CRECHE SONHO DE CRIANCA",
        "DIST": "DIST5",
        "DISTRITO": "DISTRITO 5"
      },
      "geometry": {
        "type": "Point",
        "coordinates": [
          -38.56474,
          -3.79992
        ]
      }
    },
    {
      "type": "Feature",
      "properties": {
        "ID": 135,
        "ESCOLA": "ESCOLA MUNICIPAL CATARINA LIMA DA SILVA",
        "DIST": "DIST5",
        "DISTRITO": "DISTRITO 5"
      },
      "geometry": {
        "type": "Point",
        "coordinates": [
          -38.60095,
          -3.79992
        ]
      }
    },
    {
      "type": "Feature",
      "properties": {
        "ID": 142,
        "ESCOLA": "ESCOLA MUNICIPAL CRESCER E APRENDER - UNID II",
        "DIST": "DIST5",
        "DISTRITO": "DISTRITO 5"
      },
      "geometry": {
        "type": "Point",
        "coordinates": [
          -38.59788,
          -3.78918
        ]
      }
    },
    {
      "type": "Feature",
      "properties": {
        "ID": 151,
        "ESCOLA": "CENTRO DE EDUCACAO INFANTIL FLORIVAL ALVES SERAINE",
        "DIST": "DIST5",
        "DISTRITO": "DISTRITO 5"
      },
      "geometry": {
        "type": "Point",
        "coordinates": [
          -38.60265,
          -3.80695
        ]
      }
    },
    {
      "type": "Feature",
      "properties": {
        "ID": 154,
        "ESCOLA": "ESCOLA MUNICIPAL RAIMUNDO MOREIRA SENA",
        "DIST": "DIST5",
        "DISTRITO": "DISTRITO 5"
      },
      "geometry": {
        "type": "Point",
        "coordinates": [
          -38.61356,
          -3.79651
        ]
      }
    },
    {
      "type": "Feature",
      "properties": {
        "ID": 158,
        "ESCOLA": "CRECHE CENTRO DE DESENVOLVIMENTO INTEGRADO DA VIDA",
        "DIST": "DIST5",
        "DISTRITO": "DISTRITO 5"
      },
      "geometry": {
        "type": "Point",
        "coordinates": [
          -38.61391,
          -3.79165
        ]
      }
    },
    {
      "type": "Feature",
      "properties": {
        "ID": 165,
        "ESCOLA": "PROGRAMA ESCOLA ARENINHA DO ARACAPE",
        "DIST": "DIST5",
        "DISTRITO": "DISTRITO 5"
      },
      "geometry": {
        "type": "Point",
        "coordinates": [
          -38.586728,
          -3.833099
        ]
      }
    },
    {
      "type": "Feature",
      "properties": {
        "ID": 169,
        "ESCOLA": "CRECHE VO IZAURA",
        "DIST": "DIST5",
        "DISTRITO": "DISTRITO 5"
      },
      "geometry": {
        "type": "Point",
        "coordinates": [
          -38.60979,
          -3.782484
        ]
      }
    },
    {
      "type": "Feature",
      "properties": {
        "ID": 170,
        "ESCOLA": "CRECHE MAE BALBINA",
        "DIST": "DIST5",
        "DISTRITO": "DISTRITO 5"
      },
      "geometry": {
        "type": "Point",
        "coordinates": [
          -38.61829,
          -3.78654
        ]
      }
    },
    {
      "type": "Feature",
      "properties": {
        "ID": 172,
        "ESCOLA": "ESCOLA MUNICIPAL ANTONIO DIOGO DE SIQUEIRA",
        "DIST": "DIST5",
        "DISTRITO": "DISTRITO 5"
      },
      "geometry": {
        "type": "Point",
        "coordinates": [
          -38.58782,
          -3.78414
        ]
      }
    },
    {
      "type": "Feature",
      "properties": {
        "ID": 187,
        "ESCOLA": "ESCOLA MUNICIPAL MARIETA GUEDES MARTINS",
        "DIST": "DIST5",
        "DISTRITO": "DISTRITO 5"
      },
      "geometry": {
        "type": "Point",
        "coordinates": [
          -38.59323,
          -3.80681
        ]
      }
    },
    {
      "type": "Feature",
      "properties": {
        "ID": 191,
        "ESCOLA": "ESCOLA MUNICIPAL CONCEICAO MOURAO",
        "DIST": "DIST5",
        "DISTRITO": "DISTRITO 5"
      },
      "geometry": {
        "type": "Point",
        "coordinates": [
          -38.60182,
          -3.7771
        ]
      }
    },
    {
      "type": "Feature",
      "properties": {
        "ID": 196,
        "ESCOLA": "CENTRO DE EDUCACAO INFANTIL ALAIDE AUGUSTO DE OLIVEIRA",
        "DIST": "DIST5",
        "DISTRITO": "DISTRITO 5"
      },
      "geometry": {
        "type": "Point",
        "coordinates": [
          -38.59582,
          -3.81361
        ]
      }
    },
    {
      "type": "Feature",
      "properties": {
        "ID": 204,
        "ESCOLA": "CRECHE FELIZ AMANHECER",
        "DIST": "DIST5",
        "DISTRITO": "DISTRITO 5"
      },
      "geometry": {
        "type": "Point",
        "coordinates": [
          -38.58784,
          -3.80884
        ]
      }
    },
    {
      "type": "Feature",
      "properties": {
        "ID": 208,
        "ESCOLA": "ESCOLA MUNICIPAL JOSE ALCIDES PINTO",
        "DIST": "DIST5",
        "DISTRITO": "DISTRITO 5"
      },
      "geometry": {
        "type": "Point",
        "coordinates": [
          -38.58595,
          -3.77435
        ]
      }
    },
    {
      "type": "Feature",
      "properties": {
        "ID": 211,
        "ESCOLA": "ESCOLA MUNICIPAL HENRIQUETA GALENO",
        "DIST": "DIST5",
        "DISTRITO": "DISTRITO 5"
      },
      "geometry": {
        "type": "Point",
        "coordinates": [
          -38.58099,
          -3.7977
        ]
      }
    },
    {
      "type": "Feature",
      "properties": {
        "ID": 215,
        "ESCOLA": "ESCOLA MUNICIPAL JOSE CARLOS MATOS",
        "DIST": "DIST5",
        "DISTRITO": "DISTRITO 5"
      },
      "geometry": {
        "type": "Point",
        "coordinates": [
          -38.59597,
          -3.7835
        ]
      }
    },
    {
      "type": "Feature",
      "properties": {
        "ID": 222,
        "ESCOLA": "ESCOLA MUNICIPAL JONATHAN DA ROCHA ALCOFORADO",
        "DIST": "DIST5",
        "DISTRITO": "DISTRITO 5"
      },
      "geometry": {
        "type": "Point",
        "coordinates": [
          -38.58093,
          -3.82598
        ]
      }
    },
    {
      "type": "Feature",
      "properties": {
        "ID": 224,
        "ESCOLA": "ESCOLA MUNICIPAL SAGRADO CORACAO",
        "DIST": "DIST5",
        "DISTRITO": "DISTRITO 5"
      },
      "geometry": {
        "type": "Point",
        "coordinates": [
          -38.56371,
          -3.79513
        ]
      }
    },
    {
      "type": "Feature",
      "properties": {
        "ID": 225,
        "ESCOLA": "ESCOLA MUNICIPAL PADRE ANTONIO MONTEIRO DA CRUZ",
        "DIST": "DIST5",
        "DISTRITO": "DISTRITO 5"
      },
      "geometry": {
        "type": "Point",
        "coordinates": [
          -38.60222,
          -3.81731
        ]
      }
    },
    {
      "type": "Feature",
      "properties": {
        "ID": 239,
        "ESCOLA": "CRECHE PROJETO JOAOZINHO",
        "DIST": "DIST5",
        "DISTRITO": "DISTRITO 5"
      },
      "geometry": {
        "type": "Point",
        "coordinates": [
          -38.57965,
          -3.7985
        ]
      }
    },
    {
      "type": "Feature",
      "properties": {
        "ID": 244,
        "ESCOLA": "ESCOLA MUNICIPAL NOVO RENASCER",
        "DIST": "DIST5",
        "DISTRITO": "DISTRITO 5"
      },
      "geometry": {
        "type": "Point",
        "coordinates": [
          -38.56493,
          -3.82653
        ]
      }
    },
    {
      "type": "Feature",
      "properties": {
        "ID": 245,
        "ESCOLA": "CRECHE VIDA NOVA",
        "DIST": "DIST5",
        "DISTRITO": "DISTRITO 5"
      },
      "geometry": {
        "type": "Point",
        "coordinates": [
          -38.60263,
          -3.7953
        ]
      }
    },
    {
      "type": "Feature",
      "properties": {
        "ID": 247,
        "ESCOLA": "ESCOLA MUNICIPAL DE TEMPO INTEGRAL PROFESSOR ALEXANDRE RODRIGUES DE ALBUQUERQUE",
        "DIST": "DIST5",
        "DISTRITO": "DISTRITO 5"
      },
      "geometry": {
        "type": "Point",
        "coordinates": [
          -38.61187,
          -3.80548
        ]
      }
    },
    {
      "type": "Feature",
      "properties": {
        "ID": 253,
        "ESCOLA": "CRECHE CORACAO DE MARIA",
        "DIST": "DIST5",
        "DISTRITO": "DISTRITO 5"
      },
      "geometry": {
        "type": "Point",
        "coordinates": [
          -38.60042,
          -3.81862
        ]
      }
    },
    {
      "type": "Feature",
      "properties": {
        "ID": 257,
        "ESCOLA": "CRECHE MIGUEL MARTINS",
        "DIST": "DIST5",
        "DISTRITO": "DISTRITO 5"
      },
      "geometry": {
        "type": "Point",
        "coordinates": [
          -38.599909,
          -3.824511
        ]
      }
    },
    {
      "type": "Feature",
      "properties": {
        "ID": 260,
        "ESCOLA": "PROGRAMA PRO-TECNICO CREUSA DO CARMO ROCHA",
        "DIST": "DIST5",
        "DISTRITO": "DISTRITO 5"
      },
      "geometry": {
        "type": "Point",
        "coordinates": [
          -38.60301,
          -3.78149
        ]
      }
    },
    {
      "type": "Feature",
      "properties": {
        "ID": 273,
        "ESCOLA": "ESCOLA MUNICIPAL DOUTOR SERVULO MENDES BARROSO",
        "DIST": "DIST5",
        "DISTRITO": "DISTRITO 5"
      },
      "geometry": {
        "type": "Point",
        "coordinates": [
          -38.61049,
          -3.78633
        ]
      }
    },
    {
      "type": "Feature",
      "properties": {
        "ID": 280,
        "ESCOLA": "ESCOLA MUNICIPAL 15 DE OUTUBRO",
        "DIST": "DIST5",
        "DISTRITO": "DISTRITO 5"
      },
      "geometry": {
        "type": "Point",
        "coordinates": [
          -38.58619,
          -3.77466
        ]
      }
    },
    {
      "type": "Feature",
      "properties": {
        "ID": 291,
        "ESCOLA": "ESCOLA MUNICIPAL JOAO HILDO DE CARVALHO FURTADO",
        "DIST": "DIST5",
        "DISTRITO": "DISTRITO 5"
      },
      "geometry": {
        "type": "Point",
        "coordinates": [
          -38.59048,
          -3.83037
        ]
      }
    },
    {
      "type": "Feature",
      "properties": {
        "ID": 292,
        "ESCOLA": "CENTRO DE EDUCACAO INFANTIL JONATHAN DA ROCHA ALCOFORADO",
        "DIST": "DIST5",
        "DISTRITO": "DISTRITO 5"
      },
      "geometry": {
        "type": "Point",
        "coordinates": [
          -38.58106,
          -3.82567
        ]
      }
    },
    {
      "type": "Feature",
      "properties": {
        "ID": 313,
        "ESCOLA": "ESCOLA MUNICIPAL PROFESSOR OSMIRIO DE OLIVEIRA BARRETO",
        "DIST": "DIST5",
        "DISTRITO": "DISTRITO 5"
      },
      "geometry": {
        "type": "Point",
        "coordinates": [
          -38.5697,
          -3.81721
        ]
      }
    },
    {
      "type": "Feature",
      "properties": {
        "ID": 317,
        "ESCOLA": "ESCOLA MUNICIPAL DE TEMPO INTEGRAL DOM ANTONIO DE ALMEIDA LUSTOSA",
        "DIST": "DIST5",
        "DISTRITO": "DISTRITO 5"
      },
      "geometry": {
        "type": "Point",
        "coordinates": [
          -38.6267,
          -3.78462
        ]
      }
    },
    {
      "type": "Feature",
      "properties": {
        "ID": 318,
        "ESCOLA": "ESCOLA MUNICIPAL DE TEMPO INTEGRAL FRANCISCA FERNANDES MAGALHAES",
        "DIST": "DIST5",
        "DISTRITO": "DISTRITO 5"
      },
      "geometry": {
        "type": "Point",
        "coordinates": [
          -38.5898,
          -3.78008
        ]
      }
    },
    {
      "type": "Feature",
      "properties": {
        "ID": 326,
        "ESCOLA": "CENTRO DE EDUCACAO INFANTIL MARIA BEZERRA QUEVEDO",
        "DIST": "DIST5",
        "DISTRITO": "DISTRITO 5"
      },
      "geometry": {
        "type": "Point",
        "coordinates": [
          -38.58768,
          -3.80895
        ]
      }
    },
    {
      "type": "Feature",
      "properties": {
        "ID": 329,
        "ESCOLA": "CENTRO DE EDUCACAO INFANTIL HILZA DIOGO CALS",
        "DIST": "DIST5",
        "DISTRITO": "DISTRITO 5"
      },
      "geometry": {
        "type": "Point",
        "coordinates": [
          -38.58547,
          -3.80354
        ]
      }
    },
    {
      "type": "Feature",
      "properties": {
        "ID": 334,
        "ESCOLA": "CENTRO DE EDUCACAO INFANTIL PROFESSORA MARIA LUIZA MOTA MACHADO",
        "DIST": "DIST5",
        "DISTRITO": "DISTRITO 5"
      },
      "geometry": {
        "type": "Point",
        "coordinates": [
          -38.61997,
          -3.80329
        ]
      }
    },
    {
      "type": "Feature",
      "properties": {
        "ID": 345,
        "ESCOLA": "PROGRAMA ESCOLA ARENINHA CONJUNTO ESPERANCA",
        "DIST": "DIST5",
        "DISTRITO": "DISTRITO 5"
      },
      "geometry": {
        "type": "Point",
        "coordinates": [
          -38.589052,
          -3.814391
        ]
      }
    },
    {
      "type": "Feature",
      "properties": {
        "ID": 346,
        "ESCOLA": "CRECHE RENASCER KIDS",
        "DIST": "DIST5",
        "DISTRITO": "DISTRITO 5"
      },
      "geometry": {
        "type": "Point",
        "coordinates": [
          -38.616597,
          -3.786197
        ]
      }
    },
    {
      "type": "Feature",
      "properties": {
        "ID": 351,
        "ESCOLA": "ESCOLA MUNICIPAL MARILENE LOPES RABELO - UNID II",
        "DIST": "DIST5",
        "DISTRITO": "DISTRITO 5"
      },
      "geometry": {
        "type": "Point",
        "coordinates": [
          -38.59841,
          -3.8302
        ]
      }
    },
    {
      "type": "Feature",
      "properties": {
        "ID": 353,
        "ESCOLA": "CENTRO DE EDUCACAO INFANTIL IVANILSON SOUZA LIMA COSTA",
        "DIST": "DIST5",
        "DISTRITO": "DISTRITO 5"
      },
      "geometry": {
        "type": "Point",
        "coordinates": [
          -38.59022,
          -3.82935
        ]
      }
    },
    {
      "type": "Feature",
      "properties": {
        "ID": 360,
        "ESCOLA": "ESCOLA MUNICIPAL MARIA DOLORES PETROLA DE MELO JORGE",
        "DIST": "DIST5",
        "DISTRITO": "DISTRITO 5"
      },
      "geometry": {
        "type": "Point",
        "coordinates": [
          -38.62437,
          -3.78172
        ]
      }
    },
    {
      "type": "Feature",
      "properties": {
        "ID": 369,
        "ESCOLA": "CENTRO DE EDUCACAO INFANTIL PROFESSOR OSMIRIO DE OLIVEIRA BARRETO",
        "DIST": "DIST5",
        "DISTRITO": "DISTRITO 5"
      },
      "geometry": {
        "type": "Point",
        "coordinates": [
          -38.56976,
          -3.81759
        ]
      }
    },
    {
      "type": "Feature",
      "properties": {
        "ID": 370,
        "ESCOLA": "CRECHE JOSE ORDELIO MENDES ALVES",
        "DIST": "DIST5",
        "DISTRITO": "DISTRITO 5"
      },
      "geometry": {
        "type": "Point",
        "coordinates": [
          -38.59093,
          -3.79942
        ]
      }
    },
    {
      "type": "Feature",
      "properties": {
        "ID": 372,
        "ESCOLA": "CRECHE JARDIM DA CRIANCA",
        "DIST": "DIST5",
        "DISTRITO": "DISTRITO 5"
      },
      "geometry": {
        "type": "Point",
        "coordinates": [
          -38.60482,
          -3.79691
        ]
      }
    },
    {
      "type": "Feature",
      "properties": {
        "ID": 376,
        "ESCOLA": "CRECHE TIA ZULEIDE",
        "DIST": "DIST5",
        "DISTRITO": "DISTRITO 5"
      },
      "geometry": {
        "type": "Point",
        "coordinates": [
          -38.61744,
          -3.78941
        ]
      }
    },
    {
      "type": "Feature",
      "properties": {
        "ID": 377,
        "ESCOLA": "CRECHE ALIANCA",
        "DIST": "DIST5",
        "DISTRITO": "DISTRITO 5"
      },
      "geometry": {
        "type": "Point",
        "coordinates": [
          -38.60463,
          -3.80429
        ]
      }
    },
    {
      "type": "Feature",
      "properties": {
        "ID": 379,
        "ESCOLA": "CENTRO DE EDUCACAO INFANTIL PROFESSOR JACINTO BOTELHO",
        "DIST": "DIST5",
        "DISTRITO": "DISTRITO 5"
      },
      "geometry": {
        "type": "Point",
        "coordinates": [
          -38.56925,
          -3.80653
        ]
      }
    },
    {
      "type": "Feature",
      "properties": {
        "ID": 384,
        "ESCOLA": "ESCOLA MUNICIPAL CREUSA DO CARMO ROCHA",
        "DIST": "DIST5",
        "DISTRITO": "DISTRITO 5"
      },
      "geometry": {
        "type": "Point",
        "coordinates": [
          -38.60301,
          -3.78149
        ]
      }
    },
    {
      "type": "Feature",
      "properties": {
        "ID": 388,
        "ESCOLA": "ESCOLA MUNICIPAL JOAO MENDES DE ANDRADE",
        "DIST": "DIST5",
        "DISTRITO": "DISTRITO 5"
      },
      "geometry": {
        "type": "Point",
        "coordinates": [
          -38.62952,
          -3.78898
        ]
      }
    },
    {
      "type": "Feature",
      "properties": {
        "ID": 397,
        "ESCOLA": "ESCOLA MUNICIPAL MARILENE LOPES RABELO",
        "DIST": "DIST5",
        "DISTRITO": "DISTRITO 5"
      },
      "geometry": {
        "type": "Point",
        "coordinates": [
          -38.59792,
          -3.83086
        ]
      }
    },
    {
      "type": "Feature",
      "properties": {
        "ID": 401,
        "ESCOLA": "CRECHE TIA MAZE",
        "DIST": "DIST5",
        "DISTRITO": "DISTRITO 5"
      },
      "geometry": {
        "type": "Point",
        "coordinates": [
          -38.58221,
          -3.79875
        ]
      }
    },
    {
      "type": "Feature",
      "properties": {
        "ID": 404,
        "ESCOLA": "CRECHE ALEGRIA DE CRIANCA",
        "DIST": "DIST5",
        "DISTRITO": "DISTRITO 5"
      },
      "geometry": {
        "type": "Point",
        "coordinates": [
          -38.56179,
          -3.81479
        ]
      }
    },
    {
      "type": "Feature",
      "properties": {
        "ID": 412,
        "ESCOLA": "CENTRO DE EDUCACAO INFANTIL MARIA ROSA DE ALMEIDA",
        "DIST": "DIST5",
        "DISTRITO": "DISTRITO 5"
      },
      "geometry": {
        "type": "Point",
        "coordinates": [
          -38.59008,
          -3.78347
        ]
      }
    },
    {
      "type": "Feature",
      "properties": {
        "ID": 419,
        "ESCOLA": "CENTRO DE EDUCACAO INFANTIL ANTONIO DIOGO DE SIQUEIRA",
        "DIST": "DIST5",
        "DISTRITO": "DISTRITO 5"
      },
      "geometry": {
        "type": "Point",
        "coordinates": [
          -38.5944,
          -3.77634
        ]
      }
    },
    {
      "type": "Feature",
      "properties": {
        "ID": 421,
        "ESCOLA": "ESCOLA MUNICIPAL DE TEMPO INTEGRAL LUIZ TEIXEIRA MATOS",
        "DIST": "DIST5",
        "DISTRITO": "DISTRITO 5"
      },
      "geometry": {
        "type": "Point",
        "coordinates": [
          -38.56954,
          -3.82781
        ]
      }
    },
    {
      "type": "Feature",
      "properties": {
        "ID": 422,
        "ESCOLA": "ESCOLA MUNICIPAL IVANILSON SOUZA LIMA COSTA",
        "DIST": "DIST5",
        "DISTRITO": "DISTRITO 5"
      },
      "geometry": {
        "type": "Point",
        "coordinates": [
          -38.590801,
          -3.829826
        ]
      }
    },
    {
      "type": "Feature",
      "properties": {
        "ID": 424,
        "ESCOLA": "CRECHE TIO SERGIO",
        "DIST": "DIST5",
        "DISTRITO": "DISTRITO 5"
      },
      "geometry": {
        "type": "Point",
        "coordinates": [
          -38.57058,
          -3.81702
        ]
      }
    },
    {
      "type": "Feature",
      "properties": {
        "ID": 426,
        "ESCOLA": "CRECHE TIA SANTINHA",
        "DIST": "DIST5",
        "DISTRITO": "DISTRITO 5"
      },
      "geometry": {
        "type": "Point",
        "coordinates": [
          -38.58878,
          -3.794048
        ]
      }
    },
    {
      "type": "Feature",
      "properties": {
        "ID": 428,
        "ESCOLA": "CRECHE TIA TALY",
        "DIST": "DIST5",
        "DISTRITO": "DISTRITO 5"
      },
      "geometry": {
        "type": "Point",
        "coordinates": [
          -38.604813,
          -3.79541
        ]
      }
    },
    {
      "type": "Feature",
      "properties": {
        "ID": 430,
        "ESCOLA": "CRECHE MARIA BONITA",
        "DIST": "DIST5",
        "DISTRITO": "DISTRITO 5"
      },
      "geometry": {
        "type": "Point",
        "coordinates": [
          -38.596407,
          -3.821243
        ]
      }
    },
    {
      "type": "Feature",
      "properties": {
        "ID": 431,
        "ESCOLA": "CENTRO DE EDUCACAO INFANTIL MARIA FELIX RODRIGUES",
        "DIST": "DIST5",
        "DISTRITO": "DISTRITO 5"
      },
      "geometry": {
        "type": "Point",
        "coordinates": [
          -38.5858,
          -3.83279
        ]
      }
    },
    {
      "type": "Feature",
      "properties": {
        "ID": 437,
        "ESCOLA": "ESCOLA MUNICIPAL PROFESSOR JOSE FERREIRA DE ALENCAR",
        "DIST": "DIST5",
        "DISTRITO": "DISTRITO 5"
      },
      "geometry": {
        "type": "Point",
        "coordinates": [
          -38.60185,
          -3.79865
        ]
      }
    },
    {
      "type": "Feature",
      "properties": {
        "ID": 438,
        "ESCOLA": "ESCOLA MUNICIPAL NARCISO PESSOA DE ARAUJO",
        "DIST": "DIST5",
        "DISTRITO": "DISTRITO 5"
      },
      "geometry": {
        "type": "Point",
        "coordinates": [
          -38.59866,
          -3.80176
        ]
      }
    },
    {
      "type": "Feature",
      "properties": {
        "ID": 442,
        "ESCOLA": "ESCOLA MUNICIPAL PADRE CICERO ROMAO BATISTA",
        "DIST": "DIST5",
        "DISTRITO": "DISTRITO 5"
      },
      "geometry": {
        "type": "Point",
        "coordinates": [
          -38.59467,
          -3.81163
        ]
      }
    },
    {
      "type": "Feature",
      "properties": {
        "ID": 453,
        "ESCOLA": "CENTRO DE EDUCACAO INFANTIL REITOR ANTONIO MARTINS FILHO - UNID II",
        "DIST": "DIST5",
        "DISTRITO": "DISTRITO 5"
      },
      "geometry": {
        "type": "Point",
        "coordinates": [
          -38.60254,
          -3.78178
        ]
      }
    },
    {
      "type": "Feature",
      "properties": {
        "ID": 454,
        "ESCOLA": "CENTRO DE EDUCACAO INFANTIL ZILDA ARNS NEUMANN",
        "DIST": "DIST5",
        "DISTRITO": "DISTRITO 5"
      },
      "geometry": {
        "type": "Point",
        "coordinates": [
          -38.60244,
          -3.81753
        ]
      }
    },
    {
      "type": "Feature",
      "properties": {
        "ID": 470,
        "ESCOLA": "ESCOLA MUNICIPAL PROFESSOR LUIS RECAMONDE CAPELO",
        "DIST": "DIST5",
        "DISTRITO": "DISTRITO 5"
      },
      "geometry": {
        "type": "Point",
        "coordinates": [
          -38.58817,
          -3.77563
        ]
      }
    },
    {
      "type": "Feature",
      "properties": {
        "ID": 471,
        "ESCOLA": "ESCOLA MUNICIPAL PROFESSORA ANTONIA MARIA DE LIMA",
        "DIST": "DIST5",
        "DISTRITO": "DISTRITO 5"
      },
      "geometry": {
        "type": "Point",
        "coordinates": [
          -38.62477,
          -3.79063
        ]
      }
    },
    {
      "type": "Feature",
      "properties": {
        "ID": 476,
        "ESCOLA": "CENTRO DE EDUCACAO INFANTIL RACHEL VIANA MARTINS",
        "DIST": "DIST5",
        "DISTRITO": "DISTRITO 5"
      },
      "geometry": {
        "type": "Point",
        "coordinates": [
          -38.62517,
          -3.7929
        ]
      }
    },
    {
      "type": "Feature",
      "properties": {
        "ID": 478,
        "ESCOLA": "CENTRO DE EDUCACAO INFANTIL FRANCISCO EDMILSON PINHEIRO*",
        "DIST": "DIST5",
        "DISTRITO": "DISTRITO 5"
      },
      "geometry": {
        "type": "Point",
        "coordinates": [
          -38.61742,
          -3.77723
        ]
      }
    },
    {
      "type": "Feature",
      "properties": {
        "ID": 482,
        "ESCOLA": "CENTRO DE EDUCACAO INFANTIL PROFESSORA LIREDA FACO",
        "DIST": "DIST5",
        "DISTRITO": "DISTRITO 5"
      },
      "geometry": {
        "type": "Point",
        "coordinates": [
          -38.60952,
          -3.78813
        ]
      }
    },
    {
      "type": "Feature",
      "properties": {
        "ID": 483,
        "ESCOLA": "CENTRO DE EDUCACAO INFANTIL MARIA LUIZA BARBOSA CHAVES",
        "DIST": "DIST5",
        "DISTRITO": "DISTRITO 5"
      },
      "geometry": {
        "type": "Point",
        "coordinates": [
          -38.59439,
          -3.79386
        ]
      }
    },
    {
      "type": "Feature",
      "properties": {
        "ID": 491,
        "ESCOLA": "CRECHE COR DO BRASIL",
        "DIST": "DIST5",
        "DISTRITO": "DISTRITO 5"
      },
      "geometry": {
        "type": "Point",
        "coordinates": [
          -38.58597,
          -3.81842
        ]
      }
    },
    {
      "type": "Feature",
      "properties": {
        "ID": 493,
        "ESCOLA": "ESCOLA MUNICIPAL DE TEMPO INTEGRAL HILDETE BRASIL DE SÁ CAVALCANTE",
        "DIST": "DIST5",
        "DISTRITO": "DISTRITO 5"
      },
      "geometry": {
        "type": "Point",
        "coordinates": [
          -38.56576,
          -3.82275
        ]
      }
    },
    {
      "type": "Feature",
      "properties": {
        "ID": 494,
        "ESCOLA": "PROGRAMA ESCOLA ARENINHA GRANJA PORTUGAL (PRAÇA JUVENTUDE)",
        "DIST": "DIST5",
        "DISTRITO": "DISTRITO 5"
      },
      "geometry": {
        "type": "Point",
        "coordinates": [
          -38.60056,
          -3.77678
        ]
      }
    },
    {
      "type": "Feature",
      "properties": {
        "ID": 497,
        "ESCOLA": "CRECHE TIA LELEU",
        "DIST": "DIST5",
        "DISTRITO": "DISTRITO 5"
      },
      "geometry": {
        "type": "Point",
        "coordinates": [
          -38.56053,
          -3.81323
        ]
      }
    },
    {
      "type": "Feature",
      "properties": {
        "ID": 503,
        "ESCOLA": "CRECHE TIO JUNIOR",
        "DIST": "DIST5",
        "DISTRITO": "DISTRITO 5"
      },
      "geometry": {
        "type": "Point",
        "coordinates": [
          -38.576417,
          -3.794428
        ]
      }
    },
    {
      "type": "Feature",
      "properties": {
        "ID": 504,
        "ESCOLA": "ESCOLA MUNICIPAL DE TEMPO INTEGRAL PASTOR FLORENCIO NUNES NETO",
        "DIST": "DIST5",
        "DISTRITO": "DISTRITO 5"
      },
      "geometry": {
        "type": "Point",
        "coordinates": [
          -38.59331,
          -3.82655
        ]
      }
    },
    {
      "type": "Feature",
      "properties": {
        "ID": 505,
        "ESCOLA": "CENTRO DE EDUCACAO INFANTIL RITA DE CASSIA DE LIMA BARBOSA",
        "DIST": "DIST5",
        "DISTRITO": "DISTRITO 5"
      },
      "geometry": {
        "type": "Point",
        "coordinates": [
          -38.601133,
          -3.807205
        ]
      }
    },
    {
      "type": "Feature",
      "properties": {
        "ID": 506,
        "ESCOLA": "PROGRAMA PRO-TECNICO JOSE AYRTON TEIXEIRA",
        "DIST": "DIST5",
        "DISTRITO": "DISTRITO 5"
      },
      "geometry": {
        "type": "Point",
        "coordinates": [
          -38.58407,
          -3.81095
        ]
      }
    },
    {
      "type": "Feature",
      "properties": {
        "ID": 509,
        "ESCOLA": "CRECHE SONHO DE ANA",
        "DIST": "DIST5",
        "DISTRITO": "DISTRITO 5"
      },
      "geometry": {
        "type": "Point",
        "coordinates": [
          -38.583175,
          -3.823435
        ]
      }
    },
    {
      "type": "Feature",
      "properties": {
        "ID": 512,
        "ESCOLA": "ESCOLA MUNICIPAL JOAO PAULO I",
        "DIST": "DIST5",
        "DISTRITO": "DISTRITO 5"
      },
      "geometry": {
        "type": "Point",
        "coordinates": [
          -38.57778,
          -3.77665
        ]
      }
    },
    {
      "type": "Feature",
      "properties": {
        "ID": 513,
        "ESCOLA": "CENTRO DE EDUCACAO INFANTIL PROFESSOR MIRTON LA MARQUES",
        "DIST": "DIST5",
        "DISTRITO": "DISTRITO 5"
      },
      "geometry": {
        "type": "Point",
        "coordinates": [
          -38.60488,
          -3.78601
        ]
      }
    },
    {
      "type": "Feature",
      "properties": {
        "ID": 519,
        "ESCOLA": "ESCOLA MUNICIPAL ALAIDE AUGUSTO DE OLIVEIRA",
        "DIST": "DIST5",
        "DISTRITO": "DISTRITO 5"
      },
      "geometry": {
        "type": "Point",
        "coordinates": [
          -38.589034,
          -3.814681
        ]
      }
    },
    {
      "type": "Feature",
      "properties": {
        "ID": 523,
        "ESCOLA": "ESCOLA MUNICIPAL JOAO ESTANISLAU FACANHA",
        "DIST": "DIST5",
        "DISTRITO": "DISTRITO 5"
      },
      "geometry": {
        "type": "Point",
        "coordinates": [
          -38.563,
          -3.79926
        ]
      }
    },
    {
      "type": "Feature",
      "properties": {
        "ID": 526,
        "ESCOLA": "ESCOLA MUNICIPAL IRMA ROCHA",
        "DIST": "DIST5",
        "DISTRITO": "DISTRITO 5"
      },
      "geometry": {
        "type": "Point",
        "coordinates": [
          -38.60118,
          -3.77733
        ]
      }
    },
    {
      "type": "Feature",
      "properties": {
        "ID": 532,
        "ESCOLA": "ESCOLA MUNICIPAL JOAQUIM ALVES",
        "DIST": "DIST5",
        "DISTRITO": "DISTRITO 5"
      },
      "geometry": {
        "type": "Point",
        "coordinates": [
          -38.61724,
          -3.81767
        ]
      }
    },
    {
      "type": "Feature",
      "properties": {
        "ID": 534,
        "ESCOLA": "ESCOLA MUNICIPAL TOMAZ MUNIZ",
        "DIST": "DIST5",
        "DISTRITO": "DISTRITO 5"
      },
      "geometry": {
        "type": "Point",
        "coordinates": [
          -38.60576,
          -3.80445
        ]
      }
    },
    {
      "type": "Feature",
      "properties": {
        "ID": 535,
        "ESCOLA": "CENTRO DE EDUCACAO INFANTIL REITOR ANTONIO MARTINS FILHO",
        "DIST": "DIST5",
        "DISTRITO": "DISTRITO 5"
      },
      "geometry": {
        "type": "Point",
        "coordinates": [
          -38.60225,
          -3.78188
        ]
      }
    },
    {
      "type": "Feature",
      "properties": {
        "ID": 536,
        "ESCOLA": "CENTRO DE EDUCACAO INFANTIL JOAO MENDES DE ANDRADE",
        "DIST": "DIST5",
        "DISTRITO": "DISTRITO 5"
      },
      "geometry": {
        "type": "Point",
        "coordinates": [
          -38.62987,
          -3.7892
        ]
      }
    },
    {
      "type": "Feature",
      "properties": {
        "ID": 540,
        "ESCOLA": "CRECHE DONA EULALIA UCHOA ALVES",
        "DIST": "DIST5",
        "DISTRITO": "DISTRITO 5"
      },
      "geometry": {
        "type": "Point",
        "coordinates": [
          -38.60235,
          -3.78479
        ]
      }
    },
    {
      "type": "Feature",
      "properties": {
        "ID": 542,
        "ESCOLA": "CENTRO DE EDUCACAO INFANTIL NOGUEIRA",
        "DIST": "DIST5",
        "DISTRITO": "DISTRITO 5"
      },
      "geometry": {
        "type": "Point",
        "coordinates": [
          -38.61725,
          -3.8079
        ]
      }
    },
    {
      "type": "Feature",
      "properties": {
        "ID": 544,
        "ESCOLA": "CENTRO DE EDUCACAO INFANTIL PROFESSORA ANTONIA MARIA DE LIMA",
        "DIST": "DIST5",
        "DISTRITO": "DISTRITO 5"
      },
      "geometry": {
        "type": "Point",
        "coordinates": [
          -38.62718,
          -3.78436
        ]
      }
    },
    {
      "type": "Feature",
      "properties": {
        "ID": 553,
        "ESCOLA": "ESCOLA MUNICIPAL MANOEL MALVEIRA MAIA",
        "DIST": "DIST5",
        "DISTRITO": "DISTRITO 5"
      },
      "geometry": {
        "type": "Point",
        "coordinates": [
          -38.61916,
          -3.79123
        ]
      }
    },
    {
      "type": "Feature",
      "properties": {
        "ID": 557,
        "ESCOLA": "ESCOLA MUNICIPAL ULISSES GUIMARAES",
        "DIST": "DIST5",
        "DISTRITO": "DISTRITO 5"
      },
      "geometry": {
        "type": "Point",
        "coordinates": [
          -38.61551,
          -3.79382
        ]
      }
    },
    {
      "type": "Feature",
      "properties": {
        "ID": 559,
        "ESCOLA": "ESCOLA MUNICIPAL HERBERT DE SOUZA",
        "DIST": "DIST5",
        "DISTRITO": "DISTRITO 5"
      },
      "geometry": {
        "type": "Point",
        "coordinates": [
          -38.60801,
          -3.79724
        ]
      }
    },
    {
      "type": "Feature",
      "properties": {
        "ID": 560,
        "ESCOLA": "ESCOLA MUNICIPAL EDUCADOR PAULO FREIRE",
        "DIST": "DIST5",
        "DISTRITO": "DISTRITO 5"
      },
      "geometry": {
        "type": "Point",
        "coordinates": [
          -38.59378,
          -3.78651
        ]
      }
    },
    {
      "type": "Feature",
      "properties": {
        "ID": 563,
        "ESCOLA": "CENTRO DE EDUCACAO INFANTIL MARIA HERCILIA EVANGELISTA MARTINS",
        "DIST": "DIST5",
        "DISTRITO": "DISTRITO 5"
      },
      "geometry": {
        "type": "Point",
        "coordinates": [
          -38.58053,
          -3.81336
        ]
      }
    },
    {
      "type": "Feature",
      "properties": {
        "ID": 564,
        "ESCOLA": "ESCOLA MUNICIPAL ROSA AMARO CAVALCANTE - UNID II",
        "DIST": "DIST5",
        "DISTRITO": "DISTRITO 5"
      },
      "geometry": {
        "type": "Point",
        "coordinates": [
          -38.57865,
          -3.81429
        ]
      }
    },
    {
      "type": "Feature",
      "properties": {
        "ID": 566,
        "ESCOLA": "CENTRO DE EDUCACAO INFANTIL PROFESSOR AGOSTINHO GOSSON",
        "DIST": "DIST5",
        "DISTRITO": "DISTRITO 5"
      },
      "geometry": {
        "type": "Point",
        "coordinates": [
          -38.61353,
          -3.79717
        ]
      }
    },
    {
      "type": "Feature",
      "properties": {
        "ID": 567,
        "ESCOLA": "CRECHE TIA AUGUSTA",
        "DIST": "DIST5",
        "DISTRITO": "DISTRITO 5"
      },
      "geometry": {
        "type": "Point",
        "coordinates": [
          -38.58036,
          -3.79918
        ]
      }
    },
    {
      "type": "Feature",
      "properties": {
        "ID": 568,
        "ESCOLA": "ESCOLA MUNICIPAL DE TEMPO INTEGRAL PROFESSORA MARIA JOSE FERREIRA GOMES",
        "DIST": "DIST5",
        "DISTRITO": "DISTRITO 5"
      },
      "geometry": {
        "type": "Point",
        "coordinates": [
          -38.60314,
          -3.82079
        ]
      }
    },
    {
      "type": "Feature",
      "properties": {
        "ID": 569,
        "ESCOLA": "CRECHE CRIANCA FELIZ II",
        "DIST": "DIST5",
        "DISTRITO": "DISTRITO 5"
      },
      "geometry": {
        "type": "Point",
        "coordinates": [
          -38.56053,
          -3.81324
        ]
      }
    },
    {
      "type": "Feature",
      "properties": {
        "ID": 570,
        "ESCOLA": "ESCOLA MUNICIPAL IRMA ROCHA - UNID II",
        "DIST": "DIST5",
        "DISTRITO": "DISTRITO 5"
      },
      "geometry": {
        "type": "Point",
        "coordinates": [
          -38.60147,
          -3.77712
        ]
      }
    },
    {
      "type": "Feature",
      "properties": {
        "ID": 579,
        "ESCOLA": "CENTRO DE EDUCACAO INFANTIL 15 DE OUTUBRO",
        "DIST": "DIST5",
        "DISTRITO": "DISTRITO 5"
      },
      "geometry": {
        "type": "Point",
        "coordinates": [
          -38.5841,
          -3.77374
        ]
      }
    },
    {
      "type": "Feature",
      "properties": {
        "ID": 580,
        "ESCOLA": "CRECHE PEQUENO GENIO",
        "DIST": "DIST5",
        "DISTRITO": "DISTRITO 5"
      },
      "geometry": {
        "type": "Point",
        "coordinates": [
          -38.60033,
          -3.79571
        ]
      }
    },
    {
      "type": "Feature",
      "properties": {
        "ID": 581,
        "ESCOLA": "CRECHE ENCANTOS DE CELESTE",
        "DIST": "DIST5",
        "DISTRITO": "DISTRITO 5"
      },
      "geometry": {
        "type": "Point",
        "coordinates": [
          -38.59875,
          -3.77612
        ]
      }
    },
    {
      "type": "Feature",
      "properties": {
        "ID": 589,
        "ESCOLA": "CENTRO DE EDUCACAO INFANTIL PROFESSOR JOSE CIRIO PEREIRA FILHO",
        "DIST": "DIST5",
        "DISTRITO": "DISTRITO 5"
      },
      "geometry": {
        "type": "Point",
        "coordinates": [
          -38.62274,
          -3.80587
        ]
      }
    },
    {
      "type": "Feature",
      "properties": {
        "ID": 592,
        "ESCOLA": "CENTRO DE EDUCACAO INFANTIL PADRE CICERO ROMAO BATISTA",
        "DIST": "DIST5",
        "DISTRITO": "DISTRITO 5"
      },
      "geometry": {
        "type": "Point",
        "coordinates": [
          -38.59126,
          -3.81412
        ]
      }
    },
    {
      "type": "Feature",
      "properties": {
        "ID": 593,
        "ESCOLA": "CRECHE JARDIM DOS SONHOS",
        "DIST": "DIST5",
        "DISTRITO": "DISTRITO 5"
      },
      "geometry": {
        "type": "Point",
        "coordinates": [
          -38.597666,
          -3.824356
        ]
      }
    },
    {
      "type": "Feature",
      "properties": {
        "ID": 595,
        "ESCOLA": "CRECHE CORES E BRINCADEIRAS II",
        "DIST": "DIST5",
        "DISTRITO": "DISTRITO 5"
      },
      "geometry": {
        "type": "Point",
        "coordinates": [
          -38.602549,
          -3.802673
        ]
      }
    },
    {
      "type": "Feature",
      "properties": {
        "ID": 597,
        "ESCOLA": "ESCOLA MUNICIPAL DE TEMPO INTEGRAL PROFESSORA MARIA MIRTES BASTOS MANGUEIRA",
        "DIST": "DIST5",
        "DISTRITO": "DISTRITO 5"
      },
      "geometry": {
        "type": "Point",
        "coordinates": [
          -38.61908,
          -3.78981
        ]
      }
    },
    {
      "type": "Feature",
      "properties": {
        "ID": 603,
        "ESCOLA": "CRECHE CRIANCA ESPERANCA",
        "DIST": "DIST5",
        "DISTRITO": "DISTRITO 5"
      },
      "geometry": {
        "type": "Point",
        "coordinates": [
          -38.60669,
          -3.80834
        ]
      }
    },
    {
      "type": "Feature",
      "properties": {
        "ID": 610,
        "ESCOLA": "ESCOLA MUNICIPAL JOSE AYRTON TEIXEIRA",
        "DIST": "DIST5",
        "DISTRITO": "DISTRITO 5"
      },
      "geometry": {
        "type": "Point",
        "coordinates": [
          -38.58407,
          -3.81095
        ]
      }
    },
    {
      "type": "Feature",
      "properties": {
        "ID": 612,
        "ESCOLA": "ESCOLA MUNICIPAL SANTOS DUMONT",
        "DIST": "DIST5",
        "DISTRITO": "DISTRITO 5"
      },
      "geometry": {
        "type": "Point",
        "coordinates": [
          -38.59444,
          -3.79416
        ]
      }
    },
    {
      "type": "Feature",
      "properties": {
        "ID": 616,
        "ESCOLA": "ESCOLA MUNICIPAL PROFESSOR JOSE MARIA MOREIRA CAMPOS",
        "DIST": "DIST5",
        "DISTRITO": "DISTRITO 5"
      },
      "geometry": {
        "type": "Point",
        "coordinates": [
          -38.59163,
          -3.8189
        ]
      }
    },
    {
      "type": "Feature",
      "properties": {
        "ID": 625,
        "ESCOLA": "CRECHE MARIA PEQUENA",
        "DIST": "DIST5",
        "DISTRITO": "DISTRITO 5"
      },
      "geometry": {
        "type": "Point",
        "coordinates": [
          -38.59786,
          -3.81006
        ]
      }
    },
    {
      "type": "Feature",
      "properties": {
        "ID": 631,
        "ESCOLA": "ESCOLA MUNICIPAL DE TEMPO INTEGRAL MARIA DO SOCORRO ALVES CARNEIRO",
        "DIST": "DIST5",
        "DISTRITO": "DISTRITO 5"
      },
      "geometry": {
        "type": "Point",
        "coordinates": [
          -38.58937,
          -3.78824
        ]
      }
    },
    {
      "type": "Feature",
      "properties": {
        "ID": 634,
        "ESCOLA": "CRECHE NOVO MUNDO PIONEIRO",
        "DIST": "DIST5",
        "DISTRITO": "DISTRITO 5"
      },
      "geometry": {
        "type": "Point",
        "coordinates": [
          -38.62841,
          -3.80212
        ]
      }
    },
    {
      "type": "Feature",
      "properties": {
        "ID": 635,
        "ESCOLA": "CRECHE HOTELZINHO ESPACO DA CRIANCA",
        "DIST": "DIST5",
        "DISTRITO": "DISTRITO 5"
      },
      "geometry": {
        "type": "Point",
        "coordinates": [
          -38.59797,
          -3.79639
        ]
      }
    },
    {
      "type": "Feature",
      "properties": {
        "ID": 637,
        "ESCOLA": "ESCOLA MUNICIPAL NOELZINDA SATIRO SANTIAGO",
        "DIST": "DIST5",
        "DISTRITO": "DISTRITO 5"
      },
      "geometry": {
        "type": "Point",
        "coordinates": [
          -38.58432,
          -3.79543
        ]
      }
    },
    {
      "type": "Feature",
      "properties": {
        "ID": 638,
        "ESCOLA": "ESCOLA MUNICIPAL REITOR ANTONIO MARTINS FILHO",
        "DIST": "DIST5",
        "DISTRITO": "DISTRITO 5"
      },
      "geometry": {
        "type": "Point",
        "coordinates": [
          -38.60133,
          -3.78107
        ]
      }
    },
    {
      "type": "Feature",
      "properties": {
        "ID": 640,
        "ESCOLA": "CENTRO DE EDUCACAO INFANTIL JORNALISTA DEMOCRITO DUMMAR",
        "DIST": "DIST5",
        "DISTRITO": "DISTRITO 5"
      },
      "geometry": {
        "type": "Point",
        "coordinates": [
          -38.60826,
          -3.822
        ]
      }
    },
    {
      "type": "Feature",
      "properties": {
        "ID": 643,
        "ESCOLA": "CENTRO DE EDUCACAO INFANTIL MANOEL MALVEIRA MAIA",
        "DIST": "DIST5",
        "DISTRITO": "DISTRITO 5"
      },
      "geometry": {
        "type": "Point",
        "coordinates": [
          -38.619,
          -3.7908
        ]
      }
    },
    {
      "type": "Feature",
      "properties": {
        "ID": 644,
        "ESCOLA": "CENTRO DE EDUCACAO INFANTIL RAIMUNDO MOREIRA SENA",
        "DIST": "DIST5",
        "DISTRITO": "DISTRITO 5"
      },
      "geometry": {
        "type": "Point",
        "coordinates": [
          -38.61385,
          -3.79624
        ]
      }
    },
    {
      "type": "Feature",
      "properties": {
        "ID": 652,
        "ESCOLA": "ESCOLA MUNICIPAL DE TEMPO INTEGRAL PROFESSOR EXPEDITO PARENTE",
        "DIST": "DIST5",
        "DISTRITO": "DISTRITO 5"
      },
      "geometry": {
        "type": "Point",
        "coordinates": [
          -38.61771,
          -3.80762
        ]
      }
    },
    {
      "type": "Feature",
      "properties": {
        "ID": 661,
        "ESCOLA": "PROGRAMA INTEGRACAO CUCA MONDUBIM",
        "DIST": "DIST5",
        "DISTRITO": "DISTRITO 5"
      },
      "geometry": {
        "type": "Point",
        "coordinates": [
          -38.580326,
          -3.806256
        ]
      }
    },
    {
      "type": "Feature",
      "properties": {
        "ID": 663,
        "ESCOLA": "CRECHE MUNDO FELIZ",
        "DIST": "DIST5",
        "DISTRITO": "DISTRITO 5"
      },
      "geometry": {
        "type": "Point",
        "coordinates": [
          -38.59213,
          -3.77729
        ]
      }
    },
    {
      "type": "Feature",
      "properties": {
        "ID": 665,
        "ESCOLA": "CENTRO DE EDUCACAO INFANTIL HENRIQUE VENANCIO DA SILVA",
        "DIST": "DIST5",
        "DISTRITO": "DISTRITO 5"
      },
      "geometry": {
        "type": "Point",
        "coordinates": [
          -38.59999,
          -3.82229
        ]
      }
    },
    {
      "type": "Feature",
      "properties": {
        "ID": 669,
        "ESCOLA": "CRECHE MEU ANJO",
        "DIST": "DIST5",
        "DISTRITO": "DISTRITO 5"
      },
      "geometry": {
        "type": "Point",
        "coordinates": [
          -38.55758,
          -3.81293
        ]
      }
    },
    {
      "type": "Feature",
      "properties": {
        "ID": 675,
        "ESCOLA": "PROGRAMA ESCOLA ARENINHA CAMPO DO MONDUBIM",
        "DIST": "DIST5",
        "DISTRITO": "DISTRITO 5"
      },
      "geometry": {
        "type": "Point",
        "coordinates": [
          -38.557306,
          -3.812024
        ]
      }
    },
    {
      "type": "Feature",
      "properties": {
        "ID": 678,
        "ESCOLA": "CRECHE PARAISO VERDE",
        "DIST": "DIST5",
        "DISTRITO": "DISTRITO 5"
      },
      "geometry": {
        "type": "Point",
        "coordinates": [
          -38.619703,
          -3.808118
        ]
      }
    },
    {
      "type": "Feature",
      "properties": {
        "ID": 686,
        "ESCOLA": "PROGRAMA ESCOLA ARENINHA MONDUBIM",
        "DIST": "DIST5",
        "DISTRITO": "DISTRITO 5"
      },
      "geometry": {
        "type": "Point",
        "coordinates": [
          -38.580706,
          -3.826311
        ]
      }
    },
    {
      "type": "Feature",
      "properties": {
        "ID": 688,
        "ESCOLA": "ESCOLA MUNICIPAL JORNALISTA DEMOCRITO DUMMAR",
        "DIST": "DIST5",
        "DISTRITO": "DISTRITO 5"
      },
      "geometry": {
        "type": "Point",
        "coordinates": [
          -38.60853,
          -3.82102
        ]
      }
    }
  ]
}