{
  "type": "FeatureCollection",
  "features": [
    {
      "type": "Feature",
      "id": "vw_DistritosEducacao_2023.fid-3da4354c_18dace4b5a0_-54b9",
      "geometry": {
        "type": "Polygon",
        "coordinates": [
          [
            [
              -38.52392831,
              -3.73690353
            ],
            [
              -38.52389837,
              -3.7370486
            ],
            [
              -38.52364739,
              -3.73829615
            ],
            [
              -38.52329996,
              -3.73996665
            ],
            [
              -38.52288821,
              -3.74193076
            ],
            [
              -38.5227188,
              -3.74272675
            ],
            [
              -38.52263723,
              -3.74312072
            ],
            [
              -38.5225974,
              -3.74331308
            ],
            [
              -38.52243977,
              -3.74405643
            ],
            [
              -38.52227036,
              -3.74485152
            ],
            [
              -38.52213537,
              -3.74549593
            ],
            [
              -38.521956,
              -3.74634275
            ],
            [
              -38.52183458,
              -3.74695087
            ],
            [
              -38.52165159,
              -3.74780313
            ],
            [
              -38.52159044,
              -3.74808268
            ],
            [
              -38.52150256,
              -3.74849928
            ],
            [
              -38.52133948,
              -3.74928802
            ],
            [
              -38.52116282,
              -3.75013756
            ],
            [
              -38.52099384,
              -3.75097168
            ],
            [
              -38.52089371,
              -3.75147814
            ],
            [
              -38.52081533,
              -3.7518775
            ],
            [
              -38.52075235,
              -3.75219971
            ],
            [
              -38.52066015,
              -3.75267032
            ],
            [
              -38.52058766,
              -3.75304086
            ],
            [
              -38.52049691,
              -3.75353987
            ],
            [
              -38.52047297,
              -3.75366011
            ],
            [
              -38.52023488,
              -3.75488192
            ],
            [
              -38.52015352,
              -3.75529398
            ],
            [
              -38.52012034,
              -3.75546553
            ],
            [
              -38.52001639,
              -3.75599815
            ],
            [
              -38.51988136,
              -3.75670334
            ],
            [
              -38.51980522,
              -3.7570695
            ],
            [
              -38.51968274,
              -3.75765553
            ],
            [
              -38.5196415,
              -3.75787904
            ],
            [
              -38.51961936,
              -3.75799091
            ],
            [
              -38.5195492,
              -3.75825123
            ],
            [
              -38.51949675,
              -3.75832074
            ],
            [
              -38.51940965,
              -3.75845877
            ],
            [
              -38.51934333,
              -3.7585829
            ],
            [
              -38.51929185,
              -3.7586991
            ],
            [
              -38.51926114,
              -3.75878849
            ],
            [
              -38.51919677,
              -3.75896726
            ],
            [
              -38.51917596,
              -3.75904026
            ],
            [
              -38.51915465,
              -3.75913313
            ],
            [
              -38.51911945,
              -3.75930297
            ],
            [
              -38.51908572,
              -3.75950064
            ],
            [
              -38.51903611,
              -3.75980557
            ],
            [
              -38.51899789,
              -3.76006581
            ],
            [
              -38.51897997,
              -3.76017805
            ],
            [
              -38.51894622,
              -3.7604085
            ],
            [
              -38.51889661,
              -3.76072436
            ],
            [
              -38.51886485,
              -3.76093196
            ],
            [
              -38.51881721,
              -3.76123888
            ],
            [
              -38.51875767,
              -3.76162229
            ],
            [
              -38.51866835,
              -3.76221528
            ],
            [
              -38.51859788,
              -3.76267815
            ],
            [
              -38.5185428,
              -3.76304567
            ],
            [
              -38.51848722,
              -3.76341666
            ],
            [
              -38.51846588,
              -3.76354927
            ],
            [
              -38.51842122,
              -3.7638403
            ],
            [
              -38.51838153,
              -3.7640916
            ],
            [
              -38.5183324,
              -3.76441938
            ],
            [
              -38.51829816,
              -3.76464188
            ],
            [
              -38.51826293,
              -3.76486586
            ],
            [
              -38.51822622,
              -3.76510177
            ],
            [
              -38.51820042,
              -3.76525275
            ],
            [
              -38.51818852,
              -3.76532079
            ],
            [
              -38.51816347,
              -3.76545612
            ],
            [
              -38.51814884,
              -3.76553931
            ],
            [
              -38.51811761,
              -3.76569599
            ],
            [
              -38.51806853,
              -3.76592494
            ],
            [
              -38.51801476,
              -3.76615363
            ],
            [
              -38.51795826,
              -3.76639921
            ],
            [
              -38.51790869,
              -3.76661673
            ],
            [
              -38.51782444,
              -3.7669733
            ],
            [
              -38.51774516,
              -3.76727822
            ],
            [
              -38.51766983,
              -3.76760401
            ],
            [
              -38.51756576,
              -3.76802514
            ],
            [
              -38.51743099,
              -3.76855055
            ],
            [
              -38.51731999,
              -3.76898658
            ],
            [
              -38.51718622,
              -3.76947524
            ],
            [
              -38.5170703,
              -3.76988246
            ],
            [
              -38.51719214,
              -3.7698924
            ],
            [
              -38.5182219,
              -3.77005624
            ],
            [
              -38.51820125,
              -3.77043435
            ],
            [
              -38.51815596,
              -3.77139653
            ],
            [
              -38.51811812,
              -3.7721266
            ],
            [
              -38.51806798,
              -3.77318725
            ],
            [
              -38.51805783,
              -3.77336333
            ],
            [
              -38.51804707,
              -3.77354648
            ],
            [
              -38.51803253,
              -3.77367067
            ],
            [
              -38.51801153,
              -3.77413832
            ],
            [
              -38.51799311,
              -3.77451068
            ],
            [
              -38.51798354,
              -3.77476754
            ],
            [
              -38.51797781,
              -3.77490576
            ],
            [
              -38.51796449,
              -3.77514368
            ],
            [
              -38.51795877,
              -3.77525286
            ],
            [
              -38.51794797,
              -3.77546744
            ],
            [
              -38.51794222,
              -3.7756492
            ],
            [
              -38.5179314,
              -3.7758925
            ],
            [
              -38.5179207,
              -3.7759313
            ],
            [
              -38.51791499,
              -3.77603354
            ],
            [
              -38.51789787,
              -3.77631312
            ],
            [
              -38.51788517,
              -3.7765643
            ],
            [
              -38.51787626,
              -3.77676563
            ],
            [
              -38.51786867,
              -3.77685461
            ],
            [
              -38.51785783,
              -3.77714745
            ],
            [
              -38.51784385,
              -3.77744407
            ],
            [
              -38.51783113,
              -3.77770661
            ],
            [
              -38.51782035,
              -3.77788963
            ],
            [
              -38.51781018,
              -3.77810547
            ],
            [
              -38.51780757,
              -3.77827461
            ],
            [
              -38.51781508,
              -3.77832889
            ],
            [
              -38.51783888,
              -3.77846775
            ],
            [
              -38.5178727,
              -3.77865711
            ],
            [
              -38.51790178,
              -3.77883374
            ],
            [
              -38.51790777,
              -3.77886709
            ],
            [
              -38.5179195,
              -3.77893242
            ],
            [
              -38.5178481,
              -3.77891622
            ],
            [
              -38.51773581,
              -3.77888652
            ],
            [
              -38.51750638,
              -3.77882611
            ],
            [
              -38.51647671,
              -3.77856293
            ],
            [
              -38.51580831,
              -3.77838331
            ],
            [
              -38.51490781,
              -3.77812247
            ],
            [
              -38.51480328,
              -3.77809589
            ],
            [
              -38.51451264,
              -3.779214
            ],
            [
              -38.51449717,
              -3.77926968
            ],
            [
              -38.51440267,
              -3.77958282
            ],
            [
              -38.51419411,
              -3.78027244
            ],
            [
              -38.51413788,
              -3.78039344
            ],
            [
              -38.51344274,
              -3.78188937
            ],
            [
              -38.51289332,
              -3.78307298
            ],
            [
              -38.51262026,
              -3.78365087
            ],
            [
              -38.51273208,
              -3.78371318
            ],
            [
              -38.51295065,
              -3.7838553
            ],
            [
              -38.51298771,
              -3.7838711
            ],
            [
              -38.51301221,
              -3.78387553
            ],
            [
              -38.51303985,
              -3.78387744
            ],
            [
              -38.5130719,
              -3.78387494
            ],
            [
              -38.51309766,
              -3.7838699
            ],
            [
              -38.51312091,
              -3.78385982
            ],
            [
              -38.51314102,
              -3.78384721
            ],
            [
              -38.51317497,
              -3.78380936
            ],
            [
              -38.51319697,
              -3.78378665
            ],
            [
              -38.51322903,
              -3.78376016
            ],
            [
              -38.51326234,
              -3.78373746
            ],
            [
              -38.51328497,
              -3.78372548
            ],
            [
              -38.5133101,
              -3.78371918
            ],
            [
              -38.51333775,
              -3.78371794
            ],
            [
              -38.5133767,
              -3.78372427
            ],
            [
              -38.51340811,
              -3.7837388
            ],
            [
              -38.51343009,
              -3.78375775
            ],
            [
              -38.51345017,
              -3.78378679
            ],
            [
              -38.51346649,
              -3.78381773
            ],
            [
              -38.51348532,
              -3.78386381
            ],
            [
              -38.51349409,
              -3.78390231
            ],
            [
              -38.51349783,
              -3.78394775
            ],
            [
              -38.51349404,
              -3.78399698
            ],
            [
              -38.51348774,
              -3.78402853
            ],
            [
              -38.51347766,
              -3.78406639
            ],
            [
              -38.51347136,
              -3.78410173
            ],
            [
              -38.5134638,
              -3.78413455
            ],
            [
              -38.51346001,
              -3.78417746
            ],
            [
              -38.51345746,
              -3.78423679
            ],
            [
              -38.51346118,
              -3.78432641
            ],
            [
              -38.51346365,
              -3.78441477
            ],
            [
              -38.51347366,
              -3.78448798
            ],
            [
              -38.51347865,
              -3.78454984
            ],
            [
              -38.51348112,
              -3.78461926
            ],
            [
              -38.51347731,
              -3.78470509
            ],
            [
              -38.51346217,
              -3.78480354
            ],
            [
              -38.51344705,
              -3.78488684
            ],
            [
              -38.51338404,
              -3.78519858
            ],
            [
              -38.51336389,
              -3.78528819
            ],
            [
              -38.51334122,
              -3.78537275
            ],
            [
              -38.51331858,
              -3.78542323
            ],
            [
              -38.51328965,
              -3.7854636
            ],
            [
              -38.51325319,
              -3.78550145
            ],
            [
              -38.51321422,
              -3.78553046
            ],
            [
              -38.51316016,
              -3.78557208
            ],
            [
              -38.51310108,
              -3.78562128
            ],
            [
              -38.51304827,
              -3.78567552
            ],
            [
              -38.51299923,
              -3.78573356
            ],
            [
              -38.51296653,
              -3.7857916
            ],
            [
              -38.51295393,
              -3.78585092
            ],
            [
              -38.5129539,
              -3.78591277
            ],
            [
              -38.51295888,
              -3.78598094
            ],
            [
              -38.51296764,
              -3.7860491
            ],
            [
              -38.51298394,
              -3.78611728
            ],
            [
              -38.51300526,
              -3.78618292
            ],
            [
              -38.51303162,
              -3.78623469
            ],
            [
              -38.51306301,
              -3.78628394
            ],
            [
              -38.51310193,
              -3.78634344
            ],
            [
              -38.51314206,
              -3.78648831
            ],
            [
              -38.51314831,
              -3.78655269
            ],
            [
              -38.51315266,
              -3.78662969
            ],
            [
              -38.51315639,
              -3.78671489
            ],
            [
              -38.51315,
              -3.78689981
            ],
            [
              -38.51314113,
              -3.78703044
            ],
            [
              -38.51312279,
              -3.78724565
            ],
            [
              -38.51310317,
              -3.78750692
            ],
            [
              -38.51309307,
              -3.78759149
            ],
            [
              -38.51308173,
              -3.78764323
            ],
            [
              -38.51307794,
              -3.78768362
            ],
            [
              -38.51307791,
              -3.7877278
            ],
            [
              -38.51309422,
              -3.78778461
            ],
            [
              -38.51311429,
              -3.78784647
            ],
            [
              -38.51314566,
              -3.78792223
            ],
            [
              -38.51322852,
              -3.78804976
            ],
            [
              -38.51331139,
              -3.78816215
            ],
            [
              -38.51348468,
              -3.78837557
            ],
            [
              -38.51361653,
              -3.78854604
            ],
            [
              -38.51366551,
              -3.78858394
            ],
            [
              -38.51371828,
              -3.78860543
            ],
            [
              -38.51378613,
              -3.78862188
            ],
            [
              -38.51384518,
              -3.78862191
            ],
            [
              -38.51390802,
              -3.78861816
            ],
            [
              -38.5139608,
              -3.78860052
            ],
            [
              -38.51400731,
              -3.78857782
            ],
            [
              -38.51407016,
              -3.78853746
            ],
            [
              -38.51414558,
              -3.78849207
            ],
            [
              -38.51420591,
              -3.78847064
            ],
            [
              -38.51428885,
              -3.7884568
            ],
            [
              -38.51436802,
              -3.78845559
            ],
            [
              -38.5144321,
              -3.78845941
            ],
            [
              -38.51453763,
              -3.78849355
            ],
            [
              -38.51460547,
              -3.78852893
            ],
            [
              -38.51466325,
              -3.78857314
            ],
            [
              -38.51494962,
              -3.78879925
            ],
            [
              -38.51500111,
              -3.78886239
            ],
            [
              -38.5150463,
              -3.78893436
            ],
            [
              -38.51508897,
              -3.78903536
            ],
            [
              -38.5151379,
              -3.78918055
            ],
            [
              -38.51515793,
              -3.78932067
            ],
            [
              -38.51518422,
              -3.78948352
            ],
            [
              -38.5152306,
              -3.78969434
            ],
            [
              -38.51526947,
              -3.78984204
            ],
            [
              -38.51533348,
              -3.78998093
            ],
            [
              -38.51535604,
              -3.79009076
            ],
            [
              -38.51536353,
              -3.79017659
            ],
            [
              -38.51535971,
              -3.79026621
            ],
            [
              -38.51535337,
              -3.7903634
            ],
            [
              -38.51534201,
              -3.79046059
            ],
            [
              -38.51530925,
              -3.79062088
            ],
            [
              -38.51530796,
              -3.7906802
            ],
            [
              -38.51531295,
              -3.79073701
            ],
            [
              -38.515328,
              -3.79079381
            ],
            [
              -38.5153692,
              -3.79096857
            ],
            [
              -38.51538692,
              -3.79104377
            ],
            [
              -38.51541574,
              -3.79119905
            ],
            [
              -38.51542322,
              -3.79129751
            ],
            [
              -38.51542315,
              -3.79143257
            ],
            [
              -38.51543315,
              -3.79151083
            ],
            [
              -38.51542683,
              -3.7915853
            ],
            [
              -38.51540416,
              -3.79167491
            ],
            [
              -38.51538401,
              -3.79175189
            ],
            [
              -38.51534752,
              -3.79185159
            ],
            [
              -38.5152783,
              -3.79204089
            ],
            [
              -38.51520784,
              -3.79220621
            ],
            [
              -38.51516381,
              -3.79229454
            ],
            [
              -38.51512357,
              -3.79233743
            ],
            [
              -38.51507706,
              -3.79237149
            ],
            [
              -38.51503559,
              -3.79238409
            ],
            [
              -38.51498155,
              -3.79239037
            ],
            [
              -38.51493631,
              -3.7923916
            ],
            [
              -38.5148961,
              -3.79238653
            ],
            [
              -38.5148358,
              -3.7923663
            ],
            [
              -38.51477675,
              -3.7923385
            ],
            [
              -38.51473279,
              -3.79230944
            ],
            [
              -38.51468004,
              -3.79226145
            ],
            [
              -38.51461222,
              -3.79219325
            ],
            [
              -38.51453058,
              -3.79212378
            ],
            [
              -38.51443888,
              -3.79207324
            ],
            [
              -38.51437607,
              -3.79204038
            ],
            [
              -38.51435218,
              -3.79203147
            ],
            [
              -38.51429818,
              -3.79201131
            ],
            [
              -38.51423661,
              -3.79200117
            ],
            [
              -38.51415619,
              -3.79199482
            ],
            [
              -38.5141097,
              -3.79199732
            ],
            [
              -38.51403932,
              -3.79201747
            ],
            [
              -38.51399532,
              -3.79204017
            ],
            [
              -38.51394126,
              -3.79209063
            ],
            [
              -38.51389222,
              -3.79214866
            ],
            [
              -38.51385323,
              -3.79222059
            ],
            [
              -38.51381798,
              -3.7923367
            ],
            [
              -38.51380344,
              -3.79243849
            ],
            [
              -38.51378644,
              -3.79255757
            ],
            [
              -38.51379519,
              -3.79263836
            ],
            [
              -38.51381777,
              -3.79271664
            ],
            [
              -38.51386674,
              -3.79277473
            ],
            [
              -38.51392829,
              -3.79282525
            ],
            [
              -38.51399738,
              -3.79285306
            ],
            [
              -38.51406272,
              -3.79286067
            ],
            [
              -38.51414189,
              -3.79285945
            ],
            [
              -38.51421729,
              -3.79283677
            ],
            [
              -38.51427762,
              -3.79281535
            ],
            [
              -38.51435302,
              -3.79280529
            ],
            [
              -38.51441083,
              -3.79280533
            ],
            [
              -38.51444978,
              -3.79281166
            ],
            [
              -38.51447741,
              -3.79282935
            ],
            [
              -38.51450253,
              -3.79286218
            ],
            [
              -38.51451254,
              -3.79292404
            ],
            [
              -38.51453673,
              -3.79303059
            ],
            [
              -38.51455266,
              -3.79310077
            ],
            [
              -38.51457398,
              -3.79317021
            ],
            [
              -38.51464678,
              -3.79331667
            ],
            [
              -38.51469698,
              -3.79342904
            ],
            [
              -38.51471829,
              -3.79352751
            ],
            [
              -38.51474208,
              -3.7936752
            ],
            [
              -38.51475959,
              -3.793833
            ],
            [
              -38.51473936,
              -3.79404252
            ],
            [
              -38.5147104,
              -3.79415863
            ],
            [
              -38.5146613,
              -3.7943126
            ],
            [
              -38.5146059,
              -3.79451831
            ],
            [
              -38.51457313,
              -3.79468617
            ],
            [
              -38.51451776,
              -3.79484266
            ],
            [
              -38.51447876,
              -3.7949108
            ],
            [
              -38.5144247,
              -3.79497262
            ],
            [
              -38.51436685,
              -3.7950458
            ],
            [
              -38.51430397,
              -3.79513538
            ],
            [
              -38.51426874,
              -3.7952111
            ],
            [
              -38.51422597,
              -3.79530448
            ],
            [
              -38.51421589,
              -3.79535118
            ],
            [
              -38.51420581,
              -3.79540166
            ],
            [
              -38.51419196,
              -3.79544205
            ],
            [
              -38.51417435,
              -3.79548369
            ],
            [
              -38.51415423,
              -3.79551019
            ],
            [
              -38.51412657,
              -3.79553668
            ],
            [
              -38.51409766,
              -3.79555181
            ],
            [
              -38.51406121,
              -3.7955682
            ],
            [
              -38.51400843,
              -3.795577
            ],
            [
              -38.51394308,
              -3.79558706
            ],
            [
              -38.51383501,
              -3.79558574
            ],
            [
              -38.51374202,
              -3.79558821
            ],
            [
              -38.51367793,
              -3.79559323
            ],
            [
              -38.51362892,
              -3.79560582
            ],
            [
              -38.51358744,
              -3.79562094
            ],
            [
              -38.51354596,
              -3.79564743
            ],
            [
              -38.51347556,
              -3.79569409
            ],
            [
              -38.51336367,
              -3.79580384
            ],
            [
              -38.51326308,
              -3.79590351
            ],
            [
              -38.51319016,
              -3.7959792
            ],
            [
              -38.51315117,
              -3.79604608
            ],
            [
              -38.51309454,
              -3.79618615
            ],
            [
              -38.51306682,
              -3.7963212
            ],
            [
              -38.5130504,
              -3.79647266
            ],
            [
              -38.51305532,
              -3.79665948
            ],
            [
              -38.51305648,
              -3.79683114
            ],
            [
              -38.51305518,
              -3.79691066
            ],
            [
              -38.51305264,
              -3.7969662
            ],
            [
              -38.51304883,
              -3.79702805
            ],
            [
              -38.51304881,
              -3.79706087
            ],
            [
              -38.51305131,
              -3.79709621
            ],
            [
              -38.51305883,
              -3.79712777
            ],
            [
              -38.51307639,
              -3.79717575
            ],
            [
              -38.51309899,
              -3.79721363
            ],
            [
              -38.51312537,
              -3.79724015
            ],
            [
              -38.51315551,
              -3.79726036
            ],
            [
              -38.51319069,
              -3.79727427
            ],
            [
              -38.51322964,
              -3.79728439
            ],
            [
              -38.51329246,
              -3.79729074
            ],
            [
              -38.51334147,
              -3.79729076
            ],
            [
              -38.51348473,
              -3.79728706
            ],
            [
              -38.51355007,
              -3.79728078
            ],
            [
              -38.51363804,
              -3.79726569
            ],
            [
              -38.51369836,
              -3.79726572
            ],
            [
              -38.51373606,
              -3.79726827
            ],
            [
              -38.51376998,
              -3.79728217
            ],
            [
              -38.51381269,
              -3.7973087
            ],
            [
              -38.51384031,
              -3.79734153
            ],
            [
              -38.51386291,
              -3.79737815
            ],
            [
              -38.51388927,
              -3.7974274
            ],
            [
              -38.5139583,
              -3.79757638
            ],
            [
              -38.5140148,
              -3.79766603
            ],
            [
              -38.51406251,
              -3.79772539
            ],
            [
              -38.51411904,
              -3.79777086
            ],
            [
              -38.51421324,
              -3.79784286
            ],
            [
              -38.51427479,
              -3.79789338
            ],
            [
              -38.51432627,
              -3.79795021
            ],
            [
              -38.51436645,
              -3.79800451
            ],
            [
              -38.5143903,
              -3.79805754
            ],
            [
              -38.51442544,
              -3.79813835
            ],
            [
              -38.5144593,
              -3.79825575
            ],
            [
              -38.51447058,
              -3.79831635
            ],
            [
              -38.51448436,
              -3.79839588
            ],
            [
              -38.51449248,
              -3.79848424
            ],
            [
              -38.51449244,
              -3.79854357
            ],
            [
              -38.51448614,
              -3.79857449
            ],
            [
              -38.51446979,
              -3.79860856
            ],
            [
              -38.51444778,
              -3.79863505
            ],
            [
              -38.51440127,
              -3.79867479
            ],
            [
              -38.514334,
              -3.79873849
            ],
            [
              -38.51430257,
              -3.7987713
            ],
            [
              -38.51427553,
              -3.7988123
            ],
            [
              -38.51424911,
              -3.79886215
            ],
            [
              -38.5142384,
              -3.79890948
            ],
            [
              -38.51424027,
              -3.79894671
            ],
            [
              -38.514244,
              -3.79901361
            ],
            [
              -38.51426972,
              -3.79908684
            ],
            [
              -38.5143099,
              -3.79914871
            ],
            [
              -38.51435133,
              -3.79921374
            ],
            [
              -38.51441915,
              -3.7992851
            ],
            [
              -38.51447566,
              -3.79933625
            ],
            [
              -38.51455983,
              -3.79937921
            ],
            [
              -38.51466222,
              -3.79942724
            ],
            [
              -38.51474135,
              -3.79947714
            ],
            [
              -38.5148588,
              -3.7995561
            ],
            [
              -38.51490402,
              -3.79959147
            ],
            [
              -38.51496556,
              -3.79965777
            ],
            [
              -38.51500825,
              -3.79972343
            ],
            [
              -38.51505659,
              -3.79978089
            ],
            [
              -38.51515578,
              -3.79992547
            ],
            [
              -38.51527066,
              -3.80010983
            ],
            [
              -38.5153265,
              -3.8002405
            ],
            [
              -38.51539431,
              -3.80032511
            ],
            [
              -38.51541816,
              -3.80037056
            ],
            [
              -38.51543384,
              -3.80042233
            ],
            [
              -38.51544949,
              -3.80053846
            ],
            [
              -38.51545759,
              -3.8006609
            ],
            [
              -38.51545504,
              -3.80072402
            ],
            [
              -38.51544556,
              -3.80081615
            ],
            [
              -38.51543486,
              -3.80085465
            ],
            [
              -38.51540718,
              -3.80090765
            ],
            [
              -38.51537511,
              -3.80095307
            ],
            [
              -38.51533111,
              -3.80098965
            ],
            [
              -38.51528146,
              -3.80101802
            ],
            [
              -38.51522176,
              -3.80103314
            ],
            [
              -38.51515956,
              -3.80104194
            ],
            [
              -38.51510237,
              -3.80105579
            ],
            [
              -38.51506844,
              -3.80107407
            ],
            [
              -38.51504141,
              -3.80109678
            ],
            [
              -38.51502317,
              -3.80112769
            ],
            [
              -38.51501624,
              -3.80115356
            ],
            [
              -38.51501559,
              -3.80118891
            ],
            [
              -38.51502246,
              -3.80126402
            ],
            [
              -38.51504191,
              -3.80132651
            ],
            [
              -38.51507705,
              -3.80139974
            ],
            [
              -38.51509901,
              -3.8014616
            ],
            [
              -38.5151429,
              -3.80160994
            ],
            [
              -38.51516171,
              -3.80168758
            ],
            [
              -38.51517801,
              -3.80175196
            ],
            [
              -38.51518489,
              -3.80180498
            ],
            [
              -38.51518487,
              -3.80183969
            ],
            [
              -38.51517732,
              -3.80186935
            ],
            [
              -38.5151641,
              -3.8019009
            ],
            [
              -38.51513958,
              -3.80193118
            ],
            [
              -38.51507985,
              -3.80201067
            ],
            [
              -38.51501824,
              -3.80208195
            ],
            [
              -38.51498238,
              -3.80215956
            ],
            [
              -38.51496978,
              -3.80222456
            ],
            [
              -38.5149666,
              -3.80229146
            ],
            [
              -38.51496907,
              -3.80236719
            ],
            [
              -38.51499541,
              -3.80246251
            ],
            [
              -38.51502616,
              -3.80252816
            ],
            [
              -38.51506946,
              -3.80261402
            ],
            [
              -38.51512407,
              -3.80271061
            ],
            [
              -38.51514665,
              -3.80278005
            ],
            [
              -38.51515667,
              -3.80283812
            ],
            [
              -38.5151654,
              -3.8029593
            ],
            [
              -38.51517789,
              -3.80309626
            ],
            [
              -38.51518724,
              -3.80321997
            ],
            [
              -38.51518655,
              -3.80332852
            ],
            [
              -38.51518336,
              -3.8034276
            ],
            [
              -38.51517578,
              -3.80349198
            ],
            [
              -38.51516759,
              -3.80353615
            ],
            [
              -38.51515626,
              -3.80356896
            ],
            [
              -38.51512546,
              -3.8036005
            ],
            [
              -38.51507015,
              -3.80363518
            ],
            [
              -38.51496958,
              -3.8036995
            ],
            [
              -38.51489289,
              -3.80376067
            ],
            [
              -38.51483882,
              -3.80383512
            ],
            [
              -38.51477091,
              -3.80393417
            ],
            [
              -38.51472184,
              -3.80403954
            ],
            [
              -38.51469478,
              -3.80411778
            ],
            [
              -38.51468027,
              -3.80422759
            ],
            [
              -38.51468525,
              -3.80430648
            ],
            [
              -38.51470468,
              -3.80439169
            ],
            [
              -38.5147235,
              -3.80443399
            ],
            [
              -38.51475113,
              -3.80446367
            ],
            [
              -38.514802,
              -3.80450598
            ],
            [
              -38.51487674,
              -3.80456156
            ],
            [
              -38.51495212,
              -3.80459001
            ],
            [
              -38.51505327,
              -3.8046071
            ],
            [
              -38.51515755,
              -3.80462862
            ],
            [
              -38.51523985,
              -3.80465644
            ],
            [
              -38.51531208,
              -3.80469561
            ],
            [
              -38.51536609,
              -3.80473982
            ],
            [
              -38.51540124,
              -3.80480232
            ],
            [
              -38.5154119,
              -3.80484082
            ],
            [
              -38.51541878,
              -3.80489763
            ],
            [
              -38.5154093,
              -3.80499797
            ],
            [
              -38.51539543,
              -3.80507622
            ],
            [
              -38.5153734,
              -3.80514816
            ],
            [
              -38.51534571,
              -3.80522893
            ],
            [
              -38.51533185,
              -3.8053015
            ],
            [
              -38.51532551,
              -3.80540374
            ],
            [
              -38.51532862,
              -3.80545234
            ],
            [
              -38.51533425,
              -3.80550409
            ],
            [
              -38.51533859,
              -3.80559939
            ],
            [
              -38.51533666,
              -3.8056827
            ],
            [
              -38.51532216,
              -3.80576411
            ],
            [
              -38.51530957,
              -3.80580891
            ],
            [
              -38.51529573,
              -3.8058373
            ],
            [
              -38.51526304,
              -3.80587263
            ],
            [
              -38.51516311,
              -3.80593695
            ],
            [
              -38.51505059,
              -3.80601704
            ],
            [
              -38.51488467,
              -3.80611603
            ],
            [
              -38.51480736,
              -3.80616206
            ],
            [
              -38.51477341,
              -3.80619486
            ],
            [
              -38.51475077,
              -3.80623397
            ],
            [
              -38.51471554,
              -3.8063078
            ],
            [
              -38.5146866,
              -3.80639046
            ],
            [
              -38.51467147,
              -3.80647628
            ],
            [
              -38.51467584,
              -3.80651983
            ],
            [
              -38.5146865,
              -3.80656591
            ],
            [
              -38.51470407,
              -3.80660631
            ],
            [
              -38.5147342,
              -3.80665303
            ],
            [
              -38.51482524,
              -3.80676984
            ],
            [
              -38.51506511,
              -3.80701549
            ],
            [
              -38.51516749,
              -3.80708434
            ],
            [
              -38.51519009,
              -3.80712663
            ],
            [
              -38.5152064,
              -3.80716956
            ],
            [
              -38.51520951,
              -3.80722573
            ],
            [
              -38.51520131,
              -3.80728442
            ],
            [
              -38.51518306,
              -3.80733364
            ],
            [
              -38.51516293,
              -3.80737844
            ],
            [
              -38.51512834,
              -3.8074327
            ],
            [
              -38.51501329,
              -3.80755633
            ],
            [
              -38.51495231,
              -3.80761373
            ],
            [
              -38.51492276,
              -3.80765789
            ],
            [
              -38.51490388,
              -3.80771279
            ],
            [
              -38.51489818,
              -3.80778284
            ],
            [
              -38.51490193,
              -3.8078226
            ],
            [
              -38.51492506,
              -3.80803215
            ],
            [
              -38.51492941,
              -3.80811735
            ],
            [
              -38.51494499,
              -3.8083553
            ],
            [
              -38.51497002,
              -3.80852887
            ],
            [
              -38.5149813,
              -3.8085781
            ],
            [
              -38.51499447,
              -3.80862166
            ],
            [
              -38.51501706,
              -3.80867784
            ],
            [
              -38.51506034,
              -3.80880409
            ],
            [
              -38.51510489,
              -3.80891583
            ],
            [
              -38.51516511,
              -3.8090869
            ],
            [
              -38.51518642,
              -3.80918347
            ],
            [
              -38.51519957,
              -3.80925669
            ],
            [
              -38.51520582,
              -3.80933053
            ],
            [
              -38.51520517,
              -3.80937029
            ],
            [
              -38.51519885,
              -3.80942394
            ],
            [
              -38.51518627,
              -3.80945864
            ],
            [
              -38.51515545,
              -3.80950911
            ],
            [
              -38.5151039,
              -3.80956399
            ],
            [
              -38.51503853,
              -3.80960435
            ],
            [
              -38.51495054,
              -3.80965794
            ],
            [
              -38.51488831,
              -3.80970146
            ],
            [
              -38.51483928,
              -3.80973993
            ],
            [
              -38.51480596,
              -3.80977588
            ],
            [
              -38.51478269,
              -3.80981374
            ],
            [
              -38.51475816,
              -3.80987557
            ],
            [
              -38.5147443,
              -3.80992984
            ],
            [
              -38.51474112,
              -3.81000368
            ],
            [
              -38.51474548,
              -3.8100649
            ],
            [
              -38.51476931,
              -3.81015075
            ],
            [
              -38.51479379,
              -3.81019999
            ],
            [
              -38.51483959,
              -3.81032119
            ],
            [
              -38.51489102,
              -3.81048658
            ],
            [
              -38.51492111,
              -3.81060083
            ],
            [
              -38.51495436,
              -3.81069804
            ],
            [
              -38.51498887,
              -3.81077316
            ],
            [
              -38.51506417,
              -3.81094929
            ],
            [
              -38.51508801,
              -3.81101494
            ],
            [
              -38.51509679,
              -3.81104398
            ],
            [
              -38.51510744,
              -3.81109384
            ],
            [
              -38.51511574,
              -3.81113862
            ],
            [
              -38.51515434,
              -3.81130414
            ],
            [
              -38.51515245,
              -3.81131739
            ],
            [
              -38.5151482,
              -3.81133206
            ],
            [
              -38.515143,
              -3.81136046
            ],
            [
              -38.51513778,
              -3.81142247
            ],
            [
              -38.51513775,
              -3.81148021
            ],
            [
              -38.51514054,
              -3.81153418
            ],
            [
              -38.515149,
              -3.81157536
            ],
            [
              -38.5151777,
              -3.81166532
            ],
            [
              -38.51521298,
              -3.81177136
            ],
            [
              -38.51522757,
              -3.81180545
            ],
            [
              -38.51524781,
              -3.81184664
            ],
            [
              -38.51527935,
              -3.81189968
            ],
            [
              -38.51530524,
              -3.81195318
            ],
            [
              -38.51535654,
              -3.81207533
            ],
            [
              -38.51539701,
              -3.81217144
            ],
            [
              -38.51541535,
              -3.81223062
            ],
            [
              -38.51542804,
              -3.81229406
            ],
            [
              -38.51543319,
              -3.81235133
            ],
            [
              -38.51543927,
              -3.81243985
            ],
            [
              -38.51544913,
              -3.81249997
            ],
            [
              -38.51545759,
              -3.81253737
            ],
            [
              -38.51547077,
              -3.81257146
            ],
            [
              -38.51551173,
              -3.81263349
            ],
            [
              -38.5155527,
              -3.8126799
            ],
            [
              -38.5156144,
              -3.81274573
            ],
            [
              -38.5156629,
              -3.81280256
            ],
            [
              -38.51571,
              -3.81284945
            ],
            [
              -38.51573967,
              -3.81287503
            ],
            [
              -38.5157604,
              -3.81289019
            ],
            [
              -38.5157816,
              -3.81290203
            ],
            [
              -38.51580374,
              -3.81291009
            ],
            [
              -38.51591588,
              -3.81293098
            ],
            [
              -38.51609116,
              -3.81296516
            ],
            [
              -38.51617079,
              -3.81298035
            ],
            [
              -38.51625843,
              -3.81299839
            ],
            [
              -38.51631638,
              -3.81301499
            ],
            [
              -38.5163748,
              -3.81303963
            ],
            [
              -38.51642567,
              -3.81307469
            ],
            [
              -38.51645393,
              -3.81310737
            ],
            [
              -38.51647841,
              -3.81315377
            ],
            [
              -38.51650993,
              -3.8132442
            ],
            [
              -38.51655181,
              -3.81334551
            ],
            [
              -38.51659464,
              -3.81344021
            ],
            [
              -38.51661253,
              -3.81347903
            ],
            [
              -38.51663324,
              -3.8135136
            ],
            [
              -38.51666009,
              -3.81354485
            ],
            [
              -38.51668364,
              -3.81356475
            ],
            [
              -38.51670294,
              -3.81358653
            ],
            [
              -38.51672036,
              -3.81361494
            ],
            [
              -38.51672789,
              -3.81364145
            ],
            [
              -38.51673211,
              -3.81367128
            ],
            [
              -38.51673162,
              -3.81370252
            ],
            [
              -38.51671509,
              -3.81378298
            ],
            [
              -38.51671036,
              -3.81381137
            ],
            [
              -38.51671223,
              -3.81383552
            ],
            [
              -38.5167207,
              -3.81385351
            ],
            [
              -38.51677814,
              -3.81395673
            ],
            [
              -38.51683981,
              -3.81406043
            ],
            [
              -38.51687183,
              -3.81410636
            ],
            [
              -38.51691422,
              -3.81414662
            ],
            [
              -38.51699572,
              -3.81418074
            ],
            [
              -38.51708383,
              -3.81419499
            ],
            [
              -38.51719598,
              -3.814196
            ],
            [
              -38.51727892,
              -3.8142022
            ],
            [
              -38.51734348,
              -3.8142065
            ],
            [
              -38.51740567,
              -3.81421553
            ],
            [
              -38.51749707,
              -3.81425297
            ],
            [
              -38.51754559,
              -3.81427667
            ],
            [
              -38.51761343,
              -3.81430984
            ],
            [
              -38.51771567,
              -3.81435108
            ],
            [
              -38.51779623,
              -3.81438
            ],
            [
              -38.51788057,
              -3.81440987
            ],
            [
              -38.51795076,
              -3.81444493
            ],
            [
              -38.5179795,
              -3.81446436
            ],
            [
              -38.51801765,
              -3.8144942
            ],
            [
              -38.51804921,
              -3.81451646
            ],
            [
              -38.51807276,
              -3.81453305
            ],
            [
              -38.51809113,
              -3.8145501
            ],
            [
              -38.51810478,
              -3.8145785
            ],
            [
              -38.51811653,
              -3.81463105
            ],
            [
              -38.51813298,
              -3.81471484
            ],
            [
              -38.51814566,
              -3.81478396
            ],
            [
              -38.51815366,
              -3.81481094
            ],
            [
              -38.51817296,
              -3.81484219
            ],
            [
              -38.51821347,
              -3.81488435
            ],
            [
              -38.51825584,
              -3.8149459
            ],
            [
              -38.51828456,
              -3.81499089
            ],
            [
              -38.5183147,
              -3.81503398
            ],
            [
              -38.51835378,
              -3.81507991
            ],
            [
              -38.51837544,
              -3.81510927
            ],
            [
              -38.51839522,
              -3.815141
            ],
            [
              -38.51841876,
              -3.81518456
            ],
            [
              -38.51846773,
              -3.8152466
            ],
            [
              -38.51851294,
              -3.81529538
            ],
            [
              -38.51854214,
              -3.81531906
            ],
            [
              -38.51857418,
              -3.81533896
            ],
            [
              -38.51860433,
              -3.81535886
            ],
            [
              -38.5186439,
              -3.81537829
            ],
            [
              -38.51869336,
              -3.81540198
            ],
            [
              -38.51873623,
              -3.81542472
            ],
            [
              -38.51877674,
              -3.81546025
            ],
            [
              -38.51881818,
              -3.81550808
            ],
            [
              -38.51886573,
              -3.81558668
            ],
            [
              -38.51887656,
              -3.8156042
            ],
            [
              -38.51888362,
              -3.81561935
            ],
            [
              -38.51888785,
              -3.8156416
            ],
            [
              -38.51890101,
              -3.81571119
            ],
            [
              -38.5189137,
              -3.8157609
            ],
            [
              -38.51893299,
              -3.81581582
            ],
            [
              -38.51897488,
              -3.81591146
            ],
            [
              -38.51900828,
              -3.81601324
            ],
            [
              -38.51902521,
              -3.81607053
            ],
            [
              -38.5190431,
              -3.81611077
            ],
            [
              -38.51905675,
              -3.81613303
            ],
            [
              -38.51908359,
              -3.81616144
            ],
            [
              -38.51909961,
              -3.81618039
            ],
            [
              -38.51910996,
              -3.8161998
            ],
            [
              -38.51912502,
              -3.81624383
            ],
            [
              -38.51914524,
              -3.816312
            ],
            [
              -38.51915418,
              -3.81634703
            ],
            [
              -38.51916264,
              -3.81637307
            ],
            [
              -38.5191763,
              -3.8163958
            ],
            [
              -38.51920314,
              -3.81642753
            ],
            [
              -38.51924082,
              -3.8164711
            ],
            [
              -38.51927472,
              -3.81650851
            ],
            [
              -38.51929967,
              -3.81655255
            ],
            [
              -38.51933167,
              -3.81664155
            ],
            [
              -38.51938672,
              -3.81678453
            ],
            [
              -38.51941307,
              -3.81685886
            ],
            [
              -38.51942718,
              -3.81690195
            ],
            [
              -38.51944129,
              -3.81695308
            ],
            [
              -38.51944787,
              -3.81699379
            ],
            [
              -38.51945162,
              -3.81703166
            ],
            [
              -38.51945395,
              -3.8170752
            ],
            [
              -38.5194511,
              -3.81710786
            ],
            [
              -38.51944213,
              -3.8171462
            ],
            [
              -38.51943693,
              -3.81717412
            ],
            [
              -38.51942796,
              -3.81719684
            ],
            [
              -38.51941712,
              -3.8172134
            ],
            [
              -38.5194103,
              -3.81723934
            ],
            [
              -38.51940852,
              -3.81728249
            ],
            [
              -38.51942364,
              -3.81732889
            ],
            [
              -38.51948387,
              -3.81750928
            ],
            [
              -38.51952103,
              -3.81762716
            ],
            [
              -38.51955821,
              -3.81770576
            ],
            [
              -38.51958128,
              -3.81775358
            ],
            [
              -38.51959775,
              -3.81778862
            ],
            [
              -38.51960338,
              -3.81783359
            ],
            [
              -38.51961604,
              -3.81795288
            ],
            [
              -38.51962306,
              -3.81802814
            ],
            [
              -38.51962162,
              -3.81807737
            ],
            [
              -38.51961359,
              -3.81811381
            ],
            [
              -38.51960038,
              -3.81814173
            ],
            [
              -38.51954614,
              -3.81823826
            ],
            [
              -38.51950746,
              -3.81830262
            ],
            [
              -38.51947633,
              -3.81834378
            ],
            [
              -38.5194438,
              -3.81837595
            ],
            [
              -38.51938111,
              -3.81840479
            ],
            [
              -38.51933115,
              -3.81842937
            ],
            [
              -38.51929579,
              -3.81845586
            ],
            [
              -38.51926844,
              -3.81848614
            ],
            [
              -38.51925004,
              -3.81851879
            ],
            [
              -38.51923587,
              -3.81859168
            ],
            [
              -38.51923347,
              -3.818657
            ],
            [
              -38.51924522,
              -3.81871996
            ],
            [
              -38.51925887,
              -3.81875499
            ],
            [
              -38.5192711,
              -3.81878908
            ],
            [
              -38.51928896,
              -3.81886388
            ],
            [
              -38.51930307,
              -3.81892353
            ],
            [
              -38.51931906,
              -3.81897229
            ],
            [
              -38.51933459,
              -3.8190168
            ],
            [
              -38.51937461,
              -3.81908498
            ],
            [
              -38.51940615,
              -3.81913659
            ],
            [
              -38.51942733,
              -3.81918441
            ],
            [
              -38.51943248,
              -3.81924926
            ],
            [
              -38.51942018,
              -3.81933257
            ],
            [
              -38.5194027,
              -3.81941302
            ],
            [
              -38.5193791,
              -3.8194717
            ],
            [
              -38.51934515,
              -3.81952044
            ],
            [
              -38.51931214,
              -3.81955403
            ],
            [
              -38.51926831,
              -3.81957294
            ],
            [
              -38.51921458,
              -3.81958332
            ],
            [
              -38.51917122,
              -3.81958614
            ],
            [
              -38.51914578,
              -3.81958896
            ],
            [
              -38.51912739,
              -3.81959842
            ],
            [
              -38.51911513,
              -3.81961498
            ],
            [
              -38.5191005,
              -3.81965521
            ],
            [
              -38.51908964,
              -3.81969591
            ],
            [
              -38.51909009,
              -3.81972952
            ],
            [
              -38.51911456,
              -3.81980148
            ],
            [
              -38.51913855,
              -3.81986397
            ],
            [
              -38.5191503,
              -3.81992409
            ],
            [
              -38.51915309,
              -3.81998942
            ],
            [
              -38.51913892,
              -3.82005946
            ],
            [
              -38.51910919,
              -3.82013755
            ],
            [
              -38.51905541,
              -3.82022935
            ],
            [
              -38.51903133,
              -3.82032684
            ],
            [
              -38.51902377,
              -3.82036376
            ],
            [
              -38.51901999,
              -3.82037938
            ],
            [
              -38.51902185,
              -3.82040967
            ],
            [
              -38.51902513,
              -3.82044518
            ],
            [
              -38.51902082,
              -3.8205815
            ],
            [
              -38.51902268,
              -3.82061984
            ],
            [
              -38.5190829,
              -3.82080306
            ],
            [
              -38.51916478,
              -3.82100285
            ],
            [
              -38.51920103,
              -3.8210734
            ],
            [
              -38.5192867,
              -3.82123344
            ],
            [
              -38.51930176,
              -3.82126611
            ],
            [
              -38.5193173,
              -3.82129121
            ],
            [
              -38.51933708,
              -3.82131015
            ],
            [
              -38.51937052,
              -3.82133715
            ],
            [
              -38.5193856,
              -3.82135278
            ],
            [
              -38.51939454,
              -3.8213755
            ],
            [
              -38.51940206,
              -3.82139965
            ],
            [
              -38.51941101,
              -3.82142048
            ],
            [
              -38.51943596,
              -3.8214489
            ],
            [
              -38.5194581,
              -3.821465
            ],
            [
              -38.51948166,
              -3.82147638
            ],
            [
              -38.51965458,
              -3.82151434
            ],
            [
              -38.51969699,
              -3.82152714
            ],
            [
              -38.5199203,
              -3.82162762
            ],
            [
              -38.51995374,
              -3.82164657
            ],
            [
              -38.51998672,
              -3.82167262
            ],
            [
              -38.52000885,
              -3.82169157
            ],
            [
              -38.52002816,
              -3.82171099
            ],
            [
              -38.52004936,
              -3.82172567
            ],
            [
              -38.52006962,
              -3.82173657
            ],
            [
              -38.52009365,
              -3.82174463
            ],
            [
              -38.52014077,
              -3.82175507
            ],
            [
              -38.52018883,
              -3.82176125
            ],
            [
              -38.52023076,
              -3.8217679
            ],
            [
              -38.52026563,
              -3.82177786
            ],
            [
              -38.52030096,
              -3.8217954
            ],
            [
              -38.52033441,
              -3.82181435
            ],
            [
              -38.5203622,
              -3.82183472
            ],
            [
              -38.52041448,
              -3.82188445
            ],
            [
              -38.52046676,
              -3.82193134
            ],
            [
              -38.52049408,
              -3.8219607
            ],
            [
              -38.52051621,
              -3.82198675
            ],
            [
              -38.52054587,
              -3.82203883
            ],
            [
              -38.52058683,
              -3.8221179
            ],
            [
              -38.52060283,
              -3.8221572
            ],
            [
              -38.52062118,
              -3.82220975
            ],
            [
              -38.52063293,
              -3.82224763
            ],
            [
              -38.52064941,
              -3.82227887
            ],
            [
              -38.52066825,
              -3.8223035
            ],
            [
              -38.52069697,
              -3.8223499
            ],
            [
              -38.52072192,
              -3.82239914
            ],
            [
              -38.52076756,
              -3.82250899
            ],
            [
              -38.52085501,
              -3.82287919
            ],
            [
              -38.52089169,
              -3.82300985
            ],
            [
              -38.52090014,
              -3.8230695
            ],
            [
              -38.5209114,
              -3.82315376
            ],
            [
              -38.52097389,
              -3.82349082
            ],
            [
              -38.52097765,
              -3.82351023
            ],
            [
              -38.52097858,
              -3.82353958
            ],
            [
              -38.5209729,
              -3.82357176
            ],
            [
              -38.52096488,
              -3.82359637
            ],
            [
              -38.52096157,
              -3.8236224
            ],
            [
              -38.52096391,
              -3.82364938
            ],
            [
              -38.52097424,
              -3.82370572
            ],
            [
              -38.52100952,
              -3.82382123
            ],
            [
              -38.52104622,
              -3.82392681
            ],
            [
              -38.52107492,
              -3.8240125
            ],
            [
              -38.52112435,
              -3.82410199
            ],
            [
              -38.52120534,
              -3.82420617
            ],
            [
              -38.52138001,
              -3.82451205
            ],
            [
              -38.52138424,
              -3.82452105
            ],
            [
              -38.5213913,
              -3.82453383
            ],
            [
              -38.52140166,
              -3.8245523
            ],
            [
              -38.52141296,
              -3.8245684
            ],
            [
              -38.52143698,
              -3.82458971
            ],
            [
              -38.52146148,
              -3.82460629
            ],
            [
              -38.52148975,
              -3.82461767
            ],
            [
              -38.52151425,
              -3.82462478
            ],
            [
              -38.52155524,
              -3.82463143
            ],
            [
              -38.52169142,
              -3.82463861
            ],
            [
              -38.52184786,
              -3.82466094
            ],
            [
              -38.52196378,
              -3.8246771
            ],
            [
              -38.52207263,
              -3.82469467
            ],
            [
              -38.52216639,
              -3.82471603
            ],
            [
              -38.52223613,
              -3.82472695
            ],
            [
              -38.52230493,
              -3.82473267
            ],
            [
              -38.52238032,
              -3.82473697
            ],
            [
              -38.52247173,
              -3.8247517
            ],
            [
              -38.52253817,
              -3.82476499
            ],
            [
              -38.52256832,
              -3.82477495
            ],
            [
              -38.52262015,
              -3.82479486
            ],
            [
              -38.52266444,
              -3.82481145
            ],
            [
              -38.52271579,
              -3.82482757
            ],
            [
              -38.52275866,
              -3.82484889
            ],
            [
              -38.5228053,
              -3.82487827
            ],
            [
              -38.52284322,
              -3.82490764
            ],
            [
              -38.5228736,
              -3.82494055
            ],
            [
              -38.52290797,
              -3.82497962
            ],
            [
              -38.52292917,
              -3.82500543
            ],
            [
              -38.52294859,
              -3.82502828
            ],
            [
              -38.52296531,
              -3.8250432
            ],
            [
              -38.52298086,
              -3.82505267
            ],
            [
              -38.52299876,
              -3.82506262
            ],
            [
              -38.52303645,
              -3.82507543
            ],
            [
              -38.52309676,
              -3.82509676
            ],
            [
              -38.52318062,
              -3.82513799
            ],
            [
              -38.52324044,
              -3.82517542
            ],
            [
              -38.52336434,
              -3.82525311
            ],
            [
              -38.5234496,
              -3.8253005
            ],
            [
              -38.52353487,
              -3.82535024
            ],
            [
              -38.52361354,
              -3.82540851
            ],
            [
              -38.52367995,
              -3.82546251
            ],
            [
              -38.52374353,
              -3.82553212
            ],
            [
              -38.52379251,
              -3.82558659
            ],
            [
              -38.52382829,
              -3.8256453
            ],
            [
              -38.52385464,
              -3.82571111
            ],
            [
              -38.52390735,
              -3.82583894
            ],
            [
              -38.52395773,
              -3.82592891
            ],
            [
              -38.52399821,
              -3.82601082
            ],
            [
              -38.52401845,
              -3.82604917
            ],
            [
              -38.52403116,
              -3.82607095
            ],
            [
              -38.52404859,
              -3.82608895
            ],
            [
              -38.52406837,
              -3.82610647
            ],
            [
              -38.52409098,
              -3.82611784
            ],
            [
              -38.52412349,
              -3.8261278
            ],
            [
              -38.52417061,
              -3.82613872
            ],
            [
              -38.52420877,
              -3.82615578
            ],
            [
              -38.5242328,
              -3.82616715
            ],
            [
              -38.5242474,
              -3.82617426
            ],
            [
              -38.52426577,
              -3.82618989
            ],
            [
              -38.52427896,
              -3.82620504
            ],
            [
              -38.52429309,
              -3.82621973
            ],
            [
              -38.52431476,
              -3.82623347
            ],
            [
              -38.52439485,
              -3.82625907
            ],
            [
              -38.52442737,
              -3.82626524
            ],
            [
              -38.52445046,
              -3.82626762
            ],
            [
              -38.52446224,
              -3.82626621
            ],
            [
              -38.52450984,
              -3.82624872
            ],
            [
              -38.52454284,
              -3.82623691
            ],
            [
              -38.52456169,
              -3.82623171
            ],
            [
              -38.52458101,
              -3.82622935
            ],
            [
              -38.52459845,
              -3.82622936
            ],
            [
              -38.52465781,
              -3.82624312
            ],
            [
              -38.52473178,
              -3.82627535
            ],
            [
              -38.52482695,
              -3.8263199
            ],
            [
              -38.52489385,
              -3.82635307
            ],
            [
              -38.52494519,
              -3.82638765
            ],
            [
              -38.52497675,
              -3.82641512
            ],
            [
              -38.52501961,
              -3.82645586
            ],
            [
              -38.52505446,
              -3.82648664
            ],
            [
              -38.52510063,
              -3.82651554
            ],
            [
              -38.52514067,
              -3.82653781
            ],
            [
              -38.52520003,
              -3.82657713
            ],
            [
              -38.52522735,
              -3.82659324
            ],
            [
              -38.52525279,
              -3.82661077
            ],
            [
              -38.52527964,
              -3.8266354
            ],
            [
              -38.52531025,
              -3.82666808
            ],
            [
              -38.52538185,
              -3.8267216
            ],
            [
              -38.5254949,
              -3.82680498
            ],
            [
              -38.52559807,
              -3.82686231
            ],
            [
              -38.52572197,
              -3.82693527
            ],
            [
              -38.52586046,
              -3.82702481
            ],
            [
              -38.52593536,
              -3.82707408
            ],
            [
              -38.52598341,
              -3.82710203
            ],
            [
              -38.52602769,
              -3.82712809
            ],
            [
              -38.5260489,
              -3.82713662
            ],
            [
              -38.52606869,
              -3.82714137
            ],
            [
              -38.52611581,
              -3.82714802
            ],
            [
              -38.52615586,
              -3.82715704
            ],
            [
              -38.52620391,
              -3.82717268
            ],
            [
              -38.52623595,
              -3.82718974
            ],
            [
              -38.52626845,
              -3.82721059
            ],
            [
              -38.52631461,
              -3.82725132
            ],
            [
              -38.52641916,
              -3.82736829
            ],
            [
              -38.5264931,
              -3.8274649
            ],
            [
              -38.52654442,
              -3.82753403
            ],
            [
              -38.52656608,
              -3.82756245
            ],
            [
              -38.52662307,
              -3.82762401
            ],
            [
              -38.52675872,
              -3.82775473
            ],
            [
              -38.52688258,
              -3.82788024
            ],
            [
              -38.52695181,
              -3.82796074
            ],
            [
              -38.52696217,
              -3.82797211
            ],
            [
              -38.52696971,
              -3.82798679
            ],
            [
              -38.52698194,
              -3.82801993
            ],
            [
              -38.52700123,
              -3.82806727
            ],
            [
              -38.52713166,
              -3.82825952
            ],
            [
              -38.52719241,
              -3.82833861
            ],
            [
              -38.52721643,
              -3.8283585
            ],
            [
              -38.52723951,
              -3.82837413
            ],
            [
              -38.52726072,
              -3.82838219
            ],
            [
              -38.52731019,
              -3.82838601
            ],
            [
              -38.52734931,
              -3.82838271
            ],
            [
              -38.52739078,
              -3.82837422
            ],
            [
              -38.52742848,
              -3.82837045
            ],
            [
              -38.52747749,
              -3.82836953
            ],
            [
              -38.52755147,
              -3.82838235
            ],
            [
              -38.52765795,
              -3.82843069
            ],
            [
              -38.52780915,
              -3.82854959
            ],
            [
              -38.52798909,
              -3.82868364
            ],
            [
              -38.52806729,
              -3.82873386
            ],
            [
              -38.52813935,
              -3.82879875
            ],
            [
              -38.52821847,
              -3.82890103
            ],
            [
              -38.52827968,
              -3.82898864
            ],
            [
              -38.52831734,
              -3.82905729
            ],
            [
              -38.52833355,
              -3.8291056
            ],
            [
              -38.52837278,
              -3.82922238
            ],
            [
              -38.52841804,
              -3.82935735
            ],
            [
              -38.52843868,
              -3.82941854
            ],
            [
              -38.52844666,
              -3.82942433
            ],
            [
              -38.52845536,
              -3.82942898
            ],
            [
              -38.5284646,
              -3.82943238
            ],
            [
              -38.52847422,
              -3.82943447
            ],
            [
              -38.52848404,
              -3.82943522
            ],
            [
              -38.52853399,
              -3.82943446
            ],
            [
              -38.52859787,
              -3.82942932
            ],
            [
              -38.52872792,
              -3.82949337
            ],
            [
              -38.52891169,
              -3.8295304
            ],
            [
              -38.52914446,
              -3.82958591
            ],
            [
              -38.52940785,
              -3.8296599
            ],
            [
              -38.52962222,
              -3.82975232
            ],
            [
              -38.52983656,
              -3.82990013
            ],
            [
              -38.5299284,
              -3.83000479
            ],
            [
              -38.53009984,
              -3.83017719
            ],
            [
              -38.53014881,
              -3.83025106
            ],
            [
              -38.53025292,
              -3.83033111
            ],
            [
              -38.53035705,
              -3.83036194
            ],
            [
              -38.53050407,
              -3.83038048
            ],
            [
              -38.53060208,
              -3.830399
            ],
            [
              -38.53071234,
              -3.83042367
            ],
            [
              -38.53081647,
              -3.83044834
            ],
            [
              -38.53090835,
              -3.83049147
            ],
            [
              -38.53098182,
              -3.83057151
            ],
            [
              -38.53107365,
              -3.83068232
            ],
            [
              -38.53111036,
              -3.8307808
            ],
            [
              -38.53112254,
              -3.83091004
            ],
            [
              -38.53109183,
              -3.83105155
            ],
            [
              -38.53108563,
              -3.83118693
            ],
            [
              -38.53110396,
              -3.8312854
            ],
            [
              -38.53113454,
              -3.83138387
            ],
            [
              -38.53119576,
              -3.83146391
            ],
            [
              -38.53122632,
              -3.831587
            ],
            [
              -38.53123238,
              -3.83171007
            ],
            [
              -38.53117716,
              -3.83186388
            ],
            [
              -38.53110965,
              -3.83208538
            ],
            [
              -38.5310299,
              -3.8322761
            ],
            [
              -38.5309195,
              -3.83250372
            ],
            [
              -38.53072331,
              -3.83278053
            ],
            [
              -38.53055029,
              -3.83294967
            ],
            [
              -38.53048425,
              -3.83301424
            ],
            [
              -38.53034942,
              -3.83311878
            ],
            [
              -38.53031683,
              -3.83320591
            ],
            [
              -38.5303126,
              -3.83321721
            ],
            [
              -38.53031452,
              -3.83325799
            ],
            [
              -38.53031866,
              -3.83334645
            ],
            [
              -38.53042613,
              -3.83367852
            ],
            [
              -38.53046183,
              -3.83377136
            ],
            [
              -38.53053779,
              -3.83393314
            ],
            [
              -38.53058725,
              -3.83402786
            ],
            [
              -38.53066461,
              -3.83417611
            ],
            [
              -38.53074733,
              -3.83430845
            ],
            [
              -38.53089259,
              -3.83449857
            ],
            [
              -38.53096524,
              -3.83458071
            ],
            [
              -38.53102913,
              -3.83467859
            ],
            [
              -38.53109196,
              -3.83508093
            ],
            [
              -38.5312206,
              -3.83526538
            ],
            [
              -38.53142961,
              -3.83546745
            ],
            [
              -38.53161025,
              -3.83562165
            ],
            [
              -38.53181276,
              -3.83592565
            ],
            [
              -38.53193565,
              -3.83603073
            ],
            [
              -38.53199958,
              -3.83608035
            ],
            [
              -38.53219141,
              -3.83620056
            ],
            [
              -38.53231829,
              -3.83631244
            ],
            [
              -38.53239516,
              -3.83646708
            ],
            [
              -38.53240608,
              -3.83661065
            ],
            [
              -38.53236199,
              -3.8368094
            ],
            [
              -38.53237287,
              -3.83701923
            ],
            [
              -38.53242775,
              -3.83719595
            ],
            [
              -38.53251799,
              -3.83734925
            ],
            [
              -38.53252661,
              -3.83736165
            ],
            [
              -38.53268044,
              -3.83752739
            ],
            [
              -38.53281226,
              -3.83772623
            ],
            [
              -38.53294409,
              -3.837903
            ],
            [
              -38.53303198,
              -3.83803556
            ],
            [
              -38.53317502,
              -3.83816231
            ],
            [
              -38.53326106,
              -3.83824528
            ],
            [
              -38.53342724,
              -3.83838749
            ],
            [
              -38.5334908,
              -3.83843728
            ],
            [
              -38.53356509,
              -3.8384622
            ],
            [
              -38.53365001,
              -3.83847998
            ],
            [
              -38.53375248,
              -3.83853332
            ],
            [
              -38.53385501,
              -3.83861869
            ],
            [
              -38.53395054,
              -3.83868976
            ],
            [
              -38.53404243,
              -3.83880352
            ],
            [
              -38.53411841,
              -3.83887639
            ],
            [
              -38.53424207,
              -3.83902925
            ],
            [
              -38.53434103,
              -3.83923177
            ],
            [
              -38.53436924,
              -3.83936323
            ],
            [
              -38.53437981,
              -3.83946981
            ],
            [
              -38.53434086,
              -3.83954795
            ],
            [
              -38.5343054,
              -3.83967232
            ],
            [
              -38.53427001,
              -3.83982682
            ],
            [
              -38.53425221,
              -3.83994043
            ],
            [
              -38.53426989,
              -3.84004348
            ],
            [
              -38.53430876,
              -3.84011814
            ],
            [
              -38.53441125,
              -3.84013593
            ],
            [
              -38.53454573,
              -3.84011112
            ],
            [
              -38.53473668,
              -3.84007929
            ],
            [
              -38.53488168,
              -3.84009357
            ],
            [
              -38.53503378,
              -3.84012921
            ],
            [
              -38.53512572,
              -3.84017187
            ],
            [
              -38.53517873,
              -3.84022871
            ],
            [
              -38.53525298,
              -3.84033179
            ],
            [
              -38.53529889,
              -3.8403709
            ],
            [
              -38.53533076,
              -3.8403958
            ],
            [
              -38.53534137,
              -3.84042783
            ],
            [
              -38.53533073,
              -3.84045623
            ],
            [
              -38.53529881,
              -3.84051655
            ],
            [
              -38.53529877,
              -3.84060186
            ],
            [
              -38.53531285,
              -3.84071911
            ],
            [
              -38.53534113,
              -3.84087011
            ],
            [
              -38.53532686,
              -3.8409518
            ],
            [
              -38.53530564,
              -3.84104415
            ],
            [
              -38.53532323,
              -3.84116846
            ],
            [
              -38.53537271,
              -3.84127153
            ],
            [
              -38.53544697,
              -3.84135688
            ],
            [
              -38.53554591,
              -3.8414351
            ],
            [
              -38.53556362,
              -3.84148839
            ],
            [
              -38.53554584,
              -3.84155234
            ],
            [
              -38.53546798,
              -3.84164819
            ],
            [
              -38.53534062,
              -3.84181331
            ],
            [
              -38.53520965,
              -3.84201218
            ],
            [
              -38.53516708,
              -3.84212234
            ],
            [
              -38.53514587,
              -3.84220049
            ],
            [
              -38.53515647,
              -3.84226084
            ],
            [
              -38.53522358,
              -3.84239585
            ],
            [
              -38.53528009,
              -3.84250254
            ],
            [
              -38.53529069,
              -3.84255583
            ],
            [
              -38.53525878,
              -3.8425949
            ],
            [
              -38.53523047,
              -3.84264817
            ],
            [
              -38.53524458,
              -3.84270499
            ],
            [
              -38.53529058,
              -3.8427583
            ],
            [
              -38.53535063,
              -3.84279026
            ],
            [
              -38.53540729,
              -3.84279029
            ],
            [
              -38.53549214,
              -3.84276908
            ],
            [
              -38.53554167,
              -3.84278331
            ],
            [
              -38.53560342,
              -3.84283437
            ],
            [
              -38.53569355,
              -3.84288318
            ],
            [
              -38.53573606,
              -3.84289985
            ],
            [
              -38.53579279,
              -3.84290702
            ],
            [
              -38.53582115,
              -3.84293789
            ],
            [
              -38.535847,
              -3.84308744
            ],
            [
              -38.53585216,
              -3.84315253
            ],
            [
              -38.53826456,
              -3.84044425
            ],
            [
              -38.53833316,
              -3.84047732
            ],
            [
              -38.53839039,
              -3.84051528
            ],
            [
              -38.53846188,
              -3.84057631
            ],
            [
              -38.53902172,
              -3.84136327
            ],
            [
              -38.53933945,
              -3.84179515
            ],
            [
              -38.53949366,
              -3.84201164
            ],
            [
              -38.53974549,
              -3.84368544
            ],
            [
              -38.54039053,
              -3.84757126
            ],
            [
              -38.54084232,
              -3.85035919
            ],
            [
              -38.54135871,
              -3.85336727
            ],
            [
              -38.54284409,
              -3.85282046
            ],
            [
              -38.54464096,
              -3.85215924
            ],
            [
              -38.54531211,
              -3.85178861
            ],
            [
              -38.5506731,
              -3.84962105
            ],
            [
              -38.55088345,
              -3.8493667
            ],
            [
              -38.55344445,
              -3.84839565
            ],
            [
              -38.55694499,
              -3.84699933
            ],
            [
              -38.55727016,
              -3.84684538
            ],
            [
              -38.55729219,
              -3.84692689
            ],
            [
              -38.55943411,
              -3.84612525
            ],
            [
              -38.55952408,
              -3.84610866
            ],
            [
              -38.5608511,
              -3.84563498
            ],
            [
              -38.56311704,
              -3.84482302
            ],
            [
              -38.56557068,
              -3.84386813
            ],
            [
              -38.56548804,
              -3.84363337
            ],
            [
              -38.56547289,
              -3.84356801
            ],
            [
              -38.56564043,
              -3.84358949
            ],
            [
              -38.56581222,
              -3.84360954
            ],
            [
              -38.56601951,
              -3.84362961
            ],
            [
              -38.56628218,
              -3.84363545
            ],
            [
              -38.56635886,
              -3.84362408
            ],
            [
              -38.56660024,
              -3.84360424
            ],
            [
              -38.56673088,
              -3.84358291
            ],
            [
              -38.56698364,
              -3.8435317
            ],
            [
              -38.56739829,
              -3.84344919
            ],
            [
              -38.56765461,
              -3.84338141
            ],
            [
              -38.56793276,
              -3.84331126
            ],
            [
              -38.56826385,
              -3.84322707
            ],
            [
              -38.56858886,
              -3.84314411
            ],
            [
              -38.56886396,
              -3.84307426
            ],
            [
              -38.56895495,
              -3.84305077
            ],
            [
              -38.56907333,
              -3.84302057
            ],
            [
              -38.56954197,
              -3.84290009
            ],
            [
              -38.56997714,
              -3.84278845
            ],
            [
              -38.57053708,
              -3.8426457
            ],
            [
              -38.57106233,
              -3.84251087
            ],
            [
              -38.57121996,
              -3.84247244
            ],
            [
              -38.57143785,
              -3.84241571
            ],
            [
              -38.57224642,
              -3.84220798
            ],
            [
              -38.57316606,
              -3.84197433
            ],
            [
              -38.5738672,
              -3.84179558
            ],
            [
              -38.57464198,
              -3.84159792
            ],
            [
              -38.57509176,
              -3.84148384
            ],
            [
              -38.57538786,
              -3.84140666
            ],
            [
              -38.57572564,
              -3.84131973
            ],
            [
              -38.57628741,
              -3.84117331
            ],
            [
              -38.57705672,
              -3.8409732
            ],
            [
              -38.57778433,
              -3.84078376
            ],
            [
              -38.57824537,
              -3.8406651
            ],
            [
              -38.57939659,
              -3.84036799
            ],
            [
              -38.58006395,
              -3.84019625
            ],
            [
              -38.58103258,
              -3.83994397
            ],
            [
              -38.58147688,
              -3.8398256
            ],
            [
              -38.58169355,
              -3.83976795
            ],
            [
              -38.58226627,
              -3.83961358
            ],
            [
              -38.58286395,
              -3.8394525
            ],
            [
              -38.5829382,
              -3.83943664
            ],
            [
              -38.58334879,
              -3.83939354
            ],
            [
              -38.5833755,
              -3.83932072
            ],
            [
              -38.58336931,
              -3.839233
            ],
            [
              -38.58336667,
              -3.83919568
            ],
            [
              -38.5833767,
              -3.83913718
            ],
            [
              -38.58340843,
              -3.83904966
            ],
            [
              -38.58346382,
              -3.83898419
            ],
            [
              -38.58346442,
              -3.83895975
            ],
            [
              -38.58344182,
              -3.8386726
            ],
            [
              -38.58295861,
              -3.83717226
            ],
            [
              -38.58251545,
              -3.83584942
            ],
            [
              -38.58210058,
              -3.8345824
            ],
            [
              -38.58160016,
              -3.83306371
            ],
            [
              -38.58132191,
              -3.8321678
            ],
            [
              -38.58093192,
              -3.83096594
            ],
            [
              -38.58033249,
              -3.82911865
            ],
            [
              -38.58010648,
              -3.82842215
            ],
            [
              -38.57963619,
              -3.82697282
            ],
            [
              -38.57953502,
              -3.82672231
            ],
            [
              -38.57950463,
              -3.82666116
            ],
            [
              -38.57947882,
              -3.82661637
            ],
            [
              -38.57944169,
              -3.82656731
            ],
            [
              -38.57935096,
              -3.82646622
            ],
            [
              -38.5792966,
              -3.82643254
            ],
            [
              -38.57924486,
              -3.82639647
            ],
            [
              -38.57921075,
              -3.82636604
            ],
            [
              -38.57917956,
              -3.82633183
            ],
            [
              -38.57914763,
              -3.82628853
            ],
            [
              -38.5791319,
              -3.82626542
            ],
            [
              -38.57911922,
              -3.82623591
            ],
            [
              -38.57910433,
              -3.82619895
            ],
            [
              -38.5790921,
              -3.82615323
            ],
            [
              -38.57908775,
              -3.82610583
            ],
            [
              -38.5790883,
              -3.82605589
            ],
            [
              -38.57909966,
              -3.82597345
            ],
            [
              -38.57911314,
              -3.82591837
            ],
            [
              -38.57913014,
              -3.82587004
            ],
            [
              -38.57914856,
              -3.82582314
            ],
            [
              -38.57915457,
              -3.825791
            ],
            [
              -38.57915942,
              -3.82569858
            ],
            [
              -38.57915734,
              -3.82559836
            ],
            [
              -38.57914959,
              -3.82552443
            ],
            [
              -38.57913507,
              -3.82543532
            ],
            [
              -38.57894192,
              -3.82484903
            ],
            [
              -38.57851634,
              -3.8235414
            ],
            [
              -38.57822093,
              -3.82261049
            ],
            [
              -38.57744614,
              -3.82286147
            ],
            [
              -38.57725373,
              -3.82292399
            ],
            [
              -38.57692159,
              -3.82304149
            ],
            [
              -38.57612833,
              -3.82329478
            ],
            [
              -38.57568656,
              -3.82342626
            ],
            [
              -38.57532325,
              -3.82354051
            ],
            [
              -38.57451358,
              -3.82379994
            ],
            [
              -38.5740538,
              -3.8239656
            ],
            [
              -38.57413798,
              -3.82428875
            ],
            [
              -38.57338847,
              -3.82525651
            ],
            [
              -38.57295574,
              -3.82558069
            ],
            [
              -38.57285146,
              -3.82564217
            ],
            [
              -38.5724494,
              -3.82588054
            ],
            [
              -38.57203014,
              -3.82612214
            ],
            [
              -38.57187749,
              -3.82621274
            ],
            [
              -38.57183018,
              -3.82624942
            ],
            [
              -38.57142378,
              -3.82656767
            ],
            [
              -38.57118726,
              -3.82674567
            ],
            [
              -38.57088298,
              -3.82700784
            ],
            [
              -38.57061527,
              -3.82723441
            ],
            [
              -38.57065017,
              -3.82727922
            ],
            [
              -38.57058566,
              -3.82733586
            ],
            [
              -38.57048029,
              -3.82743297
            ],
            [
              -38.5703889,
              -3.82751874
            ],
            [
              -38.57018461,
              -3.82770593
            ],
            [
              -38.5700529,
              -3.82782677
            ],
            [
              -38.56988086,
              -3.82798699
            ],
            [
              -38.5697814,
              -3.8280868
            ],
            [
              -38.56973033,
              -3.82813589
            ],
            [
              -38.56967925,
              -3.82819308
            ],
            [
              -38.56963947,
              -3.82823786
            ],
            [
              -38.56958409,
              -3.82828695
            ],
            [
              -38.56952657,
              -3.82833388
            ],
            [
              -38.56925617,
              -3.82855504
            ],
            [
              -38.56892717,
              -3.82882691
            ],
            [
              -38.56862345,
              -3.82906479
            ],
            [
              -38.56810576,
              -3.82949094
            ],
            [
              -38.56748541,
              -3.82996938
            ],
            [
              -38.56667315,
              -3.83058537
            ],
            [
              -38.56661832,
              -3.83062205
            ],
            [
              -38.56656887,
              -3.83064199
            ],
            [
              -38.56652641,
              -3.83065871
            ],
            [
              -38.56649148,
              -3.8306684
            ],
            [
              -38.56646354,
              -3.83067325
            ],
            [
              -38.56643237,
              -3.83067647
            ],
            [
              -38.56640281,
              -3.83067538
            ],
            [
              -38.56635714,
              -3.83067103
            ],
            [
              -38.56631201,
              -3.83065968
            ],
            [
              -38.56627171,
              -3.83065426
            ],
            [
              -38.56619648,
              -3.83065908
            ],
            [
              -38.56613145,
              -3.83067146
            ],
            [
              -38.56607932,
              -3.83068547
            ],
            [
              -38.56602557,
              -3.83070109
            ],
            [
              -38.56588745,
              -3.83075608
            ],
            [
              -38.56580683,
              -3.83078086
            ],
            [
              -38.56574341,
              -3.83079648
            ],
            [
              -38.5656671,
              -3.83081102
            ],
            [
              -38.56550481,
              -3.830839
            ],
            [
              -38.56540592,
              -3.83086972
            ],
            [
              -38.56534787,
              -3.83088858
            ],
            [
              -38.56530057,
              -3.83091069
            ],
            [
              -38.56525059,
              -3.83093819
            ],
            [
              -38.56519146,
              -3.83096839
            ],
            [
              -38.56513986,
              -3.83099373
            ],
            [
              -38.56506085,
              -3.83102769
            ],
            [
              -38.56494153,
              -3.83107405
            ],
            [
              -38.56464163,
              -3.83118941
            ],
            [
              -38.56385587,
              -3.83147399
            ],
            [
              -38.56310666,
              -3.83174241
            ],
            [
              -38.56228435,
              -3.83203345
            ],
            [
              -38.56146754,
              -3.83233332
            ],
            [
              -38.56146143,
              -3.83231605
            ],
            [
              -38.56101235,
              -3.83105504
            ],
            [
              -38.56077765,
              -3.83039282
            ],
            [
              -38.56075035,
              -3.83032064
            ],
            [
              -38.56069402,
              -3.83011491
            ],
            [
              -38.56061154,
              -3.82984489
            ],
            [
              -38.56042565,
              -3.82931097
            ],
            [
              -38.56010903,
              -3.82842052
            ],
            [
              -38.55984675,
              -3.827668
            ],
            [
              -38.55970094,
              -3.82724747
            ],
            [
              -38.55956958,
              -3.82688425
            ],
            [
              -38.55952488,
              -3.82675383
            ],
            [
              -38.55929256,
              -3.82682684
            ],
            [
              -38.55918692,
              -3.82686285
            ],
            [
              -38.55896151,
              -3.82597781
            ],
            [
              -38.55888272,
              -3.82559956
            ],
            [
              -38.55885585,
              -3.82518933
            ],
            [
              -38.55887208,
              -3.82452374
            ],
            [
              -38.55877997,
              -3.82362821
            ],
            [
              -38.55873776,
              -3.8231569
            ],
            [
              -38.55869383,
              -3.82291553
            ],
            [
              -38.55811484,
              -3.82106806
            ],
            [
              -38.55807284,
              -3.82081465
            ],
            [
              -38.55800593,
              -3.82051786
            ],
            [
              -38.5578565,
              -3.82003135
            ],
            [
              -38.55720007,
              -3.81789421
            ],
            [
              -38.55611525,
              -3.81436234
            ],
            [
              -38.55581396,
              -3.81338673
            ],
            [
              -38.55525646,
              -3.81158773
            ],
            [
              -38.55461498,
              -3.80947277
            ],
            [
              -38.55468337,
              -3.80944942
            ],
            [
              -38.5548795,
              -3.80933101
            ],
            [
              -38.55492273,
              -3.80930453
            ],
            [
              -38.55506819,
              -3.80916308
            ],
            [
              -38.55546301,
              -3.80877085
            ],
            [
              -38.55561969,
              -3.80862038
            ],
            [
              -38.55581064,
              -3.80844174
            ],
            [
              -38.55598418,
              -3.80826704
            ],
            [
              -38.55626835,
              -3.80799034
            ],
            [
              -38.55650423,
              -3.80775872
            ],
            [
              -38.55689455,
              -3.80737888
            ],
            [
              -38.55704899,
              -3.80723687
            ],
            [
              -38.55728992,
              -3.80700244
            ],
            [
              -38.55751793,
              -3.80677927
            ],
            [
              -38.55770327,
              -3.80658427
            ],
            [
              -38.5578746,
              -3.80633514
            ],
            [
              -38.55800812,
              -3.80613059
            ],
            [
              -38.558996,
              -3.80448636
            ],
            [
              -38.55974706,
              -3.80327778
            ],
            [
              -38.55985492,
              -3.80311658
            ],
            [
              -38.55994706,
              -3.80295311
            ],
            [
              -38.56001675,
              -3.80278963
            ],
            [
              -38.5600662,
              -3.80268252
            ],
            [
              -38.56009318,
              -3.80260472
            ],
            [
              -38.56012691,
              -3.80250776
            ],
            [
              -38.56022082,
              -3.80217739
            ],
            [
              -38.56025451,
              -3.80207528
            ],
            [
              -38.56030345,
              -3.80195246
            ],
            [
              -38.56033437,
              -3.80185606
            ],
            [
              -38.5603799,
              -3.80173429
            ],
            [
              -38.56042487,
              -3.80160068
            ],
            [
              -38.56047489,
              -3.80148399
            ],
            [
              -38.56052826,
              -3.80139098
            ],
            [
              -38.56057882,
              -3.80131319
            ],
            [
              -38.56069004,
              -3.80117454
            ],
            [
              -38.56113945,
              -3.80060299
            ],
            [
              -38.56122276,
              -3.80049704
            ],
            [
              -38.5614404,
              -3.80021781
            ],
            [
              -38.56177582,
              -3.79978747
            ],
            [
              -38.56180777,
              -3.79967478
            ],
            [
              -38.56187133,
              -3.79945054
            ],
            [
              -38.56195906,
              -3.79915535
            ],
            [
              -38.56198295,
              -3.799075
            ],
            [
              -38.56207256,
              -3.79876013
            ],
            [
              -38.56221322,
              -3.79826594
            ],
            [
              -38.56231954,
              -3.79787954
            ],
            [
              -38.56235196,
              -3.79776785
            ],
            [
              -38.56239789,
              -3.79762744
            ],
            [
              -38.56245766,
              -3.79747064
            ],
            [
              -38.56254857,
              -3.79722991
            ],
            [
              -38.5626096,
              -3.79706679
            ],
            [
              -38.56270443,
              -3.79684626
            ],
            [
              -38.56283352,
              -3.79658858
            ],
            [
              -38.56300615,
              -3.79625016
            ],
            [
              -38.56310143,
              -3.79606686
            ],
            [
              -38.56311747,
              -3.79603626
            ],
            [
              -38.56313005,
              -3.79601575
            ],
            [
              -38.56314451,
              -3.7959962
            ],
            [
              -38.56319638,
              -3.79592617
            ],
            [
              -38.56349523,
              -3.79556179
            ],
            [
              -38.56347257,
              -3.79550124
            ],
            [
              -38.56335194,
              -3.79519319
            ],
            [
              -38.5630225,
              -3.7943655
            ],
            [
              -38.56283319,
              -3.79389374
            ],
            [
              -38.56256797,
              -3.79322272
            ],
            [
              -38.56255463,
              -3.79310069
            ],
            [
              -38.56207358,
              -3.79180453
            ],
            [
              -38.5617155,
              -3.79088037
            ],
            [
              -38.56122599,
              -3.78958015
            ],
            [
              -38.560629,
              -3.78799444
            ],
            [
              -38.56065914,
              -3.78799722
            ],
            [
              -38.56069345,
              -3.78799036
            ],
            [
              -38.56074371,
              -3.78798804
            ],
            [
              -38.56079171,
              -3.78799267
            ],
            [
              -38.5608534,
              -3.78799044
            ],
            [
              -38.56090375,
              -3.78798359
            ],
            [
              -38.56096545,
              -3.78796752
            ],
            [
              -38.56101805,
              -3.78794683
            ],
            [
              -38.5610638,
              -3.78794686
            ],
            [
              -38.56112324,
              -3.78795838
            ],
            [
              -38.56117573,
              -3.78797224
            ],
            [
              -38.56121923,
              -3.78798602
            ],
            [
              -38.56124661,
              -3.78798603
            ],
            [
              -38.56126724,
              -3.7879608
            ],
            [
              -38.56128553,
              -3.78794009
            ],
            [
              -38.56132672,
              -3.7878919
            ],
            [
              -38.56136788,
              -3.78787817
            ],
            [
              -38.56143759,
              -3.78786554
            ],
            [
              -38.56151758,
              -3.78784269
            ],
            [
              -38.56167538,
              -3.78780595
            ],
            [
              -38.56179653,
              -3.78777163
            ],
            [
              -38.56191884,
              -3.78775098
            ],
            [
              -38.56223436,
              -3.78768917
            ],
            [
              -38.56236234,
              -3.78767774
            ],
            [
              -38.56260814,
              -3.78762965
            ],
            [
              -38.5627019,
              -3.78759984
            ],
            [
              -38.56281847,
              -3.78754246
            ],
            [
              -38.56295107,
              -3.78748743
            ],
            [
              -38.56305854,
              -3.7874209
            ],
            [
              -38.56312719,
              -3.78737959
            ],
            [
              -38.5631798,
              -3.78735212
            ],
            [
              -38.56326437,
              -3.78734755
            ],
            [
              -38.56334209,
              -3.7873361
            ],
            [
              -38.56342784,
              -3.78732691
            ],
            [
              -38.56350323,
              -3.78729945
            ],
            [
              -38.56358096,
              -3.78727651
            ],
            [
              -38.56364501,
              -3.78725818
            ],
            [
              -38.56371589,
              -3.78723523
            ],
            [
              -38.56379363,
              -3.78721003
            ],
            [
              -38.56388055,
              -3.78718022
            ],
            [
              -38.56393541,
              -3.78715501
            ],
            [
              -38.56401315,
              -3.78712746
            ],
            [
              -38.56411034,
              -3.78709765
            ],
            [
              -38.56413321,
              -3.78710915
            ],
            [
              -38.56415833,
              -3.78711604
            ],
            [
              -38.56418347,
              -3.78709769
            ],
            [
              -38.56421095,
              -3.78707246
            ],
            [
              -38.56424978,
              -3.78704724
            ],
            [
              -38.56428869,
              -3.7870289
            ],
            [
              -38.56432067,
              -3.78701969
            ],
            [
              -38.56434353,
              -3.78703806
            ],
            [
              -38.56438694,
              -3.78703582
            ],
            [
              -38.5644235,
              -3.78704272
            ],
            [
              -38.56447609,
              -3.78705188
            ],
            [
              -38.56452635,
              -3.7870519
            ],
            [
              -38.56457894,
              -3.78705654
            ],
            [
              -38.56462928,
              -3.78705657
            ],
            [
              -38.56467729,
              -3.78705659
            ],
            [
              -38.56472529,
              -3.787052
            ],
            [
              -38.5647687,
              -3.78704515
            ],
            [
              -38.56481553,
              -3.78704753
            ],
            [
              -38.56485219,
              -3.78704293
            ],
            [
              -38.56489786,
              -3.7870292
            ],
            [
              -38.56494361,
              -3.78702226
            ],
            [
              -38.56499847,
              -3.78700854
            ],
            [
              -38.56503736,
              -3.7870338
            ],
            [
              -38.56506013,
              -3.78705905
            ],
            [
              -38.56509669,
              -3.78707291
            ],
            [
              -38.565131,
              -3.78707293
            ],
            [
              -38.56516991,
              -3.78706146
            ],
            [
              -38.56520423,
              -3.78704998
            ],
            [
              -38.56524765,
              -3.78703852
            ],
            [
              -38.56528196,
              -3.78703392
            ],
            [
              -38.56531392,
              -3.7870523
            ],
            [
              -38.56535048,
              -3.7870753
            ],
            [
              -38.56538938,
              -3.78709142
            ],
            [
              -38.56545564,
              -3.78712357
            ],
            [
              -38.56548535,
              -3.78714656
            ],
            [
              -38.56551505,
              -3.78718792
            ],
            [
              -38.56552188,
              -3.78722465
            ],
            [
              -38.56552186,
              -3.787266
            ],
            [
              -38.56553436,
              -3.78730273
            ],
            [
              -38.5655755,
              -3.78733261
            ],
            [
              -38.56561898,
              -3.78736936
            ],
            [
              -38.56565093,
              -3.7874061
            ],
            [
              -38.56567604,
              -3.7874452
            ],
            [
              -38.56569205,
              -3.7874842
            ],
            [
              -38.56570573,
              -3.78751641
            ],
            [
              -38.56573769,
              -3.78753705
            ],
            [
              -38.56576515,
              -3.78754168
            ],
            [
              -38.56582459,
              -3.78754171
            ],
            [
              -38.56587034,
              -3.78754173
            ],
            [
              -38.56592979,
              -3.78753489
            ],
            [
              -38.56598923,
              -3.78752343
            ],
            [
              -38.56605777,
              -3.78751197
            ],
            [
              -38.56611947,
              -3.78750278
            ],
            [
              -38.56616747,
              -3.78749828
            ],
            [
              -38.56622691,
              -3.78750057
            ],
            [
              -38.56629329,
              -3.78749147
            ],
            [
              -38.56637445,
              -3.78746391
            ],
            [
              -38.56641786,
              -3.78745706
            ],
            [
              -38.56648639,
              -3.78746397
            ],
            [
              -38.56656186,
              -3.78747088
            ],
            [
              -38.56663958,
              -3.78747092
            ],
            [
              -38.56671268,
              -3.78753293
            ],
            [
              -38.5667383,
              -3.78755445
            ],
            [
              -38.56678812,
              -3.78759159
            ],
            [
              -38.56680216,
              -3.78759358
            ],
            [
              -38.56685669,
              -3.78760183
            ],
            [
              -38.56691843,
              -3.78761002
            ],
            [
              -38.56697138,
              -3.78762492
            ],
            [
              -38.56706311,
              -3.78765954
            ],
            [
              -38.56711225,
              -3.787704
            ],
            [
              -38.56715899,
              -3.78777313
            ],
            [
              -38.56723883,
              -3.7878683
            ],
            [
              -38.56729566,
              -3.7879334
            ],
            [
              -38.56731732,
              -3.7879537
            ],
            [
              -38.56734012,
              -3.78797269
            ],
            [
              -38.56736399,
              -3.78799031
            ],
            [
              -38.56738885,
              -3.7880065
            ],
            [
              -38.56741461,
              -3.78802119
            ],
            [
              -38.56744118,
              -3.78803435
            ],
            [
              -38.56745568,
              -3.78803995
            ],
            [
              -38.56747075,
              -3.7880437
            ],
            [
              -38.56748616,
              -3.78804557
            ],
            [
              -38.56750169,
              -3.7880455
            ],
            [
              -38.56759385,
              -3.78803839
            ],
            [
              -38.56762099,
              -3.78803524
            ],
            [
              -38.56764792,
              -3.78803059
            ],
            [
              -38.56767455,
              -3.78802447
            ],
            [
              -38.56768852,
              -3.78802133
            ],
            [
              -38.56770266,
              -3.78801911
            ],
            [
              -38.56771692,
              -3.78801782
            ],
            [
              -38.56773123,
              -3.78801747
            ],
            [
              -38.56774553,
              -3.78801804
            ],
            [
              -38.56775976,
              -3.78801955
            ],
            [
              -38.56777387,
              -3.78802199
            ],
            [
              -38.56779764,
              -3.78802775
            ],
            [
              -38.56782098,
              -3.7880351
            ],
            [
              -38.56784376,
              -3.78804401
            ],
            [
              -38.5678659,
              -3.78805445
            ],
            [
              -38.56788325,
              -3.7880626
            ],
            [
              -38.56790111,
              -3.78806954
            ],
            [
              -38.56791941,
              -3.78807522
            ],
            [
              -38.56793805,
              -3.78807963
            ],
            [
              -38.56806745,
              -3.78810554
            ],
            [
              -38.56809643,
              -3.78811045
            ],
            [
              -38.56812565,
              -3.78811363
            ],
            [
              -38.568155,
              -3.78811505
            ],
            [
              -38.56824506,
              -3.78811372
            ],
            [
              -38.56833483,
              -3.78810639
            ],
            [
              -38.56837108,
              -3.78810327
            ],
            [
              -38.56840745,
              -3.78810225
            ],
            [
              -38.56844382,
              -3.78810334
            ],
            [
              -38.56848006,
              -3.78810652
            ],
            [
              -38.5685377,
              -3.78811468
            ],
            [
              -38.56859489,
              -3.78812557
            ],
            [
              -38.5687417,
              -3.78815189
            ],
            [
              -38.5687575,
              -3.7881546
            ],
            [
              -38.56877312,
              -3.78815816
            ],
            [
              -38.56878854,
              -3.78816256
            ],
            [
              -38.56880369,
              -3.78816778
            ],
            [
              -38.56894231,
              -3.78821993
            ],
            [
              -38.5692209,
              -3.78832128
            ],
            [
              -38.56935882,
              -3.78837215
            ],
            [
              -38.56942292,
              -3.78839625
            ],
            [
              -38.56953122,
              -3.78843978
            ],
            [
              -38.56967057,
              -3.78850102
            ],
            [
              -38.56969957,
              -3.788514
            ],
            [
              -38.56975197,
              -3.78853437
            ],
            [
              -38.56988354,
              -3.78858389
            ],
            [
              -38.57004237,
              -3.78865429
            ],
            [
              -38.57006582,
              -3.78866538
            ],
            [
              -38.57009776,
              -3.78867927
            ],
            [
              -38.57013018,
              -3.788692
            ],
            [
              -38.5702453,
              -3.78873847
            ],
            [
              -38.57026214,
              -3.78874746
            ],
            [
              -38.57027839,
              -3.78875748
            ],
            [
              -38.570294,
              -3.78876848
            ],
            [
              -38.57037671,
              -3.78883091
            ],
            [
              -38.57040347,
              -3.78885057
            ],
            [
              -38.57045389,
              -3.78888443
            ],
            [
              -38.5704633,
              -3.78889067
            ],
            [
              -38.57047243,
              -3.78889733
            ],
            [
              -38.57048197,
              -3.78890514
            ],
            [
              -38.57049096,
              -3.78891358
            ],
            [
              -38.57049937,
              -3.78892261
            ],
            [
              -38.57050714,
              -3.78893219
            ],
            [
              -38.57052974,
              -3.78896035
            ],
            [
              -38.57055392,
              -3.78898716
            ],
            [
              -38.57056966,
              -3.78900306
            ],
            [
              -38.57060346,
              -3.78903726
            ],
            [
              -38.57063595,
              -3.78907273
            ],
            [
              -38.57064897,
              -3.78908855
            ],
            [
              -38.57066088,
              -3.78910524
            ],
            [
              -38.57068525,
              -3.78914167
            ],
            [
              -38.57073916,
              -3.78922004
            ],
            [
              -38.57077852,
              -3.78927389
            ],
            [
              -38.57082,
              -3.78932611
            ],
            [
              -38.57083804,
              -3.78934755
            ],
            [
              -38.57093382,
              -3.78946157
            ],
            [
              -38.57096011,
              -3.78949364
            ],
            [
              -38.57100449,
              -3.7895486
            ],
            [
              -38.57101973,
              -3.78956881
            ],
            [
              -38.5710338,
              -3.78958986
            ],
            [
              -38.57104665,
              -3.78961167
            ],
            [
              -38.57105598,
              -3.78962978
            ],
            [
              -38.5710838,
              -3.7896849
            ],
            [
              -38.57111357,
              -3.78973853
            ],
            [
              -38.57114626,
              -3.78979229
            ],
            [
              -38.57118094,
              -3.78984478
            ],
            [
              -38.57120261,
              -3.78987758
            ],
            [
              -38.57122835,
              -3.78992039
            ],
            [
              -38.57127364,
              -3.78999433
            ],
            [
              -38.57132359,
              -3.79006517
            ],
            [
              -38.57133366,
              -3.79007835
            ],
            [
              -38.57135389,
              -3.79010628
            ],
            [
              -38.5713723,
              -3.79013545
            ],
            [
              -38.57144393,
              -3.79024891
            ],
            [
              -38.57145347,
              -3.79026287
            ],
            [
              -38.57149909,
              -3.79032501
            ],
            [
              -38.57154726,
              -3.79038713
            ],
            [
              -38.57158161,
              -3.7904279
            ],
            [
              -38.57160759,
              -3.79045763
            ],
            [
              -38.57162473,
              -3.79047586
            ],
            [
              -38.5716429,
              -3.79049307
            ],
            [
              -38.57166202,
              -3.79050919
            ],
            [
              -38.57169757,
              -3.79053605
            ],
            [
              -38.5717344,
              -3.79056111
            ],
            [
              -38.57176043,
              -3.79057708
            ],
            [
              -38.57178734,
              -3.79059148
            ],
            [
              -38.57181505,
              -3.79060427
            ],
            [
              -38.57184346,
              -3.7906154
            ],
            [
              -38.57187247,
              -3.79062484
            ],
            [
              -38.57191385,
              -3.79063809
            ],
            [
              -38.57195528,
              -3.79065368
            ],
            [
              -38.57199586,
              -3.79067137
            ],
            [
              -38.57204056,
              -3.79069395
            ],
            [
              -38.57208081,
              -3.79072535
            ],
            [
              -38.57226561,
              -3.79078113
            ],
            [
              -38.57245692,
              -3.79083886
            ],
            [
              -38.57264609,
              -3.79089595
            ],
            [
              -38.57283212,
              -3.7909521
            ],
            [
              -38.57302355,
              -3.79100987
            ],
            [
              -38.57321874,
              -3.79106729
            ],
            [
              -38.57442231,
              -3.79145897
            ],
            [
              -38.57468472,
              -3.791456
            ],
            [
              -38.57465735,
              -3.79082838
            ],
            [
              -38.57813576,
              -3.79071384
            ],
            [
              -38.57810128,
              -3.7900654
            ],
            [
              -38.57843846,
              -3.79042192
            ],
            [
              -38.5793664,
              -3.79142433
            ],
            [
              -38.57983542,
              -3.79193315
            ],
            [
              -38.58032127,
              -3.79246228
            ],
            [
              -38.58160154,
              -3.79384321
            ],
            [
              -38.58301213,
              -3.79535822
            ],
            [
              -38.58314896,
              -3.79523048
            ],
            [
              -38.58351757,
              -3.79487494
            ],
            [
              -38.58362418,
              -3.79476849
            ],
            [
              -38.58370056,
              -3.79469823
            ],
            [
              -38.58417948,
              -3.79424103
            ],
            [
              -38.58475756,
              -3.79486329
            ],
            [
              -38.58565036,
              -3.79584728
            ],
            [
              -38.58636983,
              -3.79662691
            ],
            [
              -38.58670084,
              -3.79579054
            ],
            [
              -38.58707867,
              -3.79486881
            ],
            [
              -38.58743267,
              -3.79396057
            ],
            [
              -38.58777319,
              -3.7931112
            ],
            [
              -38.58810703,
              -3.79225455
            ],
            [
              -38.5886185,
              -3.79100259
            ],
            [
              -38.5880194,
              -3.79037518
            ],
            [
              -38.58693365,
              -3.78926122
            ],
            [
              -38.58568775,
              -3.78798128
            ],
            [
              -38.58545235,
              -3.78778043
            ],
            [
              -38.58515988,
              -3.78753189
            ],
            [
              -38.58482583,
              -3.78732278
            ],
            [
              -38.5846443,
              -3.78691322
            ],
            [
              -38.5844665,
              -3.78655971
            ],
            [
              -38.5842704,
              -3.78629015
            ],
            [
              -38.58398714,
              -3.78586105
            ],
            [
              -38.58370736,
              -3.78545038
            ],
            [
              -38.58344885,
              -3.78509382
            ],
            [
              -38.58325022,
              -3.78486608
            ],
            [
              -38.58286794,
              -3.78442191
            ],
            [
              -38.5826719,
              -3.78419763
            ],
            [
              -38.58258289,
              -3.78409428
            ],
            [
              -38.58246262,
              -3.78395417
            ],
            [
              -38.5823347,
              -3.78380928
            ],
            [
              -38.58201862,
              -3.78344061
            ],
            [
              -38.58182576,
              -3.78322058
            ],
            [
              -38.581688,
              -3.78306209
            ],
            [
              -38.58163688,
              -3.78300322
            ],
            [
              -38.58138971,
              -3.78272034
            ],
            [
              -38.58131792,
              -3.78263856
            ],
            [
              -38.58120109,
              -3.78250777
            ],
            [
              -38.58093511,
              -3.78220065
            ],
            [
              -38.5807502,
              -3.78199048
            ],
            [
              -38.58047707,
              -3.78167909
            ],
            [
              -38.5802821,
              -3.78145454
            ],
            [
              -38.58020183,
              -3.78136451
            ],
            [
              -38.58012792,
              -3.78127767
            ],
            [
              -38.57982897,
              -3.7809226
            ],
            [
              -38.57942204,
              -3.78045814
            ],
            [
              -38.57926526,
              -3.78027488
            ],
            [
              -38.57904711,
              -3.78002916
            ],
            [
              -38.57865923,
              -3.77959886
            ],
            [
              -38.57850536,
              -3.77941372
            ],
            [
              -38.57808694,
              -3.7789422
            ],
            [
              -38.5780298,
              -3.77887726
            ],
            [
              -38.57791016,
              -3.77874398
            ],
            [
              -38.57773024,
              -3.77853451
            ],
            [
              -38.57770839,
              -3.77850727
            ],
            [
              -38.57768177,
              -3.77847784
            ],
            [
              -38.57751295,
              -3.7782828
            ],
            [
              -38.5774097,
              -3.77816578
            ],
            [
              -38.57731089,
              -3.77805071
            ],
            [
              -38.57719618,
              -3.77792125
            ],
            [
              -38.57708545,
              -3.77779419
            ],
            [
              -38.57702955,
              -3.777731
            ],
            [
              -38.57684153,
              -3.77751417
            ],
            [
              -38.57673715,
              -3.77739457
            ],
            [
              -38.57663808,
              -3.77728242
            ],
            [
              -38.57643621,
              -3.77705148
            ],
            [
              -38.57627912,
              -3.77687155
            ],
            [
              -38.5762028,
              -3.77678002
            ],
            [
              -38.57596161,
              -3.77651287
            ],
            [
              -38.57576267,
              -3.77628771
            ],
            [
              -38.57514085,
              -3.77559568
            ],
            [
              -38.57486948,
              -3.77529419
            ],
            [
              -38.57463353,
              -3.77503658
            ],
            [
              -38.57321492,
              -3.77347949
            ],
            [
              -38.57284404,
              -3.77309304
            ],
            [
              -38.57215815,
              -3.77236494
            ],
            [
              -38.57173085,
              -3.77192313
            ],
            [
              -38.57128411,
              -3.77147058
            ],
            [
              -38.57085757,
              -3.77102699
            ],
            [
              -38.57060723,
              -3.77059667
            ],
            [
              -38.57045379,
              -3.77025513
            ],
            [
              -38.57041428,
              -3.77017833
            ],
            [
              -38.57038052,
              -3.77009139
            ],
            [
              -38.56981719,
              -3.76787933
            ],
            [
              -38.56968834,
              -3.76761437
            ],
            [
              -38.56936177,
              -3.7671967
            ],
            [
              -38.56906668,
              -3.76690286
            ],
            [
              -38.56828443,
              -3.76636115
            ],
            [
              -38.56802945,
              -3.76610188
            ],
            [
              -38.5675024,
              -3.76537601
            ],
            [
              -38.56670831,
              -3.76413909
            ],
            [
              -38.56538659,
              -3.7648426
            ],
            [
              -38.56508541,
              -3.7650005
            ],
            [
              -38.56474354,
              -3.7651502
            ],
            [
              -38.56380477,
              -3.76556119
            ],
            [
              -38.55981364,
              -3.76723638
            ],
            [
              -38.55971441,
              -3.76699364
            ],
            [
              -38.5595805,
              -3.76666729
            ],
            [
              -38.55938221,
              -3.76618623
            ],
            [
              -38.55920726,
              -3.76576048
            ],
            [
              -38.55898816,
              -3.76522327
            ],
            [
              -38.55877571,
              -3.76470617
            ],
            [
              -38.55868074,
              -3.76447234
            ],
            [
              -38.55857993,
              -3.76422678
            ],
            [
              -38.5584508,
              -3.76391585
            ],
            [
              -38.55832084,
              -3.76359403
            ],
            [
              -38.55824732,
              -3.7634108
            ],
            [
              -38.55809319,
              -3.7630412
            ],
            [
              -38.55790324,
              -3.76258276
            ],
            [
              -38.55773246,
              -3.76217126
            ],
            [
              -38.5576833,
              -3.76206231
            ],
            [
              -38.55761747,
              -3.76192234
            ],
            [
              -38.55753164,
              -3.76175053
            ],
            [
              -38.55745081,
              -3.76159715
            ],
            [
              -38.55737331,
              -3.76145969
            ],
            [
              -38.5572933,
              -3.7613281
            ],
            [
              -38.55722245,
              -3.76121411
            ],
            [
              -38.55715161,
              -3.76111017
            ],
            [
              -38.55706575,
              -3.76098444
            ],
            [
              -38.55699907,
              -3.76089056
            ],
            [
              -38.55692655,
              -3.76080087
            ],
            [
              -38.55683819,
              -3.76069022
            ],
            [
              -38.55671898,
              -3.76055106
            ],
            [
              -38.5565812,
              -3.76038696
            ],
            [
              -38.55642508,
              -3.76020857
            ],
            [
              -38.55622706,
              -3.75998744
            ],
            [
              -38.55597543,
              -3.75971157
            ],
            [
              -38.55587112,
              -3.75959529
            ],
            [
              -38.55579662,
              -3.75951018
            ],
            [
              -38.55557787,
              -3.75926864
            ],
            [
              -38.55548668,
              -3.75916555
            ],
            [
              -38.55537642,
              -3.75903969
            ],
            [
              -38.55522502,
              -3.75886828
            ],
            [
              -38.55510939,
              -3.75873942
            ],
            [
              -38.55499138,
              -3.75860936
            ],
            [
              -38.55491688,
              -3.75852485
            ],
            [
              -38.55484714,
              -3.75844453
            ],
            [
              -38.5547631,
              -3.75835283
            ],
            [
              -38.55466297,
              -3.75824135
            ],
            [
              -38.55452409,
              -3.75808013
            ],
            [
              -38.55428866,
              -3.75781821
            ],
            [
              -38.55416767,
              -3.75768335
            ],
            [
              -38.5539984,
              -3.75749216
            ],
            [
              -38.5538768,
              -3.7573585
            ],
            [
              -38.55367594,
              -3.75712895
            ],
            [
              -38.55359369,
              -3.75703336
            ],
            [
              -38.55351561,
              -3.75694705
            ],
            [
              -38.55377649,
              -3.75671834
            ],
            [
              -38.55414999,
              -3.75637705
            ],
            [
              -38.55475021,
              -3.755831
            ],
            [
              -38.55518815,
              -3.75542984
            ],
            [
              -38.55538035,
              -3.75525633
            ],
            [
              -38.55528177,
              -3.75515593
            ],
            [
              -38.55540884,
              -3.75502455
            ],
            [
              -38.55194862,
              -3.75159352
            ],
            [
              -38.551223,
              -3.7508467
            ],
            [
              -38.5511765,
              -3.75079884
            ],
            [
              -38.55049588,
              -3.75011775
            ],
            [
              -38.54980713,
              -3.74943709
            ],
            [
              -38.54892271,
              -3.74856608
            ],
            [
              -38.54832368,
              -3.74797166
            ],
            [
              -38.54766659,
              -3.74732682
            ],
            [
              -38.54654771,
              -3.74620698
            ],
            [
              -38.54541299,
              -3.74508316
            ],
            [
              -38.5451557,
              -3.74482973
            ],
            [
              -38.54493538,
              -3.74456041
            ],
            [
              -38.54479476,
              -3.74439352
            ],
            [
              -38.54466097,
              -3.74421812
            ],
            [
              -38.54422561,
              -3.74368479
            ],
            [
              -38.54384365,
              -3.74327128
            ],
            [
              -38.54361868,
              -3.7430718
            ],
            [
              -38.54332834,
              -3.7428966
            ],
            [
              -38.54325452,
              -3.74269631
            ],
            [
              -38.54315043,
              -3.74231301
            ],
            [
              -38.54308727,
              -3.74191115
            ],
            [
              -38.54307281,
              -3.74179445
            ],
            [
              -38.54307829,
              -3.74141252
            ],
            [
              -38.5431287,
              -3.7409484
            ],
            [
              -38.54321346,
              -3.74041004
            ],
            [
              -38.54332204,
              -3.7397762
            ],
            [
              -38.54340147,
              -3.73933862
            ],
            [
              -38.54351269,
              -3.73870744
            ],
            [
              -38.54364242,
              -3.73800731
            ],
            [
              -38.54361388,
              -3.73799913
            ],
            [
              -38.54265038,
              -3.73761248
            ],
            [
              -38.54163936,
              -3.73721087
            ],
            [
              -38.54162948,
              -3.73721054
            ],
            [
              -38.54161959,
              -3.73721037
            ],
            [
              -38.5416097,
              -3.73721037
            ],
            [
              -38.54159981,
              -3.73721055
            ],
            [
              -38.54158993,
              -3.73721089
            ],
            [
              -38.54158005,
              -3.7372114
            ],
            [
              -38.54157019,
              -3.73721208
            ],
            [
              -38.54156033,
              -3.73721293
            ],
            [
              -38.54155049,
              -3.73721394
            ],
            [
              -38.54154068,
              -3.73721513
            ],
            [
              -38.54153088,
              -3.73721648
            ],
            [
              -38.5415211,
              -3.737218
            ],
            [
              -38.54151136,
              -3.73721969
            ],
            [
              -38.54150164,
              -3.73722154
            ],
            [
              -38.54149196,
              -3.73722356
            ],
            [
              -38.53880142,
              -3.73774768
            ],
            [
              -38.53860368,
              -3.73778664
            ],
            [
              -38.53859338,
              -3.73778846
            ],
            [
              -38.53858319,
              -3.73779082
            ],
            [
              -38.53857314,
              -3.73779371
            ],
            [
              -38.53856325,
              -3.73779711
            ],
            [
              -38.53855355,
              -3.73780103
            ],
            [
              -38.53854406,
              -3.73780545
            ],
            [
              -38.53853481,
              -3.73781035
            ],
            [
              -38.53852583,
              -3.73781574
            ],
            [
              -38.53851715,
              -3.73782158
            ],
            [
              -38.53850877,
              -3.73782787
            ],
            [
              -38.53850073,
              -3.73783458
            ],
            [
              -38.53817223,
              -3.73813337
            ],
            [
              -38.5377935,
              -3.73774868
            ],
            [
              -38.53776974,
              -3.73772385
            ],
            [
              -38.53774641,
              -3.73769861
            ],
            [
              -38.5377235,
              -3.73767298
            ],
            [
              -38.53770102,
              -3.73764696
            ],
            [
              -38.53767899,
              -3.73762056
            ],
            [
              -38.53765741,
              -3.7375938
            ],
            [
              -38.53763628,
              -3.73756667
            ],
            [
              -38.5376156,
              -3.73753918
            ],
            [
              -38.5375954,
              -3.73751135
            ],
            [
              -38.53757567,
              -3.73748318
            ],
            [
              -38.53755641,
              -3.73745468
            ],
            [
              -38.53753764,
              -3.73742585
            ],
            [
              -38.53751935,
              -3.73739671
            ],
            [
              -38.53750156,
              -3.73736726
            ],
            [
              -38.53748427,
              -3.73733751
            ],
            [
              -38.53746748,
              -3.73730748
            ],
            [
              -38.5374512,
              -3.73727716
            ],
            [
              -38.53743543,
              -3.73724657
            ],
            [
              -38.53714926,
              -3.73628891
            ],
            [
              -38.53678509,
              -3.73506162
            ],
            [
              -38.53668437,
              -3.73472201
            ],
            [
              -38.53663529,
              -3.73455151
            ],
            [
              -38.53650876,
              -3.73412669
            ],
            [
              -38.53630974,
              -3.73345552
            ],
            [
              -38.53621816,
              -3.73314758
            ],
            [
              -38.53618484,
              -3.73304475
            ],
            [
              -38.53605217,
              -3.73308554
            ],
            [
              -38.53591701,
              -3.73312557
            ],
            [
              -38.53485535,
              -3.73346457
            ],
            [
              -38.53400855,
              -3.73373218
            ],
            [
              -38.532779,
              -3.7341314
            ],
            [
              -38.53236075,
              -3.73426069
            ],
            [
              -38.5318948,
              -3.73440186
            ],
            [
              -38.53115642,
              -3.73462557
            ],
            [
              -38.53062559,
              -3.73478898
            ],
            [
              -38.52864889,
              -3.73541772
            ],
            [
              -38.52766578,
              -3.73572487
            ],
            [
              -38.52659136,
              -3.7360668
            ],
            [
              -38.52579053,
              -3.73632079
            ],
            [
              -38.52528686,
              -3.73647928
            ],
            [
              -38.52424812,
              -3.73680315
            ],
            [
              -38.52392831,
              -3.73690353
            ]
          ]
        ]
      },
      "geometry_name": "The_geom",
      "properties": {
        "id": 4,
        "nome": "Distrito 4",
        "area_ha": "5961",
        "fonte": "SME - Secretaria Municipal de Educação de Fortaleza",
        "ano_ref": 2023,
        "data_atual": "08/Ago/2023",
        "epsg_codif": "EPSG: 31984 (SIRGAS 2000 - UTM 24S); Codificação: UTF-8"
      }
    },
    {
      "type": "Feature",
      "properties": {
        "CI_UNIDADE_TRABALHO": 245,
        "ESCOLA": "ESCOLA MUNICIPAL VICENTE FIALHO",
        "DIST": "DIST4",
        "DISTRITO": "DISTRITO 4"
      },
      "geometry": {
        "type": "Point",
        "coordinates": [
          -38.55476,
          -3.76142
        ]
      }
    },
    {
      "type": "Feature",
      "properties": {
        "CI_UNIDADE_TRABALHO": 252,
        "ESCOLA": "ESCOLA MUNICIPAL DELMA HERMINIA DA SILVA PEREIRA",
        "DIST": "DIST4",
        "DISTRITO": "DISTRITO 4"
      },
      "geometry": {
        "type": "Point",
        "coordinates": [
          -38.53048,
          -3.82824
        ]
      }
    },
    {
      "type": "Feature",
      "properties": {
        "CI_UNIDADE_TRABALHO": 277,
        "ESCOLA": "ESCOLA MUNICIPAL ABDENAGO DA ROCHA LIMA",
        "DIST": "DIST4",
        "DISTRITO": "DISTRITO 4"
      },
      "geometry": {
        "type": "Point",
        "coordinates": [
          -38.54444,
          -3.80169
        ]
      }
    },
    {
      "type": "Feature",
      "properties": {
        "CI_UNIDADE_TRABALHO": 179,
        "ESCOLA": "ESCOLA MUNICIPAL FRANCISCO NUNES CAVALCANTE",
        "DIST": "DIST4",
        "DISTRITO": "DISTRITO 4"
      },
      "geometry": {
        "type": "Point",
        "coordinates": [
          -38.55484,
          -3.82264
        ]
      }
    },
    {
      "type": "Feature",
      "properties": {
        "CI_UNIDADE_TRABALHO": 194,
        "ESCOLA": "ESCOLA MUNICIPAL INFANTE ROSALINA RODRIGUES",
        "DIST": "DIST4",
        "DISTRITO": "DISTRITO 4"
      },
      "geometry": {
        "type": "Point",
        "coordinates": [
          -38.54886,
          -3.80676
        ]
      }
    },
    {
      "type": "Feature",
      "properties": {
        "CI_UNIDADE_TRABALHO": 418,
        "ESCOLA": "CENTRO DE EDUCACAO INFANTIL ODILON GONZAGA BRAVEZA - UNID II",
        "DIST": "DIST4",
        "DISTRITO": "DISTRITO 4"
      },
      "geometry": {
        "type": "Point",
        "coordinates": [
          -38.51802,
          -3.80088
        ]
      }
    },
    {
      "type": "Feature",
      "properties": {
        "CI_UNIDADE_TRABALHO": 548,
        "ESCOLA": "CRECHE INES BRASIL",
        "DIST": "DIST4",
        "DISTRITO": "DISTRITO 4"
      },
      "geometry": {
        "type": "Point",
        "coordinates": [
          -38.53692,
          -3.81239
        ]
      }
    },
    {
      "type": "Feature",
      "properties": {
        "CI_UNIDADE_TRABALHO": 579,
        "ESCOLA": "CRECHE ANDRE LUIS",
        "DIST": "DIST4",
        "DISTRITO": "DISTRITO 4"
      },
      "geometry": {
        "type": "Point",
        "coordinates": [
          -38.53329,
          -3.82775
        ]
      }
    },
    {
      "type": "Feature",
      "properties": {
        "CI_UNIDADE_TRABALHO": 702,
        "ESCOLA": "ESCOLA MUNICIPAL DE TEMPO INTEGRAL EDUCACAO BILINGUE FRANCISCO SUDERLAND BASTOS MOTA",
        "DIST": "DIST4",
        "DISTRITO": "DISTRITO 4"
      },
      "geometry": {
        "type": "Point",
        "coordinates": [
          -38.55373,
          -3.80518
        ]
      }
    },
    {
      "type": "Feature",
      "properties": {
        "CI_UNIDADE_TRABALHO": 150,
        "ESCOLA": "ESCOLA MUNICIPAL DE TEMPO INTEGRAL DIOGO VITAL DE SIQUEIRA",
        "DIST": "DIST4",
        "DISTRITO": "DISTRITO 4"
      },
      "geometry": {
        "type": "Point",
        "coordinates": [
          -38.55495,
          -3.82663
        ]
      }
    },
    {
      "type": "Feature",
      "properties": {
        "CI_UNIDADE_TRABALHO": 359,
        "ESCOLA": "ESCOLA MUNICIPAL RAIMUNDO DE MOURA MATOS",
        "DIST": "DIST4",
        "DISTRITO": "DISTRITO 4"
      },
      "geometry": {
        "type": "Point",
        "coordinates": [
          -38.53747,
          -3.81373
        ]
      }
    },
    {
      "type": "Feature",
      "properties": {
        "CI_UNIDADE_TRABALHO": 937,
        "ESCOLA": "ESCOLA MUNICIPAL DE TEMPO INTEGRAL LEONEL DE MOURA BRIZOLA",
        "DIST": "DIST4",
        "DISTRITO": "DISTRITO 4"
      },
      "geometry": {
        "type": "Point",
        "coordinates": [
          -38.56886,
          -3.83419
        ]
      }
    },
    {
      "type": "Feature",
      "properties": {
        "CI_UNIDADE_TRABALHO": 97,
        "ESCOLA": "ESCOLA MUNICIPAL IRMA GIULIANA GALLI",
        "DIST": "DIST4",
        "DISTRITO": "DISTRITO 4"
      },
      "geometry": {
        "type": "Point",
        "coordinates": [
          -38.54973,
          -3.78402
        ]
      }
    },
    {
      "type": "Feature",
      "properties": {
        "CI_UNIDADE_TRABALHO": 833,
        "ESCOLA": "CENTRO DE EDUCACAO INFANTIL AUGUSTO PONTES",
        "DIST": "DIST4",
        "DISTRITO": "DISTRITO 4"
      },
      "geometry": {
        "type": "Point",
        "coordinates": [
          -38.56005,
          -3.80163
        ]
      }
    },
    {
      "type": "Feature",
      "properties": {
        "CI_UNIDADE_TRABALHO": 874,
        "ESCOLA": "ESCOLA MUNICIPAL NELSON MANDELA",
        "DIST": "DIST4",
        "DISTRITO": "DISTRITO 4"
      },
      "geometry": {
        "type": "Point",
        "coordinates": [
          -38.55542,
          -3.82941
        ]
      }
    },
    {
      "type": "Feature",
      "properties": {
        "CI_UNIDADE_TRABALHO": 341,
        "ESCOLA": "ESCOLA MUNICIPAL MANUEL LIMA SOARES",
        "DIST": "DIST4",
        "DISTRITO": "DISTRITO 4"
      },
      "geometry": {
        "type": "Point",
        "coordinates": [
          -38.54598,
          -3.79921
        ]
      }
    },
    {
      "type": "Feature",
      "properties": {
        "CI_UNIDADE_TRABALHO": 1273,
        "ESCOLA": "PROGRAMA ESCOLA ARENINHA CAMPO AEROPORTO",
        "DIST": "DIST4",
        "DISTRITO": "DISTRITO 4"
      },
      "geometry": {
        "type": "Point",
        "coordinates": [
          -38.528756,
          -3.761772
        ]
      }
    },
    {
      "type": "Feature",
      "properties": {
        "CI_UNIDADE_TRABALHO": 1283,
        "ESCOLA": "PROGRAMA ESCOLA ARENINHA SERRINHA",
        "DIST": "DIST4",
        "DISTRITO": "DISTRITO 4"
      },
      "geometry": {
        "type": "Point",
        "coordinates": [
          -38.535072,
          -3.790978
        ]
      }
    },
    {
      "type": "Feature",
      "properties": {
        "CI_UNIDADE_TRABALHO": 539,
        "ESCOLA": "CRECHE NOVO AMANHECER",
        "DIST": "DIST4",
        "DISTRITO": "DISTRITO 4"
      },
      "geometry": {
        "type": "Point",
        "coordinates": [
          -38.52778,
          -3.81405
        ]
      }
    },
    {
      "type": "Feature",
      "properties": {
        "CI_UNIDADE_TRABALHO": 476,
        "ESCOLA": "CENTRO DE EDUCACAO INFANTIL FILGUEIRAS LIMA",
        "DIST": "DIST4",
        "DISTRITO": "DISTRITO 4"
      },
      "geometry": {
        "type": "Point",
        "coordinates": [
          -38.53864,
          -3.75258
        ]
      }
    },
    {
      "type": "Feature",
      "properties": {
        "CI_UNIDADE_TRABALHO": 270,
        "ESCOLA": "ESCOLA MUNICIPAL HAROLDO JORGE BRAUN VIEIRA",
        "DIST": "DIST4",
        "DISTRITO": "DISTRITO 4"
      },
      "geometry": {
        "type": "Point",
        "coordinates": [
          -38.5281,
          -3.77323
        ]
      }
    },
    {
      "type": "Feature",
      "properties": {
        "CI_UNIDADE_TRABALHO": 279,
        "ESCOLA": "ESCOLA MUNICIPAL CLAUDIO MARTINS",
        "DIST": "DIST4",
        "DISTRITO": "DISTRITO 4"
      },
      "geometry": {
        "type": "Point",
        "coordinates": [
          -38.55852,
          -3.77292
        ]
      }
    },
    {
      "type": "Feature",
      "properties": {
        "CI_UNIDADE_TRABALHO": 424,
        "ESCOLA": "CENTRO DE EDUCACAO INFANTIL VICENTE FIALHO",
        "DIST": "DIST4",
        "DISTRITO": "DISTRITO 4"
      },
      "geometry": {
        "type": "Point",
        "coordinates": [
          -38.55492,
          -3.76187
        ]
      }
    },
    {
      "type": "Feature",
      "properties": {
        "CI_UNIDADE_TRABALHO": 464,
        "ESCOLA": "CENTRO DE EDUCACAO INFANTIL MARIA DE CARVALHO MARTINS",
        "DIST": "DIST4",
        "DISTRITO": "DISTRITO 4"
      },
      "geometry": {
        "type": "Point",
        "coordinates": [
          -38.53792,
          -3.7921
        ]
      }
    },
    {
      "type": "Feature",
      "properties": {
        "CI_UNIDADE_TRABALHO": 544,
        "ESCOLA": "CRECHE SEMENTE DO AMANHA",
        "DIST": "DIST4",
        "DISTRITO": "DISTRITO 4"
      },
      "geometry": {
        "type": "Point",
        "coordinates": [
          -38.52784,
          -3.78546
        ]
      }
    },
    {
      "type": "Feature",
      "properties": {
        "CI_UNIDADE_TRABALHO": 546,
        "ESCOLA": "CRECHE PARAISO DA CRIANCA",
        "DIST": "DIST4",
        "DISTRITO": "DISTRITO 4"
      },
      "geometry": {
        "type": "Point",
        "coordinates": [
          -38.57771,
          -3.78559
        ]
      }
    },
    {
      "type": "Feature",
      "properties": {
        "CI_UNIDADE_TRABALHO": 748,
        "ESCOLA": "CRECHE AMANHECER FELIZ",
        "DIST": "DIST4",
        "DISTRITO": "DISTRITO 4"
      },
      "geometry": {
        "type": "Point",
        "coordinates": [
          -38.55401,
          -3.82334
        ]
      }
    },
    {
      "type": "Feature",
      "properties": {
        "CI_UNIDADE_TRABALHO": 133,
        "ESCOLA": "ESCOLA MUNICIPAL WALDEMAR BARROSO",
        "DIST": "DIST4",
        "DISTRITO": "DISTRITO 4"
      },
      "geometry": {
        "type": "Point",
        "coordinates": [
          -38.54906,
          -3.77846
        ]
      }
    },
    {
      "type": "Feature",
      "properties": {
        "CI_UNIDADE_TRABALHO": 357,
        "ESCOLA": "ESCOLA MUNICIPAL PAULO SERGIO DE SOUSA LIRA",
        "DIST": "DIST4",
        "DISTRITO": "DISTRITO 4"
      },
      "geometry": {
        "type": "Point",
        "coordinates": [
          -38.51814,
          -3.81262
        ]
      }
    },
    {
      "type": "Feature",
      "properties": {
        "CI_UNIDADE_TRABALHO": 1016,
        "ESCOLA": "CENTRO DE EDUCACAO INFANTIL VEREADOR FRANCISCO ANTONIO MARTINS NOGUEIRA",
        "DIST": "DIST4",
        "DISTRITO": "DISTRITO 4"
      },
      "geometry": {
        "type": "Point",
        "coordinates": [
          -38.56094,
          -3.79215
        ]
      }
    },
    {
      "type": "Feature",
      "properties": {
        "CI_UNIDADE_TRABALHO": 782,
        "ESCOLA": "CENTRO DE EDUCACAO INFANTIL FILGUEIRAS LIMA - UNID II",
        "DIST": "DIST4",
        "DISTRITO": "DISTRITO 4"
      },
      "geometry": {
        "type": "Point",
        "coordinates": [
          -38.53783,
          -3.75089
        ]
      }
    },
    {
      "type": "Feature",
      "properties": {
        "CI_UNIDADE_TRABALHO": 1032,
        "ESCOLA": "CENTRO DE EDUCACAO INFANTIL PETRONILLA ISONNI",
        "DIST": "DIST4",
        "DISTRITO": "DISTRITO 4"
      },
      "geometry": {
        "type": "Point",
        "coordinates": [
          -38.5283,
          -3.7726
        ]
      }
    },
    {
      "type": "Feature",
      "properties": {
        "CI_UNIDADE_TRABALHO": 1109,
        "ESCOLA": "CENTRO DE EDUCACAO INFANTIL JOSIAS RABELO SANTOS",
        "DIST": "DIST4",
        "DISTRITO": "DISTRITO 4"
      },
      "geometry": {
        "type": "Point",
        "coordinates": [
          -38.5542,
          -3.84748
        ]
      }
    },
    {
      "type": "Feature",
      "properties": {
        "CI_UNIDADE_TRABALHO": 1258,
        "ESCOLA": "PROGRAMA ESCOLA ARENINHA SERRINHA (SERROTE)",
        "DIST": "DIST4",
        "DISTRITO": "DISTRITO 4"
      },
      "geometry": {
        "type": "Point",
        "coordinates": [
          -38.538813,
          -3.78415
        ]
      }
    },
    {
      "type": "Feature",
      "properties": {
        "CI_UNIDADE_TRABALHO": 294,
        "ESCOLA": "ESCOLA MUNICIPAL PADRE FELICE PISTONE",
        "DIST": "DIST4",
        "DISTRITO": "DISTRITO 4"
      },
      "geometry": {
        "type": "Point",
        "coordinates": [
          -38.5492,
          -3.75709
        ]
      }
    },
    {
      "type": "Feature",
      "properties": {
        "CI_UNIDADE_TRABALHO": 373,
        "ESCOLA": "CENTRO DE EDUCAÇÃO INFANTIL INFANTE ROSALINA RODRIGUES",
        "DIST": "DIST4",
        "DISTRITO": "DISTRITO 4"
      },
      "geometry": {
        "type": "Point",
        "coordinates": [
          -38.54842,
          -3.80695
        ]
      }
    },
    {
      "type": "Feature",
      "properties": {
        "CI_UNIDADE_TRABALHO": 297,
        "ESCOLA": "ESCOLA MUNICIPAL ANDRE LUIS",
        "DIST": "DIST4",
        "DISTRITO": "DISTRITO 4"
      },
      "geometry": {
        "type": "Point",
        "coordinates": [
          -38.53326,
          -3.82739
        ]
      }
    },
    {
      "type": "Feature",
      "properties": {
        "CI_UNIDADE_TRABALHO": 178,
        "ESCOLA": "ESCOLA MUNICIPAL ARI DE SA CAVALCANTE",
        "DIST": "DIST4",
        "DISTRITO": "DISTRITO 4"
      },
      "geometry": {
        "type": "Point",
        "coordinates": [
          -38.55935,
          -3.84087
        ]
      }
    },
    {
      "type": "Feature",
      "properties": {
        "CI_UNIDADE_TRABALHO": 458,
        "ESCOLA": "CENTRO DE EDUCACAO INFANTIL RACHEL DE QUEIROZ *",
        "DIST": "DIST4",
        "DISTRITO": "DISTRITO 4"
      },
      "geometry": {
        "type": "Point",
        "coordinates": [
          -38.55718,
          -3.82957
        ]
      }
    },
    {
      "type": "Feature",
      "properties": {
        "CI_UNIDADE_TRABALHO": 120,
        "ESCOLA": "ESCOLA MUNICIPAL GEISA FIRMO GONCALVES",
        "DIST": "DIST4",
        "DISTRITO": "DISTRITO 4"
      },
      "geometry": {
        "type": "Point",
        "coordinates": [
          -38.56614,
          -3.83203
        ]
      }
    },
    {
      "type": "Feature",
      "properties": {
        "CI_UNIDADE_TRABALHO": 538,
        "ESCOLA": "CRECHE REGINA DE FATIMA",
        "DIST": "DIST4",
        "DISTRITO": "DISTRITO 4"
      },
      "geometry": {
        "type": "Point",
        "coordinates": [
          -38.52627,
          -3.81242
        ]
      }
    },
    {
      "type": "Feature",
      "properties": {
        "CI_UNIDADE_TRABALHO": 406,
        "ESCOLA": "CENTRO DE EDUCACAO INFANTIL MARIA ZELIA CORREIA DE SOUZA",
        "DIST": "DIST4",
        "DISTRITO": "DISTRITO 4"
      },
      "geometry": {
        "type": "Point",
        "coordinates": [
          -38.57036,
          -3.8312
        ]
      }
    },
    {
      "type": "Feature",
      "properties": {
        "CI_UNIDADE_TRABALHO": 888,
        "ESCOLA": "ESCOLA MUNICIPAL JORNALISTA DURVAL AIRES",
        "DIST": "DIST4",
        "DISTRITO": "DISTRITO 4"
      },
      "geometry": {
        "type": "Point",
        "coordinates": [
          -38.5779,
          -3.83534
        ]
      }
    },
    {
      "type": "Feature",
      "properties": {
        "CI_UNIDADE_TRABALHO": 891,
        "ESCOLA": "ESCOLA MUNICIPAL MARIA MARQUES CEDRO",
        "DIST": "DIST4",
        "DISTRITO": "DISTRITO 4"
      },
      "geometry": {
        "type": "Point",
        "coordinates": [
          -38.57599,
          -3.83637
        ]
      }
    },
    {
      "type": "Feature",
      "properties": {
        "CI_UNIDADE_TRABALHO": 990,
        "ESCOLA": "CENTRO DE EDUCACAO INFANTIL FRANCISCO SALES FERNANDES",
        "DIST": "DIST4",
        "DISTRITO": "DISTRITO 4"
      },
      "geometry": {
        "type": "Point",
        "coordinates": [
          -38.55417,
          -3.82294
        ]
      }
    },
    {
      "type": "Feature",
      "properties": {
        "CI_UNIDADE_TRABALHO": 781,
        "ESCOLA": "CENTRO DE EDUCACAO INFANTIL TEODORA MARIA DA SILVA",
        "DIST": "DIST4",
        "DISTRITO": "DISTRITO 4"
      },
      "geometry": {
        "type": "Point",
        "coordinates": [
          -38.51538,
          -3.79461
        ]
      }
    },
    {
      "type": "Feature",
      "properties": {
        "CI_UNIDADE_TRABALHO": 966,
        "ESCOLA": "CRECHE PEQUENOS PASSINHOS",
        "DIST": "DIST4",
        "DISTRITO": "DISTRITO 4"
      },
      "geometry": {
        "type": "Point",
        "coordinates": [
          -38.5207,
          -3.78628
        ]
      }
    },
    {
      "type": "Feature",
      "properties": {
        "CI_UNIDADE_TRABALHO": 836,
        "ESCOLA": "CENTRO DE EDUCACAO INFANTIL AUDIFAX RIOS",
        "DIST": "DIST4",
        "DISTRITO": "DISTRITO 4"
      },
      "geometry": {
        "type": "Point",
        "coordinates": [
          -38.52549,
          -3.78757
        ]
      }
    },
    {
      "type": "Feature",
      "properties": {
        "CI_UNIDADE_TRABALHO": 962,
        "ESCOLA": "CENTRO DE EDUCACAO INFANTIL ARIEVALDO VIANA",
        "DIST": "DIST4",
        "DISTRITO": "DISTRITO 4"
      },
      "geometry": {
        "type": "Point",
        "coordinates": [
          -38.56479,
          -3.83482
        ]
      }
    },
    {
      "type": "Feature",
      "properties": {
        "CI_UNIDADE_TRABALHO": 1106,
        "ESCOLA": "CENTRO DE EDUCACAO INFANTIL FRANCISCA RODRIGUES DE SOUSA",
        "DIST": "DIST4",
        "DISTRITO": "DISTRITO 4"
      },
      "geometry": {
        "type": "Point",
        "coordinates": [
          -38.54849,
          -3.79926
        ]
      }
    },
    {
      "type": "Feature",
      "properties": {
        "CI_UNIDADE_TRABALHO": 1171,
        "ESCOLA": "ESCOLA MUNICIPAL EPITACIO PAULA DE SOUSA",
        "DIST": "DIST4",
        "DISTRITO": "DISTRITO 4"
      },
      "geometry": {
        "type": "Point",
        "coordinates": [
          -38.551879,
          -3.838374
        ]
      }
    },
    {
      "type": "Feature",
      "properties": {
        "CI_UNIDADE_TRABALHO": 1294,
        "ESCOLA": "CRECHE CASTELINHO",
        "DIST": "DIST4",
        "DISTRITO": "DISTRITO 4"
      },
      "geometry": {
        "type": "Point",
        "coordinates": [
          -38.546422,
          -3.768648
        ]
      }
    },
    {
      "type": "Feature",
      "properties": {
        "CI_UNIDADE_TRABALHO": 1307,
        "ESCOLA": "CRECHE TIA LELEU III",
        "DIST": "DIST4",
        "DISTRITO": "DISTRITO 4"
      },
      "geometry": {
        "type": "Point",
        "coordinates": [
          -38.556658,
          -3.827484
        ]
      }
    },
    {
      "type": "Feature",
      "properties": {
        "CI_UNIDADE_TRABALHO": 1308,
        "ESCOLA": "CRECHE TIA TEREZINHA",
        "DIST": "DIST4",
        "DISTRITO": "DISTRITO 4"
      },
      "geometry": {
        "type": "Point",
        "coordinates": [
          -38.569426,
          -3.834854
        ]
      }
    },
    {
      "type": "Feature",
      "properties": {
        "CI_UNIDADE_TRABALHO": 457,
        "ESCOLA": "CENTRO DE EDUCACAO INFANTIL PEDRO BOCA RICA",
        "DIST": "DIST4",
        "DISTRITO": "DISTRITO 4"
      },
      "geometry": {
        "type": "Point",
        "coordinates": [
          -38.55207,
          -3.83902
        ]
      }
    },
    {
      "type": "Feature",
      "properties": {
        "CI_UNIDADE_TRABALHO": 1040,
        "ESCOLA": "ESCOLA MUNICIPAL PROFESSOR NOBERTO NOGUEIRA ALVES",
        "DIST": "DIST4",
        "DISTRITO": "DISTRITO 4"
      },
      "geometry": {
        "type": "Point",
        "coordinates": [
          -38.55364,
          -3.84743
        ]
      }
    },
    {
      "type": "Feature",
      "properties": {
        "CI_UNIDADE_TRABALHO": 421,
        "ESCOLA": "CENTRO DE EDUCACAO INFANTIL TEODORICO BARROSO",
        "DIST": "DIST4",
        "DISTRITO": "DISTRITO 4"
      },
      "geometry": {
        "type": "Point",
        "coordinates": [
          -38.53617,
          -3.76643
        ]
      }
    },
    {
      "type": "Feature",
      "properties": {
        "CI_UNIDADE_TRABALHO": 1274,
        "ESCOLA": "PROGRAMA ESCOLA ARENINHA BENFICA",
        "DIST": "DIST4",
        "DISTRITO": "DISTRITO 4"
      },
      "geometry": {
        "type": "Point",
        "coordinates": [
          -38.537147,
          -3.749872
        ]
      }
    },
    {
      "type": "Feature",
      "properties": {
        "CI_UNIDADE_TRABALHO": 1295,
        "ESCOLA": "CRECHE ESCOLA INFANCIA FELIZ",
        "DIST": "DIST4",
        "DISTRITO": "DISTRITO 4"
      },
      "geometry": {
        "type": "Point",
        "coordinates": [
          -38.549783,
          -3.781786
        ]
      }
    },
    {
      "type": "Feature",
      "properties": {
        "CI_UNIDADE_TRABALHO": 208,
        "ESCOLA": "ESCOLA MUNICIPAL PROJETO NASCENTE",
        "DIST": "DIST4",
        "DISTRITO": "DISTRITO 4"
      },
      "geometry": {
        "type": "Point",
        "coordinates": [
          -38.55416,
          -3.7945
        ]
      }
    },
    {
      "type": "Feature",
      "properties": {
        "CI_UNIDADE_TRABALHO": 198,
        "ESCOLA": "ESCOLA MUNICIPAL PAPA JOAO XXIII",
        "DIST": "DIST4",
        "DISTRITO": "DISTRITO 4"
      },
      "geometry": {
        "type": "Point",
        "coordinates": [
          -38.53399,
          -3.76359
        ]
      }
    },
    {
      "type": "Feature",
      "properties": {
        "CI_UNIDADE_TRABALHO": 436,
        "ESCOLA": "CENTRO DE EDUCACAO INFANTIL MANUEL LIMA SOARES",
        "DIST": "DIST4",
        "DISTRITO": "DISTRITO 4"
      },
      "geometry": {
        "type": "Point",
        "coordinates": [
          -38.5468,
          -3.79925
        ]
      }
    },
    {
      "type": "Feature",
      "properties": {
        "CI_UNIDADE_TRABALHO": 622,
        "ESCOLA": "CENTRO DE EDUCACAO INFANTIL MARIA DE CARVALHO MARTINS - UNID II",
        "DIST": "DIST4",
        "DISTRITO": "DISTRITO 4"
      },
      "geometry": {
        "type": "Point",
        "coordinates": [
          -38.53482,
          -3.7904
        ]
      }
    },
    {
      "type": "Feature",
      "properties": {
        "CI_UNIDADE_TRABALHO": 480,
        "ESCOLA": "CAEE-INSTITUTO MOREIRA DE SOUZA",
        "DIST": "DIST4",
        "DISTRITO": "DISTRITO 4"
      },
      "geometry": {
        "type": "Point",
        "coordinates": [
          -38.53823,
          -3.79079
        ]
      }
    },
    {
      "type": "Feature",
      "properties": {
        "CI_UNIDADE_TRABALHO": 110,
        "ESCOLA": "ESCOLA MUNICIPAL GENERAL MANOEL CORDEIRO NETO",
        "DIST": "DIST4",
        "DISTRITO": "DISTRITO 4"
      },
      "geometry": {
        "type": "Point",
        "coordinates": [
          -38.53328,
          -3.76848
        ]
      }
    },
    {
      "type": "Feature",
      "properties": {
        "CI_UNIDADE_TRABALHO": 965,
        "ESCOLA": "CRECHE PLANETA DE CORES",
        "DIST": "DIST4",
        "DISTRITO": "DISTRITO 4"
      },
      "geometry": {
        "type": "Point",
        "coordinates": [
          -38.55463,
          -3.83097
        ]
      }
    },
    {
      "type": "Feature",
      "properties": {
        "CI_UNIDADE_TRABALHO": 820,
        "ESCOLA": "PROGRAMA INTEGRACAO 23° BC",
        "DIST": "DIST4",
        "DISTRITO": "DISTRITO 4"
      },
      "geometry": {
        "type": "Point",
        "coordinates": [
          -38.534772,
          -3.746797
        ]
      }
    },
    {
      "type": "Feature",
      "properties": {
        "CI_UNIDADE_TRABALHO": 465,
        "ESCOLA": "CENTRO DE EDUCACAO INFANTIL MARCOS VALENTIM PEREIRA DE SOUZA",
        "DIST": "DIST4",
        "DISTRITO": "DISTRITO 4"
      },
      "geometry": {
        "type": "Point",
        "coordinates": [
          -38.54262,
          -3.7827
        ]
      }
    },
    {
      "type": "Feature",
      "properties": {
        "CI_UNIDADE_TRABALHO": 919,
        "ESCOLA": "PROGRAMA INTEGRACAO IDIOMAS - IMPARH",
        "DIST": "DIST4",
        "DISTRITO": "DISTRITO 4"
      },
      "geometry": {
        "type": "Point",
        "coordinates": [
          -38.555585,
          -3.760982
        ]
      }
    },
    {
      "type": "Feature",
      "properties": {
        "CI_UNIDADE_TRABALHO": 887,
        "ESCOLA": "ESCOLA MUNICIPAL HEITOR VILLA LOBOS",
        "DIST": "DIST4",
        "DISTRITO": "DISTRITO 4"
      },
      "geometry": {
        "type": "Point",
        "coordinates": [
          -38.5806,
          -3.83807
        ]
      }
    },
    {
      "type": "Feature",
      "properties": {
        "CI_UNIDADE_TRABALHO": 1108,
        "ESCOLA": "CENTRO DE EDUCACAO INFANTIL PROFESSOR FRANCISCO ROSELY DINIZ",
        "DIST": "DIST4",
        "DISTRITO": "DISTRITO 4"
      },
      "geometry": {
        "type": "Point",
        "coordinates": [
          -38.54493,
          -3.82867
        ]
      }
    },
    {
      "type": "Feature",
      "properties": {
        "CI_UNIDADE_TRABALHO": 1125,
        "ESCOLA": "CRECHE VILA DA CRIANCA",
        "DIST": "DIST4",
        "DISTRITO": "DISTRITO 4"
      },
      "geometry": {
        "type": "Point",
        "coordinates": [
          -38.53758,
          -3.76606
        ]
      }
    },
    {
      "type": "Feature",
      "properties": {
        "CI_UNIDADE_TRABALHO": 1126,
        "ESCOLA": "CRECHE DOMINGOS SAVIO",
        "DIST": "DIST4",
        "DISTRITO": "DISTRITO 4"
      },
      "geometry": {
        "type": "Point",
        "coordinates": [
          -38.53105,
          -3.7684
        ]
      }
    },
    {
      "type": "Feature",
      "properties": {
        "CI_UNIDADE_TRABALHO": 394,
        "ESCOLA": "CENTRO DE EDUCACAO INFANTIL ALGODAO DOCE",
        "DIST": "DIST4",
        "DISTRITO": "DISTRITO 4"
      },
      "geometry": {
        "type": "Point",
        "coordinates": [
          -38.55951,
          -3.77771
        ]
      }
    },
    {
      "type": "Feature",
      "properties": {
        "CI_UNIDADE_TRABALHO": 1194,
        "ESCOLA": "CRECHE JOSEFA SANTOS",
        "DIST": "DIST4",
        "DISTRITO": "DISTRITO 4"
      },
      "geometry": {
        "type": "Point",
        "coordinates": [
          -38.567742,
          -3.838447
        ]
      }
    },
    {
      "type": "Feature",
      "properties": {
        "CI_UNIDADE_TRABALHO": 246,
        "ESCOLA": "ESCOLA MUNICIPAL PROFESSOR JOAO HIPOLYTO DE AZEVEDO E SA",
        "DIST": "DIST4",
        "DISTRITO": "DISTRITO 4"
      },
      "geometry": {
        "type": "Point",
        "coordinates": [
          -38.52707,
          -3.78857
        ]
      }
    },
    {
      "type": "Feature",
      "properties": {
        "CI_UNIDADE_TRABALHO": 261,
        "ESCOLA": "ESCOLA MUNICIPAL PROFESSORA VANIA MARIA NEVES FACO BARROS",
        "DIST": "DIST4",
        "DISTRITO": "DISTRITO 4"
      },
      "geometry": {
        "type": "Point",
        "coordinates": [
          -38.523165,
          -3.758965
        ]
      }
    },
    {
      "type": "Feature",
      "properties": {
        "CI_UNIDADE_TRABALHO": 264,
        "ESCOLA": "ESCOLA MUNICIPAL ROGACIANO LEITE",
        "DIST": "DIST4",
        "DISTRITO": "DISTRITO 4"
      },
      "geometry": {
        "type": "Point",
        "coordinates": [
          -38.55831,
          -3.83779
        ]
      }
    },
    {
      "type": "Feature",
      "properties": {
        "CI_UNIDADE_TRABALHO": 318,
        "ESCOLA": "ESCOLA MUNICIPAL MINHA VIDA MEUS AMORES",
        "DIST": "DIST4",
        "DISTRITO": "DISTRITO 4"
      },
      "geometry": {
        "type": "Point",
        "coordinates": [
          -38.55599,
          -3.83129
        ]
      }
    },
    {
      "type": "Feature",
      "properties": {
        "CI_UNIDADE_TRABALHO": 172,
        "ESCOLA": "ESCOLA MUNICIPAL ZAIRA MONTEIRO GONDIM",
        "DIST": "DIST4",
        "DISTRITO": "DISTRITO 4"
      },
      "geometry": {
        "type": "Point",
        "coordinates": [
          -38.54397,
          -3.79246
        ]
      }
    },
    {
      "type": "Feature",
      "properties": {
        "CI_UNIDADE_TRABALHO": 173,
        "ESCOLA": "ESCOLA MUNICIPAL MARIA DE CARVALHO MARTINS",
        "DIST": "DIST4",
        "DISTRITO": "DISTRITO 4"
      },
      "geometry": {
        "type": "Point",
        "coordinates": [
          -38.53758,
          -3.79172
        ]
      }
    },
    {
      "type": "Feature",
      "properties": {
        "CI_UNIDADE_TRABALHO": 183,
        "ESCOLA": "ESCOLA MUNICIPAL THOMAZ POMPEU SOBRINHO",
        "DIST": "DIST4",
        "DISTRITO": "DISTRITO 4"
      },
      "geometry": {
        "type": "Point",
        "coordinates": [
          -38.56073,
          -3.78479
        ]
      }
    },
    {
      "type": "Feature",
      "properties": {
        "CI_UNIDADE_TRABALHO": 407,
        "ESCOLA": "CENTRO DE EDUCACAO INFANTIL JORNALISTA IVONETE MAIA",
        "DIST": "DIST4",
        "DISTRITO": "DISTRITO 4"
      },
      "geometry": {
        "type": "Point",
        "coordinates": [
          -38.51622,
          -3.80979
        ]
      }
    },
    {
      "type": "Feature",
      "properties": {
        "CI_UNIDADE_TRABALHO": 408,
        "ESCOLA": "CENTRO DE EDUCACAO INFANTIL FRANCISCO ANDRADE TEOFILO GIRAO",
        "DIST": "DIST4",
        "DISTRITO": "DISTRITO 4"
      },
      "geometry": {
        "type": "Point",
        "coordinates": [
          -38.52352,
          -3.81454
        ]
      }
    },
    {
      "type": "Feature",
      "properties": {
        "CI_UNIDADE_TRABALHO": 851,
        "ESCOLA": "CENTRO DE EDUCACAO INFANTIL PROFESSOR ERASMO DA SILVA PITOMBEIRA",
        "DIST": "DIST4",
        "DISTRITO": "DISTRITO 4"
      },
      "geometry": {
        "type": "Point",
        "coordinates": [
          -38.54841,
          -3.80469
        ]
      }
    },
    {
      "type": "Feature",
      "properties": {
        "CI_UNIDADE_TRABALHO": 938,
        "ESCOLA": "CRECHE NOSSO JARDIM",
        "DIST": "DIST4",
        "DISTRITO": "DISTRITO 4"
      },
      "geometry": {
        "type": "Point",
        "coordinates": [
          -38.54575,
          -3.75356
        ]
      }
    },
    {
      "type": "Feature",
      "properties": {
        "CI_UNIDADE_TRABALHO": 917,
        "ESCOLA": "CENTRO DE EDUCACAO INFANTIL PROFESSOR CARLOS ROBERTO MARTINS RODRIGUES",
        "DIST": "DIST4",
        "DISTRITO": "DISTRITO 4"
      },
      "geometry": {
        "type": "Point",
        "coordinates": [
          -38.55237,
          -3.84292
        ]
      }
    },
    {
      "type": "Feature",
      "properties": {
        "CI_UNIDADE_TRABALHO": 1168,
        "ESCOLA": "CENTRO DE EDUCACAO INFANTIL TEREZA D'ANA",
        "DIST": "DIST4",
        "DISTRITO": "DISTRITO 4"
      },
      "geometry": {
        "type": "Point",
        "coordinates": [
          -38.568625,
          -3.83356
        ]
      }
    },
    {
      "type": "Feature",
      "properties": {
        "CI_UNIDADE_TRABALHO": 425,
        "ESCOLA": "CENTRO DE EDUCACAO INFANTIL MARIA DAS DORES DE SOUSA SILVA",
        "DIST": "DIST4",
        "DISTRITO": "DISTRITO 4"
      },
      "geometry": {
        "type": "Point",
        "coordinates": [
          -38.53794,
          -3.81317
        ]
      }
    },
    {
      "type": "Feature",
      "properties": {
        "CI_UNIDADE_TRABALHO": 1280,
        "ESCOLA": "CRECHE MUNDO MAGICO",
        "DIST": "DIST4",
        "DISTRITO": "DISTRITO 4"
      },
      "geometry": {
        "type": "Point",
        "coordinates": [
          -38.551855,
          -3.764146
        ]
      }
    },
    {
      "type": "Feature",
      "properties": {
        "CI_UNIDADE_TRABALHO": 220,
        "ESCOLA": "ESCOLA MUNICIPAL FRANCISCO ANDRADE TEOFILO GIRAO",
        "DIST": "DIST4",
        "DISTRITO": "DISTRITO 4"
      },
      "geometry": {
        "type": "Point",
        "coordinates": [
          -38.52226,
          -3.81743
        ]
      }
    },
    {
      "type": "Feature",
      "properties": {
        "CI_UNIDADE_TRABALHO": 195,
        "ESCOLA": "ESCOLA MUNICIPAL PROFESSORA MARIA JOSE MACARIO COELHO",
        "DIST": "DIST4",
        "DISTRITO": "DISTRITO 4"
      },
      "geometry": {
        "type": "Point",
        "coordinates": [
          -38.54275,
          -3.82024
        ]
      }
    },
    {
      "type": "Feature",
      "properties": {
        "CI_UNIDADE_TRABALHO": 203,
        "ESCOLA": "ESCOLA MUNICIPAL ODILON GONZAGA BRAVEZA",
        "DIST": "DIST4",
        "DISTRITO": "DISTRITO 4"
      },
      "geometry": {
        "type": "Point",
        "coordinates": [
          -38.51872,
          -3.79283
        ]
      }
    },
    {
      "type": "Feature",
      "properties": {
        "CI_UNIDADE_TRABALHO": 545,
        "ESCOLA": "CRECHE RAINHA DA PAZ",
        "DIST": "DIST4",
        "DISTRITO": "DISTRITO 4"
      },
      "geometry": {
        "type": "Point",
        "coordinates": [
          -38.521401,
          -3.789551
        ]
      }
    },
    {
      "type": "Feature",
      "properties": {
        "CI_UNIDADE_TRABALHO": 88,
        "ESCOLA": "ESCOLA MUNICIPAL MONTEIRO LOBATO",
        "DIST": "DIST4",
        "DISTRITO": "DISTRITO 4"
      },
      "geometry": {
        "type": "Point",
        "coordinates": [
          -38.55922,
          -3.83249
        ]
      }
    },
    {
      "type": "Feature",
      "properties": {
        "CI_UNIDADE_TRABALHO": 116,
        "ESCOLA": "ESCOLA MUNICIPAL PROFESSOR JOSE VALDEVINO DE CARVALHO",
        "DIST": "DIST4",
        "DISTRITO": "DISTRITO 4"
      },
      "geometry": {
        "type": "Point",
        "coordinates": [
          -38.55893,
          -3.77572
        ]
      }
    },
    {
      "type": "Feature",
      "properties": {
        "CI_UNIDADE_TRABALHO": 148,
        "ESCOLA": "ESCOLA MUNICIPAL DE TEMPO INTEGRAL FILGUEIRAS LIMA",
        "DIST": "DIST4",
        "DISTRITO": "DISTRITO 4"
      },
      "geometry": {
        "type": "Point",
        "coordinates": [
          -38.53781,
          -3.75253
        ]
      }
    },
    {
      "type": "Feature",
      "properties": {
        "CI_UNIDADE_TRABALHO": 522,
        "ESCOLA": "CRECHE GIULIANA GALLI",
        "DIST": "DIST4",
        "DISTRITO": "DISTRITO 4"
      },
      "geometry": {
        "type": "Point",
        "coordinates": [
          -38.55012,
          -3.78266
        ]
      }
    },
    {
      "type": "Feature",
      "properties": {
        "CI_UNIDADE_TRABALHO": 347,
        "ESCOLA": "ESCOLA MUNICIPAL IMACULADA CONCEICAO",
        "DIST": "DIST4",
        "DISTRITO": "DISTRITO 4"
      },
      "geometry": {
        "type": "Point",
        "coordinates": [
          -38.53312,
          -3.82194
        ]
      }
    },
    {
      "type": "Feature",
      "properties": {
        "CI_UNIDADE_TRABALHO": 350,
        "ESCOLA": "ESCOLA MUNICIPAL SANTA TEREZINHA",
        "DIST": "DIST4",
        "DISTRITO": "DISTRITO 4"
      },
      "geometry": {
        "type": "Point",
        "coordinates": [
          -38.54932,
          -3.79734
        ]
      }
    },
    {
      "type": "Feature",
      "properties": {
        "CI_UNIDADE_TRABALHO": 882,
        "ESCOLA": "CRECHE GOTAS DE AMOR",
        "DIST": "DIST4",
        "DISTRITO": "DISTRITO 4"
      },
      "geometry": {
        "type": "Point",
        "coordinates": [
          -38.54958,
          -3.78429
        ]
      }
    },
    {
      "type": "Feature",
      "properties": {
        "CI_UNIDADE_TRABALHO": 846,
        "ESCOLA": "CRECHE CRIANCA ESPERANCA II",
        "DIST": "DIST4",
        "DISTRITO": "DISTRITO 4"
      },
      "geometry": {
        "type": "Point",
        "coordinates": [
          -38.57531,
          -3.83652
        ]
      }
    },
    {
      "type": "Feature",
      "properties": {
        "CI_UNIDADE_TRABALHO": 967,
        "ESCOLA": "CRECHE TIA LELEU II",
        "DIST": "DIST4",
        "DISTRITO": "DISTRITO 4"
      },
      "geometry": {
        "type": "Point",
        "coordinates": [
          -38.555,
          -3.81335
        ]
      }
    },
    {
      "type": "Feature",
      "properties": {
        "CI_UNIDADE_TRABALHO": 1291,
        "ESCOLA": "CENTRO DE EDUCACAO INFANTIL OTACILIO DE SA PEREIRA BESSA",
        "DIST": "DIST4",
        "DISTRITO": "DISTRITO 4"
      },
      "geometry": {
        "type": "Point",
        "coordinates": [
          -38.572686,
          -3.780902
        ]
      }
    },
    {
      "type": "Feature",
      "properties": {
        "CI_UNIDADE_TRABALHO": 1269,
        "ESCOLA": "PROGRAMA ESCOLA ARENINHA CAMPO JARDIM UNIÃO",
        "DIST": "DIST4",
        "DISTRITO": "DISTRITO 4"
      },
      "geometry": {
        "type": "Point",
        "coordinates": [
          -38.535942,
          -3.814482
        ]
      }
    },
    {
      "type": "Feature",
      "properties": {
        "CI_UNIDADE_TRABALHO": 207,
        "ESCOLA": "ESCOLA MUNICIPAL MADRE TERESA DE CALCUTA",
        "DIST": "DIST4",
        "DISTRITO": "DISTRITO 4"
      },
      "geometry": {
        "type": "Point",
        "coordinates": [
          -38.52192,
          -3.74974
        ]
      }
    },
    {
      "type": "Feature",
      "properties": {
        "CI_UNIDADE_TRABALHO": 214,
        "ESCOLA": "ESCOLA MUNICIPAL MOZART PINTO",
        "DIST": "DIST4",
        "DISTRITO": "DISTRITO 4"
      },
      "geometry": {
        "type": "Point",
        "coordinates": [
          -38.54005,
          -3.75412
        ]
      }
    },
    {
      "type": "Feature",
      "properties": {
        "CI_UNIDADE_TRABALHO": 222,
        "ESCOLA": "ESCOLA MUNICIPAL PROFESSORA MARIA STELLA COCHRANE SANTIAGO",
        "DIST": "DIST4",
        "DISTRITO": "DISTRITO 4"
      },
      "geometry": {
        "type": "Point",
        "coordinates": [
          -38.52856,
          -3.79956
        ]
      }
    },
    {
      "type": "Feature",
      "properties": {
        "CI_UNIDADE_TRABALHO": 242,
        "ESCOLA": "ESCOLA MUNICIPAL CATULO DA PAIXAO CEARENSE",
        "DIST": "DIST4",
        "DISTRITO": "DISTRITO 4"
      },
      "geometry": {
        "type": "Point",
        "coordinates": [
          -38.57635,
          -3.78428
        ]
      }
    },
    {
      "type": "Feature",
      "properties": {
        "CI_UNIDADE_TRABALHO": 171,
        "ESCOLA": "ESCOLA MUNICIPAL MARCOS VALENTIM PEREIRA DE SOUZA",
        "DIST": "DIST4",
        "DISTRITO": "DISTRITO 4"
      },
      "geometry": {
        "type": "Point",
        "coordinates": [
          -38.54261,
          -3.78305
        ]
      }
    },
    {
      "type": "Feature",
      "properties": {
        "CI_UNIDADE_TRABALHO": 567,
        "ESCOLA": "CRECHE VO ESTEFANIA",
        "DIST": "DIST4",
        "DISTRITO": "DISTRITO 4"
      },
      "geometry": {
        "type": "Point",
        "coordinates": [
          -38.55938,
          -3.83392
        ]
      }
    },
    {
      "type": "Feature",
      "properties": {
        "CI_UNIDADE_TRABALHO": 762,
        "ESCOLA": "ESCOLA MUNICIPAL PROFESSORA VANIA MARIA NEVES FACO BARROS - UNID II",
        "DIST": "DIST4",
        "DISTRITO": "DISTRITO 4"
      },
      "geometry": {
        "type": "Point",
        "coordinates": [
          -38.55881,
          -3.8291
        ]
      }
    },
    {
      "type": "Feature",
      "properties": {
        "CI_UNIDADE_TRABALHO": 87,
        "ESCOLA": "ESCOLA MUNICIPAL RACHEL DE QUEIROZ*",
        "DIST": "DIST4",
        "DISTRITO": "DISTRITO 4"
      },
      "geometry": {
        "type": "Point",
        "coordinates": [
          -38.55693,
          -3.82909
        ]
      }
    },
    {
      "type": "Feature",
      "properties": {
        "CI_UNIDADE_TRABALHO": 127,
        "ESCOLA": "ESCOLA MUNICIPAL DOM MANOEL DA SILVA GOMES",
        "DIST": "DIST4",
        "DISTRITO": "DISTRITO 4"
      },
      "geometry": {
        "type": "Point",
        "coordinates": [
          -38.54518,
          -3.75467
        ]
      }
    },
    {
      "type": "Feature",
      "properties": {
        "CI_UNIDADE_TRABALHO": 358,
        "ESCOLA": "ESCOLA MUNICIPAL PROFESSORA IRENE DE SOUZA PEREIRA",
        "DIST": "DIST4",
        "DISTRITO": "DISTRITO 4"
      },
      "geometry": {
        "type": "Point",
        "coordinates": [
          -38.57659,
          -3.82568
        ]
      }
    },
    {
      "type": "Feature",
      "properties": {
        "CI_UNIDADE_TRABALHO": 768,
        "ESCOLA": "ESCOLA MUNICIPAL DE TEMPO INTEGRAL PROFESSOR EDGAR LINHARES LIMA",
        "DIST": "DIST4",
        "DISTRITO": "DISTRITO 4"
      },
      "geometry": {
        "type": "Point",
        "coordinates": [
          -38.57136,
          -3.83957
        ]
      }
    },
    {
      "type": "Feature",
      "properties": {
        "CI_UNIDADE_TRABALHO": 916,
        "ESCOLA": "CENTRO DE EDUCACAO INFANTIL MARIA LETICIA MOTA MOREIRA",
        "DIST": "DIST4",
        "DISTRITO": "DISTRITO 4"
      },
      "geometry": {
        "type": "Point",
        "coordinates": [
          -38.55479,
          -3.84299
        ]
      }
    },
    {
      "type": "Feature",
      "properties": {
        "CI_UNIDADE_TRABALHO": 537,
        "ESCOLA": "CRECHE RENASCER",
        "DIST": "DIST4",
        "DISTRITO": "DISTRITO 4"
      },
      "geometry": {
        "type": "Point",
        "coordinates": [
          -38.51512,
          -3.79312
        ]
      }
    },
    {
      "type": "Feature",
      "properties": {
        "CI_UNIDADE_TRABALHO": 1112,
        "ESCOLA": "ESCOLA MUNICIPAL DE TEMPO INTEGRAL REITOR ROBERTO CLAUDIO FROTA BEZERRA",
        "DIST": "DIST4",
        "DISTRITO": "DISTRITO 4"
      },
      "geometry": {
        "type": "Point",
        "coordinates": [
          -38.55113,
          -3.80363
        ]
      }
    },
    {
      "type": "Feature",
      "properties": {
        "CI_UNIDADE_TRABALHO": 1117,
        "ESCOLA": "CENTRO DE EDUCACAO INFANTIL DOUTOR SAVIO CALDAS ALENCAR",
        "DIST": "DIST4",
        "DISTRITO": "DISTRITO 4"
      },
      "geometry": {
        "type": "Point",
        "coordinates": [
          -38.54067,
          -3.80011
        ]
      }
    },
    {
      "type": "Feature",
      "properties": {
        "CI_UNIDADE_TRABALHO": 223,
        "ESCOLA": "ESCOLA MUNICIPAL MARIA ZELIA CORREIA DE SOUZA",
        "DIST": "DIST4",
        "DISTRITO": "DISTRITO 4"
      },
      "geometry": {
        "type": "Point",
        "coordinates": [
          -38.5707,
          -3.83113
        ]
      }
    },
    {
      "type": "Feature",
      "properties": {
        "CI_UNIDADE_TRABALHO": 259,
        "ESCOLA": "ESCOLA MUNICIPAL ADALBERTO STUDART FILHO",
        "DIST": "DIST4",
        "DISTRITO": "DISTRITO 4"
      },
      "geometry": {
        "type": "Point",
        "coordinates": [
          -38.57503,
          -3.83534
        ]
      }
    },
    {
      "type": "Feature",
      "properties": {
        "CI_UNIDADE_TRABALHO": 278,
        "ESCOLA": "ESCOLA MUNICIPAL RAIMUNDO SOARES DE SOUZA",
        "DIST": "DIST4",
        "DISTRITO": "DISTRITO 4"
      },
      "geometry": {
        "type": "Point",
        "coordinates": [
          -38.5795,
          -3.78631
        ]
      }
    },
    {
      "type": "Feature",
      "properties": {
        "CI_UNIDADE_TRABALHO": 417,
        "ESCOLA": "CENTRO DE EDUCACAO INFANTIL ODILON GONZAGA BRAVEZA",
        "DIST": "DIST4",
        "DISTRITO": "DISTRITO 4"
      },
      "geometry": {
        "type": "Point",
        "coordinates": [
          -38.51828,
          -3.79287
        ]
      }
    },
    {
      "type": "Feature",
      "properties": {
        "CI_UNIDADE_TRABALHO": 422,
        "ESCOLA": "CENTRO DE EDUCACAO INFANTIL PAPA JOAO XXIII",
        "DIST": "DIST4",
        "DISTRITO": "DISTRITO 4"
      },
      "geometry": {
        "type": "Point",
        "coordinates": [
          -38.53447,
          -3.76335
        ]
      }
    },
    {
      "type": "Feature",
      "properties": {
        "CI_UNIDADE_TRABALHO": 491,
        "ESCOLA": "CENTRO DE EDUCACAO INFANTIL PADRE MARCELINO ZANELLA",
        "DIST": "DIST4",
        "DISTRITO": "DISTRITO 4"
      },
      "geometry": {
        "type": "Point",
        "coordinates": [
          -38.56152,
          -3.78236
        ]
      }
    },
    {
      "type": "Feature",
      "properties": {
        "CI_UNIDADE_TRABALHO": 101,
        "ESCOLA": "ESCOLA MUNICIPAL DE TEMPO INTEGRAL CAROLINO SUCUPIRA",
        "DIST": "DIST4",
        "DISTRITO": "DISTRITO 4"
      },
      "geometry": {
        "type": "Point",
        "coordinates": [
          -38.55881,
          -3.77262
        ]
      }
    },
    {
      "type": "Feature",
      "properties": {
        "CI_UNIDADE_TRABALHO": 381,
        "ESCOLA": "CENTRO DE EDUCAÇÃO INFANTIL ROGACIANO LEITE",
        "DIST": "DIST4",
        "DISTRITO": "DISTRITO 4"
      },
      "geometry": {
        "type": "Point",
        "coordinates": [
          -38.55817,
          -3.83812
        ]
      }
    },
    {
      "type": "Feature",
      "properties": {
        "CI_UNIDADE_TRABALHO": 413,
        "ESCOLA": "CENTRO DE EDUCACAO INFANTIL PROJETO NASCENTE",
        "DIST": "DIST4",
        "DISTRITO": "DISTRITO 4"
      },
      "geometry": {
        "type": "Point",
        "coordinates": [
          -38.55384,
          -3.7942
        ]
      }
    },
    {
      "type": "Feature",
      "properties": {
        "CI_UNIDADE_TRABALHO": 415,
        "ESCOLA": "CENTRO DE EDUCACAO INFANTIL MADRE TERESA DE CALCUTA",
        "DIST": "DIST4",
        "DISTRITO": "DISTRITO 4"
      },
      "geometry": {
        "type": "Point",
        "coordinates": [
          -38.52093,
          -3.7594
        ]
      }
    },
    {
      "type": "Feature",
      "properties": {
        "CI_UNIDADE_TRABALHO": 890,
        "ESCOLA": "ESCOLA MUNICIPAL MARIA ROCHELLE DA SILVA",
        "DIST": "DIST4",
        "DISTRITO": "DISTRITO 4"
      },
      "geometry": {
        "type": "Point",
        "coordinates": [
          -38.57837,
          -3.83866
        ]
      }
    },
    {
      "type": "Feature",
      "properties": {
        "CI_UNIDADE_TRABALHO": 839,
        "ESCOLA": "CENTRO DE EDUCACAO INFANTIL PROFESSORA HELEY DE ABREU SILVA BATISTA",
        "DIST": "DIST4",
        "DISTRITO": "DISTRITO 4"
      },
      "geometry": {
        "type": "Point",
        "coordinates": [
          -38.53909,
          -3.78472
        ]
      }
    },
    {
      "type": "Feature",
      "properties": {
        "CI_UNIDADE_TRABALHO": 989,
        "ESCOLA": "CENTRO DE EDUCACAO INFANTIL ANA AMELIA BEZERRA DE MENEZES E SOUZA",
        "DIST": "DIST4",
        "DISTRITO": "DISTRITO 4"
      },
      "geometry": {
        "type": "Point",
        "coordinates": [
          -38.55296,
          -3.80224
        ]
      }
    },
    {
      "type": "Feature",
      "properties": {
        "CI_UNIDADE_TRABALHO": 981,
        "ESCOLA": "CENTRO DE EDUCACAO INFANTIL PROFESSOR GENUINO FRANCISCO DE SALES",
        "DIST": "DIST4",
        "DISTRITO": "DISTRITO 4"
      },
      "geometry": {
        "type": "Point",
        "coordinates": [
          -38.53572,
          -3.83229
        ]
      }
    },
    {
      "type": "Feature",
      "properties": {
        "CI_UNIDADE_TRABALHO": 1154,
        "ESCOLA": "PROGRAMA ESCOLA ARENINHA CAMPO LAGOA DO CATAO",
        "DIST": "DIST4",
        "DISTRITO": "DISTRITO 4"
      },
      "geometry": {
        "type": "Point",
        "coordinates": [
          -38.56349,
          -3.82708
        ]
      }
    }
  ]
}