{
  "type": "FeatureCollection",
  "features": [
    {
      "type": "Feature",
      "id": "vw_DistritosEducacao_2023.fid-3da4354c_18dace4b5a0_-54b8",
      "geometry": {
        "type": "Polygon",
        "coordinates": [
          [
            [
              -38.53618484,
              -3.73304475
            ],
            [
              -38.53621816,
              -3.73314758
            ],
            [
              -38.53630974,
              -3.73345552
            ],
            [
              -38.53650876,
              -3.73412669
            ],
            [
              -38.53663529,
              -3.73455151
            ],
            [
              -38.53668437,
              -3.73472201
            ],
            [
              -38.53678509,
              -3.73506162
            ],
            [
              -38.53714926,
              -3.73628891
            ],
            [
              -38.53743543,
              -3.73724657
            ],
            [
              -38.5374512,
              -3.73727716
            ],
            [
              -38.53746748,
              -3.73730748
            ],
            [
              -38.53748427,
              -3.73733751
            ],
            [
              -38.53750156,
              -3.73736726
            ],
            [
              -38.53751935,
              -3.73739671
            ],
            [
              -38.53753764,
              -3.73742585
            ],
            [
              -38.53755641,
              -3.73745468
            ],
            [
              -38.53757567,
              -3.73748318
            ],
            [
              -38.5375954,
              -3.73751135
            ],
            [
              -38.5376156,
              -3.73753918
            ],
            [
              -38.53763628,
              -3.73756667
            ],
            [
              -38.53765741,
              -3.7375938
            ],
            [
              -38.53767899,
              -3.73762056
            ],
            [
              -38.53770102,
              -3.73764696
            ],
            [
              -38.5377235,
              -3.73767298
            ],
            [
              -38.53774641,
              -3.73769861
            ],
            [
              -38.53776974,
              -3.73772385
            ],
            [
              -38.5377935,
              -3.73774868
            ],
            [
              -38.53817223,
              -3.73813337
            ],
            [
              -38.53850073,
              -3.73783458
            ],
            [
              -38.53850877,
              -3.73782787
            ],
            [
              -38.53851715,
              -3.73782158
            ],
            [
              -38.53852583,
              -3.73781574
            ],
            [
              -38.53853481,
              -3.73781035
            ],
            [
              -38.53854406,
              -3.73780545
            ],
            [
              -38.53855355,
              -3.73780103
            ],
            [
              -38.53856325,
              -3.73779711
            ],
            [
              -38.53857314,
              -3.73779371
            ],
            [
              -38.53858319,
              -3.73779082
            ],
            [
              -38.53859338,
              -3.73778846
            ],
            [
              -38.53860368,
              -3.73778664
            ],
            [
              -38.53880142,
              -3.73774768
            ],
            [
              -38.54149196,
              -3.73722356
            ],
            [
              -38.54150164,
              -3.73722154
            ],
            [
              -38.54151136,
              -3.73721969
            ],
            [
              -38.5415211,
              -3.737218
            ],
            [
              -38.54153088,
              -3.73721648
            ],
            [
              -38.54154068,
              -3.73721513
            ],
            [
              -38.54155049,
              -3.73721394
            ],
            [
              -38.54156033,
              -3.73721293
            ],
            [
              -38.54157019,
              -3.73721208
            ],
            [
              -38.54158005,
              -3.7372114
            ],
            [
              -38.54158993,
              -3.73721089
            ],
            [
              -38.54159981,
              -3.73721055
            ],
            [
              -38.5416097,
              -3.73721037
            ],
            [
              -38.54161959,
              -3.73721037
            ],
            [
              -38.54162948,
              -3.73721054
            ],
            [
              -38.54163936,
              -3.73721087
            ],
            [
              -38.54265038,
              -3.73761248
            ],
            [
              -38.54361388,
              -3.73799913
            ],
            [
              -38.54364242,
              -3.73800731
            ],
            [
              -38.54351269,
              -3.73870744
            ],
            [
              -38.54340147,
              -3.73933862
            ],
            [
              -38.54332204,
              -3.7397762
            ],
            [
              -38.54321346,
              -3.74041004
            ],
            [
              -38.5431287,
              -3.7409484
            ],
            [
              -38.54307829,
              -3.74141252
            ],
            [
              -38.54307281,
              -3.74179445
            ],
            [
              -38.54308727,
              -3.74191115
            ],
            [
              -38.54315043,
              -3.74231301
            ],
            [
              -38.54325452,
              -3.74269631
            ],
            [
              -38.54332834,
              -3.7428966
            ],
            [
              -38.54361868,
              -3.7430718
            ],
            [
              -38.54384365,
              -3.74327128
            ],
            [
              -38.54422561,
              -3.74368479
            ],
            [
              -38.54466097,
              -3.74421812
            ],
            [
              -38.54479476,
              -3.74439352
            ],
            [
              -38.54493538,
              -3.74456041
            ],
            [
              -38.5451557,
              -3.74482973
            ],
            [
              -38.54541299,
              -3.74508316
            ],
            [
              -38.54654771,
              -3.74620698
            ],
            [
              -38.54766659,
              -3.74732682
            ],
            [
              -38.54832368,
              -3.74797166
            ],
            [
              -38.54892271,
              -3.74856608
            ],
            [
              -38.54980713,
              -3.74943709
            ],
            [
              -38.55049588,
              -3.75011775
            ],
            [
              -38.5511765,
              -3.75079884
            ],
            [
              -38.551223,
              -3.7508467
            ],
            [
              -38.55194862,
              -3.75159352
            ],
            [
              -38.55540884,
              -3.75502455
            ],
            [
              -38.55528177,
              -3.75515593
            ],
            [
              -38.55538035,
              -3.75525633
            ],
            [
              -38.55518815,
              -3.75542984
            ],
            [
              -38.55475021,
              -3.755831
            ],
            [
              -38.55414999,
              -3.75637705
            ],
            [
              -38.55377649,
              -3.75671834
            ],
            [
              -38.55351561,
              -3.75694705
            ],
            [
              -38.55359369,
              -3.75703336
            ],
            [
              -38.55367594,
              -3.75712895
            ],
            [
              -38.5538768,
              -3.7573585
            ],
            [
              -38.5539984,
              -3.75749216
            ],
            [
              -38.55416767,
              -3.75768335
            ],
            [
              -38.55428866,
              -3.75781821
            ],
            [
              -38.55452409,
              -3.75808013
            ],
            [
              -38.55466297,
              -3.75824135
            ],
            [
              -38.5547631,
              -3.75835283
            ],
            [
              -38.55484714,
              -3.75844453
            ],
            [
              -38.55491688,
              -3.75852485
            ],
            [
              -38.55499138,
              -3.75860936
            ],
            [
              -38.55510939,
              -3.75873942
            ],
            [
              -38.55522502,
              -3.75886828
            ],
            [
              -38.55537642,
              -3.75903969
            ],
            [
              -38.55548668,
              -3.75916555
            ],
            [
              -38.55557787,
              -3.75926864
            ],
            [
              -38.55579662,
              -3.75951018
            ],
            [
              -38.55587112,
              -3.75959529
            ],
            [
              -38.55597543,
              -3.75971157
            ],
            [
              -38.55622706,
              -3.75998744
            ],
            [
              -38.55642508,
              -3.76020857
            ],
            [
              -38.5565812,
              -3.76038696
            ],
            [
              -38.55671898,
              -3.76055106
            ],
            [
              -38.55683819,
              -3.76069022
            ],
            [
              -38.55692655,
              -3.76080087
            ],
            [
              -38.55699907,
              -3.76089056
            ],
            [
              -38.55706575,
              -3.76098444
            ],
            [
              -38.55715161,
              -3.76111017
            ],
            [
              -38.55722245,
              -3.76121411
            ],
            [
              -38.5572933,
              -3.7613281
            ],
            [
              -38.55737331,
              -3.76145969
            ],
            [
              -38.55745081,
              -3.76159715
            ],
            [
              -38.55753164,
              -3.76175053
            ],
            [
              -38.55761747,
              -3.76192234
            ],
            [
              -38.5576833,
              -3.76206231
            ],
            [
              -38.55773246,
              -3.76217126
            ],
            [
              -38.55790324,
              -3.76258276
            ],
            [
              -38.55809319,
              -3.7630412
            ],
            [
              -38.55824732,
              -3.7634108
            ],
            [
              -38.55832084,
              -3.76359403
            ],
            [
              -38.5584508,
              -3.76391585
            ],
            [
              -38.55857993,
              -3.76422678
            ],
            [
              -38.55868074,
              -3.76447234
            ],
            [
              -38.55877571,
              -3.76470617
            ],
            [
              -38.55898816,
              -3.76522327
            ],
            [
              -38.55920726,
              -3.76576048
            ],
            [
              -38.55938221,
              -3.76618623
            ],
            [
              -38.5595805,
              -3.76666729
            ],
            [
              -38.55971441,
              -3.76699364
            ],
            [
              -38.55981364,
              -3.76723638
            ],
            [
              -38.56380477,
              -3.76556119
            ],
            [
              -38.56474354,
              -3.7651502
            ],
            [
              -38.56508541,
              -3.7650005
            ],
            [
              -38.56538659,
              -3.7648426
            ],
            [
              -38.56670831,
              -3.76413909
            ],
            [
              -38.5675024,
              -3.76537601
            ],
            [
              -38.56802945,
              -3.76610188
            ],
            [
              -38.56828443,
              -3.76636115
            ],
            [
              -38.56906668,
              -3.76690286
            ],
            [
              -38.56936177,
              -3.7671967
            ],
            [
              -38.56968834,
              -3.76761437
            ],
            [
              -38.56981719,
              -3.76787933
            ],
            [
              -38.57038052,
              -3.77009139
            ],
            [
              -38.57041428,
              -3.77017833
            ],
            [
              -38.57045379,
              -3.77025513
            ],
            [
              -38.57060723,
              -3.77059667
            ],
            [
              -38.57085757,
              -3.77102699
            ],
            [
              -38.57128411,
              -3.77147058
            ],
            [
              -38.57173085,
              -3.77192313
            ],
            [
              -38.57215815,
              -3.77236494
            ],
            [
              -38.57284404,
              -3.77309304
            ],
            [
              -38.57321492,
              -3.77347949
            ],
            [
              -38.57463353,
              -3.77503658
            ],
            [
              -38.57486948,
              -3.77529419
            ],
            [
              -38.57514085,
              -3.77559568
            ],
            [
              -38.57576267,
              -3.77628771
            ],
            [
              -38.57596161,
              -3.77651287
            ],
            [
              -38.5762028,
              -3.77678002
            ],
            [
              -38.57673046,
              -3.77656983
            ],
            [
              -38.57694441,
              -3.77648659
            ],
            [
              -38.57700511,
              -3.77646799
            ],
            [
              -38.57705469,
              -3.77645417
            ],
            [
              -38.57709471,
              -3.77644806
            ],
            [
              -38.57765984,
              -3.77640121
            ],
            [
              -38.57777276,
              -3.77638875
            ],
            [
              -38.57790345,
              -3.77636778
            ],
            [
              -38.5779737,
              -3.77635397
            ],
            [
              -38.57805508,
              -3.77633297
            ],
            [
              -38.57811367,
              -3.7763141
            ],
            [
              -38.57819001,
              -3.77628556
            ],
            [
              -38.57825735,
              -3.77626038
            ],
            [
              -38.57858556,
              -3.77612315
            ],
            [
              -38.5786158,
              -3.77611037
            ],
            [
              -38.57893021,
              -3.77597741
            ],
            [
              -38.57903678,
              -3.77593912
            ],
            [
              -38.57911419,
              -3.77591413
            ],
            [
              -38.57919849,
              -3.77588914
            ],
            [
              -38.57931248,
              -3.77586044
            ],
            [
              -38.57946358,
              -3.77582484
            ],
            [
              -38.57969686,
              -3.7757733
            ],
            [
              -38.58002292,
              -3.77569997
            ],
            [
              -38.58036329,
              -3.77562611
            ],
            [
              -38.58091944,
              -3.77550497
            ],
            [
              -38.58125637,
              -3.77542552
            ],
            [
              -38.58146791,
              -3.77537557
            ],
            [
              -38.58160707,
              -3.77534207
            ],
            [
              -38.58171093,
              -3.77531724
            ],
            [
              -38.58176102,
              -3.775305
            ],
            [
              -38.58190856,
              -3.77526949
            ],
            [
              -38.58193261,
              -3.7752637
            ],
            [
              -38.58195806,
              -3.77525705
            ],
            [
              -38.58199146,
              -3.77524668
            ],
            [
              -38.58203149,
              -3.77523286
            ],
            [
              -38.58207113,
              -3.7752141
            ],
            [
              -38.58209937,
              -3.77519841
            ],
            [
              -38.58213436,
              -3.77517713
            ],
            [
              -38.58217732,
              -3.77514519
            ],
            [
              -38.58222081,
              -3.77511114
            ],
            [
              -38.58228922,
              -3.77505366
            ],
            [
              -38.58244089,
              -3.77492166
            ],
            [
              -38.58261391,
              -3.77477116
            ],
            [
              -38.58264401,
              -3.77474497
            ],
            [
              -38.58282857,
              -3.77458264
            ],
            [
              -38.58301472,
              -3.77442084
            ],
            [
              -38.58317594,
              -3.77428087
            ],
            [
              -38.58337854,
              -3.77409831
            ],
            [
              -38.58341513,
              -3.77406105
            ],
            [
              -38.58345332,
              -3.77402167
            ],
            [
              -38.58348833,
              -3.77398174
            ],
            [
              -38.58351272,
              -3.77395406
            ],
            [
              -38.58362253,
              -3.77380874
            ],
            [
              -38.58365595,
              -3.77376562
            ],
            [
              -38.58368989,
              -3.77372783
            ],
            [
              -38.5837302,
              -3.77369004
            ],
            [
              -38.58376997,
              -3.77365438
            ],
            [
              -38.5838124,
              -3.77362085
            ],
            [
              -38.58385164,
              -3.77359211
            ],
            [
              -38.58388717,
              -3.7735703
            ],
            [
              -38.58425173,
              -3.77335587
            ],
            [
              -38.58439306,
              -3.77327261
            ],
            [
              -38.58440391,
              -3.77326621
            ],
            [
              -38.5844922,
              -3.77321487
            ],
            [
              -38.58459348,
              -3.7731614
            ],
            [
              -38.58465854,
              -3.77313481
            ],
            [
              -38.58467573,
              -3.77312992
            ],
            [
              -38.58472282,
              -3.7731201
            ],
            [
              -38.58473769,
              -3.773117
            ],
            [
              -38.58478965,
              -3.77311441
            ],
            [
              -38.58483285,
              -3.77311225
            ],
            [
              -38.58486759,
              -3.77311256
            ],
            [
              -38.5848962,
              -3.77311282
            ],
            [
              -38.58493087,
              -3.77311672
            ],
            [
              -38.58495796,
              -3.77311977
            ],
            [
              -38.58500646,
              -3.77312752
            ],
            [
              -38.58506158,
              -3.77314005
            ],
            [
              -38.585093,
              -3.77314933
            ],
            [
              -38.58511485,
              -3.77315579
            ],
            [
              -38.58516706,
              -3.77317286
            ],
            [
              -38.58521688,
              -3.77319152
            ],
            [
              -38.58526936,
              -3.77321178
            ],
            [
              -38.5853213,
              -3.77323577
            ],
            [
              -38.58537059,
              -3.77325922
            ],
            [
              -38.58546254,
              -3.77330746
            ],
            [
              -38.58549126,
              -3.77332402
            ],
            [
              -38.58550043,
              -3.77332931
            ],
            [
              -38.5855423,
              -3.77335276
            ],
            [
              -38.5855847,
              -3.77337701
            ],
            [
              -38.58586426,
              -3.77353583
            ],
            [
              -38.58610169,
              -3.77367174
            ],
            [
              -38.58619761,
              -3.7737245
            ],
            [
              -38.5862999,
              -3.77377461
            ],
            [
              -38.58639689,
              -3.77381566
            ],
            [
              -38.58646368,
              -3.77384285
            ],
            [
              -38.58647567,
              -3.77384724
            ],
            [
              -38.5865612,
              -3.77387857
            ],
            [
              -38.58667675,
              -3.77391165
            ],
            [
              -38.58673771,
              -3.77392392
            ],
            [
              -38.58680291,
              -3.77393567
            ],
            [
              -38.58687659,
              -3.7739405
            ],
            [
              -38.58747667,
              -3.7739754
            ],
            [
              -38.58792619,
              -3.7740049
            ],
            [
              -38.58824637,
              -3.77402955
            ],
            [
              -38.58850971,
              -3.7740535
            ],
            [
              -38.58864076,
              -3.77406541
            ],
            [
              -38.58902575,
              -3.77381851
            ],
            [
              -38.58937095,
              -3.77360566
            ],
            [
              -38.58962336,
              -3.77345029
            ],
            [
              -38.58972729,
              -3.77339229
            ],
            [
              -38.58986888,
              -3.77330077
            ],
            [
              -38.58998766,
              -3.77321988
            ],
            [
              -38.59023213,
              -3.77303788
            ],
            [
              -38.59035887,
              -3.77295114
            ],
            [
              -38.59048773,
              -3.77285907
            ],
            [
              -38.59066304,
              -3.77270963
            ],
            [
              -38.59070251,
              -3.77267599
            ],
            [
              -38.59078365,
              -3.77261478
            ],
            [
              -38.59086531,
              -3.77256264
            ],
            [
              -38.5909475,
              -3.77251741
            ],
            [
              -38.59130996,
              -3.77282271
            ],
            [
              -38.59148695,
              -3.77296285
            ],
            [
              -38.59155312,
              -3.77302409
            ],
            [
              -38.5916136,
              -3.77308006
            ],
            [
              -38.59166394,
              -3.77312109
            ],
            [
              -38.59169944,
              -3.7731504
            ],
            [
              -38.59182292,
              -3.77323672
            ],
            [
              -38.59195646,
              -3.77333264
            ],
            [
              -38.59202589,
              -3.77338592
            ],
            [
              -38.59208099,
              -3.77343973
            ],
            [
              -38.59214034,
              -3.77349781
            ],
            [
              -38.5926543,
              -3.77403696
            ],
            [
              -38.59395462,
              -3.77303217
            ],
            [
              -38.5950619,
              -3.77216522
            ],
            [
              -38.59556199,
              -3.77177512
            ],
            [
              -38.59561287,
              -3.77179324
            ],
            [
              -38.59571993,
              -3.7718327
            ],
            [
              -38.59577824,
              -3.77185616
            ],
            [
              -38.59583335,
              -3.77189346
            ],
            [
              -38.59589482,
              -3.77195313
            ],
            [
              -38.59594779,
              -3.7720309
            ],
            [
              -38.59598195,
              -3.77210787
            ],
            [
              -38.59600205,
              -3.77220054
            ],
            [
              -38.59600477,
              -3.77224845
            ],
            [
              -38.59601257,
              -3.77238586
            ],
            [
              -38.5960162,
              -3.77254881
            ],
            [
              -38.59602888,
              -3.77264999
            ],
            [
              -38.59609877,
              -3.77282416
            ],
            [
              -38.59611787,
              -3.77287552
            ],
            [
              -38.59619425,
              -3.77285008
            ],
            [
              -38.59631944,
              -3.77280239
            ],
            [
              -38.59637497,
              -3.77277791
            ],
            [
              -38.59644641,
              -3.77274495
            ],
            [
              -38.59666538,
              -3.77258845
            ],
            [
              -38.59689128,
              -3.77243679
            ],
            [
              -38.5969512,
              -3.77239368
            ],
            [
              -38.5970159,
              -3.77235218
            ],
            [
              -38.59707582,
              -3.77231919
            ],
            [
              -38.59714369,
              -3.77228674
            ],
            [
              -38.59720519,
              -3.77226227
            ],
            [
              -38.5974809,
              -3.7721511
            ],
            [
              -38.5978311,
              -3.7720021
            ],
            [
              -38.59796439,
              -3.77264469
            ],
            [
              -38.59801245,
              -3.77282554
            ],
            [
              -38.59806263,
              -3.77294961
            ],
            [
              -38.59816513,
              -3.77307581
            ],
            [
              -38.59834297,
              -3.77321887
            ],
            [
              -38.59853132,
              -3.77329044
            ],
            [
              -38.59867364,
              -3.77330943
            ],
            [
              -38.59884737,
              -3.7733011
            ],
            [
              -38.59995887,
              -3.7731292
            ],
            [
              -38.60009492,
              -3.77313137
            ],
            [
              -38.60026025,
              -3.7731756
            ],
            [
              -38.60036906,
              -3.77323242
            ],
            [
              -38.60045904,
              -3.77328292
            ],
            [
              -38.60064104,
              -3.77351008
            ],
            [
              -38.60108868,
              -3.77412213
            ],
            [
              -38.60134809,
              -3.7744082
            ],
            [
              -38.60144432,
              -3.77450496
            ],
            [
              -38.60177705,
              -3.77467331
            ],
            [
              -38.60206586,
              -3.77474704
            ],
            [
              -38.60358874,
              -3.77491176
            ],
            [
              -38.60367745,
              -3.77492439
            ],
            [
              -38.60537066,
              -3.77512701
            ],
            [
              -38.60590408,
              -3.77519171
            ],
            [
              -38.60594597,
              -3.77519659
            ],
            [
              -38.60598597,
              -3.77520125
            ],
            [
              -38.6071308,
              -3.77543478
            ],
            [
              -38.60762682,
              -3.77552752
            ],
            [
              -38.60888703,
              -3.77569362
            ],
            [
              -38.60983934,
              -3.77581685
            ],
            [
              -38.61019114,
              -3.77586238
            ],
            [
              -38.61154385,
              -3.77603742
            ],
            [
              -38.61260388,
              -3.77617945
            ],
            [
              -38.61312503,
              -3.77623224
            ],
            [
              -38.61454508,
              -3.77637404
            ],
            [
              -38.61649854,
              -3.77657861
            ],
            [
              -38.61794414,
              -3.77672743
            ],
            [
              -38.61957877,
              -3.77690897
            ],
            [
              -38.62061899,
              -3.77700194
            ],
            [
              -38.62117364,
              -3.77705685
            ],
            [
              -38.62119309,
              -3.77705892
            ],
            [
              -38.62118641,
              -3.77703534
            ],
            [
              -38.62145317,
              -3.77702868
            ],
            [
              -38.62101277,
              -3.77616815
            ],
            [
              -38.62057314,
              -3.77533425
            ],
            [
              -38.62047093,
              -3.77514827
            ],
            [
              -38.62034644,
              -3.77490847
            ],
            [
              -38.62025116,
              -3.7747439
            ],
            [
              -38.62022494,
              -3.77469143
            ],
            [
              -38.61985989,
              -3.77397366
            ],
            [
              -38.6195449,
              -3.77336612
            ],
            [
              -38.61945865,
              -3.77320351
            ],
            [
              -38.61935986,
              -3.77300803
            ],
            [
              -38.6192266,
              -3.77275765
            ],
            [
              -38.61914477,
              -3.77260366
            ],
            [
              -38.61906705,
              -3.77244262
            ],
            [
              -38.61901041,
              -3.77234149
            ],
            [
              -38.61891112,
              -3.77215045
            ],
            [
              -38.61884989,
              -3.77203454
            ],
            [
              -38.61878425,
              -3.7719103
            ],
            [
              -38.61871276,
              -3.77177497
            ],
            [
              -38.61851338,
              -3.7714021
            ],
            [
              -38.61832088,
              -3.77101303
            ],
            [
              -38.61816652,
              -3.77066715
            ],
            [
              -38.61792225,
              -3.77029993
            ],
            [
              -38.61763304,
              -3.76993402
            ],
            [
              -38.61738536,
              -3.76958958
            ],
            [
              -38.61711536,
              -3.76925058
            ],
            [
              -38.61683775,
              -3.76887578
            ],
            [
              -38.61679291,
              -3.76882885
            ],
            [
              -38.61682135,
              -3.76878296
            ],
            [
              -38.61694671,
              -3.7686642
            ],
            [
              -38.61675174,
              -3.76836405
            ],
            [
              -38.61661948,
              -3.7681125
            ],
            [
              -38.61639894,
              -3.76762044
            ],
            [
              -38.6161363,
              -3.76701626
            ],
            [
              -38.61578178,
              -3.76621955
            ],
            [
              -38.61561872,
              -3.76582475
            ],
            [
              -38.61535601,
              -3.76524261
            ],
            [
              -38.61505592,
              -3.76456529
            ],
            [
              -38.6148542,
              -3.76409676
            ],
            [
              -38.6145605,
              -3.76341475
            ],
            [
              -38.61415951,
              -3.76247481
            ],
            [
              -38.61401922,
              -3.7621401
            ],
            [
              -38.61376306,
              -3.76157396
            ],
            [
              -38.61347324,
              -3.76091865
            ],
            [
              -38.61314135,
              -3.76015319
            ],
            [
              -38.61257025,
              -3.75883706
            ],
            [
              -38.61193643,
              -3.75743803
            ],
            [
              -38.61184702,
              -3.75727345
            ],
            [
              -38.61156078,
              -3.75674655
            ],
            [
              -38.61121677,
              -3.75617367
            ],
            [
              -38.61121097,
              -3.75616483
            ],
            [
              -38.61099752,
              -3.75586039
            ],
            [
              -38.61089111,
              -3.75570861
            ],
            [
              -38.61085275,
              -3.75566357
            ],
            [
              -38.60983124,
              -3.75446388
            ],
            [
              -38.60934181,
              -3.75399615
            ],
            [
              -38.60924992,
              -3.75391959
            ],
            [
              -38.60866786,
              -3.75343463
            ],
            [
              -38.60864818,
              -3.75341958
            ],
            [
              -38.60826269,
              -3.75313149
            ],
            [
              -38.60790615,
              -3.75286504
            ],
            [
              -38.6070103,
              -3.75225864
            ],
            [
              -38.60632869,
              -3.75180897
            ],
            [
              -38.60557261,
              -3.75128936
            ],
            [
              -38.6047508,
              -3.75074289
            ],
            [
              -38.6041455,
              -3.75033379
            ],
            [
              -38.60346274,
              -3.74987102
            ],
            [
              -38.60269617,
              -3.7493704
            ],
            [
              -38.60212371,
              -3.74897492
            ],
            [
              -38.60210624,
              -3.74896285
            ],
            [
              -38.60153948,
              -3.74864725
            ],
            [
              -38.60133244,
              -3.74846557
            ],
            [
              -38.60115975,
              -3.74825684
            ],
            [
              -38.60099419,
              -3.7480358
            ],
            [
              -38.60079584,
              -3.74768255
            ],
            [
              -38.60064174,
              -3.74733469
            ],
            [
              -38.60045947,
              -3.74682052
            ],
            [
              -38.60017893,
              -3.74599137
            ],
            [
              -38.59989768,
              -3.74517296
            ],
            [
              -38.59988838,
              -3.74514591
            ],
            [
              -38.59986792,
              -3.7450835
            ],
            [
              -38.599577,
              -3.74419588
            ],
            [
              -38.59942693,
              -3.74374993
            ],
            [
              -38.59938955,
              -3.74364008
            ],
            [
              -38.59919628,
              -3.74307204
            ],
            [
              -38.59893107,
              -3.74222914
            ],
            [
              -38.59918835,
              -3.74193751
            ],
            [
              -38.59925381,
              -3.74186314
            ],
            [
              -38.5993306,
              -3.74180629
            ],
            [
              -38.59938262,
              -3.74175933
            ],
            [
              -38.59940004,
              -3.74173947
            ],
            [
              -38.59943464,
              -3.74170001
            ],
            [
              -38.59946188,
              -3.74167786
            ],
            [
              -38.59951387,
              -3.74165084
            ],
            [
              -38.59960307,
              -3.74161108
            ],
            [
              -38.59971703,
              -3.74157891
            ],
            [
              -38.59978133,
              -3.74155686
            ],
            [
              -38.59981858,
              -3.74154431
            ],
            [
              -38.59986058,
              -3.74152349
            ],
            [
              -38.59991246,
              -3.74151009
            ],
            [
              -38.60000159,
              -3.74150515
            ],
            [
              -38.60005356,
              -3.7415027
            ],
            [
              -38.60009065,
              -3.74150276
            ],
            [
              -38.60016746,
              -3.74151998
            ],
            [
              -38.60020955,
              -3.74152739
            ],
            [
              -38.60025162,
              -3.74155458
            ],
            [
              -38.6002739,
              -3.74157682
            ],
            [
              -38.60031103,
              -3.74160399
            ],
            [
              -38.60034817,
              -3.74162376
            ],
            [
              -38.60036673,
              -3.74164105
            ],
            [
              -38.6003952,
              -3.74167317
            ],
            [
              -38.60042243,
              -3.74170034
            ],
            [
              -38.60046928,
              -3.74173008
            ],
            [
              -38.60049612,
              -3.74173274
            ],
            [
              -38.60053323,
              -3.74173521
            ],
            [
              -38.60056292,
              -3.74173768
            ],
            [
              -38.60059014,
              -3.74173768
            ],
            [
              -38.60060994,
              -3.74174015
            ],
            [
              -38.60072687,
              -3.74173438
            ],
            [
              -38.60078386,
              -3.74172205
            ],
            [
              -38.60085052,
              -3.7416949
            ],
            [
              -38.60091997,
              -3.74164551
            ],
            [
              -38.60094738,
              -3.7416183
            ],
            [
              -38.60098204,
              -3.74158618
            ],
            [
              -38.60102413,
              -3.74155407
            ],
            [
              -38.60105879,
              -3.74151207
            ],
            [
              -38.60109116,
              -3.74146505
            ],
            [
              -38.60111573,
              -3.74142067
            ],
            [
              -38.60115072,
              -3.74134883
            ],
            [
              -38.60119002,
              -3.74126503
            ],
            [
              -38.60120592,
              -3.74119567
            ],
            [
              -38.60120439,
              -3.74116983
            ],
            [
              -38.60120439,
              -3.74114901
            ],
            [
              -38.60119994,
              -3.74110397
            ],
            [
              -38.60120517,
              -3.74107943
            ],
            [
              -38.60123955,
              -3.74087364
            ],
            [
              -38.60142695,
              -3.7404356
            ],
            [
              -38.60148871,
              -3.74029827
            ],
            [
              -38.60150728,
              -3.74024139
            ],
            [
              -38.60153324,
              -3.74011075
            ],
            [
              -38.60155755,
              -3.74000672
            ],
            [
              -38.60156244,
              -3.73997217
            ],
            [
              -38.60158218,
              -3.73990304
            ],
            [
              -38.60160171,
              -3.73984149
            ],
            [
              -38.60160433,
              -3.73978212
            ],
            [
              -38.60161691,
              -3.73971772
            ],
            [
              -38.60162682,
              -3.73966831
            ],
            [
              -38.60163131,
              -3.73963341
            ],
            [
              -38.60164912,
              -3.73955713
            ],
            [
              -38.60165902,
              -3.73949784
            ],
            [
              -38.60168353,
              -3.739237
            ],
            [
              -38.60168434,
              -3.7392272
            ],
            [
              -38.60169404,
              -3.73911024
            ],
            [
              -38.60170834,
              -3.73901835
            ],
            [
              -38.601711,
              -3.7389614
            ],
            [
              -38.60171572,
              -3.73890965
            ],
            [
              -38.60171572,
              -3.73883554
            ],
            [
              -38.6017182,
              -3.73876883
            ],
            [
              -38.6017182,
              -3.73867003
            ],
            [
              -38.60172315,
              -3.73858109
            ],
            [
              -38.60172563,
              -3.73850203
            ],
            [
              -38.60172316,
              -3.7384625
            ],
            [
              -38.60171573,
              -3.73839827
            ],
            [
              -38.60170084,
              -3.7383096
            ],
            [
              -38.60169841,
              -3.7381784
            ],
            [
              -38.60165635,
              -3.73801451
            ],
            [
              -38.60164649,
              -3.73794772
            ],
            [
              -38.60165074,
              -3.73782428
            ],
            [
              -38.60165142,
              -3.73780441
            ],
            [
              -38.60165386,
              -3.73773536
            ],
            [
              -38.60165882,
              -3.73767607
            ],
            [
              -38.60165882,
              -3.73762666
            ],
            [
              -38.60166625,
              -3.73755996
            ],
            [
              -38.60167863,
              -3.73750561
            ],
            [
              -38.60170091,
              -3.73743891
            ],
            [
              -38.60171824,
              -3.7374068
            ],
            [
              -38.60175043,
              -3.73736233
            ],
            [
              -38.60179252,
              -3.73731539
            ],
            [
              -38.60182718,
              -3.73728575
            ],
            [
              -38.60185689,
              -3.73726351
            ],
            [
              -38.60190647,
              -3.73722877
            ],
            [
              -38.60194617,
              -3.73721126
            ],
            [
              -38.60204281,
              -3.73718154
            ],
            [
              -38.60209329,
              -3.73714844
            ],
            [
              -38.60219982,
              -3.73709158
            ],
            [
              -38.60223704,
              -3.73707176
            ],
            [
              -38.60225912,
              -3.73704966
            ],
            [
              -38.60228405,
              -3.73701496
            ],
            [
              -38.60230132,
              -3.73698039
            ],
            [
              -38.60230616,
              -3.73693593
            ],
            [
              -38.60230596,
              -3.73688894
            ],
            [
              -38.60229361,
              -3.73685923
            ],
            [
              -38.60227126,
              -3.73681219
            ],
            [
              -38.60225159,
              -3.73677761
            ],
            [
              -38.60221451,
              -3.73674551
            ],
            [
              -38.60216064,
              -3.73670383
            ],
            [
              -38.6020928,
              -3.73662332
            ],
            [
              -38.60207017,
              -3.73658962
            ],
            [
              -38.60201725,
              -3.73652617
            ],
            [
              -38.60196781,
              -3.73646943
            ],
            [
              -38.60190261,
              -3.73639463
            ],
            [
              -38.60186309,
              -3.73634282
            ],
            [
              -38.60180631,
              -3.73626637
            ],
            [
              -38.60177165,
              -3.73621202
            ],
            [
              -38.601552,
              -3.73585663
            ],
            [
              -38.60152724,
              -3.73578252
            ],
            [
              -38.60148763,
              -3.73567629
            ],
            [
              -38.60146288,
              -3.7355997
            ],
            [
              -38.6014406,
              -3.73553053
            ],
            [
              -38.6014109,
              -3.73545642
            ],
            [
              -38.60138614,
              -3.73538971
            ],
            [
              -38.60135644,
              -3.73532301
            ],
            [
              -38.60132425,
              -3.7352489
            ],
            [
              -38.60129455,
              -3.73515008
            ],
            [
              -38.60119006,
              -3.73486545
            ],
            [
              -38.60118163,
              -3.7348425
            ],
            [
              -38.60117078,
              -3.73481292
            ],
            [
              -38.60116087,
              -3.73477834
            ],
            [
              -38.60115345,
              -3.7346894
            ],
            [
              -38.60114355,
              -3.73462517
            ],
            [
              -38.60114108,
              -3.73457329
            ],
            [
              -38.60114108,
              -3.734514
            ],
            [
              -38.60114356,
              -3.73444977
            ],
            [
              -38.60117822,
              -3.73439048
            ],
            [
              -38.60130943,
              -3.73424714
            ],
            [
              -38.60133245,
              -3.73422608
            ],
            [
              -38.60136887,
              -3.73419275
            ],
            [
              -38.60142091,
              -3.73416798
            ],
            [
              -38.60148033,
              -3.7341458
            ],
            [
              -38.60154228,
              -3.73412106
            ],
            [
              -38.60160915,
              -3.73409141
            ],
            [
              -38.60166131,
              -3.73407151
            ],
            [
              -38.60175036,
              -3.73403949
            ],
            [
              -38.6017948,
              -3.7340149
            ],
            [
              -38.60184926,
              -3.7339902
            ],
            [
              -38.60191104,
              -3.73396312
            ],
            [
              -38.60196303,
              -3.73394336
            ],
            [
              -38.60201997,
              -3.73390136
            ],
            [
              -38.60205711,
              -3.7338643
            ],
            [
              -38.60211157,
              -3.73381984
            ],
            [
              -38.60212982,
              -3.73379832
            ],
            [
              -38.60216511,
              -3.7337567
            ],
            [
              -38.60219327,
              -3.73372349
            ],
            [
              -38.60223289,
              -3.73367162
            ],
            [
              -38.60230676,
              -3.73356099
            ],
            [
              -38.60233647,
              -3.7335227
            ],
            [
              -38.60246764,
              -3.73337579
            ],
            [
              -38.60251467,
              -3.7333264
            ],
            [
              -38.60254683,
              -3.73328445
            ],
            [
              -38.60259142,
              -3.7332424
            ],
            [
              -38.60264094,
              -3.73320041
            ],
            [
              -38.60273501,
              -3.73314104
            ],
            [
              -38.60283432,
              -3.73307989
            ],
            [
              -38.60291079,
              -3.73301019
            ],
            [
              -38.6029726,
              -3.73295582
            ],
            [
              -38.60301526,
              -3.73288663
            ],
            [
              -38.60307172,
              -3.73281503
            ],
            [
              -38.60312123,
              -3.73276563
            ],
            [
              -38.60318306,
              -3.73269155
            ],
            [
              -38.60320776,
              -3.73265946
            ],
            [
              -38.60324255,
              -3.73262482
            ],
            [
              -38.60328463,
              -3.73258035
            ],
            [
              -38.60332424,
              -3.73252848
            ],
            [
              -38.60340595,
              -3.73249389
            ],
            [
              -38.60345051,
              -3.73246671
            ],
            [
              -38.60348269,
              -3.73243707
            ],
            [
              -38.6035124,
              -3.73240496
            ],
            [
              -38.60354459,
              -3.73237284
            ],
            [
              -38.60356687,
              -3.7323432
            ],
            [
              -38.60359866,
              -3.73229195
            ],
            [
              -38.60362631,
              -3.73225975
            ],
            [
              -38.60364486,
              -3.73223697
            ],
            [
              -38.60367212,
              -3.73218882
            ],
            [
              -38.60376358,
              -3.73202728
            ],
            [
              -38.60425479,
              -3.73115968
            ],
            [
              -38.6043746,
              -3.73093955
            ],
            [
              -38.60458321,
              -3.73055629
            ],
            [
              -38.60462585,
              -3.73037348
            ],
            [
              -38.60464526,
              -3.73029029
            ],
            [
              -38.60462196,
              -3.73011119
            ],
            [
              -38.60462171,
              -3.73009431
            ],
            [
              -38.60464775,
              -3.72996914
            ],
            [
              -38.60475682,
              -3.72950129
            ],
            [
              -38.60483609,
              -3.72927898
            ],
            [
              -38.60507866,
              -3.72900722
            ],
            [
              -38.60532343,
              -3.72868179
            ],
            [
              -38.60546108,
              -3.72846935
            ],
            [
              -38.60565066,
              -3.72817676
            ],
            [
              -38.60578533,
              -3.72796892
            ],
            [
              -38.60588211,
              -3.72772434
            ],
            [
              -38.60591161,
              -3.72746002
            ],
            [
              -38.60592647,
              -3.72724756
            ],
            [
              -38.60599819,
              -3.72706936
            ],
            [
              -38.60610224,
              -3.72698324
            ],
            [
              -38.60619616,
              -3.72691125
            ],
            [
              -38.60626793,
              -3.72688718
            ],
            [
              -38.6063004,
              -3.72687629
            ],
            [
              -38.60634649,
              -3.72687541
            ],
            [
              -38.60641322,
              -3.72686604
            ],
            [
              -38.60661654,
              -3.72687543
            ],
            [
              -38.60672925,
              -3.72684563
            ],
            [
              -38.60682935,
              -3.72679254
            ],
            [
              -38.60691515,
              -3.72673657
            ],
            [
              -38.60696482,
              -3.72668982
            ],
            [
              -38.60701083,
              -3.7266552
            ],
            [
              -38.60704672,
              -3.72663035
            ],
            [
              -38.60708534,
              -3.72660452
            ],
            [
              -38.60712967,
              -3.72657294
            ],
            [
              -38.60716971,
              -3.72654136
            ],
            [
              -38.60721118,
              -3.7265184
            ],
            [
              -38.60726299,
              -3.72647658
            ],
            [
              -38.6073384,
              -3.72644361
            ],
            [
              -38.60740758,
              -3.7263932
            ],
            [
              -38.60747921,
              -3.72636121
            ],
            [
              -38.60756183,
              -3.72630587
            ],
            [
              -38.6076161,
              -3.72626036
            ],
            [
              -38.60767792,
              -3.72622448
            ],
            [
              -38.60773926,
              -3.7261903
            ],
            [
              -38.6078057,
              -3.72613908
            ],
            [
              -38.60784761,
              -3.72611946
            ],
            [
              -38.60789346,
              -3.72608621
            ],
            [
              -38.60796779,
              -3.72603232
            ],
            [
              -38.6080054,
              -3.72599986
            ],
            [
              -38.60808812,
              -3.72596002
            ],
            [
              -38.60815578,
              -3.72593022
            ],
            [
              -38.60822365,
              -3.72589173
            ],
            [
              -38.608286,
              -3.72585043
            ],
            [
              -38.60838526,
              -3.7257978
            ],
            [
              -38.60847071,
              -3.72574193
            ],
            [
              -38.60848209,
              -3.72573047
            ],
            [
              -38.60852463,
              -3.72568766
            ],
            [
              -38.6085688,
              -3.72565093
            ],
            [
              -38.60867682,
              -3.72558033
            ],
            [
              -38.60870382,
              -3.72554855
            ],
            [
              -38.60870898,
              -3.72552417
            ],
            [
              -38.6087132,
              -3.7255042
            ],
            [
              -38.60870972,
              -3.72546405
            ],
            [
              -38.60871267,
              -3.72537999
            ],
            [
              -38.60869881,
              -3.72532387
            ],
            [
              -38.60868722,
              -3.72527068
            ],
            [
              -38.60870706,
              -3.72521479
            ],
            [
              -38.60872599,
              -3.72519585
            ],
            [
              -38.60874608,
              -3.72509229
            ],
            [
              -38.60878519,
              -3.72503318
            ],
            [
              -38.60881734,
              -3.72498434
            ],
            [
              -38.608857,
              -3.72493955
            ],
            [
              -38.60889415,
              -3.72490488
            ],
            [
              -38.60894306,
              -3.72484519
            ],
            [
              -38.60896965,
              -3.72482314
            ],
            [
              -38.60901343,
              -3.72481346
            ],
            [
              -38.60905372,
              -3.72478566
            ],
            [
              -38.60908197,
              -3.7247568
            ],
            [
              -38.60913556,
              -3.72470345
            ],
            [
              -38.60925643,
              -3.72465043
            ],
            [
              -38.60930081,
              -3.72462317
            ],
            [
              -38.6093228,
              -3.72454024
            ],
            [
              -38.60934051,
              -3.72445297
            ],
            [
              -38.60935,
              -3.72436458
            ],
            [
              -38.6093516,
              -3.72427653
            ],
            [
              -38.6093509,
              -3.72418991
            ],
            [
              -38.60936566,
              -3.72410595
            ],
            [
              -38.60943243,
              -3.72402164
            ],
            [
              -38.60952486,
              -3.7239859
            ],
            [
              -38.60966418,
              -3.72397624
            ],
            [
              -38.6096982,
              -3.72399457
            ],
            [
              -38.6097561,
              -3.72403598
            ],
            [
              -38.60982968,
              -3.72406548
            ],
            [
              -38.60982881,
              -3.72409582
            ],
            [
              -38.60985433,
              -3.72414116
            ],
            [
              -38.60995502,
              -3.72417253
            ],
            [
              -38.60996369,
              -3.72417524
            ],
            [
              -38.61003088,
              -3.72421723
            ],
            [
              -38.61011435,
              -3.72423527
            ],
            [
              -38.61018522,
              -3.724226
            ],
            [
              -38.61024462,
              -3.72418419
            ],
            [
              -38.61027883,
              -3.72410282
            ],
            [
              -38.6102907,
              -3.724046
            ],
            [
              -38.61028488,
              -3.72398728
            ],
            [
              -38.61028075,
              -3.72388963
            ],
            [
              -38.61028597,
              -3.72381649
            ],
            [
              -38.61028614,
              -3.72375267
            ],
            [
              -38.61030942,
              -3.72370209
            ],
            [
              -38.61032009,
              -3.72369021
            ],
            [
              -38.61037856,
              -3.72362515
            ],
            [
              -38.61045124,
              -3.72354811
            ],
            [
              -38.61051424,
              -3.72351874
            ],
            [
              -38.61058969,
              -3.72352497
            ],
            [
              -38.61070259,
              -3.72357321
            ],
            [
              -38.61076029,
              -3.72359568
            ],
            [
              -38.61078654,
              -3.72361543
            ],
            [
              -38.61084944,
              -3.72359442
            ],
            [
              -38.61094717,
              -3.7236168
            ],
            [
              -38.6110673,
              -3.72360209
            ],
            [
              -38.61120791,
              -3.72356483
            ],
            [
              -38.61131948,
              -3.72352769
            ],
            [
              -38.61138341,
              -3.72344923
            ],
            [
              -38.61139799,
              -3.72343378
            ],
            [
              -38.61149741,
              -3.72332835
            ],
            [
              -38.61158038,
              -3.72324791
            ],
            [
              -38.61164034,
              -3.72319304
            ],
            [
              -38.61176904,
              -3.72312907
            ],
            [
              -38.61184371,
              -3.72309841
            ],
            [
              -38.61192922,
              -3.72308591
            ],
            [
              -38.61201139,
              -3.7230838
            ],
            [
              -38.61212578,
              -3.72307041
            ],
            [
              -38.61220532,
              -3.72305667
            ],
            [
              -38.61231701,
              -3.72302538
            ],
            [
              -38.61241128,
              -3.72297264
            ],
            [
              -38.61245567,
              -3.72295434
            ],
            [
              -38.61256979,
              -3.72290558
            ],
            [
              -38.61262459,
              -3.72285948
            ],
            [
              -38.61272714,
              -3.72278514
            ],
            [
              -38.61282348,
              -3.72271163
            ],
            [
              -38.61301344,
              -3.72264839
            ],
            [
              -38.61307616,
              -3.72260844
            ],
            [
              -38.61312409,
              -3.72255912
            ],
            [
              -38.61316777,
              -3.72251245
            ],
            [
              -38.61326678,
              -3.72246644
            ],
            [
              -38.61334608,
              -3.72244531
            ],
            [
              -38.61343625,
              -3.72242725
            ],
            [
              -38.61350337,
              -3.72240509
            ],
            [
              -38.61355214,
              -3.72239785
            ],
            [
              -38.61359624,
              -3.7223913
            ],
            [
              -38.61368659,
              -3.72238225
            ],
            [
              -38.61378366,
              -3.72238304
            ],
            [
              -38.61395795,
              -3.72241307
            ],
            [
              -38.61421273,
              -3.72252221
            ],
            [
              -38.61425121,
              -3.7225685
            ],
            [
              -38.61431949,
              -3.72261582
            ],
            [
              -38.61442222,
              -3.72268331
            ],
            [
              -38.61445697,
              -3.72271394
            ],
            [
              -38.61451427,
              -3.72273864
            ],
            [
              -38.6146147,
              -3.72276702
            ],
            [
              -38.6147051,
              -3.72277992
            ],
            [
              -38.61478021,
              -3.72277293
            ],
            [
              -38.61481078,
              -3.72273773
            ],
            [
              -38.61485559,
              -3.72270001
            ],
            [
              -38.61490035,
              -3.72266941
            ],
            [
              -38.61494494,
              -3.7226038
            ],
            [
              -38.61499142,
              -3.72253313
            ],
            [
              -38.61503394,
              -3.72245109
            ],
            [
              -38.6150433,
              -3.72236398
            ],
            [
              -38.61504864,
              -3.72226039
            ],
            [
              -38.61504495,
              -3.72212247
            ],
            [
              -38.61504137,
              -3.72186572
            ],
            [
              -38.61505137,
              -3.72180655
            ],
            [
              -38.61509671,
              -3.72171147
            ],
            [
              -38.61513249,
              -3.72164966
            ],
            [
              -38.61517417,
              -3.72159275
            ],
            [
              -38.61521887,
              -3.72153354
            ],
            [
              -38.61526329,
              -3.72148397
            ],
            [
              -38.61536137,
              -3.72143474
            ],
            [
              -38.61544505,
              -3.72140334
            ],
            [
              -38.61549859,
              -3.72137178
            ],
            [
              -38.61554057,
              -3.72133192
            ],
            [
              -38.61557142,
              -3.7212989
            ],
            [
              -38.61562303,
              -3.72125469
            ],
            [
              -38.61572298,
              -3.72119775
            ],
            [
              -38.6157644,
              -3.72116623
            ],
            [
              -38.61591925,
              -3.72103633
            ],
            [
              -38.6159571,
              -3.72097722
            ],
            [
              -38.6159998,
              -3.72092272
            ],
            [
              -38.61607109,
              -3.72087051
            ],
            [
              -38.61612823,
              -3.72082533
            ],
            [
              -38.61619732,
              -3.72078724
            ],
            [
              -38.61626884,
              -3.72076102
            ],
            [
              -38.61634297,
              -3.72074417
            ],
            [
              -38.61643838,
              -3.72073461
            ],
            [
              -38.61653186,
              -3.720732
            ],
            [
              -38.61660145,
              -3.72073184
            ],
            [
              -38.61666127,
              -3.72073656
            ],
            [
              -38.61670669,
              -3.72074846
            ],
            [
              -38.61686441,
              -3.72087087
            ],
            [
              -38.61694331,
              -3.7209329
            ],
            [
              -38.61698633,
              -3.72097563
            ],
            [
              -38.61703896,
              -3.72103156
            ],
            [
              -38.61708685,
              -3.72112879
            ],
            [
              -38.61709165,
              -3.72115505
            ],
            [
              -38.61710122,
              -3.72119568
            ],
            [
              -38.61711564,
              -3.72124576
            ],
            [
              -38.61711804,
              -3.72132464
            ],
            [
              -38.61711085,
              -3.72143941
            ],
            [
              -38.61708926,
              -3.7215326
            ],
            [
              -38.61707489,
              -3.72161626
            ],
            [
              -38.61706529,
              -3.72166636
            ],
            [
              -38.61706288,
              -3.72171163
            ],
            [
              -38.61706287,
              -3.72176885
            ],
            [
              -38.61707242,
              -3.72181403
            ],
            [
              -38.61708436,
              -3.72185447
            ],
            [
              -38.6170987,
              -3.72190219
            ],
            [
              -38.61713215,
              -3.72196889
            ],
            [
              -38.61717751,
              -3.72203069
            ],
            [
              -38.61721807,
              -3.7220734
            ],
            [
              -38.61727539,
              -3.72208291
            ],
            [
              -38.61734229,
              -3.72209008
            ],
            [
              -38.61739485,
              -3.72209486
            ],
            [
              -38.61745472,
              -3.72209749
            ],
            [
              -38.61751231,
              -3.72209305
            ],
            [
              -38.61757001,
              -3.72203855
            ],
            [
              -38.61762121,
              -3.7219774
            ],
            [
              -38.61765283,
              -3.72191082
            ],
            [
              -38.61768928,
              -3.72183935
            ],
            [
              -38.61772846,
              -3.72172956
            ],
            [
              -38.61776121,
              -3.72162933
            ],
            [
              -38.61782255,
              -3.72154064
            ],
            [
              -38.61785033,
              -3.72149217
            ],
            [
              -38.61790444,
              -3.72142509
            ],
            [
              -38.61794887,
              -3.72133427
            ],
            [
              -38.61797209,
              -3.72127225
            ],
            [
              -38.61801139,
              -3.72115323
            ],
            [
              -38.61801969,
              -3.72110111
            ],
            [
              -38.61802956,
              -3.72103913
            ],
            [
              -38.61804995,
              -3.72075676
            ],
            [
              -38.61804229,
              -3.72069246
            ],
            [
              -38.61804144,
              -3.72063524
            ],
            [
              -38.61801922,
              -3.72054969
            ],
            [
              -38.61799742,
              -3.72049039
            ],
            [
              -38.61797815,
              -3.72041932
            ],
            [
              -38.61796115,
              -3.72036959
            ],
            [
              -38.61793263,
              -3.72032226
            ],
            [
              -38.61786433,
              -3.72025362
            ],
            [
              -38.61784652,
              -3.72024185
            ],
            [
              -38.61781479,
              -3.7202209
            ],
            [
              -38.6178033,
              -3.7202133
            ],
            [
              -38.61778387,
              -3.72020396
            ],
            [
              -38.61771902,
              -3.7201728
            ],
            [
              -38.61769313,
              -3.72016063
            ],
            [
              -38.617658,
              -3.72014411
            ],
            [
              -38.6176181,
              -3.72013682
            ],
            [
              -38.6175517,
              -3.72014385
            ],
            [
              -38.61748739,
              -3.72015334
            ],
            [
              -38.61741359,
              -3.72017471
            ],
            [
              -38.61735647,
              -3.72018418
            ],
            [
              -38.61724921,
              -3.72018647
            ],
            [
              -38.61717045,
              -3.72016731
            ],
            [
              -38.61706051,
              -3.72012658
            ],
            [
              -38.61697192,
              -3.72008575
            ],
            [
              -38.61689749,
              -3.72004238
            ],
            [
              -38.61686141,
              -3.72001106
            ],
            [
              -38.61681374,
              -3.7199244
            ],
            [
              -38.61672775,
              -3.71976805
            ],
            [
              -38.61672317,
              -3.71975971
            ],
            [
              -38.6167316,
              -3.71957402
            ],
            [
              -38.6167321,
              -3.71956287
            ],
            [
              -38.61674181,
              -3.71954614
            ],
            [
              -38.61682797,
              -3.71939757
            ],
            [
              -38.6168938,
              -3.71928406
            ],
            [
              -38.61695924,
              -3.71921032
            ],
            [
              -38.61701497,
              -3.71914021
            ],
            [
              -38.61707557,
              -3.7190385
            ],
            [
              -38.61711919,
              -3.71897567
            ],
            [
              -38.6171616,
              -3.71892611
            ],
            [
              -38.61718949,
              -3.718891
            ],
            [
              -38.61724146,
              -3.71882724
            ],
            [
              -38.61727159,
              -3.71880702
            ],
            [
              -38.61153898,
              -3.72066829
            ],
            [
              -38.60625929,
              -3.72248035
            ],
            [
              -38.60596399,
              -3.7225632
            ],
            [
              -38.60574193,
              -3.72263319
            ],
            [
              -38.60554088,
              -3.72268857
            ],
            [
              -38.60544114,
              -3.7227168
            ],
            [
              -38.60535951,
              -3.72273197
            ],
            [
              -38.60533829,
              -3.72265519
            ],
            [
              -38.60523825,
              -3.72268329
            ],
            [
              -38.60173975,
              -3.72371217
            ],
            [
              -38.59969681,
              -3.72429898
            ],
            [
              -38.59768925,
              -3.72488689
            ],
            [
              -38.59758308,
              -3.72492422
            ],
            [
              -38.5970015,
              -3.72509587
            ],
            [
              -38.59616668,
              -3.72534242
            ],
            [
              -38.59608865,
              -3.72536503
            ],
            [
              -38.59557144,
              -3.72551264
            ],
            [
              -38.59355851,
              -3.72610251
            ],
            [
              -38.59153997,
              -3.7266874
            ],
            [
              -38.58946585,
              -3.7272933
            ],
            [
              -38.58873208,
              -3.72750807
            ],
            [
              -38.58802981,
              -3.72771658
            ],
            [
              -38.58734946,
              -3.72792557
            ],
            [
              -38.58665629,
              -3.7281385
            ],
            [
              -38.58593357,
              -3.72836412
            ],
            [
              -38.58497617,
              -3.72863395
            ],
            [
              -38.58496271,
              -3.7287049
            ],
            [
              -38.58493751,
              -3.72882916
            ],
            [
              -38.58492231,
              -3.72892498
            ],
            [
              -38.58489728,
              -3.72906138
            ],
            [
              -38.58487165,
              -3.72923331
            ],
            [
              -38.58485704,
              -3.72934256
            ],
            [
              -38.58483645,
              -3.72950643
            ],
            [
              -38.58480723,
              -3.72973657
            ],
            [
              -38.58479335,
              -3.72986925
            ],
            [
              -38.58476591,
              -3.73008744
            ],
            [
              -38.58474502,
              -3.73026863
            ],
            [
              -38.58473517,
              -3.73035817
            ],
            [
              -38.58472264,
              -3.73046921
            ],
            [
              -38.58470981,
              -3.73057488
            ],
            [
              -38.58469221,
              -3.73071875
            ],
            [
              -38.58467969,
              -3.73081815
            ],
            [
              -38.58466567,
              -3.73093645
            ],
            [
              -38.58460918,
              -3.73142399
            ],
            [
              -38.58459943,
              -3.73151473
            ],
            [
              -38.58459227,
              -3.73155931
            ],
            [
              -38.58458371,
              -3.73161616
            ],
            [
              -38.58452604,
              -3.73159144
            ],
            [
              -38.58417439,
              -3.73143478
            ],
            [
              -38.58331685,
              -3.73105433
            ],
            [
              -38.58260963,
              -3.7307404
            ],
            [
              -38.58181774,
              -3.73038839
            ],
            [
              -38.58180011,
              -3.73038055
            ],
            [
              -38.58117076,
              -3.73010107
            ],
            [
              -38.58074029,
              -3.72990948
            ],
            [
              -38.58051319,
              -3.72980891
            ],
            [
              -38.58005708,
              -3.72960599
            ],
            [
              -38.57904339,
              -3.72915526
            ],
            [
              -38.57854157,
              -3.72893159
            ],
            [
              -38.57751038,
              -3.72847431
            ],
            [
              -38.57721843,
              -3.72834439
            ],
            [
              -38.57698439,
              -3.72824374
            ],
            [
              -38.57679677,
              -3.72815746
            ],
            [
              -38.57558841,
              -3.72762075
            ],
            [
              -38.57531328,
              -3.72749834
            ],
            [
              -38.57512983,
              -3.72741677
            ],
            [
              -38.57497303,
              -3.72734707
            ],
            [
              -38.57433136,
              -3.72706403
            ],
            [
              -38.57384195,
              -3.72684582
            ],
            [
              -38.57347209,
              -3.72668033
            ],
            [
              -38.57332496,
              -3.72661523
            ],
            [
              -38.57310336,
              -3.7265178
            ],
            [
              -38.57284247,
              -3.72640194
            ],
            [
              -38.57264549,
              -3.72631453
            ],
            [
              -38.5724363,
              -3.72621996
            ],
            [
              -38.57221062,
              -3.72611905
            ],
            [
              -38.57207652,
              -3.72605785
            ],
            [
              -38.57188821,
              -3.72596901
            ],
            [
              -38.57184535,
              -3.72594741
            ],
            [
              -38.57180287,
              -3.72592506
            ],
            [
              -38.57176078,
              -3.72590197
            ],
            [
              -38.57171909,
              -3.72587817
            ],
            [
              -38.57167782,
              -3.72585364
            ],
            [
              -38.57163697,
              -3.7258284
            ],
            [
              -38.57159656,
              -3.72580245
            ],
            [
              -38.57155661,
              -3.72577581
            ],
            [
              -38.57151712,
              -3.72574849
            ],
            [
              -38.5714781,
              -3.72572047
            ],
            [
              -38.57143958,
              -3.72569179
            ],
            [
              -38.57140155,
              -3.72566245
            ],
            [
              -38.57136403,
              -3.72563245
            ],
            [
              -38.57132703,
              -3.7256018
            ],
            [
              -38.57129056,
              -3.72557052
            ],
            [
              -38.57125464,
              -3.7255386
            ],
            [
              -38.57121927,
              -3.72550608
            ],
            [
              -38.57118446,
              -3.72547294
            ],
            [
              -38.57115023,
              -3.7254392
            ],
            [
              -38.57111658,
              -3.72540488
            ],
            [
              -38.57108353,
              -3.72536997
            ],
            [
              -38.57105108,
              -3.7253345
            ],
            [
              -38.57101925,
              -3.72529847
            ],
            [
              -38.57098804,
              -3.7252619
            ],
            [
              -38.57095746,
              -3.72522479
            ],
            [
              -38.57092753,
              -3.72518716
            ],
            [
              -38.57089824,
              -3.72514901
            ],
            [
              -38.57086962,
              -3.72511036
            ],
            [
              -38.57084166,
              -3.72507122
            ],
            [
              -38.57081438,
              -3.7250316
            ],
            [
              -38.57069496,
              -3.72485268
            ],
            [
              -38.57057904,
              -3.72466307
            ],
            [
              -38.57030099,
              -3.72417082
            ],
            [
              -38.57003438,
              -3.72369652
            ],
            [
              -38.5697185,
              -3.72313601
            ],
            [
              -38.56964903,
              -3.72301099
            ],
            [
              -38.5694554,
              -3.72266339
            ],
            [
              -38.56920267,
              -3.72221563
            ],
            [
              -38.56901598,
              -3.72188951
            ],
            [
              -38.56900649,
              -3.72187429
            ],
            [
              -38.56900059,
              -3.72186486
            ],
            [
              -38.56898478,
              -3.72184047
            ],
            [
              -38.56896856,
              -3.72181637
            ],
            [
              -38.56895191,
              -3.72179256
            ],
            [
              -38.56893487,
              -3.72176903
            ],
            [
              -38.56891741,
              -3.72174581
            ],
            [
              -38.56889956,
              -3.72172289
            ],
            [
              -38.56888132,
              -3.72170029
            ],
            [
              -38.5688627,
              -3.72167801
            ],
            [
              -38.56884369,
              -3.72165606
            ],
            [
              -38.5688243,
              -3.72163443
            ],
            [
              -38.56880455,
              -3.72161315
            ],
            [
              -38.56878443,
              -3.72159222
            ],
            [
              -38.56876396,
              -3.72157164
            ],
            [
              -38.56874313,
              -3.72155142
            ],
            [
              -38.56872196,
              -3.72153156
            ],
            [
              -38.56870045,
              -3.72151207
            ],
            [
              -38.5686786,
              -3.72149296
            ],
            [
              -38.56865644,
              -3.72147424
            ],
            [
              -38.56863395,
              -3.7214559
            ],
            [
              -38.56861115,
              -3.72143795
            ],
            [
              -38.56858804,
              -3.72142041
            ],
            [
              -38.56856463,
              -3.72140326
            ],
            [
              -38.56854094,
              -3.72138653
            ],
            [
              -38.56851696,
              -3.72137022
            ],
            [
              -38.5684927,
              -3.72135432
            ],
            [
              -38.56846817,
              -3.72133884
            ],
            [
              -38.56844337,
              -3.7213238
            ],
            [
              -38.56841833,
              -3.72130918
            ],
            [
              -38.56839303,
              -3.72129501
            ],
            [
              -38.56836749,
              -3.72128128
            ],
            [
              -38.56834172,
              -3.72126799
            ],
            [
              -38.56831573,
              -3.72125515
            ],
            [
              -38.56828952,
              -3.72124277
            ],
            [
              -38.5682631,
              -3.72123085
            ],
            [
              -38.56823648,
              -3.72121938
            ],
            [
              -38.56820966,
              -3.72120838
            ],
            [
              -38.56818266,
              -3.72119785
            ],
            [
              -38.56815548,
              -3.72118779
            ],
            [
              -38.56812813,
              -3.7211782
            ],
            [
              -38.56810063,
              -3.72116909
            ],
            [
              -38.56807296,
              -3.72116046
            ],
            [
              -38.56804516,
              -3.72115232
            ],
            [
              -38.5675317,
              -3.7210119
            ],
            [
              -38.56713424,
              -3.72090435
            ],
            [
              -38.56700537,
              -3.72087256
            ],
            [
              -38.56699165,
              -3.72082687
            ],
            [
              -38.56669493,
              -3.72074667
            ],
            [
              -38.56608134,
              -3.72058136
            ],
            [
              -38.56565091,
              -3.72046613
            ],
            [
              -38.56513898,
              -3.72033
            ],
            [
              -38.56415388,
              -3.72006544
            ],
            [
              -38.56386541,
              -3.7199877
            ],
            [
              -38.56364714,
              -3.71992993
            ],
            [
              -38.56342491,
              -3.7198697
            ],
            [
              -38.5625955,
              -3.71964693
            ],
            [
              -38.56188117,
              -3.71945595
            ],
            [
              -38.56157179,
              -3.71937375
            ],
            [
              -38.56149194,
              -3.71970373
            ],
            [
              -38.56136467,
              -3.72022875
            ],
            [
              -38.56127351,
              -3.72058204
            ],
            [
              -38.5612105,
              -3.7208151
            ],
            [
              -38.56110956,
              -3.72120273
            ],
            [
              -38.56099513,
              -3.72162373
            ],
            [
              -38.56070939,
              -3.72155025
            ],
            [
              -38.55928319,
              -3.7211605
            ],
            [
              -38.55864932,
              -3.7209966
            ],
            [
              -38.55863684,
              -3.72099332
            ],
            [
              -38.55862421,
              -3.72099068
            ],
            [
              -38.55861147,
              -3.72098869
            ],
            [
              -38.55859864,
              -3.72098736
            ],
            [
              -38.55858576,
              -3.72098669
            ],
            [
              -38.55857286,
              -3.72098668
            ],
            [
              -38.55855998,
              -3.72098734
            ],
            [
              -38.55854714,
              -3.72098866
            ],
            [
              -38.5585344,
              -3.72099063
            ],
            [
              -38.55852177,
              -3.72099326
            ],
            [
              -38.55850928,
              -3.72099653
            ],
            [
              -38.55828808,
              -3.72104876
            ],
            [
              -38.55770807,
              -3.72117879
            ],
            [
              -38.55568087,
              -3.72164015
            ],
            [
              -38.55452192,
              -3.72190428
            ],
            [
              -38.55264685,
              -3.72233109
            ],
            [
              -38.55183586,
              -3.72251661
            ],
            [
              -38.55169038,
              -3.72255634
            ],
            [
              -38.55137063,
              -3.72266032
            ],
            [
              -38.55058675,
              -3.72291401
            ],
            [
              -38.5505203,
              -3.7229343
            ],
            [
              -38.54967769,
              -3.72321231
            ],
            [
              -38.54931975,
              -3.72333013
            ],
            [
              -38.54932656,
              -3.72335121
            ],
            [
              -38.54899566,
              -3.72346507
            ],
            [
              -38.54894809,
              -3.72348211
            ],
            [
              -38.548967,
              -3.72358937
            ],
            [
              -38.5489882,
              -3.72370775
            ],
            [
              -38.54903037,
              -3.72392442
            ],
            [
              -38.54908859,
              -3.7241946
            ],
            [
              -38.54915782,
              -3.72453992
            ],
            [
              -38.5488362,
              -3.72452488
            ],
            [
              -38.54811205,
              -3.72453594
            ],
            [
              -38.54780474,
              -3.72454722
            ],
            [
              -38.54744281,
              -3.72457538
            ],
            [
              -38.54691486,
              -3.72461129
            ],
            [
              -38.54631269,
              -3.72464893
            ],
            [
              -38.54619445,
              -3.72466029
            ],
            [
              -38.54579117,
              -3.72672493
            ],
            [
              -38.54568767,
              -3.72671659
            ],
            [
              -38.54552199,
              -3.72670735
            ],
            [
              -38.5453594,
              -3.72676016
            ],
            [
              -38.54520428,
              -3.7268116
            ],
            [
              -38.54500097,
              -3.72687898
            ],
            [
              -38.54455867,
              -3.72702774
            ],
            [
              -38.54433474,
              -3.72710014
            ],
            [
              -38.54407241,
              -3.72718684
            ],
            [
              -38.54362509,
              -3.72733192
            ],
            [
              -38.54289154,
              -3.72756954
            ],
            [
              -38.54205106,
              -3.72784418
            ],
            [
              -38.54156669,
              -3.72800287
            ],
            [
              -38.54091647,
              -3.72821409
            ],
            [
              -38.54040917,
              -3.72837795
            ],
            [
              -38.54024819,
              -3.72842201
            ],
            [
              -38.54024585,
              -3.72843816
            ],
            [
              -38.53999923,
              -3.73013187
            ],
            [
              -38.53997329,
              -3.73031166
            ],
            [
              -38.53993716,
              -3.73056244
            ],
            [
              -38.53992291,
              -3.73063493
            ],
            [
              -38.54020028,
              -3.73069783
            ],
            [
              -38.54021054,
              -3.73072633
            ],
            [
              -38.54024722,
              -3.7308282
            ],
            [
              -38.54033479,
              -3.73106624
            ],
            [
              -38.54054031,
              -3.73164783
            ],
            [
              -38.54033936,
              -3.73171347
            ],
            [
              -38.53931829,
              -3.73204756
            ],
            [
              -38.53837118,
              -3.73234914
            ],
            [
              -38.53654208,
              -3.73293492
            ],
            [
              -38.53618484,
              -3.73304475
            ]
          ]
        ]
      },
      "geometry_name": "The_geom",
      "properties": {
        "id": 5,
        "nome": "Distrito 3",
        "area_ha": "3497",
        "fonte": "SME - Secretaria Municipal de Educação de Fortaleza",
        "ano_ref": 2023,
        "data_atual": "08/Ago/2023",
        "epsg_codif": "EPSG: 31984 (SIRGAS 2000 - UTM 24S); Codificação: UTF-8"
      }
    },
    {
      "type": "Feature",
      "properties": {
        "ID": 1,
        "ESCOLA": "ESCOLA MUNICIPAL DOLORES ALCANTARA",
        "DIST": "DIST3",
        "DISTRITO": "DISTRITO 3"
      },
      "geometry": {
        "type": "Point",
        "coordinates": [
          -38.59251,
          -3.74966
        ]
      }
    },
    {
      "type": "Feature",
      "properties": {
        "ID": 4,
        "ESCOLA": "ESCOLA MUNICIPAL SAO JOSE",
        "DIST": "DIST3",
        "DISTRITO": "DISTRITO 3"
      },
      "geometry": {
        "type": "Point",
        "coordinates": [
          -38.56861,
          -3.72461
        ]
      }
    },
    {
      "type": "Feature",
      "properties": {
        "ID": 9,
        "ESCOLA": "ESCOLA MUNICIPAL DE TEMPO INTEGRAL PROFESSOR ADEMAR NUNES BATISTA",
        "DIST": "DIST3",
        "DISTRITO": "DISTRITO 3"
      },
      "geometry": {
        "type": "Point",
        "coordinates": [
          -38.61189,
          -3.76258
        ]
      }
    },
    {
      "type": "Feature",
      "properties": {
        "ID": 10,
        "ESCOLA": "ESCOLA MUNICIPAL EDILSON BRASIL SOAREZ",
        "DIST": "DIST3",
        "DISTRITO": "DISTRITO 3"
      },
      "geometry": {
        "type": "Point",
        "coordinates": [
          -38.61392,
          -3.7736
        ]
      }
    },
    {
      "type": "Feature",
      "properties": {
        "ID": 36,
        "ESCOLA": "ESCOLA MUNICIPAL PAULO SARASATE",
        "DIST": "DIST3",
        "DISTRITO": "DISTRITO 3"
      },
      "geometry": {
        "type": "Point",
        "coordinates": [
          -38.56317,
          -3.76397
        ]
      }
    },
    {
      "type": "Feature",
      "properties": {
        "ID": 40,
        "ESCOLA": "CRECHE CRIANCA FELIZ",
        "DIST": "DIST3",
        "DISTRITO": "DISTRITO 3"
      },
      "geometry": {
        "type": "Point",
        "coordinates": [
          -38.59989,
          -3.73611
        ]
      }
    },
    {
      "type": "Feature",
      "properties": {
        "ID": 56,
        "ESCOLA": "CENTRO DE EDUCACAO INFANTIL ALTAMIR FERNANDES CORREA LEITE",
        "DIST": "DIST3",
        "DISTRITO": "DISTRITO 3"
      },
      "geometry": {
        "type": "Point",
        "coordinates": [
          -38.58156,
          -3.73997
        ]
      }
    },
    {
      "type": "Feature",
      "properties": {
        "ID": 72,
        "ESCOLA": "PROGRAMA ESCOLA ARENINHA SARGENTO HERMINIO",
        "DIST": "DIST3",
        "DISTRITO": "DISTRITO 3"
      },
      "geometry": {
        "type": "Point",
        "coordinates": [
          -38.558169,
          -3.726479
        ]
      }
    },
    {
      "type": "Feature",
      "properties": {
        "ID": 76,
        "ESCOLA": "PROGRAMA ESCOLA ARENINHA CONJUNTO CEARA I",
        "DIST": "DIST3",
        "DISTRITO": "DISTRITO 3"
      },
      "geometry": {
        "type": "Point",
        "coordinates": [
          -38.60582,
          -3.76665
        ]
      }
    },
    {
      "type": "Feature",
      "properties": {
        "ID": 80,
        "ESCOLA": "CENTRO DE EDUCACAO INFANTIL LUZIE TORQUATO DA COSTA",
        "DIST": "DIST3",
        "DISTRITO": "DISTRITO 3"
      },
      "geometry": {
        "type": "Point",
        "coordinates": [
          -38.595402,
          -3.755012
        ]
      }
    },
    {
      "type": "Feature",
      "properties": {
        "ID": 84,
        "ESCOLA": "ESCOLA MUNICIPAL BERGSON GURJAO FARIAS",
        "DIST": "DIST3",
        "DISTRITO": "DISTRITO 3"
      },
      "geometry": {
        "type": "Point",
        "coordinates": [
          -38.59218,
          -3.75643
        ]
      }
    },
    {
      "type": "Feature",
      "properties": {
        "ID": 94,
        "ESCOLA": "ESCOLA MUNICIPAL JOAO NUNES PINHEIRO",
        "DIST": "DIST3",
        "DISTRITO": "DISTRITO 3"
      },
      "geometry": {
        "type": "Point",
        "coordinates": [
          -38.60488,
          -3.7653
        ]
      }
    },
    {
      "type": "Feature",
      "properties": {
        "ID": 116,
        "ESCOLA": "CENTRO DE EDUCACAO INFANTIL MURILO AGUIAR",
        "DIST": "DIST3",
        "DISTRITO": "DISTRITO 3"
      },
      "geometry": {
        "type": "Point",
        "coordinates": [
          -38.60325,
          -3.75602
        ]
      }
    },
    {
      "type": "Feature",
      "properties": {
        "ID": 119,
        "ESCOLA": "ESCOLA MUNICIPAL JOSE NAURI BRAGA",
        "DIST": "DIST3",
        "DISTRITO": "DISTRITO 3"
      },
      "geometry": {
        "type": "Point",
        "coordinates": [
          -38.56663,
          -3.74972
        ]
      }
    },
    {
      "type": "Feature",
      "properties": {
        "ID": 126,
        "ESCOLA": "ESCOLA MUNICIPAL GOVERNADOR FAUSTINO DE ALBUQUERQUE",
        "DIST": "DIST3",
        "DISTRITO": "DISTRITO 3"
      },
      "geometry": {
        "type": "Point",
        "coordinates": [
          -38.60792,
          -3.77199
        ]
      }
    },
    {
      "type": "Feature",
      "properties": {
        "ID": 132,
        "ESCOLA": "ESCOLA MUNICIPAL IRMA MARIA EVANETE",
        "DIST": "DIST3",
        "DISTRITO": "DISTRITO 3"
      },
      "geometry": {
        "type": "Point",
        "coordinates": [
          -38.60321,
          -3.76085
        ]
      }
    },
    {
      "type": "Feature",
      "properties": {
        "ID": 133,
        "ESCOLA": "ESCOLA MUNICIPAL DEPUTADO GERONCIO BEZERRA",
        "DIST": "DIST3",
        "DISTRITO": "DISTRITO 3"
      },
      "geometry": {
        "type": "Point",
        "coordinates": [
          -38.59063,
          -3.73628
        ]
      }
    },
    {
      "type": "Feature",
      "properties": {
        "ID": 138,
        "ESCOLA": "ESCOLA MUNICIPAL PROFESSOR GERARDO MILTON DE SA",
        "DIST": "DIST3",
        "DISTRITO": "DISTRITO 3"
      },
      "geometry": {
        "type": "Point",
        "coordinates": [
          -38.58932,
          -3.7422
        ]
      }
    },
    {
      "type": "Feature",
      "properties": {
        "ID": 148,
        "ESCOLA": "CENTRO DE EDUCACAO INFANTIL JOSE BATISTA DE OLIVEIRA",
        "DIST": "DIST3",
        "DISTRITO": "DISTRITO 3"
      },
      "geometry": {
        "type": "Point",
        "coordinates": [
          -38.56574,
          -3.75748
        ]
      }
    },
    {
      "type": "Feature",
      "properties": {
        "ID": 162,
        "ESCOLA": "CENTRO DE EDUCACAO INFANTIL ANTONIO MOREIRA DE OLIVEIRA",
        "DIST": "DIST3",
        "DISTRITO": "DISTRITO 3"
      },
      "geometry": {
        "type": "Point",
        "coordinates": [
          -38.60721,
          -3.771437
        ]
      }
    },
    {
      "type": "Feature",
      "properties": {
        "ID": 164,
        "ESCOLA": "ESCOLA MUNICIPAL PROFESSOR CLODOALDO PINTO",
        "DIST": "DIST3",
        "DISTRITO": "DISTRITO 3"
      },
      "geometry": {
        "type": "Point",
        "coordinates": [
          -38.58127,
          -3.73096
        ]
      }
    },
    {
      "type": "Feature",
      "properties": {
        "ID": 176,
        "ESCOLA": "ESCOLA MUNICIPAL PROFESSOR JOSE MILITAO DE ALBUQUERQUE",
        "DIST": "DIST3",
        "DISTRITO": "DISTRITO 3"
      },
      "geometry": {
        "type": "Point",
        "coordinates": [
          -38.61049,
          -3.75948
        ]
      }
    },
    {
      "type": "Feature",
      "properties": {
        "ID": 181,
        "ESCOLA": "ESCOLA MUNICIPAL SAO RAIMUNDO",
        "DIST": "DIST3",
        "DISTRITO": "DISTRITO 3"
      },
      "geometry": {
        "type": "Point",
        "coordinates": [
          -38.55441,
          -3.74533
        ]
      }
    },
    {
      "type": "Feature",
      "properties": {
        "ID": 198,
        "ESCOLA": "CENTRO DE EDUCACAO INFANTIL JOAQUIM NOGUEIRA",
        "DIST": "DIST3",
        "DISTRITO": "DISTRITO 3"
      },
      "geometry": {
        "type": "Point",
        "coordinates": [
          -38.59579,
          -3.73867
        ]
      }
    },
    {
      "type": "Feature",
      "properties": {
        "ID": 203,
        "ESCOLA": "CRECHE ESPACO DA SABEDORIA",
        "DIST": "DIST3",
        "DISTRITO": "DISTRITO 3"
      },
      "geometry": {
        "type": "Point",
        "coordinates": [
          -38.59522,
          -3.75008
        ]
      }
    },
    {
      "type": "Feature",
      "properties": {
        "ID": 213,
        "ESCOLA": "ESCOLA MUNICIPAL PROFESSORA MARIA LIDUINA CORREA LEITE",
        "DIST": "DIST3",
        "DISTRITO": "DISTRITO 3"
      },
      "geometry": {
        "type": "Point",
        "coordinates": [
          -38.56982,
          -3.74909
        ]
      }
    },
    {
      "type": "Feature",
      "properties": {
        "ID": 217,
        "ESCOLA": "ESCOLA MUNICIPAL SAO CARLOS",
        "DIST": "DIST3",
        "DISTRITO": "DISTRITO 3"
      },
      "geometry": {
        "type": "Point",
        "coordinates": [
          -38.59849,
          -3.73729
        ]
      }
    },
    {
      "type": "Feature",
      "properties": {
        "ID": 221,
        "ESCOLA": "ESCOLA MUNICIPAL MURILO SERPA",
        "DIST": "DIST3",
        "DISTRITO": "DISTRITO 3"
      },
      "geometry": {
        "type": "Point",
        "coordinates": [
          -38.58395,
          -3.75588
        ]
      }
    },
    {
      "type": "Feature",
      "properties": {
        "ID": 233,
        "ESCOLA": "CENTRO DE EDUCACAO INFANTIL PAULO SARASATE",
        "DIST": "DIST3",
        "DISTRITO": "DISTRITO 3"
      },
      "geometry": {
        "type": "Point",
        "coordinates": [
          -38.56314,
          -3.7644
        ]
      }
    },
    {
      "type": "Feature",
      "properties": {
        "ID": 237,
        "ESCOLA": "ESCOLA MUNICIPAL DE TEMPO INTEGRAL PROFESSOR PRISCO BEZERRA",
        "DIST": "DIST3",
        "DISTRITO": "DISTRITO 3"
      },
      "geometry": {
        "type": "Point",
        "coordinates": [
          -38.60412,
          -3.76672
        ]
      }
    },
    {
      "type": "Feature",
      "properties": {
        "ID": 241,
        "ESCOLA": "CENTRO DE EDUCACAO INFANTIL BERGSON GURJAO DE FARIAS",
        "DIST": "DIST3",
        "DISTRITO": "DISTRITO 3"
      },
      "geometry": {
        "type": "Point",
        "coordinates": [
          -38.59201,
          -3.75587
        ]
      }
    },
    {
      "type": "Feature",
      "properties": {
        "ID": 255,
        "ESCOLA": "CRECHE AQUARELA",
        "DIST": "DIST3",
        "DISTRITO": "DISTRITO 3"
      },
      "geometry": {
        "type": "Point",
        "coordinates": [
          -38.59119,
          -3.76831
        ]
      }
    },
    {
      "type": "Feature",
      "properties": {
        "ID": 256,
        "ESCOLA": "CRECHE GERALDA BERTINI",
        "DIST": "DIST3",
        "DISTRITO": "DISTRITO 3"
      },
      "geometry": {
        "type": "Point",
        "coordinates": [
          -38.59313,
          -3.74031
        ]
      }
    },
    {
      "type": "Feature",
      "properties": {
        "ID": 262,
        "ESCOLA": "ESCOLA MUNICIPAL ADROALDO TEIXEIRA CASTELO",
        "DIST": "DIST3",
        "DISTRITO": "DISTRITO 3"
      },
      "geometry": {
        "type": "Point",
        "coordinates": [
          -38.57514,
          -3.75562
        ]
      }
    },
    {
      "type": "Feature",
      "properties": {
        "ID": 263,
        "ESCOLA": "CRECHE VOVO ODILON",
        "DIST": "DIST3",
        "DISTRITO": "DISTRITO 3"
      },
      "geometry": {
        "type": "Point",
        "coordinates": [
          -38.594199,
          -3.726569
        ]
      }
    },
    {
      "type": "Feature",
      "properties": {
        "ID": 264,
        "ESCOLA": "CRECHE ANIZIA TAVORA",
        "DIST": "DIST3",
        "DISTRITO": "DISTRITO 3"
      },
      "geometry": {
        "type": "Point",
        "coordinates": [
          -38.59777,
          -3.737309
        ]
      }
    },
    {
      "type": "Feature",
      "properties": {
        "ID": 267,
        "ESCOLA": "PROGRAMA ESCOLA ARENINHA CONJUNTO CEARA II",
        "DIST": "DIST3",
        "DISTRITO": "DISTRITO 3"
      },
      "geometry": {
        "type": "Point",
        "coordinates": [
          -38.61654,
          -3.772979
        ]
      }
    },
    {
      "type": "Feature",
      "properties": {
        "ID": 277,
        "ESCOLA": "ESCOLA MUNICIPAL JOAO PAULO II",
        "DIST": "DIST3",
        "DISTRITO": "DISTRITO 3"
      },
      "geometry": {
        "type": "Point",
        "coordinates": [
          -38.61374,
          -3.77074
        ]
      }
    },
    {
      "type": "Feature",
      "properties": {
        "ID": 278,
        "ESCOLA": "ESCOLA MUNICIPAL PROFESSOR AMERICO BARREIRA",
        "DIST": "DIST3",
        "DISTRITO": "DISTRITO 3"
      },
      "geometry": {
        "type": "Point",
        "coordinates": [
          -38.59988,
          -3.76273
        ]
      }
    },
    {
      "type": "Feature",
      "properties": {
        "ID": 284,
        "ESCOLA": "ESCOLA MUNICIPAL PROFESSOR DENIZARD MACEDO DE ALCANTARA",
        "DIST": "DIST3",
        "DISTRITO": "DISTRITO 3"
      },
      "geometry": {
        "type": "Point",
        "coordinates": [
          -38.58902,
          -3.7315
        ]
      }
    },
    {
      "type": "Feature",
      "properties": {
        "ID": 290,
        "ESCOLA": "ESCOLA MUNICIPAL JOSE BATISTA DE OLIVEIRA",
        "DIST": "DIST3",
        "DISTRITO": "DISTRITO 3"
      },
      "geometry": {
        "type": "Point",
        "coordinates": [
          -38.56534,
          -3.75732
        ]
      }
    },
    {
      "type": "Feature",
      "properties": {
        "ID": 293,
        "ESCOLA": "CENTRO DE EDUCACAO INFANTIL MURILO SERPA",
        "DIST": "DIST3",
        "DISTRITO": "DISTRITO 3"
      },
      "geometry": {
        "type": "Point",
        "coordinates": [
          -38.58261,
          -3.75234
        ]
      }
    },
    {
      "type": "Feature",
      "properties": {
        "ID": 297,
        "ESCOLA": "CENTRO DE EDUCACAO INFANTIL PROFESSOR CLODOALDO PINTO",
        "DIST": "DIST3",
        "DISTRITO": "DISTRITO 3"
      },
      "geometry": {
        "type": "Point",
        "coordinates": [
          -38.58093,
          -3.73074
        ]
      }
    },
    {
      "type": "Feature",
      "properties": {
        "ID": 300,
        "ESCOLA": "CRECHE APRISCO",
        "DIST": "DIST3",
        "DISTRITO": "DISTRITO 3"
      },
      "geometry": {
        "type": "Point",
        "coordinates": [
          -38.54876,
          -3.74584
        ]
      }
    },
    {
      "type": "Feature",
      "properties": {
        "ID": 304,
        "ESCOLA": "CENTRO DE EDUCACAO INFANTIL DOM JOSE TUPINAMBA DA FROTA",
        "DIST": "DIST3",
        "DISTRITO": "DISTRITO 3"
      },
      "geometry": {
        "type": "Point",
        "coordinates": [
          -38.56261,
          -3.75039
        ]
      }
    },
    {
      "type": "Feature",
      "properties": {
        "ID": 307,
        "ESCOLA": "ESCOLA MUNICIPAL HONORIO BEZERRA",
        "DIST": "DIST3",
        "DISTRITO": "DISTRITO 3"
      },
      "geometry": {
        "type": "Point",
        "coordinates": [
          -38.56147,
          -3.72319
        ]
      }
    },
    {
      "type": "Feature",
      "properties": {
        "ID": 308,
        "ESCOLA": "CENTRO DE EDUCAÇÃO INFANTIL SANTA MARIA",
        "DIST": "DIST3",
        "DISTRITO": "DISTRITO 3"
      },
      "geometry": {
        "type": "Point",
        "coordinates": [
          -38.58819,
          -3.7648
        ]
      }
    },
    {
      "type": "Feature",
      "properties": {
        "ID": 316,
        "ESCOLA": "ESCOLA MUNICIPAL GUSTAVO BARROSO",
        "DIST": "DIST3",
        "DISTRITO": "DISTRITO 3"
      },
      "geometry": {
        "type": "Point",
        "coordinates": [
          -38.55791,
          -3.73261
        ]
      }
    },
    {
      "type": "Feature",
      "properties": {
        "ID": 323,
        "ESCOLA": "ESCOLA MUNICIPAL PROFESSOR MARTINZ DE AGUIAR",
        "DIST": "DIST3",
        "DISTRITO": "DISTRITO 3"
      },
      "geometry": {
        "type": "Point",
        "coordinates": [
          -38.55739,
          -3.72218
        ]
      }
    },
    {
      "type": "Feature",
      "properties": {
        "ID": 327,
        "ESCOLA": "CENTRO DE EDUCACAO INFANTIL JOSE CARLOS DA COSTA RIBEIRO",
        "DIST": "DIST3",
        "DISTRITO": "DISTRITO 3"
      },
      "geometry": {
        "type": "Point",
        "coordinates": [
          -38.59884,
          -3.73745
        ]
      }
    },
    {
      "type": "Feature",
      "properties": {
        "ID": 332,
        "ESCOLA": "CENTRO DE EDUCACAO INFANTIL FRANCISCO EURIVA MATIAS",
        "DIST": "DIST3",
        "DISTRITO": "DISTRITO 3"
      },
      "geometry": {
        "type": "Point",
        "coordinates": [
          -38.55413,
          -3.74527
        ]
      }
    },
    {
      "type": "Feature",
      "properties": {
        "ID": 338,
        "ESCOLA": "CENTRO DE EDUCAÇÃO INFANTIL JORNALISTA NENO CAVALCANTE",
        "DIST": "DIST3",
        "DISTRITO": "DISTRITO 3"
      },
      "geometry": {
        "type": "Point",
        "coordinates": [
          -38.60272,
          -3.77215
        ]
      }
    },
    {
      "type": "Feature",
      "properties": {
        "ID": 339,
        "ESCOLA": "CRECHE SEMEANDO O SABER",
        "DIST": "DIST3",
        "DISTRITO": "DISTRITO 3"
      },
      "geometry": {
        "type": "Point",
        "coordinates": [
          -38.5933,
          -3.74346
        ]
      }
    },
    {
      "type": "Feature",
      "properties": {
        "ID": 357,
        "ESCOLA": "CRECHE ESTRELA DO AMANHA",
        "DIST": "DIST3",
        "DISTRITO": "DISTRITO 3"
      },
      "geometry": {
        "type": "Point",
        "coordinates": [
          -38.59348,
          -3.76146
        ]
      }
    },
    {
      "type": "Feature",
      "properties": {
        "ID": 359,
        "ESCOLA": "ESCOLA MUNICIPAL MONSENHOR LINHARES",
        "DIST": "DIST3",
        "DISTRITO": "DISTRITO 3"
      },
      "geometry": {
        "type": "Point",
        "coordinates": [
          -38.56008,
          -3.74537
        ]
      }
    },
    {
      "type": "Feature",
      "properties": {
        "ID": 362,
        "ESCOLA": "ESCOLA MUNICIPAL MARIA CARDOSO",
        "DIST": "DIST3",
        "DISTRITO": "DISTRITO 3"
      },
      "geometry": {
        "type": "Point",
        "coordinates": [
          -38.59849,
          -3.72622
        ]
      }
    },
    {
      "type": "Feature",
      "properties": {
        "ID": 366,
        "ESCOLA": "ESCOLA MUNICIPAL FAUSTINO DE ALBUQUERQUE",
        "DIST": "DIST3",
        "DISTRITO": "DISTRITO 3"
      },
      "geometry": {
        "type": "Point",
        "coordinates": [
          -38.55414,
          -3.72413
        ]
      }
    },
    {
      "type": "Feature",
      "properties": {
        "ID": 375,
        "ESCOLA": "CRECHE FAVO DE MEL",
        "DIST": "DIST3",
        "DISTRITO": "DISTRITO 3"
      },
      "geometry": {
        "type": "Point",
        "coordinates": [
          -38.55951,
          -3.72217
        ]
      }
    },
    {
      "type": "Feature",
      "properties": {
        "ID": 380,
        "ESCOLA": "ESCOLA MUNICIPAL FREI LAURO SCHWARTE",
        "DIST": "DIST3",
        "DISTRITO": "DISTRITO 3"
      },
      "geometry": {
        "type": "Point",
        "coordinates": [
          -38.54123,
          -3.73205
        ]
      }
    },
    {
      "type": "Feature",
      "properties": {
        "ID": 386,
        "ESCOLA": "CRECHE NOSSA SENHORA DE FATIMA",
        "DIST": "DIST3",
        "DISTRITO": "DISTRITO 3"
      },
      "geometry": {
        "type": "Point",
        "coordinates": [
          -38.61193,
          -3.76327
        ]
      }
    },
    {
      "type": "Feature",
      "properties": {
        "ID": 394,
        "ESCOLA": "CENTRO DE EDUCACAO INFANTIL ANTONIA NATHALIA CRISTINA CHAVES MACIEL",
        "DIST": "DIST3",
        "DISTRITO": "DISTRITO 3"
      },
      "geometry": {
        "type": "Point",
        "coordinates": [
          -38.61844,
          -3.77441
        ]
      }
    },
    {
      "type": "Feature",
      "properties": {
        "ID": 396,
        "ESCOLA": "CRECHE VO MARIA DA PENHA",
        "DIST": "DIST3",
        "DISTRITO": "DISTRITO 3"
      },
      "geometry": {
        "type": "Point",
        "coordinates": [
          -38.57624,
          -3.73254
        ]
      }
    },
    {
      "type": "Feature",
      "properties": {
        "ID": 398,
        "ESCOLA": "CAEE- ASSOCIACAO DOS CEGOS DO ESTADO DO CEARA",
        "DIST": "DIST3",
        "DISTRITO": "DISTRITO 3"
      },
      "geometry": {
        "type": "Point",
        "coordinates": [
          -38.54149,
          -3.72996
        ]
      }
    },
    {
      "type": "Feature",
      "properties": {
        "ID": 407,
        "ESCOLA": "CRECHE TIA NINO",
        "DIST": "DIST3",
        "DISTRITO": "DISTRITO 3"
      },
      "geometry": {
        "type": "Point",
        "coordinates": [
          -38.5975,
          -3.75648
        ]
      }
    },
    {
      "type": "Feature",
      "properties": {
        "ID": 415,
        "ESCOLA": "CRECHE GIRASSOL",
        "DIST": "DIST3",
        "DISTRITO": "DISTRITO 3"
      },
      "geometry": {
        "type": "Point",
        "coordinates": [
          -38.591423,
          -3.767763
        ]
      }
    },
    {
      "type": "Feature",
      "properties": {
        "ID": 418,
        "ESCOLA": "PROGRAMA ESCOLA ARENINHA PRAÇA DA JUVENTUDE (JOÃO XXIII)",
        "DIST": "DIST3",
        "DISTRITO": "DISTRITO 3"
      },
      "geometry": {
        "type": "Point",
        "coordinates": [
          -38.59146,
          -3.769648
        ]
      }
    },
    {
      "type": "Feature",
      "properties": {
        "ID": 425,
        "ESCOLA": "CENTRO DE EDUCAÇÃO INFANTIL ABRAAO LUCCA DA SILVA COSTA",
        "DIST": "DIST3",
        "DISTRITO": "DISTRITO 3"
      },
      "geometry": {
        "type": "Point",
        "coordinates": [
          -38.581786,
          -3.753594
        ]
      }
    },
    {
      "type": "Feature",
      "properties": {
        "ID": 427,
        "ESCOLA": "ESCOLA MUNICIPAL SANTA LUZIA",
        "DIST": "DIST3",
        "DISTRITO": "DISTRITO 3"
      },
      "geometry": {
        "type": "Point",
        "coordinates": [
          -38.591,
          -3.74987
        ]
      }
    },
    {
      "type": "Feature",
      "properties": {
        "ID": 435,
        "ESCOLA": "ESCOLA MUNICIPAL JOSE CARLOS DA COSTA RIBEIRO",
        "DIST": "DIST3",
        "DISTRITO": "DISTRITO 3"
      },
      "geometry": {
        "type": "Point",
        "coordinates": [
          -38.59925,
          -3.73716
        ]
      }
    },
    {
      "type": "Feature",
      "properties": {
        "ID": 436,
        "ESCOLA": "ESCOLA MUNICIPAL NILSON HOLANDA",
        "DIST": "DIST3",
        "DISTRITO": "DISTRITO 3"
      },
      "geometry": {
        "type": "Point",
        "coordinates": [
          -38.56172,
          -3.74927
        ]
      }
    },
    {
      "type": "Feature",
      "properties": {
        "ID": 446,
        "ESCOLA": "ESCOLA MUNICIPAL MURILO AGUIAR",
        "DIST": "DIST3",
        "DISTRITO": "DISTRITO 3"
      },
      "geometry": {
        "type": "Point",
        "coordinates": [
          -38.60302,
          -3.7549
        ]
      }
    },
    {
      "type": "Feature",
      "properties": {
        "ID": 447,
        "ESCOLA": "ESCOLA MUNICIPAL SANTA MARIA",
        "DIST": "DIST3",
        "DISTRITO": "DISTRITO 3"
      },
      "geometry": {
        "type": "Point",
        "coordinates": [
          -38.5878,
          -3.76449
        ]
      }
    },
    {
      "type": "Feature",
      "properties": {
        "ID": 455,
        "ESCOLA": "CENTRO DE EDUCACAO INFANTIL PROFESSOR MARTINZ DE AGUIAR",
        "DIST": "DIST3",
        "DISTRITO": "DISTRITO 3"
      },
      "geometry": {
        "type": "Point",
        "coordinates": [
          -38.55724,
          -3.72271
        ]
      }
    },
    {
      "type": "Feature",
      "properties": {
        "ID": 462,
        "ESCOLA": "ESCOLA MUNICIPAL DONA DAGMAR GENTIL",
        "DIST": "DIST3",
        "DISTRITO": "DISTRITO 3"
      },
      "geometry": {
        "type": "Point",
        "coordinates": [
          -38.59032,
          -3.76803
        ]
      }
    },
    {
      "type": "Feature",
      "properties": {
        "ID": 463,
        "ESCOLA": "ESCOLA MUNICIPAL NARCISA BORGES",
        "DIST": "DIST3",
        "DISTRITO": "DISTRITO 3"
      },
      "geometry": {
        "type": "Point",
        "coordinates": [
          -38.57997,
          -3.73925
        ]
      }
    },
    {
      "type": "Feature",
      "properties": {
        "ID": 465,
        "ESCOLA": "ESCOLA MUNICIPAL MANOEL CAETANO DE SOUZA",
        "DIST": "DIST3",
        "DISTRITO": "DISTRITO 3"
      },
      "geometry": {
        "type": "Point",
        "coordinates": [
          -38.59634,
          -3.7627
        ]
      }
    },
    {
      "type": "Feature",
      "properties": {
        "ID": 467,
        "ESCOLA": "ESCOLA MUNICIPAL PRESIDENTE KENNEDY",
        "DIST": "DIST3",
        "DISTRITO": "DISTRITO 3"
      },
      "geometry": {
        "type": "Point",
        "coordinates": [
          -38.57768,
          -3.76816
        ]
      }
    },
    {
      "type": "Feature",
      "properties": {
        "ID": 479,
        "ESCOLA": "CENTRO DE EDUCACAO INFANTIL PROFESSOR JOSE SOBREIRA DE AMORIM",
        "DIST": "DIST3",
        "DISTRITO": "DISTRITO 3"
      },
      "geometry": {
        "type": "Point",
        "coordinates": [
          -38.57948,
          -3.76482
        ]
      }
    },
    {
      "type": "Feature",
      "properties": {
        "ID": 484,
        "ESCOLA": "CENTRO DE EDUCACAO INFANTIL ANTONIO VALDINAR DE CARVALHO CUSTODIO",
        "DIST": "DIST3",
        "DISTRITO": "DISTRITO 3"
      },
      "geometry": {
        "type": "Point",
        "coordinates": [
          -38.60872,
          -3.7649
        ]
      }
    },
    {
      "type": "Feature",
      "properties": {
        "ID": 501,
        "ESCOLA": "CRECHE MUNDO ENCANTADO",
        "DIST": "DIST3",
        "DISTRITO": "DISTRITO 3"
      },
      "geometry": {
        "type": "Point",
        "coordinates": [
          -38.613957,
          -3.767179
        ]
      }
    },
    {
      "type": "Feature",
      "properties": {
        "ID": 502,
        "ESCOLA": "CRECHE MARIA DA HORA II",
        "DIST": "DIST3",
        "DISTRITO": "DISTRITO 3"
      },
      "geometry": {
        "type": "Point",
        "coordinates": [
          -38.583648,
          -3.759105
        ]
      }
    },
    {
      "type": "Feature",
      "properties": {
        "ID": 508,
        "ESCOLA": "CENTRO DE EDUCACAO INFANTIL JOSE BARROS CRISOSTOMO",
        "DIST": "DIST3",
        "DISTRITO": "DISTRITO 3"
      },
      "geometry": {
        "type": "Point",
        "coordinates": [
          -38.605852,
          -3.766696
        ]
      }
    },
    {
      "type": "Feature",
      "properties": {
        "ID": 510,
        "ESCOLA": "CRECHE MARIA DA HORA III",
        "DIST": "DIST3",
        "DISTRITO": "DISTRITO 3"
      },
      "geometry": {
        "type": "Point",
        "coordinates": [
          -38.60493,
          -3.754501
        ]
      }
    },
    {
      "type": "Feature",
      "properties": {
        "ID": 537,
        "ESCOLA": "CRECHE NOVA VIDA",
        "DIST": "DIST3",
        "DISTRITO": "DISTRITO 3"
      },
      "geometry": {
        "type": "Point",
        "coordinates": [
          -38.55463,
          -3.74342
        ]
      }
    },
    {
      "type": "Feature",
      "properties": {
        "ID": 538,
        "ESCOLA": "CRECHE PEQUENA BIA",
        "DIST": "DIST3",
        "DISTRITO": "DISTRITO 3"
      },
      "geometry": {
        "type": "Point",
        "coordinates": [
          -38.5976,
          -3.75267
        ]
      }
    },
    {
      "type": "Feature",
      "properties": {
        "ID": 539,
        "ESCOLA": "CRECHE TIA MARIQUINHA",
        "DIST": "DIST3",
        "DISTRITO": "DISTRITO 3"
      },
      "geometry": {
        "type": "Point",
        "coordinates": [
          -38.5703,
          -3.75055
        ]
      }
    },
    {
      "type": "Feature",
      "properties": {
        "ID": 541,
        "ESCOLA": "CRECHE IRMAOS FIRMO",
        "DIST": "DIST3",
        "DISTRITO": "DISTRITO 3"
      },
      "geometry": {
        "type": "Point",
        "coordinates": [
          -38.61703,
          -3.77259
        ]
      }
    },
    {
      "type": "Feature",
      "properties": {
        "ID": 546,
        "ESCOLA": "ESCOLA MUNICIPAL PADRE JOSEFINO CABRAL",
        "DIST": "DIST3",
        "DISTRITO": "DISTRITO 3"
      },
      "geometry": {
        "type": "Point",
        "coordinates": [
          -38.58906,
          -3.73381
        ]
      }
    },
    {
      "type": "Feature",
      "properties": {
        "ID": 548,
        "ESCOLA": "ESCOLA MUNICIPAL ANTONIO SALES",
        "DIST": "DIST3",
        "DISTRITO": "DISTRITO 3"
      },
      "geometry": {
        "type": "Point",
        "coordinates": [
          -38.55737,
          -3.74843
        ]
      }
    },
    {
      "type": "Feature",
      "properties": {
        "ID": 549,
        "ESCOLA": "ESCOLA MUNICIPAL AUTRAN NUNES",
        "DIST": "DIST3",
        "DISTRITO": "DISTRITO 3"
      },
      "geometry": {
        "type": "Point",
        "coordinates": [
          -38.59586,
          -3.74941
        ]
      }
    },
    {
      "type": "Feature",
      "properties": {
        "ID": 552,
        "ESCOLA": "ESCOLA MUNICIPAL PADRE ARIMATEIA DINIZ",
        "DIST": "DIST3",
        "DISTRITO": "DISTRITO 3"
      },
      "geometry": {
        "type": "Point",
        "coordinates": [
          -38.59913,
          -3.76832
        ]
      }
    },
    {
      "type": "Feature",
      "properties": {
        "ID": 555,
        "ESCOLA": "ESCOLA MUNICIPAL JOSE BONIFACIO DE SOUSA",
        "DIST": "DIST3",
        "DISTRITO": "DISTRITO 3"
      },
      "geometry": {
        "type": "Point",
        "coordinates": [
          -38.57179,
          -3.75713
        ]
      }
    },
    {
      "type": "Feature",
      "properties": {
        "ID": 556,
        "ESCOLA": "ESCOLA MUNICIPAL LENIRA JUREMA DE MAGALHAES",
        "DIST": "DIST3",
        "DISTRITO": "DISTRITO 3"
      },
      "geometry": {
        "type": "Point",
        "coordinates": [
          -38.5462,
          -3.72614
        ]
      }
    },
    {
      "type": "Feature",
      "properties": {
        "ID": 582,
        "ESCOLA": "CRECHE TIA NEIDE",
        "DIST": "DIST3",
        "DISTRITO": "DISTRITO 3"
      },
      "geometry": {
        "type": "Point",
        "coordinates": [
          -38.60537,
          -3.76103
        ]
      }
    },
    {
      "type": "Feature",
      "properties": {
        "ID": 588,
        "ESCOLA": "CRECHE SEMENTE DA LIBERDADE",
        "DIST": "DIST3",
        "DISTRITO": "DISTRITO 3"
      },
      "geometry": {
        "type": "Point",
        "coordinates": [
          -38.60042,
          -3.74992
        ]
      }
    },
    {
      "type": "Feature",
      "properties": {
        "ID": 596,
        "ESCOLA": "CENTRO DE EDUCACAO INFANTIL MARIA DA CONCEICAO HOLANDA CAVALCANTE",
        "DIST": "DIST3",
        "DISTRITO": "DISTRITO 3"
      },
      "geometry": {
        "type": "Point",
        "coordinates": [
          -38.58346,
          -3.75982
        ]
      }
    },
    {
      "type": "Feature",
      "properties": {
        "ID": 598,
        "ESCOLA": "ESCOLA MUNICIPAL DE TEMPO INTEGRAL JOSE CARLOS DE OLIVEIRA NETO",
        "DIST": "DIST3",
        "DISTRITO": "DISTRITO 3"
      },
      "geometry": {
        "type": "Point",
        "coordinates": [
          -38.59518,
          -3.73833
        ]
      }
    },
    {
      "type": "Feature",
      "properties": {
        "ID": 602,
        "ESCOLA": "CRECHE CASARAO DA CRIANCA",
        "DIST": "DIST3",
        "DISTRITO": "DISTRITO 3"
      },
      "geometry": {
        "type": "Point",
        "coordinates": [
          -38.593354,
          -3.743486
        ]
      }
    },
    {
      "type": "Feature",
      "properties": {
        "ID": 608,
        "ESCOLA": "ESCOLA MUNICIPAL GABRIEL CAVALCANTE",
        "DIST": "DIST3",
        "DISTRITO": "DISTRITO 3"
      },
      "geometry": {
        "type": "Point",
        "coordinates": [
          -38.57064,
          -3.72946
        ]
      }
    },
    {
      "type": "Feature",
      "properties": {
        "ID": 609,
        "ESCOLA": "ESCOLA MUNICIPAL PROFESSOR JOSE SOBREIRA DE AMORIM",
        "DIST": "DIST3",
        "DISTRITO": "DISTRITO 3"
      },
      "geometry": {
        "type": "Point",
        "coordinates": [
          -38.57915,
          -3.76478
        ]
      }
    },
    {
      "type": "Feature",
      "properties": {
        "ID": 615,
        "ESCOLA": "ESCOLA MUNICIPAL JOAO FREDERICO FERREIRA GOMES",
        "DIST": "DIST3",
        "DISTRITO": "DISTRITO 3"
      },
      "geometry": {
        "type": "Point",
        "coordinates": [
          -38.60125,
          -3.75359
        ]
      }
    },
    {
      "type": "Feature",
      "properties": {
        "ID": 621,
        "ESCOLA": "ESCOLA MUNICIPAL DE TEMPO INTEGRAL PROFESSOR JOAQUIM FRANCISCO DE SOUSA FILHO",
        "DIST": "DIST3",
        "DISTRITO": "DISTRITO 3"
      },
      "geometry": {
        "type": "Point",
        "coordinates": [
          -38.57058,
          -3.73067
        ]
      }
    },
    {
      "type": "Feature",
      "properties": {
        "ID": 624,
        "ESCOLA": "CRECHE MARIA DA HORA",
        "DIST": "DIST3",
        "DISTRITO": "DISTRITO 3"
      },
      "geometry": {
        "type": "Point",
        "coordinates": [
          -38.58377,
          -3.75651
        ]
      }
    },
    {
      "type": "Feature",
      "properties": {
        "ID": 626,
        "ESCOLA": "CENTRO DE EDUCACAO INFANTIL SAO CARLOS",
        "DIST": "DIST3",
        "DISTRITO": "DISTRITO 3"
      },
      "geometry": {
        "type": "Point",
        "coordinates": [
          -38.60204,
          -3.73248
        ]
      }
    },
    {
      "type": "Feature",
      "properties": {
        "ID": 628,
        "ESCOLA": "CENTRO DE EDUCACAO INFANTIL ROCHA LIMA",
        "DIST": "DIST3",
        "DISTRITO": "DISTRITO 3"
      },
      "geometry": {
        "type": "Point",
        "coordinates": [
          -38.55933,
          -3.72752
        ]
      }
    },
    {
      "type": "Feature",
      "properties": {
        "ID": 649,
        "ESCOLA": "ESCOLA MUNICIPAL DE TEMPO INTEGRAL PROFESSOR JOSE JULIO DA PONTE",
        "DIST": "DIST3",
        "DISTRITO": "DISTRITO 3"
      },
      "geometry": {
        "type": "Point",
        "coordinates": [
          -38.56222,
          -3.75006
        ]
      }
    },
    {
      "type": "Feature",
      "properties": {
        "ID": 654,
        "ESCOLA": "ESCOLA MUNICIPAL DE TEMPO INTEGRAL MARIA DA HORA",
        "DIST": "DIST3",
        "DISTRITO": "DISTRITO 3"
      },
      "geometry": {
        "type": "Point",
        "coordinates": [
          -38.59533,
          -3.75403
        ]
      }
    },
    {
      "type": "Feature",
      "properties": {
        "ID": 655,
        "ESCOLA": "CRECHE NOSSA SENHORA DO LIBANO",
        "DIST": "DIST3",
        "DISTRITO": "DISTRITO 3"
      },
      "geometry": {
        "type": "Point",
        "coordinates": [
          -38.55169,
          -3.75069
        ]
      }
    },
    {
      "type": "Feature",
      "properties": {
        "ID": 658,
        "ESCOLA": "CENTRO DE EDUCACAO INFANTIL MARIA TEREZINHA DE CARVALHO HOLANDA",
        "DIST": "DIST3",
        "DISTRITO": "DISTRITO 3"
      },
      "geometry": {
        "type": "Point",
        "coordinates": [
          -38.59676,
          -3.76816
        ]
      }
    },
    {
      "type": "Feature",
      "properties": {
        "ID": 666,
        "ESCOLA": "PROGRAMA PRO-TECNICO MARTINZ DE AGUIAR",
        "DIST": "DIST3",
        "DISTRITO": "DISTRITO 3"
      },
      "geometry": {
        "type": "Point",
        "coordinates": [
          -38.55738,
          -3.72218
        ]
      }
    },
    {
      "type": "Feature",
      "properties": {
        "ID": 667,
        "ESCOLA": "CRECHE PARAISO",
        "DIST": "DIST3",
        "DISTRITO": "DISTRITO 3"
      },
      "geometry": {
        "type": "Point",
        "coordinates": [
          -38.5686,
          -3.74902
        ]
      }
    },
    {
      "type": "Feature",
      "properties": {
        "ID": 676,
        "ESCOLA": "ESCOLA MUNICIPAL DOM JOSE TUPINAMBA DA FROTA",
        "DIST": "DIST3",
        "DISTRITO": "DISTRITO 3"
      },
      "geometry": {
        "type": "Point",
        "coordinates": [
          -38.56237,
          -3.74947
        ]
      }
    },
    {
      "type": "Feature",
      "properties": {
        "ID": 684,
        "ESCOLA": "CRECHE CONSTRUINDO O SABER",
        "DIST": "DIST3",
        "DISTRITO": "DISTRITO 3"
      },
      "geometry": {
        "type": "Point",
        "coordinates": [
          -38.59705,
          -3.75024
        ]
      }
    }
  ]
}