{
  "type": "FeatureCollection",
  "features": [
    {
      "type": "Feature",
      "id": "vw_DistritosEducacao_2023.fid-3da4354c_18dace4b5a0_-54bb",
      "geometry": {
        "type": "Polygon",
        "coordinates": [
          [
            [
              -38.44599553,
              -3.80521233
            ],
            [
              -38.44579557,
              -3.80555044
            ],
            [
              -38.44558569,
              -3.8059053
            ],
            [
              -38.44546636,
              -3.80619245
            ],
            [
              -38.44533518,
              -3.80638385
            ],
            [
              -38.44526351,
              -3.80667103
            ],
            [
              -38.44508458,
              -3.80701798
            ],
            [
              -38.44438105,
              -3.80792707
            ],
            [
              -38.44316676,
              -3.80927894
            ],
            [
              -38.44221891,
              -3.81167296
            ],
            [
              -38.44227078,
              -3.81373204
            ],
            [
              -38.44260376,
              -3.81579109
            ],
            [
              -38.44396102,
              -3.81792813
            ],
            [
              -38.44518967,
              -3.81926616
            ],
            [
              -38.44524847,
              -3.81955568
            ],
            [
              -38.44547192,
              -3.82065599
            ],
            [
              -38.44545896,
              -3.82155528
            ],
            [
              -38.44574078,
              -3.82642006
            ],
            [
              -38.4473799,
              -3.83146506
            ],
            [
              -38.44755787,
              -3.8319197
            ],
            [
              -38.44834014,
              -3.83391807
            ],
            [
              -38.44988765,
              -3.83787128
            ],
            [
              -38.45147676,
              -3.83970116
            ],
            [
              -38.45329593,
              -3.84037018
            ],
            [
              -38.45590809,
              -3.84073121
            ],
            [
              -38.45605797,
              -3.84081862
            ],
            [
              -38.45718395,
              -3.84147529
            ],
            [
              -38.45812197,
              -3.84266923
            ],
            [
              -38.45881004,
              -3.84306713
            ],
            [
              -38.45931013,
              -3.84308822
            ],
            [
              -38.45940981,
              -3.84306863
            ],
            [
              -38.46016522,
              -3.84292017
            ],
            [
              -38.46020839,
              -3.84291769
            ],
            [
              -38.46089412,
              -3.8428782
            ],
            [
              -38.46187403,
              -3.84319317
            ],
            [
              -38.46266599,
              -3.84348621
            ],
            [
              -38.46327031,
              -3.8436109
            ],
            [
              -38.46337412,
              -3.84363232
            ],
            [
              -38.46362412,
              -3.84361123
            ],
            [
              -38.46379131,
              -3.84344404
            ],
            [
              -38.46364512,
              -3.84294091
            ],
            [
              -38.46362421,
              -3.84247989
            ],
            [
              -38.46362939,
              -3.84240718
            ],
            [
              -38.46363787,
              -3.84228813
            ],
            [
              -38.46364506,
              -3.84218714
            ],
            [
              -38.46402005,
              -3.84208219
            ],
            [
              -38.46445801,
              -3.84216628
            ],
            [
              -38.46462504,
              -3.84233417
            ],
            [
              -38.4649368,
              -3.84289917
            ],
            [
              -38.46513462,
              -3.84311588
            ],
            [
              -38.46516688,
              -3.84315122
            ],
            [
              -38.46577765,
              -3.8432952
            ],
            [
              -38.4658751,
              -3.84331817
            ],
            [
              -38.46633395,
              -3.84350718
            ],
            [
              -38.46640529,
              -3.84367797
            ],
            [
              -38.46659391,
              -3.84412954
            ],
            [
              -38.46660501,
              -3.84415612
            ],
            [
              -38.46681277,
              -3.8445121
            ],
            [
              -38.46714684,
              -3.84474316
            ],
            [
              -38.46731265,
              -3.84535
            ],
            [
              -38.46720525,
              -3.84595289
            ],
            [
              -38.46730833,
              -3.84635946
            ],
            [
              -38.46743216,
              -3.84805714
            ],
            [
              -38.46759962,
              -3.84878004
            ],
            [
              -38.46760968,
              -3.84909406
            ],
            [
              -38.4676618,
              -3.84938718
            ],
            [
              -38.46784991,
              -3.8497012
            ],
            [
              -38.46850691,
              -3.85047623
            ],
            [
              -38.46867627,
              -3.85074521
            ],
            [
              -38.46872474,
              -3.85082218
            ],
            [
              -38.46890304,
              -3.85088519
            ],
            [
              -38.46902811,
              -3.85089529
            ],
            [
              -38.46918405,
              -3.85074915
            ],
            [
              -38.46930934,
              -3.85058102
            ],
            [
              -38.46944434,
              -3.85038203
            ],
            [
              -38.46962208,
              -3.85018319
            ],
            [
              -38.46995496,
              -3.85018324
            ],
            [
              -38.4703819,
              -3.85025617
            ],
            [
              -38.47064288,
              -3.85036127
            ],
            [
              -38.47082192,
              -3.85053753
            ],
            [
              -38.47105999,
              -3.85069613
            ],
            [
              -38.47106966,
              -3.8510941
            ],
            [
              -38.47118498,
              -3.85120923
            ],
            [
              -38.47133078,
              -3.85130418
            ],
            [
              -38.47145596,
              -3.85150311
            ],
            [
              -38.4714559,
              -3.85229889
            ],
            [
              -38.47130983,
              -3.85244485
            ],
            [
              -38.47112188,
              -3.85257084
            ],
            [
              -38.47105991,
              -3.85273901
            ],
            [
              -38.47114275,
              -3.85304224
            ],
            [
              -38.47120572,
              -3.85334615
            ],
            [
              -38.4713099,
              -3.85362918
            ],
            [
              -38.47148686,
              -3.85371824
            ],
            [
              -38.47166383,
              -3.8538073
            ],
            [
              -38.47207111,
              -3.85383818
            ],
            [
              -38.47266132,
              -3.85399709
            ],
            [
              -38.47282828,
              -3.85410211
            ],
            [
              -38.47296319,
              -3.85431106
            ],
            [
              -38.47341471,
              -3.85442521
            ],
            [
              -38.47345129,
              -3.85451919
            ],
            [
              -38.47349065,
              -3.85461327
            ],
            [
              -38.47376095,
              -3.85475431
            ],
            [
              -38.47377441,
              -3.85476133
            ],
            [
              -38.47390705,
              -3.85482233
            ],
            [
              -38.47407418,
              -3.85479114
            ],
            [
              -38.47453324,
              -3.85451922
            ],
            [
              -38.47478294,
              -3.85447712
            ],
            [
              -38.47497012,
              -3.8545192
            ],
            [
              -38.47523112,
              -3.8546133
            ],
            [
              -38.47568895,
              -3.8550112
            ],
            [
              -38.4758458,
              -3.85525209
            ],
            [
              -38.47591891,
              -3.85556608
            ],
            [
              -38.4759386,
              -3.85581704
            ],
            [
              -38.47590761,
              -3.85606898
            ],
            [
              -38.47581376,
              -3.85643503
            ],
            [
              -38.47568881,
              -3.85679096
            ],
            [
              -38.47554199,
              -3.85706945
            ],
            [
              -38.4755228,
              -3.85710587
            ],
            [
              -38.47536591,
              -3.85731495
            ],
            [
              -38.4753447,
              -3.85754598
            ],
            [
              -38.47534471,
              -3.85781801
            ],
            [
              -38.4754387,
              -3.85805913
            ],
            [
              -38.47561596,
              -3.85811124
            ],
            [
              -38.47591101,
              -3.85812684
            ],
            [
              -38.47601198,
              -3.85813218
            ],
            [
              -38.47606722,
              -3.85813217
            ],
            [
              -38.47625207,
              -3.85813212
            ],
            [
              -38.47647087,
              -3.85828922
            ],
            [
              -38.47674195,
              -3.85853037
            ],
            [
              -38.47695012,
              -3.85864515
            ],
            [
              -38.47724202,
              -3.85873921
            ],
            [
              -38.47777402,
              -3.85921117
            ],
            [
              -38.47790897,
              -3.85950417
            ],
            [
              -38.47802379,
              -3.85980817
            ],
            [
              -38.4780439,
              -3.86003809
            ],
            [
              -38.47804391,
              -3.86022701
            ],
            [
              -38.47787769,
              -3.86047786
            ],
            [
              -38.47770089,
              -3.86054087
            ],
            [
              -38.47753385,
              -3.86077096
            ],
            [
              -38.47738766,
              -3.86100195
            ],
            [
              -38.47735349,
              -3.86117302
            ],
            [
              -38.4773459,
              -3.861211
            ],
            [
              -38.47739798,
              -3.86137334
            ],
            [
              -38.47743991,
              -3.86150409
            ],
            [
              -38.47777404,
              -3.86200721
            ],
            [
              -38.47789975,
              -3.86216084
            ],
            [
              -38.47796235,
              -3.8622373
            ],
            [
              -38.47848276,
              -3.86219865
            ],
            [
              -38.47883638,
              -3.86220962
            ],
            [
              -38.47931679,
              -3.86223506
            ],
            [
              -38.4797127,
              -3.86227709
            ],
            [
              -38.47994197,
              -3.86243417
            ],
            [
              -38.47995781,
              -3.86245408
            ],
            [
              -38.48019174,
              -3.86274808
            ],
            [
              -38.48028585,
              -3.86290398
            ],
            [
              -38.48065478,
              -3.86351514
            ],
            [
              -38.48069517,
              -3.86355335
            ],
            [
              -38.48082185,
              -3.8636732
            ],
            [
              -38.48100915,
              -3.86373527
            ],
            [
              -38.48119715,
              -3.86368315
            ],
            [
              -38.48159323,
              -3.86341105
            ],
            [
              -38.48165712,
              -3.86338889
            ],
            [
              -38.48192096,
              -3.86329736
            ],
            [
              -38.48239035,
              -3.86313454
            ],
            [
              -38.48265118,
              -3.86311342
            ],
            [
              -38.48304714,
              -3.86313457
            ],
            [
              -38.48313573,
              -3.86316834
            ],
            [
              -38.48319955,
              -3.86319267
            ],
            [
              -38.48326485,
              -3.86321756
            ],
            [
              -38.48374839,
              -3.86361408
            ],
            [
              -38.48412955,
              -3.86382973
            ],
            [
              -38.48424329,
              -3.86385072
            ],
            [
              -38.48429319,
              -3.86388172
            ],
            [
              -38.48442716,
              -3.86426076
            ],
            [
              -38.48539216,
              -3.86448873
            ],
            [
              -38.48557482,
              -3.86461848
            ],
            [
              -38.48571373,
              -3.86471632
            ],
            [
              -38.48583271,
              -3.86500362
            ],
            [
              -38.48593979,
              -3.86526697
            ],
            [
              -38.48662196,
              -3.86582703
            ],
            [
              -38.48785457,
              -3.86635727
            ],
            [
              -38.48837538,
              -3.86681812
            ],
            [
              -38.48866105,
              -3.86739966
            ],
            [
              -38.48878594,
              -3.86790162
            ],
            [
              -38.48888419,
              -3.86924489
            ],
            [
              -38.48890402,
              -3.8696849
            ],
            [
              -38.48902901,
              -3.87010389
            ],
            [
              -38.48948876,
              -3.87121332
            ],
            [
              -38.48996894,
              -3.87180496
            ],
            [
              -38.49044282,
              -3.87246622
            ],
            [
              -38.490729,
              -3.87295512
            ],
            [
              -38.4909439,
              -3.87322817
            ],
            [
              -38.4910143,
              -3.87346767
            ],
            [
              -38.49105802,
              -3.8735841
            ],
            [
              -38.49111495,
              -3.87365618
            ],
            [
              -38.49118712,
              -3.87366327
            ],
            [
              -38.49135913,
              -3.87369924
            ],
            [
              -38.49143696,
              -3.87376328
            ],
            [
              -38.4915588,
              -3.8738793
            ],
            [
              -38.49163799,
              -3.87399413
            ],
            [
              -38.49177368,
              -3.87429623
            ],
            [
              -38.49188093,
              -3.87446117
            ],
            [
              -38.49188094,
              -3.87457601
            ],
            [
              -38.49185962,
              -3.87467709
            ],
            [
              -38.49185973,
              -3.87474199
            ],
            [
              -38.49178771,
              -3.87485696
            ],
            [
              -38.49171568,
              -3.87494296
            ],
            [
              -38.4916807,
              -3.87510805
            ],
            [
              -38.49166561,
              -3.87526703
            ],
            [
              -38.49176584,
              -3.87538917
            ],
            [
              -38.49183107,
              -3.8754322
            ],
            [
              -38.49186005,
              -3.87541009
            ],
            [
              -38.49188814,
              -3.87536701
            ],
            [
              -38.49192415,
              -3.87533827
            ],
            [
              -38.4919879,
              -3.8753462
            ],
            [
              -38.49203069,
              -3.87572009
            ],
            [
              -38.49201661,
              -3.87583497
            ],
            [
              -38.49199467,
              -3.87596413
            ],
            [
              -38.49200297,
              -3.87606509
            ],
            [
              -38.49203794,
              -3.87619417
            ],
            [
              -38.4921962,
              -3.87623729
            ],
            [
              -38.49232492,
              -3.87628124
            ],
            [
              -38.49239572,
              -3.87635316
            ],
            [
              -38.49240284,
              -3.87654
            ],
            [
              -38.49233163,
              -3.87665496
            ],
            [
              -38.49231798,
              -3.87674806
            ],
            [
              -38.49229564,
              -3.876849
            ],
            [
              -38.49223182,
              -3.87692802
            ],
            [
              -38.49223199,
              -3.87700021
            ],
            [
              -38.49232489,
              -3.87701418
            ],
            [
              -38.49235975,
              -3.8771001
            ],
            [
              -38.49239582,
              -3.87717217
            ],
            [
              -38.49244599,
              -3.87720125
            ],
            [
              -38.49251103,
              -3.87724416
            ],
            [
              -38.49253869,
              -3.87730908
            ],
            [
              -38.49257471,
              -3.87744613
            ],
            [
              -38.49264663,
              -3.87765398
            ],
            [
              -38.49267466,
              -3.87791301
            ],
            [
              -38.49260374,
              -3.87805696
            ],
            [
              -38.4925318,
              -3.87813586
            ],
            [
              -38.49248896,
              -3.87820098
            ],
            [
              -38.49252492,
              -3.87841705
            ],
            [
              -38.49248892,
              -3.87851696
            ],
            [
              -38.49243156,
              -3.87865414
            ],
            [
              -38.49245289,
              -3.87880524
            ],
            [
              -38.49256092,
              -3.8789131
            ],
            [
              -38.4925678,
              -3.87912102
            ],
            [
              -38.4925386,
              -3.87933007
            ],
            [
              -38.49253862,
              -3.879445
            ],
            [
              -38.49251772,
              -3.87953893
            ],
            [
              -38.4924028,
              -3.87960997
            ],
            [
              -38.49242486,
              -3.87973307
            ],
            [
              -38.49251781,
              -3.88000613
            ],
            [
              -38.49259703,
              -3.88017916
            ],
            [
              -38.49275421,
              -3.88025835
            ],
            [
              -38.49284694,
              -3.88029428
            ],
            [
              -38.49291098,
              -3.88035825
            ],
            [
              -38.49298984,
              -3.88040931
            ],
            [
              -38.4931327,
              -3.88056016
            ],
            [
              -38.49317588,
              -3.88068207
            ],
            [
              -38.49319098,
              -3.8808261
            ],
            [
              -38.4932688,
              -3.88099821
            ],
            [
              -38.49341165,
              -3.88120713
            ],
            [
              -38.49341991,
              -3.88128606
            ],
            [
              -38.49341163,
              -3.88134391
            ],
            [
              -38.49336189,
              -3.88137994
            ],
            [
              -38.49338394,
              -3.88149504
            ],
            [
              -38.49346167,
              -3.88173926
            ],
            [
              -38.49357693,
              -3.88207007
            ],
            [
              -38.49359088,
              -3.88217804
            ],
            [
              -38.49359082,
              -3.88231502
            ],
            [
              -38.49357687,
              -3.88237901
            ],
            [
              -38.49356967,
              -3.88249411
            ],
            [
              -38.49361298,
              -3.88255236
            ],
            [
              -38.49370597,
              -3.88255917
            ],
            [
              -38.49385599,
              -3.88260926
            ],
            [
              -38.49394877,
              -3.88270312
            ],
            [
              -38.49394867,
              -3.88279607
            ],
            [
              -38.49391989,
              -3.88289705
            ],
            [
              -38.49391996,
              -3.88298314
            ],
            [
              -38.4939559,
              -3.88309115
            ],
            [
              -38.4939278,
              -3.88323483
            ],
            [
              -38.49382665,
              -3.88327772
            ],
            [
              -38.49375569,
              -3.88334995
            ],
            [
              -38.49377669,
              -3.88357308
            ],
            [
              -38.49384866,
              -3.88381826
            ],
            [
              -38.4938988,
              -3.88395417
            ],
            [
              -38.49394899,
              -3.88396919
            ],
            [
              -38.49406423,
              -3.88392615
            ],
            [
              -38.49422792,
              -3.88394019
            ],
            [
              -38.49436387,
              -3.88409815
            ],
            [
              -38.49440398,
              -3.88422019
            ],
            [
              -38.49450705,
              -3.88422828
            ],
            [
              -38.494557,
              -3.88417697
            ],
            [
              -38.49467881,
              -3.88421333
            ],
            [
              -38.49480081,
              -3.88435726
            ],
            [
              -38.4948095,
              -3.88438481
            ],
            [
              -38.49488692,
              -3.88463029
            ],
            [
              -38.49490784,
              -3.88478113
            ],
            [
              -38.49499397,
              -3.88486828
            ],
            [
              -38.49518006,
              -3.88496825
            ],
            [
              -38.49530894,
              -3.88515523
            ],
            [
              -38.49545188,
              -3.88530629
            ],
            [
              -38.4955088,
              -3.88538637
            ],
            [
              -38.49577415,
              -3.8853863
            ],
            [
              -38.49595986,
              -3.88543635
            ],
            [
              -38.49608174,
              -3.88558019
            ],
            [
              -38.49609576,
              -3.88580307
            ],
            [
              -38.49603888,
              -3.88602612
            ],
            [
              -38.49608179,
              -3.88628522
            ],
            [
              -38.49615331,
              -3.88628522
            ],
            [
              -38.49622483,
              -3.88628521
            ],
            [
              -38.49633899,
              -3.88637132
            ],
            [
              -38.49661122,
              -3.88637834
            ],
            [
              -38.49675405,
              -3.88642824
            ],
            [
              -38.49690493,
              -3.88654323
            ],
            [
              -38.49704102,
              -3.88655825
            ],
            [
              -38.49719799,
              -3.88660825
            ],
            [
              -38.49734809,
              -3.88662323
            ],
            [
              -38.49743401,
              -3.88665829
            ],
            [
              -38.49748397,
              -3.88678814
            ],
            [
              -38.49748379,
              -3.88702523
            ],
            [
              -38.49756291,
              -3.88714823
            ],
            [
              -38.4977851,
              -3.88728426
            ],
            [
              -38.49792101,
              -3.88734943
            ],
            [
              -38.49827906,
              -3.88750022
            ],
            [
              -38.49864407,
              -3.88758632
            ],
            [
              -38.49878027,
              -3.88758626
            ],
            [
              -38.49908694,
              -3.88753615
            ],
            [
              -38.4993022,
              -3.88752928
            ],
            [
              -38.49970289,
              -3.8876442
            ],
            [
              -38.49997486,
              -3.88767418
            ],
            [
              -38.500182,
              -3.88775924
            ],
            [
              -38.50063983,
              -3.8878453
            ],
            [
              -38.50068298,
              -3.88791726
            ],
            [
              -38.50073288,
              -3.88796424
            ],
            [
              -38.50078279,
              -3.88801121
            ],
            [
              -38.50094813,
              -3.88802527
            ],
            [
              -38.50106997,
              -3.8880472
            ],
            [
              -38.50109771,
              -3.88814719
            ],
            [
              -38.50119115,
              -3.8881763
            ],
            [
              -38.50132738,
              -3.88810425
            ],
            [
              -38.50137705,
              -3.88803911
            ],
            [
              -38.501449,
              -3.88798219
            ],
            [
              -38.50154215,
              -3.88797524
            ],
            [
              -38.50171358,
              -3.8881269
            ],
            [
              -38.50176758,
              -3.88817467
            ],
            [
              -38.50187563,
              -3.88818208
            ],
            [
              -38.50281973,
              -3.8882441
            ],
            [
              -38.50396381,
              -3.88804834
            ],
            [
              -38.50455471,
              -3.88824018
            ],
            [
              -38.50464901,
              -3.88868012
            ],
            [
              -38.50456195,
              -3.88911291
            ],
            [
              -38.50464284,
              -3.88926208
            ],
            [
              -38.50519469,
              -3.88978802
            ],
            [
              -38.50541982,
              -3.88991326
            ],
            [
              -38.50546892,
              -3.89031379
            ],
            [
              -38.505755,
              -3.890542
            ],
            [
              -38.5066775,
              -3.890021
            ],
            [
              -38.50757092,
              -3.88944538
            ],
            [
              -38.50805016,
              -3.88903923
            ],
            [
              -38.50829763,
              -3.88885124
            ],
            [
              -38.508505,
              -3.888748
            ],
            [
              -38.509004,
              -3.888716
            ],
            [
              -38.509505,
              -3.88888
            ],
            [
              -38.510856,
              -3.888698
            ],
            [
              -38.51163339,
              -3.88906861
            ],
            [
              -38.51265878,
              -3.89026513
            ],
            [
              -38.51274668,
              -3.8907198
            ],
            [
              -38.51294042,
              -3.89132699
            ],
            [
              -38.51323733,
              -3.8921989
            ],
            [
              -38.51355137,
              -3.89314119
            ],
            [
              -38.51406444,
              -3.89460306
            ],
            [
              -38.514651,
              -3.894035
            ],
            [
              -38.51579399,
              -3.89292549
            ],
            [
              -38.51676588,
              -3.89204122
            ],
            [
              -38.51782545,
              -3.89111711
            ],
            [
              -38.52020022,
              -3.88901404
            ],
            [
              -38.52615144,
              -3.88372281
            ],
            [
              -38.531158,
              -3.879367
            ],
            [
              -38.53074499,
              -3.87919552
            ],
            [
              -38.530399,
              -3.878976
            ],
            [
              -38.53014275,
              -3.87882562
            ],
            [
              -38.52997691,
              -3.87861978
            ],
            [
              -38.52977508,
              -3.87831989
            ],
            [
              -38.52963608,
              -3.87800386
            ],
            [
              -38.52942297,
              -3.87725886
            ],
            [
              -38.52920034,
              -3.87648321
            ],
            [
              -38.529021,
              -3.875954
            ],
            [
              -38.52883099,
              -3.8755677
            ],
            [
              -38.52848521,
              -3.87484586
            ],
            [
              -38.52825797,
              -3.87408527
            ],
            [
              -38.52806201,
              -3.87334794
            ],
            [
              -38.527907,
              -3.872743
            ],
            [
              -38.52775174,
              -3.87247842
            ],
            [
              -38.52745459,
              -3.87206253
            ],
            [
              -38.52701708,
              -3.87138967
            ],
            [
              -38.52667735,
              -3.87094593
            ],
            [
              -38.52645252,
              -3.87069304
            ],
            [
              -38.52593786,
              -3.87015986
            ],
            [
              -38.5254745,
              -3.869739
            ],
            [
              -38.52479344,
              -3.86924636
            ],
            [
              -38.52443209,
              -3.86899921
            ],
            [
              -38.523802,
              -3.86863
            ],
            [
              -38.523078,
              -3.868262
            ],
            [
              -38.522425,
              -3.867977
            ],
            [
              -38.5218505,
              -3.8677575
            ],
            [
              -38.5212592,
              -3.86755548
            ],
            [
              -38.52074646,
              -3.86738668
            ],
            [
              -38.520516,
              -3.867253
            ],
            [
              -38.52036164,
              -3.8671179
            ],
            [
              -38.52025674,
              -3.86696513
            ],
            [
              -38.520195,
              -3.86678
            ],
            [
              -38.51992736,
              -3.86620283
            ],
            [
              -38.519562,
              -3.865311
            ],
            [
              -38.519294,
              -3.865035
            ],
            [
              -38.51909502,
              -3.86482748
            ],
            [
              -38.518954,
              -3.864611
            ],
            [
              -38.52228729,
              -3.86394714
            ],
            [
              -38.52322614,
              -3.8637444
            ],
            [
              -38.52492684,
              -3.86337716
            ],
            [
              -38.52708079,
              -3.86287571
            ],
            [
              -38.52847775,
              -3.86254175
            ],
            [
              -38.5292203,
              -3.86236123
            ],
            [
              -38.53284255,
              -3.86151756
            ],
            [
              -38.53613156,
              -3.86076239
            ],
            [
              -38.53917637,
              -3.85987843
            ],
            [
              -38.53987053,
              -3.85970826
            ],
            [
              -38.54231933,
              -3.85919018
            ],
            [
              -38.54135871,
              -3.85336727
            ],
            [
              -38.54084232,
              -3.85035919
            ],
            [
              -38.54039053,
              -3.84757126
            ],
            [
              -38.53974549,
              -3.84368544
            ],
            [
              -38.53949366,
              -3.84201164
            ],
            [
              -38.53933945,
              -3.84179515
            ],
            [
              -38.53902172,
              -3.84136327
            ],
            [
              -38.53846188,
              -3.84057631
            ],
            [
              -38.53839039,
              -3.84051528
            ],
            [
              -38.53833316,
              -3.84047732
            ],
            [
              -38.53826456,
              -3.84044425
            ],
            [
              -38.53585216,
              -3.84315253
            ],
            [
              -38.535847,
              -3.84308744
            ],
            [
              -38.53582115,
              -3.84293789
            ],
            [
              -38.53579279,
              -3.84290702
            ],
            [
              -38.53573606,
              -3.84289985
            ],
            [
              -38.53569355,
              -3.84288318
            ],
            [
              -38.53560342,
              -3.84283437
            ],
            [
              -38.53554167,
              -3.84278331
            ],
            [
              -38.53549214,
              -3.84276908
            ],
            [
              -38.53540729,
              -3.84279029
            ],
            [
              -38.53535063,
              -3.84279026
            ],
            [
              -38.53529058,
              -3.8427583
            ],
            [
              -38.53524458,
              -3.84270499
            ],
            [
              -38.53523047,
              -3.84264817
            ],
            [
              -38.53525878,
              -3.8425949
            ],
            [
              -38.53529069,
              -3.84255583
            ],
            [
              -38.53528009,
              -3.84250254
            ],
            [
              -38.53522358,
              -3.84239585
            ],
            [
              -38.53515647,
              -3.84226084
            ],
            [
              -38.53514587,
              -3.84220049
            ],
            [
              -38.53516708,
              -3.84212234
            ],
            [
              -38.53520965,
              -3.84201218
            ],
            [
              -38.53534062,
              -3.84181331
            ],
            [
              -38.53546798,
              -3.84164819
            ],
            [
              -38.53554584,
              -3.84155234
            ],
            [
              -38.53556362,
              -3.84148839
            ],
            [
              -38.53554591,
              -3.8414351
            ],
            [
              -38.53544697,
              -3.84135688
            ],
            [
              -38.53537271,
              -3.84127153
            ],
            [
              -38.53532323,
              -3.84116846
            ],
            [
              -38.53530564,
              -3.84104415
            ],
            [
              -38.53532686,
              -3.8409518
            ],
            [
              -38.53534113,
              -3.84087011
            ],
            [
              -38.53531285,
              -3.84071911
            ],
            [
              -38.53529877,
              -3.84060186
            ],
            [
              -38.53529881,
              -3.84051655
            ],
            [
              -38.53533073,
              -3.84045623
            ],
            [
              -38.53534137,
              -3.84042783
            ],
            [
              -38.53533076,
              -3.8403958
            ],
            [
              -38.53529889,
              -3.8403709
            ],
            [
              -38.53525298,
              -3.84033179
            ],
            [
              -38.53517873,
              -3.84022871
            ],
            [
              -38.53512572,
              -3.84017187
            ],
            [
              -38.53503378,
              -3.84012921
            ],
            [
              -38.53488168,
              -3.84009357
            ],
            [
              -38.53473668,
              -3.84007929
            ],
            [
              -38.53454573,
              -3.84011112
            ],
            [
              -38.53441125,
              -3.84013593
            ],
            [
              -38.53430876,
              -3.84011814
            ],
            [
              -38.53426989,
              -3.84004348
            ],
            [
              -38.53425221,
              -3.83994043
            ],
            [
              -38.53427001,
              -3.83982682
            ],
            [
              -38.5343054,
              -3.83967232
            ],
            [
              -38.53434086,
              -3.83954795
            ],
            [
              -38.53437981,
              -3.83946981
            ],
            [
              -38.53436924,
              -3.83936323
            ],
            [
              -38.53434103,
              -3.83923177
            ],
            [
              -38.53424207,
              -3.83902925
            ],
            [
              -38.53411841,
              -3.83887639
            ],
            [
              -38.53404243,
              -3.83880352
            ],
            [
              -38.53395054,
              -3.83868976
            ],
            [
              -38.53385501,
              -3.83861869
            ],
            [
              -38.53375248,
              -3.83853332
            ],
            [
              -38.53365001,
              -3.83847998
            ],
            [
              -38.53356509,
              -3.8384622
            ],
            [
              -38.5334908,
              -3.83843728
            ],
            [
              -38.53342724,
              -3.83838749
            ],
            [
              -38.53326106,
              -3.83824528
            ],
            [
              -38.53317502,
              -3.83816231
            ],
            [
              -38.53303198,
              -3.83803556
            ],
            [
              -38.53294409,
              -3.837903
            ],
            [
              -38.53281226,
              -3.83772623
            ],
            [
              -38.53268044,
              -3.83752739
            ],
            [
              -38.53252661,
              -3.83736165
            ],
            [
              -38.53251799,
              -3.83734925
            ],
            [
              -38.53242775,
              -3.83719595
            ],
            [
              -38.53237287,
              -3.83701923
            ],
            [
              -38.53236199,
              -3.8368094
            ],
            [
              -38.53240608,
              -3.83661065
            ],
            [
              -38.53239516,
              -3.83646708
            ],
            [
              -38.53231829,
              -3.83631244
            ],
            [
              -38.53219141,
              -3.83620056
            ],
            [
              -38.53199958,
              -3.83608035
            ],
            [
              -38.53193565,
              -3.83603073
            ],
            [
              -38.53181276,
              -3.83592565
            ],
            [
              -38.53161025,
              -3.83562165
            ],
            [
              -38.53142961,
              -3.83546745
            ],
            [
              -38.5312206,
              -3.83526538
            ],
            [
              -38.53109196,
              -3.83508093
            ],
            [
              -38.53102913,
              -3.83467859
            ],
            [
              -38.53096524,
              -3.83458071
            ],
            [
              -38.53089259,
              -3.83449857
            ],
            [
              -38.53074733,
              -3.83430845
            ],
            [
              -38.53066461,
              -3.83417611
            ],
            [
              -38.53058725,
              -3.83402786
            ],
            [
              -38.53053779,
              -3.83393314
            ],
            [
              -38.53046183,
              -3.83377136
            ],
            [
              -38.53042613,
              -3.83367852
            ],
            [
              -38.53031866,
              -3.83334645
            ],
            [
              -38.53031452,
              -3.83325799
            ],
            [
              -38.5303126,
              -3.83321721
            ],
            [
              -38.53031683,
              -3.83320591
            ],
            [
              -38.53034942,
              -3.83311878
            ],
            [
              -38.53048425,
              -3.83301424
            ],
            [
              -38.53055029,
              -3.83294967
            ],
            [
              -38.53072331,
              -3.83278053
            ],
            [
              -38.5309195,
              -3.83250372
            ],
            [
              -38.5310299,
              -3.8322761
            ],
            [
              -38.53110965,
              -3.83208538
            ],
            [
              -38.53117716,
              -3.83186388
            ],
            [
              -38.53123238,
              -3.83171007
            ],
            [
              -38.53122632,
              -3.831587
            ],
            [
              -38.53119576,
              -3.83146391
            ],
            [
              -38.53113454,
              -3.83138387
            ],
            [
              -38.53110396,
              -3.8312854
            ],
            [
              -38.53108563,
              -3.83118693
            ],
            [
              -38.53109183,
              -3.83105155
            ],
            [
              -38.53112254,
              -3.83091004
            ],
            [
              -38.53111036,
              -3.8307808
            ],
            [
              -38.53107365,
              -3.83068232
            ],
            [
              -38.53098182,
              -3.83057151
            ],
            [
              -38.53090835,
              -3.83049147
            ],
            [
              -38.53081647,
              -3.83044834
            ],
            [
              -38.53071234,
              -3.83042367
            ],
            [
              -38.53060208,
              -3.830399
            ],
            [
              -38.53050407,
              -3.83038048
            ],
            [
              -38.53035705,
              -3.83036194
            ],
            [
              -38.53025292,
              -3.83033111
            ],
            [
              -38.53014881,
              -3.83025106
            ],
            [
              -38.53009984,
              -3.83017719
            ],
            [
              -38.5299284,
              -3.83000479
            ],
            [
              -38.52983656,
              -3.82990013
            ],
            [
              -38.52962222,
              -3.82975232
            ],
            [
              -38.52940785,
              -3.8296599
            ],
            [
              -38.52914446,
              -3.82958591
            ],
            [
              -38.52891169,
              -3.8295304
            ],
            [
              -38.52872792,
              -3.82949337
            ],
            [
              -38.52859787,
              -3.82942932
            ],
            [
              -38.52853399,
              -3.82943446
            ],
            [
              -38.52848404,
              -3.82943522
            ],
            [
              -38.52847422,
              -3.82943447
            ],
            [
              -38.5284646,
              -3.82943238
            ],
            [
              -38.52845536,
              -3.82942898
            ],
            [
              -38.52844666,
              -3.82942433
            ],
            [
              -38.52843868,
              -3.82941854
            ],
            [
              -38.52841804,
              -3.82935735
            ],
            [
              -38.52837278,
              -3.82922238
            ],
            [
              -38.52833355,
              -3.8291056
            ],
            [
              -38.52831734,
              -3.82905729
            ],
            [
              -38.52827968,
              -3.82898864
            ],
            [
              -38.52821847,
              -3.82890103
            ],
            [
              -38.52813935,
              -3.82879875
            ],
            [
              -38.52806729,
              -3.82873386
            ],
            [
              -38.52798909,
              -3.82868364
            ],
            [
              -38.52780915,
              -3.82854959
            ],
            [
              -38.52765795,
              -3.82843069
            ],
            [
              -38.52755147,
              -3.82838235
            ],
            [
              -38.52747749,
              -3.82836953
            ],
            [
              -38.52742848,
              -3.82837045
            ],
            [
              -38.52739078,
              -3.82837422
            ],
            [
              -38.52734931,
              -3.82838271
            ],
            [
              -38.52731019,
              -3.82838601
            ],
            [
              -38.52726072,
              -3.82838219
            ],
            [
              -38.52723951,
              -3.82837413
            ],
            [
              -38.52721643,
              -3.8283585
            ],
            [
              -38.52719241,
              -3.82833861
            ],
            [
              -38.52713166,
              -3.82825952
            ],
            [
              -38.52700123,
              -3.82806727
            ],
            [
              -38.52698194,
              -3.82801993
            ],
            [
              -38.52696971,
              -3.82798679
            ],
            [
              -38.52696217,
              -3.82797211
            ],
            [
              -38.52695181,
              -3.82796074
            ],
            [
              -38.52688258,
              -3.82788024
            ],
            [
              -38.52675872,
              -3.82775473
            ],
            [
              -38.52662307,
              -3.82762401
            ],
            [
              -38.52656608,
              -3.82756245
            ],
            [
              -38.52654442,
              -3.82753403
            ],
            [
              -38.5264931,
              -3.8274649
            ],
            [
              -38.52641916,
              -3.82736829
            ],
            [
              -38.52631461,
              -3.82725132
            ],
            [
              -38.52626845,
              -3.82721059
            ],
            [
              -38.52623595,
              -3.82718974
            ],
            [
              -38.52620391,
              -3.82717268
            ],
            [
              -38.52615586,
              -3.82715704
            ],
            [
              -38.52611581,
              -3.82714802
            ],
            [
              -38.52606869,
              -3.82714137
            ],
            [
              -38.5260489,
              -3.82713662
            ],
            [
              -38.52602769,
              -3.82712809
            ],
            [
              -38.52598341,
              -3.82710203
            ],
            [
              -38.52593536,
              -3.82707408
            ],
            [
              -38.52586046,
              -3.82702481
            ],
            [
              -38.52572197,
              -3.82693527
            ],
            [
              -38.52559807,
              -3.82686231
            ],
            [
              -38.5254949,
              -3.82680498
            ],
            [
              -38.52538185,
              -3.8267216
            ],
            [
              -38.52531025,
              -3.82666808
            ],
            [
              -38.52527964,
              -3.8266354
            ],
            [
              -38.52525279,
              -3.82661077
            ],
            [
              -38.52522735,
              -3.82659324
            ],
            [
              -38.52520003,
              -3.82657713
            ],
            [
              -38.52514067,
              -3.82653781
            ],
            [
              -38.52510063,
              -3.82651554
            ],
            [
              -38.52505446,
              -3.82648664
            ],
            [
              -38.52501961,
              -3.82645586
            ],
            [
              -38.52497675,
              -3.82641512
            ],
            [
              -38.52494519,
              -3.82638765
            ],
            [
              -38.52489385,
              -3.82635307
            ],
            [
              -38.52482695,
              -3.8263199
            ],
            [
              -38.52473178,
              -3.82627535
            ],
            [
              -38.52465781,
              -3.82624312
            ],
            [
              -38.52459845,
              -3.82622936
            ],
            [
              -38.52458101,
              -3.82622935
            ],
            [
              -38.52456169,
              -3.82623171
            ],
            [
              -38.52454284,
              -3.82623691
            ],
            [
              -38.52450984,
              -3.82624872
            ],
            [
              -38.52446224,
              -3.82626621
            ],
            [
              -38.52445046,
              -3.82626762
            ],
            [
              -38.52442737,
              -3.82626524
            ],
            [
              -38.52439485,
              -3.82625907
            ],
            [
              -38.52431476,
              -3.82623347
            ],
            [
              -38.52429309,
              -3.82621973
            ],
            [
              -38.52427896,
              -3.82620504
            ],
            [
              -38.52426577,
              -3.82618989
            ],
            [
              -38.5242474,
              -3.82617426
            ],
            [
              -38.5242328,
              -3.82616715
            ],
            [
              -38.52420877,
              -3.82615578
            ],
            [
              -38.52417061,
              -3.82613872
            ],
            [
              -38.52412349,
              -3.8261278
            ],
            [
              -38.52409098,
              -3.82611784
            ],
            [
              -38.52406837,
              -3.82610647
            ],
            [
              -38.52404859,
              -3.82608895
            ],
            [
              -38.52403116,
              -3.82607095
            ],
            [
              -38.52401845,
              -3.82604917
            ],
            [
              -38.52399821,
              -3.82601082
            ],
            [
              -38.52395773,
              -3.82592891
            ],
            [
              -38.52390735,
              -3.82583894
            ],
            [
              -38.52385464,
              -3.82571111
            ],
            [
              -38.52382829,
              -3.8256453
            ],
            [
              -38.52379251,
              -3.82558659
            ],
            [
              -38.52374353,
              -3.82553212
            ],
            [
              -38.52367995,
              -3.82546251
            ],
            [
              -38.52361354,
              -3.82540851
            ],
            [
              -38.52353487,
              -3.82535024
            ],
            [
              -38.5234496,
              -3.8253005
            ],
            [
              -38.52336434,
              -3.82525311
            ],
            [
              -38.52324044,
              -3.82517542
            ],
            [
              -38.52318062,
              -3.82513799
            ],
            [
              -38.52309676,
              -3.82509676
            ],
            [
              -38.52303645,
              -3.82507543
            ],
            [
              -38.52299876,
              -3.82506262
            ],
            [
              -38.52298086,
              -3.82505267
            ],
            [
              -38.52296531,
              -3.8250432
            ],
            [
              -38.52294859,
              -3.82502828
            ],
            [
              -38.52292917,
              -3.82500543
            ],
            [
              -38.52290797,
              -3.82497962
            ],
            [
              -38.5228736,
              -3.82494055
            ],
            [
              -38.52284322,
              -3.82490764
            ],
            [
              -38.5228053,
              -3.82487827
            ],
            [
              -38.52275866,
              -3.82484889
            ],
            [
              -38.52271579,
              -3.82482757
            ],
            [
              -38.52266444,
              -3.82481145
            ],
            [
              -38.52262015,
              -3.82479486
            ],
            [
              -38.52256832,
              -3.82477495
            ],
            [
              -38.52253817,
              -3.82476499
            ],
            [
              -38.52247173,
              -3.8247517
            ],
            [
              -38.52238032,
              -3.82473697
            ],
            [
              -38.52230493,
              -3.82473267
            ],
            [
              -38.52223613,
              -3.82472695
            ],
            [
              -38.52216639,
              -3.82471603
            ],
            [
              -38.52207263,
              -3.82469467
            ],
            [
              -38.52196378,
              -3.8246771
            ],
            [
              -38.52184786,
              -3.82466094
            ],
            [
              -38.52169142,
              -3.82463861
            ],
            [
              -38.52155524,
              -3.82463143
            ],
            [
              -38.52151425,
              -3.82462478
            ],
            [
              -38.52148975,
              -3.82461767
            ],
            [
              -38.52146148,
              -3.82460629
            ],
            [
              -38.52143698,
              -3.82458971
            ],
            [
              -38.52141296,
              -3.8245684
            ],
            [
              -38.52140166,
              -3.8245523
            ],
            [
              -38.5213913,
              -3.82453383
            ],
            [
              -38.52138424,
              -3.82452105
            ],
            [
              -38.52138001,
              -3.82451205
            ],
            [
              -38.52120534,
              -3.82420617
            ],
            [
              -38.52112435,
              -3.82410199
            ],
            [
              -38.52107492,
              -3.8240125
            ],
            [
              -38.52104622,
              -3.82392681
            ],
            [
              -38.52100952,
              -3.82382123
            ],
            [
              -38.52097424,
              -3.82370572
            ],
            [
              -38.52096391,
              -3.82364938
            ],
            [
              -38.52096157,
              -3.8236224
            ],
            [
              -38.52096488,
              -3.82359637
            ],
            [
              -38.5209729,
              -3.82357176
            ],
            [
              -38.52097858,
              -3.82353958
            ],
            [
              -38.52097765,
              -3.82351023
            ],
            [
              -38.52097389,
              -3.82349082
            ],
            [
              -38.5209114,
              -3.82315376
            ],
            [
              -38.52090014,
              -3.8230695
            ],
            [
              -38.52089169,
              -3.82300985
            ],
            [
              -38.52085501,
              -3.82287919
            ],
            [
              -38.52076756,
              -3.82250899
            ],
            [
              -38.52072192,
              -3.82239914
            ],
            [
              -38.52069697,
              -3.8223499
            ],
            [
              -38.52066825,
              -3.8223035
            ],
            [
              -38.52064941,
              -3.82227887
            ],
            [
              -38.52063293,
              -3.82224763
            ],
            [
              -38.52062118,
              -3.82220975
            ],
            [
              -38.52060283,
              -3.8221572
            ],
            [
              -38.52058683,
              -3.8221179
            ],
            [
              -38.52054587,
              -3.82203883
            ],
            [
              -38.52051621,
              -3.82198675
            ],
            [
              -38.52049408,
              -3.8219607
            ],
            [
              -38.52046676,
              -3.82193134
            ],
            [
              -38.52041448,
              -3.82188445
            ],
            [
              -38.5203622,
              -3.82183472
            ],
            [
              -38.52033441,
              -3.82181435
            ],
            [
              -38.52030096,
              -3.8217954
            ],
            [
              -38.52026563,
              -3.82177786
            ],
            [
              -38.52023076,
              -3.8217679
            ],
            [
              -38.52018883,
              -3.82176125
            ],
            [
              -38.52014077,
              -3.82175507
            ],
            [
              -38.52009365,
              -3.82174463
            ],
            [
              -38.52006962,
              -3.82173657
            ],
            [
              -38.52004936,
              -3.82172567
            ],
            [
              -38.52002816,
              -3.82171099
            ],
            [
              -38.52000885,
              -3.82169157
            ],
            [
              -38.51998672,
              -3.82167262
            ],
            [
              -38.51995374,
              -3.82164657
            ],
            [
              -38.5199203,
              -3.82162762
            ],
            [
              -38.51969699,
              -3.82152714
            ],
            [
              -38.51965458,
              -3.82151434
            ],
            [
              -38.51948166,
              -3.82147638
            ],
            [
              -38.5194581,
              -3.821465
            ],
            [
              -38.51943596,
              -3.8214489
            ],
            [
              -38.51941101,
              -3.82142048
            ],
            [
              -38.51940206,
              -3.82139965
            ],
            [
              -38.51939454,
              -3.8213755
            ],
            [
              -38.5193856,
              -3.82135278
            ],
            [
              -38.51937052,
              -3.82133715
            ],
            [
              -38.51933708,
              -3.82131015
            ],
            [
              -38.5193173,
              -3.82129121
            ],
            [
              -38.51930176,
              -3.82126611
            ],
            [
              -38.5192867,
              -3.82123344
            ],
            [
              -38.51920103,
              -3.8210734
            ],
            [
              -38.51916478,
              -3.82100285
            ],
            [
              -38.5190829,
              -3.82080306
            ],
            [
              -38.51902268,
              -3.82061984
            ],
            [
              -38.51902082,
              -3.8205815
            ],
            [
              -38.51902513,
              -3.82044518
            ],
            [
              -38.51902185,
              -3.82040967
            ],
            [
              -38.51901999,
              -3.82037938
            ],
            [
              -38.51902377,
              -3.82036376
            ],
            [
              -38.51903133,
              -3.82032684
            ],
            [
              -38.51905541,
              -3.82022935
            ],
            [
              -38.51910919,
              -3.82013755
            ],
            [
              -38.51913892,
              -3.82005946
            ],
            [
              -38.51915309,
              -3.81998942
            ],
            [
              -38.5191503,
              -3.81992409
            ],
            [
              -38.51913855,
              -3.81986397
            ],
            [
              -38.51911456,
              -3.81980148
            ],
            [
              -38.51909009,
              -3.81972952
            ],
            [
              -38.51908964,
              -3.81969591
            ],
            [
              -38.5191005,
              -3.81965521
            ],
            [
              -38.51911513,
              -3.81961498
            ],
            [
              -38.51912739,
              -3.81959842
            ],
            [
              -38.51914578,
              -3.81958896
            ],
            [
              -38.51917122,
              -3.81958614
            ],
            [
              -38.51921458,
              -3.81958332
            ],
            [
              -38.51926831,
              -3.81957294
            ],
            [
              -38.51931214,
              -3.81955403
            ],
            [
              -38.51934515,
              -3.81952044
            ],
            [
              -38.5193791,
              -3.8194717
            ],
            [
              -38.5194027,
              -3.81941302
            ],
            [
              -38.51942018,
              -3.81933257
            ],
            [
              -38.51943248,
              -3.81924926
            ],
            [
              -38.51942733,
              -3.81918441
            ],
            [
              -38.51940615,
              -3.81913659
            ],
            [
              -38.51937461,
              -3.81908498
            ],
            [
              -38.51933459,
              -3.8190168
            ],
            [
              -38.51931906,
              -3.81897229
            ],
            [
              -38.51930307,
              -3.81892353
            ],
            [
              -38.51928896,
              -3.81886388
            ],
            [
              -38.5192711,
              -3.81878908
            ],
            [
              -38.51925887,
              -3.81875499
            ],
            [
              -38.51924522,
              -3.81871996
            ],
            [
              -38.51923347,
              -3.818657
            ],
            [
              -38.51923587,
              -3.81859168
            ],
            [
              -38.51925004,
              -3.81851879
            ],
            [
              -38.51926844,
              -3.81848614
            ],
            [
              -38.51929579,
              -3.81845586
            ],
            [
              -38.51933115,
              -3.81842937
            ],
            [
              -38.51938111,
              -3.81840479
            ],
            [
              -38.5194438,
              -3.81837595
            ],
            [
              -38.51947633,
              -3.81834378
            ],
            [
              -38.51950746,
              -3.81830262
            ],
            [
              -38.51954614,
              -3.81823826
            ],
            [
              -38.51960038,
              -3.81814173
            ],
            [
              -38.51961359,
              -3.81811381
            ],
            [
              -38.51962162,
              -3.81807737
            ],
            [
              -38.51962306,
              -3.81802814
            ],
            [
              -38.51961604,
              -3.81795288
            ],
            [
              -38.51960338,
              -3.81783359
            ],
            [
              -38.51959775,
              -3.81778862
            ],
            [
              -38.51958128,
              -3.81775358
            ],
            [
              -38.51955821,
              -3.81770576
            ],
            [
              -38.51952103,
              -3.81762716
            ],
            [
              -38.51948387,
              -3.81750928
            ],
            [
              -38.51942364,
              -3.81732889
            ],
            [
              -38.51940852,
              -3.81728249
            ],
            [
              -38.5194103,
              -3.81723934
            ],
            [
              -38.51941712,
              -3.8172134
            ],
            [
              -38.51942796,
              -3.81719684
            ],
            [
              -38.51943693,
              -3.81717412
            ],
            [
              -38.51944213,
              -3.8171462
            ],
            [
              -38.5194511,
              -3.81710786
            ],
            [
              -38.51945395,
              -3.8170752
            ],
            [
              -38.51945162,
              -3.81703166
            ],
            [
              -38.51944787,
              -3.81699379
            ],
            [
              -38.51944129,
              -3.81695308
            ],
            [
              -38.51942718,
              -3.81690195
            ],
            [
              -38.51941307,
              -3.81685886
            ],
            [
              -38.51938672,
              -3.81678453
            ],
            [
              -38.51933167,
              -3.81664155
            ],
            [
              -38.51929967,
              -3.81655255
            ],
            [
              -38.51927472,
              -3.81650851
            ],
            [
              -38.51924082,
              -3.8164711
            ],
            [
              -38.51920314,
              -3.81642753
            ],
            [
              -38.5191763,
              -3.8163958
            ],
            [
              -38.51916264,
              -3.81637307
            ],
            [
              -38.51915418,
              -3.81634703
            ],
            [
              -38.51914524,
              -3.816312
            ],
            [
              -38.51912502,
              -3.81624383
            ],
            [
              -38.51910996,
              -3.8161998
            ],
            [
              -38.51909961,
              -3.81618039
            ],
            [
              -38.51908359,
              -3.81616144
            ],
            [
              -38.51905675,
              -3.81613303
            ],
            [
              -38.5190431,
              -3.81611077
            ],
            [
              -38.51902521,
              -3.81607053
            ],
            [
              -38.51900828,
              -3.81601324
            ],
            [
              -38.51897488,
              -3.81591146
            ],
            [
              -38.51893299,
              -3.81581582
            ],
            [
              -38.5189137,
              -3.8157609
            ],
            [
              -38.51890101,
              -3.81571119
            ],
            [
              -38.51888785,
              -3.8156416
            ],
            [
              -38.51888362,
              -3.81561935
            ],
            [
              -38.51887656,
              -3.8156042
            ],
            [
              -38.51886573,
              -3.81558668
            ],
            [
              -38.51881818,
              -3.81550808
            ],
            [
              -38.51877674,
              -3.81546025
            ],
            [
              -38.51873623,
              -3.81542472
            ],
            [
              -38.51869336,
              -3.81540198
            ],
            [
              -38.5186439,
              -3.81537829
            ],
            [
              -38.51860433,
              -3.81535886
            ],
            [
              -38.51857418,
              -3.81533896
            ],
            [
              -38.51854214,
              -3.81531906
            ],
            [
              -38.51851294,
              -3.81529538
            ],
            [
              -38.51846773,
              -3.8152466
            ],
            [
              -38.51841876,
              -3.81518456
            ],
            [
              -38.51839522,
              -3.815141
            ],
            [
              -38.51837544,
              -3.81510927
            ],
            [
              -38.51835378,
              -3.81507991
            ],
            [
              -38.5183147,
              -3.81503398
            ],
            [
              -38.51828456,
              -3.81499089
            ],
            [
              -38.51825584,
              -3.8149459
            ],
            [
              -38.51821347,
              -3.81488435
            ],
            [
              -38.51817296,
              -3.81484219
            ],
            [
              -38.51815366,
              -3.81481094
            ],
            [
              -38.51814566,
              -3.81478396
            ],
            [
              -38.51813298,
              -3.81471484
            ],
            [
              -38.51811653,
              -3.81463105
            ],
            [
              -38.51810478,
              -3.8145785
            ],
            [
              -38.51809113,
              -3.8145501
            ],
            [
              -38.51807276,
              -3.81453305
            ],
            [
              -38.51804921,
              -3.81451646
            ],
            [
              -38.51801765,
              -3.8144942
            ],
            [
              -38.5179795,
              -3.81446436
            ],
            [
              -38.51795076,
              -3.81444493
            ],
            [
              -38.51788057,
              -3.81440987
            ],
            [
              -38.51779623,
              -3.81438
            ],
            [
              -38.51771567,
              -3.81435108
            ],
            [
              -38.51761343,
              -3.81430984
            ],
            [
              -38.51754559,
              -3.81427667
            ],
            [
              -38.51749707,
              -3.81425297
            ],
            [
              -38.51740567,
              -3.81421553
            ],
            [
              -38.51734348,
              -3.8142065
            ],
            [
              -38.51727892,
              -3.8142022
            ],
            [
              -38.51719598,
              -3.814196
            ],
            [
              -38.51708383,
              -3.81419499
            ],
            [
              -38.51699572,
              -3.81418074
            ],
            [
              -38.51691422,
              -3.81414662
            ],
            [
              -38.51687183,
              -3.81410636
            ],
            [
              -38.51683981,
              -3.81406043
            ],
            [
              -38.51677814,
              -3.81395673
            ],
            [
              -38.5167207,
              -3.81385351
            ],
            [
              -38.51671223,
              -3.81383552
            ],
            [
              -38.51671036,
              -3.81381137
            ],
            [
              -38.51671509,
              -3.81378298
            ],
            [
              -38.51673162,
              -3.81370252
            ],
            [
              -38.51673211,
              -3.81367128
            ],
            [
              -38.51672789,
              -3.81364145
            ],
            [
              -38.51672036,
              -3.81361494
            ],
            [
              -38.51670294,
              -3.81358653
            ],
            [
              -38.51668364,
              -3.81356475
            ],
            [
              -38.51666009,
              -3.81354485
            ],
            [
              -38.51663324,
              -3.8135136
            ],
            [
              -38.51661253,
              -3.81347903
            ],
            [
              -38.51659464,
              -3.81344021
            ],
            [
              -38.51655181,
              -3.81334551
            ],
            [
              -38.51650993,
              -3.8132442
            ],
            [
              -38.51647841,
              -3.81315377
            ],
            [
              -38.51645393,
              -3.81310737
            ],
            [
              -38.51642567,
              -3.81307469
            ],
            [
              -38.5163748,
              -3.81303963
            ],
            [
              -38.51631638,
              -3.81301499
            ],
            [
              -38.51625843,
              -3.81299839
            ],
            [
              -38.51617079,
              -3.81298035
            ],
            [
              -38.51609116,
              -3.81296516
            ],
            [
              -38.51591588,
              -3.81293098
            ],
            [
              -38.51580374,
              -3.81291009
            ],
            [
              -38.5157816,
              -3.81290203
            ],
            [
              -38.5157604,
              -3.81289019
            ],
            [
              -38.51573967,
              -3.81287503
            ],
            [
              -38.51571,
              -3.81284945
            ],
            [
              -38.5156629,
              -3.81280256
            ],
            [
              -38.5156144,
              -3.81274573
            ],
            [
              -38.5155527,
              -3.8126799
            ],
            [
              -38.51551173,
              -3.81263349
            ],
            [
              -38.51547077,
              -3.81257146
            ],
            [
              -38.51545759,
              -3.81253737
            ],
            [
              -38.51544913,
              -3.81249997
            ],
            [
              -38.51543927,
              -3.81243985
            ],
            [
              -38.51543319,
              -3.81235133
            ],
            [
              -38.51542804,
              -3.81229406
            ],
            [
              -38.51541535,
              -3.81223062
            ],
            [
              -38.51539701,
              -3.81217144
            ],
            [
              -38.51535654,
              -3.81207533
            ],
            [
              -38.51530524,
              -3.81195318
            ],
            [
              -38.51527935,
              -3.81189968
            ],
            [
              -38.51524781,
              -3.81184664
            ],
            [
              -38.51522757,
              -3.81180545
            ],
            [
              -38.51521298,
              -3.81177136
            ],
            [
              -38.5151777,
              -3.81166532
            ],
            [
              -38.515149,
              -3.81157536
            ],
            [
              -38.51514054,
              -3.81153418
            ],
            [
              -38.51513775,
              -3.81148021
            ],
            [
              -38.51513778,
              -3.81142247
            ],
            [
              -38.515143,
              -3.81136046
            ],
            [
              -38.5151482,
              -3.81133206
            ],
            [
              -38.51515245,
              -3.81131739
            ],
            [
              -38.51515434,
              -3.81130414
            ],
            [
              -38.51511574,
              -3.81113862
            ],
            [
              -38.51510744,
              -3.81109384
            ],
            [
              -38.51509679,
              -3.81104398
            ],
            [
              -38.51508801,
              -3.81101494
            ],
            [
              -38.51506417,
              -3.81094929
            ],
            [
              -38.51498887,
              -3.81077316
            ],
            [
              -38.51495436,
              -3.81069804
            ],
            [
              -38.51492111,
              -3.81060083
            ],
            [
              -38.51489102,
              -3.81048658
            ],
            [
              -38.51483959,
              -3.81032119
            ],
            [
              -38.51479379,
              -3.81019999
            ],
            [
              -38.51476931,
              -3.81015075
            ],
            [
              -38.51474548,
              -3.8100649
            ],
            [
              -38.51474112,
              -3.81000368
            ],
            [
              -38.5147443,
              -3.80992984
            ],
            [
              -38.51475816,
              -3.80987557
            ],
            [
              -38.51478269,
              -3.80981374
            ],
            [
              -38.51480596,
              -3.80977588
            ],
            [
              -38.51483928,
              -3.80973993
            ],
            [
              -38.51488831,
              -3.80970146
            ],
            [
              -38.51495054,
              -3.80965794
            ],
            [
              -38.51503853,
              -3.80960435
            ],
            [
              -38.5151039,
              -3.80956399
            ],
            [
              -38.51515545,
              -3.80950911
            ],
            [
              -38.51518627,
              -3.80945864
            ],
            [
              -38.51519885,
              -3.80942394
            ],
            [
              -38.51520517,
              -3.80937029
            ],
            [
              -38.51520582,
              -3.80933053
            ],
            [
              -38.51519957,
              -3.80925669
            ],
            [
              -38.51518642,
              -3.80918347
            ],
            [
              -38.51516511,
              -3.8090869
            ],
            [
              -38.51510489,
              -3.80891583
            ],
            [
              -38.51506034,
              -3.80880409
            ],
            [
              -38.51501706,
              -3.80867784
            ],
            [
              -38.51499447,
              -3.80862166
            ],
            [
              -38.5149813,
              -3.8085781
            ],
            [
              -38.51497002,
              -3.80852887
            ],
            [
              -38.51494499,
              -3.8083553
            ],
            [
              -38.51492941,
              -3.80811735
            ],
            [
              -38.51492506,
              -3.80803215
            ],
            [
              -38.51490193,
              -3.8078226
            ],
            [
              -38.51489818,
              -3.80778284
            ],
            [
              -38.51490388,
              -3.80771279
            ],
            [
              -38.51492276,
              -3.80765789
            ],
            [
              -38.51495231,
              -3.80761373
            ],
            [
              -38.51501329,
              -3.80755633
            ],
            [
              -38.51512834,
              -3.8074327
            ],
            [
              -38.51516293,
              -3.80737844
            ],
            [
              -38.51518306,
              -3.80733364
            ],
            [
              -38.51520131,
              -3.80728442
            ],
            [
              -38.51520951,
              -3.80722573
            ],
            [
              -38.5152064,
              -3.80716956
            ],
            [
              -38.51519009,
              -3.80712663
            ],
            [
              -38.51516749,
              -3.80708434
            ],
            [
              -38.51506511,
              -3.80701549
            ],
            [
              -38.51482524,
              -3.80676984
            ],
            [
              -38.5147342,
              -3.80665303
            ],
            [
              -38.51470407,
              -3.80660631
            ],
            [
              -38.5146865,
              -3.80656591
            ],
            [
              -38.51467584,
              -3.80651983
            ],
            [
              -38.51467147,
              -3.80647628
            ],
            [
              -38.5146866,
              -3.80639046
            ],
            [
              -38.51471554,
              -3.8063078
            ],
            [
              -38.51475077,
              -3.80623397
            ],
            [
              -38.51477341,
              -3.80619486
            ],
            [
              -38.51480736,
              -3.80616206
            ],
            [
              -38.51488467,
              -3.80611603
            ],
            [
              -38.51505059,
              -3.80601704
            ],
            [
              -38.51516311,
              -3.80593695
            ],
            [
              -38.51526304,
              -3.80587263
            ],
            [
              -38.51529573,
              -3.8058373
            ],
            [
              -38.51530957,
              -3.80580891
            ],
            [
              -38.51532216,
              -3.80576411
            ],
            [
              -38.51533666,
              -3.8056827
            ],
            [
              -38.51533859,
              -3.80559939
            ],
            [
              -38.51533425,
              -3.80550409
            ],
            [
              -38.51532862,
              -3.80545234
            ],
            [
              -38.51532551,
              -3.80540374
            ],
            [
              -38.51533185,
              -3.8053015
            ],
            [
              -38.51534571,
              -3.80522893
            ],
            [
              -38.5153734,
              -3.80514816
            ],
            [
              -38.51539543,
              -3.80507622
            ],
            [
              -38.5154093,
              -3.80499797
            ],
            [
              -38.51541878,
              -3.80489763
            ],
            [
              -38.5154119,
              -3.80484082
            ],
            [
              -38.51540124,
              -3.80480232
            ],
            [
              -38.51536609,
              -3.80473982
            ],
            [
              -38.51531208,
              -3.80469561
            ],
            [
              -38.51523985,
              -3.80465644
            ],
            [
              -38.51515755,
              -3.80462862
            ],
            [
              -38.51505327,
              -3.8046071
            ],
            [
              -38.51495212,
              -3.80459001
            ],
            [
              -38.51487674,
              -3.80456156
            ],
            [
              -38.514802,
              -3.80450598
            ],
            [
              -38.51475113,
              -3.80446367
            ],
            [
              -38.5147235,
              -3.80443399
            ],
            [
              -38.51470468,
              -3.80439169
            ],
            [
              -38.51468525,
              -3.80430648
            ],
            [
              -38.51468027,
              -3.80422759
            ],
            [
              -38.51469478,
              -3.80411778
            ],
            [
              -38.51472184,
              -3.80403954
            ],
            [
              -38.51477091,
              -3.80393417
            ],
            [
              -38.51483882,
              -3.80383512
            ],
            [
              -38.51489289,
              -3.80376067
            ],
            [
              -38.51496958,
              -3.8036995
            ],
            [
              -38.51507015,
              -3.80363518
            ],
            [
              -38.51512546,
              -3.8036005
            ],
            [
              -38.51515626,
              -3.80356896
            ],
            [
              -38.51516759,
              -3.80353615
            ],
            [
              -38.51517578,
              -3.80349198
            ],
            [
              -38.51518336,
              -3.8034276
            ],
            [
              -38.51518655,
              -3.80332852
            ],
            [
              -38.51518724,
              -3.80321997
            ],
            [
              -38.51517789,
              -3.80309626
            ],
            [
              -38.5151654,
              -3.8029593
            ],
            [
              -38.51515667,
              -3.80283812
            ],
            [
              -38.51514665,
              -3.80278005
            ],
            [
              -38.51512407,
              -3.80271061
            ],
            [
              -38.51506946,
              -3.80261402
            ],
            [
              -38.51502616,
              -3.80252816
            ],
            [
              -38.51499541,
              -3.80246251
            ],
            [
              -38.51496907,
              -3.80236719
            ],
            [
              -38.5149666,
              -3.80229146
            ],
            [
              -38.51496978,
              -3.80222456
            ],
            [
              -38.51498238,
              -3.80215956
            ],
            [
              -38.51501824,
              -3.80208195
            ],
            [
              -38.51507985,
              -3.80201067
            ],
            [
              -38.51513958,
              -3.80193118
            ],
            [
              -38.5151641,
              -3.8019009
            ],
            [
              -38.51517732,
              -3.80186935
            ],
            [
              -38.51518487,
              -3.80183969
            ],
            [
              -38.51518489,
              -3.80180498
            ],
            [
              -38.51517801,
              -3.80175196
            ],
            [
              -38.51516171,
              -3.80168758
            ],
            [
              -38.5151429,
              -3.80160994
            ],
            [
              -38.51509901,
              -3.8014616
            ],
            [
              -38.51507705,
              -3.80139974
            ],
            [
              -38.51504191,
              -3.80132651
            ],
            [
              -38.51502246,
              -3.80126402
            ],
            [
              -38.51501559,
              -3.80118891
            ],
            [
              -38.51501624,
              -3.80115356
            ],
            [
              -38.51502317,
              -3.80112769
            ],
            [
              -38.51504141,
              -3.80109678
            ],
            [
              -38.51506844,
              -3.80107407
            ],
            [
              -38.51510237,
              -3.80105579
            ],
            [
              -38.51515956,
              -3.80104194
            ],
            [
              -38.51522176,
              -3.80103314
            ],
            [
              -38.51528146,
              -3.80101802
            ],
            [
              -38.51533111,
              -3.80098965
            ],
            [
              -38.51537511,
              -3.80095307
            ],
            [
              -38.51540718,
              -3.80090765
            ],
            [
              -38.51543486,
              -3.80085465
            ],
            [
              -38.51544556,
              -3.80081615
            ],
            [
              -38.51545504,
              -3.80072402
            ],
            [
              -38.51545759,
              -3.8006609
            ],
            [
              -38.51544949,
              -3.80053846
            ],
            [
              -38.51543384,
              -3.80042233
            ],
            [
              -38.51541816,
              -3.80037056
            ],
            [
              -38.51539431,
              -3.80032511
            ],
            [
              -38.5153265,
              -3.8002405
            ],
            [
              -38.51527066,
              -3.80010983
            ],
            [
              -38.51515578,
              -3.79992547
            ],
            [
              -38.51505659,
              -3.79978089
            ],
            [
              -38.51500825,
              -3.79972343
            ],
            [
              -38.51496556,
              -3.79965777
            ],
            [
              -38.51490402,
              -3.79959147
            ],
            [
              -38.5148588,
              -3.7995561
            ],
            [
              -38.51474135,
              -3.79947714
            ],
            [
              -38.51466222,
              -3.79942724
            ],
            [
              -38.51455983,
              -3.79937921
            ],
            [
              -38.51447566,
              -3.79933625
            ],
            [
              -38.51441915,
              -3.7992851
            ],
            [
              -38.51435133,
              -3.79921374
            ],
            [
              -38.5143099,
              -3.79914871
            ],
            [
              -38.51426972,
              -3.79908684
            ],
            [
              -38.514244,
              -3.79901361
            ],
            [
              -38.51424027,
              -3.79894671
            ],
            [
              -38.5142384,
              -3.79890948
            ],
            [
              -38.51424911,
              -3.79886215
            ],
            [
              -38.51427553,
              -3.7988123
            ],
            [
              -38.51430257,
              -3.7987713
            ],
            [
              -38.514334,
              -3.79873849
            ],
            [
              -38.51440127,
              -3.79867479
            ],
            [
              -38.51444778,
              -3.79863505
            ],
            [
              -38.51446979,
              -3.79860856
            ],
            [
              -38.51448614,
              -3.79857449
            ],
            [
              -38.51449244,
              -3.79854357
            ],
            [
              -38.51449248,
              -3.79848424
            ],
            [
              -38.51448436,
              -3.79839588
            ],
            [
              -38.51447058,
              -3.79831635
            ],
            [
              -38.5144593,
              -3.79825575
            ],
            [
              -38.51442544,
              -3.79813835
            ],
            [
              -38.5143903,
              -3.79805754
            ],
            [
              -38.51436645,
              -3.79800451
            ],
            [
              -38.51432627,
              -3.79795021
            ],
            [
              -38.51427479,
              -3.79789338
            ],
            [
              -38.51421324,
              -3.79784286
            ],
            [
              -38.51411904,
              -3.79777086
            ],
            [
              -38.51406251,
              -3.79772539
            ],
            [
              -38.5140148,
              -3.79766603
            ],
            [
              -38.5139583,
              -3.79757638
            ],
            [
              -38.51388927,
              -3.7974274
            ],
            [
              -38.51386291,
              -3.79737815
            ],
            [
              -38.51384031,
              -3.79734153
            ],
            [
              -38.51381269,
              -3.7973087
            ],
            [
              -38.51376998,
              -3.79728217
            ],
            [
              -38.51373606,
              -3.79726827
            ],
            [
              -38.51369836,
              -3.79726572
            ],
            [
              -38.51363804,
              -3.79726569
            ],
            [
              -38.51355007,
              -3.79728078
            ],
            [
              -38.51348473,
              -3.79728706
            ],
            [
              -38.51334147,
              -3.79729076
            ],
            [
              -38.51329246,
              -3.79729074
            ],
            [
              -38.51322964,
              -3.79728439
            ],
            [
              -38.51319069,
              -3.79727427
            ],
            [
              -38.51315551,
              -3.79726036
            ],
            [
              -38.51312537,
              -3.79724015
            ],
            [
              -38.51309899,
              -3.79721363
            ],
            [
              -38.51307639,
              -3.79717575
            ],
            [
              -38.51305883,
              -3.79712777
            ],
            [
              -38.51305131,
              -3.79709621
            ],
            [
              -38.51304881,
              -3.79706087
            ],
            [
              -38.51304883,
              -3.79702805
            ],
            [
              -38.51305264,
              -3.7969662
            ],
            [
              -38.51305518,
              -3.79691066
            ],
            [
              -38.51305648,
              -3.79683114
            ],
            [
              -38.51305532,
              -3.79665948
            ],
            [
              -38.5130504,
              -3.79647266
            ],
            [
              -38.51306682,
              -3.7963212
            ],
            [
              -38.51309454,
              -3.79618615
            ],
            [
              -38.51315117,
              -3.79604608
            ],
            [
              -38.51319016,
              -3.7959792
            ],
            [
              -38.51326308,
              -3.79590351
            ],
            [
              -38.51336367,
              -3.79580384
            ],
            [
              -38.51347556,
              -3.79569409
            ],
            [
              -38.51354596,
              -3.79564743
            ],
            [
              -38.51358744,
              -3.79562094
            ],
            [
              -38.51362892,
              -3.79560582
            ],
            [
              -38.51367793,
              -3.79559323
            ],
            [
              -38.51374202,
              -3.79558821
            ],
            [
              -38.51383501,
              -3.79558574
            ],
            [
              -38.51394308,
              -3.79558706
            ],
            [
              -38.51400843,
              -3.795577
            ],
            [
              -38.51406121,
              -3.7955682
            ],
            [
              -38.51409766,
              -3.79555181
            ],
            [
              -38.51412657,
              -3.79553668
            ],
            [
              -38.51415423,
              -3.79551019
            ],
            [
              -38.51417435,
              -3.79548369
            ],
            [
              -38.51419196,
              -3.79544205
            ],
            [
              -38.51420581,
              -3.79540166
            ],
            [
              -38.51421589,
              -3.79535118
            ],
            [
              -38.51422597,
              -3.79530448
            ],
            [
              -38.51426874,
              -3.7952111
            ],
            [
              -38.51430397,
              -3.79513538
            ],
            [
              -38.51436685,
              -3.7950458
            ],
            [
              -38.5144247,
              -3.79497262
            ],
            [
              -38.51447876,
              -3.7949108
            ],
            [
              -38.51451776,
              -3.79484266
            ],
            [
              -38.51457313,
              -3.79468617
            ],
            [
              -38.5146059,
              -3.79451831
            ],
            [
              -38.5146613,
              -3.7943126
            ],
            [
              -38.5147104,
              -3.79415863
            ],
            [
              -38.51473936,
              -3.79404252
            ],
            [
              -38.51475959,
              -3.793833
            ],
            [
              -38.51474208,
              -3.7936752
            ],
            [
              -38.51471829,
              -3.79352751
            ],
            [
              -38.51469698,
              -3.79342904
            ],
            [
              -38.51464678,
              -3.79331667
            ],
            [
              -38.51457398,
              -3.79317021
            ],
            [
              -38.51455266,
              -3.79310077
            ],
            [
              -38.51453673,
              -3.79303059
            ],
            [
              -38.51451254,
              -3.79292404
            ],
            [
              -38.51450253,
              -3.79286218
            ],
            [
              -38.51447741,
              -3.79282935
            ],
            [
              -38.51444978,
              -3.79281166
            ],
            [
              -38.51441083,
              -3.79280533
            ],
            [
              -38.51435302,
              -3.79280529
            ],
            [
              -38.51427762,
              -3.79281535
            ],
            [
              -38.51421729,
              -3.79283677
            ],
            [
              -38.51414189,
              -3.79285945
            ],
            [
              -38.51406272,
              -3.79286067
            ],
            [
              -38.51399738,
              -3.79285306
            ],
            [
              -38.51392829,
              -3.79282525
            ],
            [
              -38.51386674,
              -3.79277473
            ],
            [
              -38.51381777,
              -3.79271664
            ],
            [
              -38.51379519,
              -3.79263836
            ],
            [
              -38.51378644,
              -3.79255757
            ],
            [
              -38.51380344,
              -3.79243849
            ],
            [
              -38.51381798,
              -3.7923367
            ],
            [
              -38.51385323,
              -3.79222059
            ],
            [
              -38.51389222,
              -3.79214866
            ],
            [
              -38.51394126,
              -3.79209063
            ],
            [
              -38.51399532,
              -3.79204017
            ],
            [
              -38.51403932,
              -3.79201747
            ],
            [
              -38.5141097,
              -3.79199732
            ],
            [
              -38.51415619,
              -3.79199482
            ],
            [
              -38.51423661,
              -3.79200117
            ],
            [
              -38.51429818,
              -3.79201131
            ],
            [
              -38.51435218,
              -3.79203147
            ],
            [
              -38.51437607,
              -3.79204038
            ],
            [
              -38.51443888,
              -3.79207324
            ],
            [
              -38.51453058,
              -3.79212378
            ],
            [
              -38.51461222,
              -3.79219325
            ],
            [
              -38.51468004,
              -3.79226145
            ],
            [
              -38.51473279,
              -3.79230944
            ],
            [
              -38.51477675,
              -3.7923385
            ],
            [
              -38.5148358,
              -3.7923663
            ],
            [
              -38.5148961,
              -3.79238653
            ],
            [
              -38.51493631,
              -3.7923916
            ],
            [
              -38.51498155,
              -3.79239037
            ],
            [
              -38.51503559,
              -3.79238409
            ],
            [
              -38.51507706,
              -3.79237149
            ],
            [
              -38.51512357,
              -3.79233743
            ],
            [
              -38.51516381,
              -3.79229454
            ],
            [
              -38.51520784,
              -3.79220621
            ],
            [
              -38.5152783,
              -3.79204089
            ],
            [
              -38.51534752,
              -3.79185159
            ],
            [
              -38.51538401,
              -3.79175189
            ],
            [
              -38.51540416,
              -3.79167491
            ],
            [
              -38.51542683,
              -3.7915853
            ],
            [
              -38.51543315,
              -3.79151083
            ],
            [
              -38.51542315,
              -3.79143257
            ],
            [
              -38.51542322,
              -3.79129751
            ],
            [
              -38.51541574,
              -3.79119905
            ],
            [
              -38.51538692,
              -3.79104377
            ],
            [
              -38.5153692,
              -3.79096857
            ],
            [
              -38.515328,
              -3.79079381
            ],
            [
              -38.51531295,
              -3.79073701
            ],
            [
              -38.51530796,
              -3.7906802
            ],
            [
              -38.51530925,
              -3.79062088
            ],
            [
              -38.51534201,
              -3.79046059
            ],
            [
              -38.51535337,
              -3.7903634
            ],
            [
              -38.51535971,
              -3.79026621
            ],
            [
              -38.51536353,
              -3.79017659
            ],
            [
              -38.51535604,
              -3.79009076
            ],
            [
              -38.51533348,
              -3.78998093
            ],
            [
              -38.51526947,
              -3.78984204
            ],
            [
              -38.5152306,
              -3.78969434
            ],
            [
              -38.51518422,
              -3.78948352
            ],
            [
              -38.51515793,
              -3.78932067
            ],
            [
              -38.5151379,
              -3.78918055
            ],
            [
              -38.51508897,
              -3.78903536
            ],
            [
              -38.5150463,
              -3.78893436
            ],
            [
              -38.51500111,
              -3.78886239
            ],
            [
              -38.51494962,
              -3.78879925
            ],
            [
              -38.51466325,
              -3.78857314
            ],
            [
              -38.51460547,
              -3.78852893
            ],
            [
              -38.51453763,
              -3.78849355
            ],
            [
              -38.5144321,
              -3.78845941
            ],
            [
              -38.51436802,
              -3.78845559
            ],
            [
              -38.51428885,
              -3.7884568
            ],
            [
              -38.51420591,
              -3.78847064
            ],
            [
              -38.51414558,
              -3.78849207
            ],
            [
              -38.51407016,
              -3.78853746
            ],
            [
              -38.51400731,
              -3.78857782
            ],
            [
              -38.5139608,
              -3.78860052
            ],
            [
              -38.51390802,
              -3.78861816
            ],
            [
              -38.51384518,
              -3.78862191
            ],
            [
              -38.51378613,
              -3.78862188
            ],
            [
              -38.51371828,
              -3.78860543
            ],
            [
              -38.51366551,
              -3.78858394
            ],
            [
              -38.51361653,
              -3.78854604
            ],
            [
              -38.51348468,
              -3.78837557
            ],
            [
              -38.51331139,
              -3.78816215
            ],
            [
              -38.51322852,
              -3.78804976
            ],
            [
              -38.51314566,
              -3.78792223
            ],
            [
              -38.51311429,
              -3.78784647
            ],
            [
              -38.51309422,
              -3.78778461
            ],
            [
              -38.51307791,
              -3.7877278
            ],
            [
              -38.51307794,
              -3.78768362
            ],
            [
              -38.51308173,
              -3.78764323
            ],
            [
              -38.51309307,
              -3.78759149
            ],
            [
              -38.51310317,
              -3.78750692
            ],
            [
              -38.51312279,
              -3.78724565
            ],
            [
              -38.51314113,
              -3.78703044
            ],
            [
              -38.51315,
              -3.78689981
            ],
            [
              -38.51315639,
              -3.78671489
            ],
            [
              -38.51315266,
              -3.78662969
            ],
            [
              -38.51314831,
              -3.78655269
            ],
            [
              -38.51314206,
              -3.78648831
            ],
            [
              -38.51310193,
              -3.78634344
            ],
            [
              -38.51306301,
              -3.78628394
            ],
            [
              -38.51303162,
              -3.78623469
            ],
            [
              -38.51300526,
              -3.78618292
            ],
            [
              -38.51298394,
              -3.78611728
            ],
            [
              -38.51296764,
              -3.7860491
            ],
            [
              -38.51295888,
              -3.78598094
            ],
            [
              -38.5129539,
              -3.78591277
            ],
            [
              -38.51295393,
              -3.78585092
            ],
            [
              -38.51296653,
              -3.7857916
            ],
            [
              -38.51299923,
              -3.78573356
            ],
            [
              -38.51304827,
              -3.78567552
            ],
            [
              -38.51310108,
              -3.78562128
            ],
            [
              -38.51316016,
              -3.78557208
            ],
            [
              -38.51321422,
              -3.78553046
            ],
            [
              -38.51325319,
              -3.78550145
            ],
            [
              -38.51328965,
              -3.7854636
            ],
            [
              -38.51331858,
              -3.78542323
            ],
            [
              -38.51334122,
              -3.78537275
            ],
            [
              -38.51336389,
              -3.78528819
            ],
            [
              -38.51338404,
              -3.78519858
            ],
            [
              -38.51344705,
              -3.78488684
            ],
            [
              -38.51346217,
              -3.78480354
            ],
            [
              -38.51347731,
              -3.78470509
            ],
            [
              -38.51348112,
              -3.78461926
            ],
            [
              -38.51347865,
              -3.78454984
            ],
            [
              -38.51347366,
              -3.78448798
            ],
            [
              -38.51346365,
              -3.78441477
            ],
            [
              -38.51346118,
              -3.78432641
            ],
            [
              -38.51345746,
              -3.78423679
            ],
            [
              -38.51346001,
              -3.78417746
            ],
            [
              -38.5134638,
              -3.78413455
            ],
            [
              -38.51347136,
              -3.78410173
            ],
            [
              -38.51347766,
              -3.78406639
            ],
            [
              -38.51348774,
              -3.78402853
            ],
            [
              -38.51349404,
              -3.78399698
            ],
            [
              -38.51349783,
              -3.78394775
            ],
            [
              -38.51349409,
              -3.78390231
            ],
            [
              -38.51348532,
              -3.78386381
            ],
            [
              -38.51346649,
              -3.78381773
            ],
            [
              -38.51345017,
              -3.78378679
            ],
            [
              -38.51343009,
              -3.78375775
            ],
            [
              -38.51340811,
              -3.7837388
            ],
            [
              -38.5133767,
              -3.78372427
            ],
            [
              -38.51333775,
              -3.78371794
            ],
            [
              -38.5133101,
              -3.78371918
            ],
            [
              -38.51328497,
              -3.78372548
            ],
            [
              -38.51326234,
              -3.78373746
            ],
            [
              -38.51322903,
              -3.78376016
            ],
            [
              -38.51319697,
              -3.78378665
            ],
            [
              -38.51317497,
              -3.78380936
            ],
            [
              -38.51314102,
              -3.78384721
            ],
            [
              -38.51312091,
              -3.78385982
            ],
            [
              -38.51309766,
              -3.7838699
            ],
            [
              -38.5130719,
              -3.78387494
            ],
            [
              -38.51303985,
              -3.78387744
            ],
            [
              -38.51301221,
              -3.78387553
            ],
            [
              -38.51298771,
              -3.7838711
            ],
            [
              -38.51295065,
              -3.7838553
            ],
            [
              -38.51273208,
              -3.78371318
            ],
            [
              -38.51262026,
              -3.78365087
            ],
            [
              -38.51289332,
              -3.78307298
            ],
            [
              -38.51344274,
              -3.78188937
            ],
            [
              -38.51413788,
              -3.78039344
            ],
            [
              -38.51419411,
              -3.78027244
            ],
            [
              -38.51440267,
              -3.77958282
            ],
            [
              -38.51449717,
              -3.77926968
            ],
            [
              -38.51451264,
              -3.779214
            ],
            [
              -38.51480328,
              -3.77809589
            ],
            [
              -38.51490781,
              -3.77812247
            ],
            [
              -38.51580831,
              -3.77838331
            ],
            [
              -38.51647671,
              -3.77856293
            ],
            [
              -38.51750638,
              -3.77882611
            ],
            [
              -38.51773581,
              -3.77888652
            ],
            [
              -38.5178481,
              -3.77891622
            ],
            [
              -38.5179195,
              -3.77893242
            ],
            [
              -38.51790777,
              -3.77886709
            ],
            [
              -38.51790178,
              -3.77883374
            ],
            [
              -38.5178727,
              -3.77865711
            ],
            [
              -38.51783888,
              -3.77846775
            ],
            [
              -38.51781508,
              -3.77832889
            ],
            [
              -38.51780757,
              -3.77827461
            ],
            [
              -38.51781018,
              -3.77810547
            ],
            [
              -38.51782035,
              -3.77788963
            ],
            [
              -38.51783113,
              -3.77770661
            ],
            [
              -38.51784385,
              -3.77744407
            ],
            [
              -38.51785783,
              -3.77714745
            ],
            [
              -38.51786867,
              -3.77685461
            ],
            [
              -38.51787626,
              -3.77676563
            ],
            [
              -38.51788517,
              -3.7765643
            ],
            [
              -38.51789787,
              -3.77631312
            ],
            [
              -38.51791499,
              -3.77603354
            ],
            [
              -38.5179207,
              -3.7759313
            ],
            [
              -38.5179314,
              -3.7758925
            ],
            [
              -38.51794222,
              -3.7756492
            ],
            [
              -38.51794797,
              -3.77546744
            ],
            [
              -38.51795877,
              -3.77525286
            ],
            [
              -38.51796449,
              -3.77514368
            ],
            [
              -38.51797781,
              -3.77490576
            ],
            [
              -38.51798354,
              -3.77476754
            ],
            [
              -38.51799311,
              -3.77451068
            ],
            [
              -38.51801153,
              -3.77413832
            ],
            [
              -38.51803253,
              -3.77367067
            ],
            [
              -38.51804707,
              -3.77354648
            ],
            [
              -38.51805783,
              -3.77336333
            ],
            [
              -38.51806798,
              -3.77318725
            ],
            [
              -38.51811812,
              -3.7721266
            ],
            [
              -38.51815596,
              -3.77139653
            ],
            [
              -38.51820125,
              -3.77043435
            ],
            [
              -38.5182219,
              -3.77005624
            ],
            [
              -38.51719214,
              -3.7698924
            ],
            [
              -38.5170703,
              -3.76988246
            ],
            [
              -38.51718622,
              -3.76947524
            ],
            [
              -38.51731999,
              -3.76898658
            ],
            [
              -38.51743099,
              -3.76855055
            ],
            [
              -38.51756576,
              -3.76802514
            ],
            [
              -38.51766983,
              -3.76760401
            ],
            [
              -38.51774516,
              -3.76727822
            ],
            [
              -38.51782444,
              -3.7669733
            ],
            [
              -38.51790869,
              -3.76661673
            ],
            [
              -38.51795826,
              -3.76639921
            ],
            [
              -38.51801476,
              -3.76615363
            ],
            [
              -38.51806853,
              -3.76592494
            ],
            [
              -38.51811761,
              -3.76569599
            ],
            [
              -38.51814884,
              -3.76553931
            ],
            [
              -38.51816347,
              -3.76545612
            ],
            [
              -38.51818852,
              -3.76532079
            ],
            [
              -38.51820042,
              -3.76525275
            ],
            [
              -38.51822622,
              -3.76510177
            ],
            [
              -38.51826293,
              -3.76486586
            ],
            [
              -38.51829816,
              -3.76464188
            ],
            [
              -38.5183324,
              -3.76441938
            ],
            [
              -38.51838153,
              -3.7640916
            ],
            [
              -38.51842122,
              -3.7638403
            ],
            [
              -38.51846588,
              -3.76354927
            ],
            [
              -38.51848722,
              -3.76341666
            ],
            [
              -38.5185428,
              -3.76304567
            ],
            [
              -38.51859788,
              -3.76267815
            ],
            [
              -38.51866835,
              -3.76221528
            ],
            [
              -38.51875767,
              -3.76162229
            ],
            [
              -38.51881721,
              -3.76123888
            ],
            [
              -38.51886485,
              -3.76093196
            ],
            [
              -38.51889661,
              -3.76072436
            ],
            [
              -38.51894622,
              -3.7604085
            ],
            [
              -38.51897997,
              -3.76017805
            ],
            [
              -38.51899789,
              -3.76006581
            ],
            [
              -38.51798076,
              -3.76018521
            ],
            [
              -38.51792365,
              -3.76026525
            ],
            [
              -38.51770751,
              -3.76061738
            ],
            [
              -38.51756831,
              -3.76076126
            ],
            [
              -38.5172767,
              -3.76106268
            ],
            [
              -38.51700543,
              -3.76125459
            ],
            [
              -38.51654669,
              -3.76157911
            ],
            [
              -38.51611121,
              -3.76174643
            ],
            [
              -38.51588346,
              -3.76183394
            ],
            [
              -38.51510617,
              -3.76217303
            ],
            [
              -38.51466082,
              -3.7623143
            ],
            [
              -38.51442576,
              -3.76238886
            ],
            [
              -38.51403161,
              -3.76248571
            ],
            [
              -38.51370459,
              -3.76252344
            ],
            [
              -38.51358842,
              -3.76251776
            ],
            [
              -38.51349443,
              -3.76246768
            ],
            [
              -38.51339354,
              -3.76244878
            ],
            [
              -38.51319025,
              -3.76241197
            ],
            [
              -38.51305193,
              -3.76239524
            ],
            [
              -38.5127035,
              -3.76239505
            ],
            [
              -38.5125431,
              -3.76241721
            ],
            [
              -38.51244906,
              -3.76245045
            ],
            [
              -38.51220917,
              -3.76256662
            ],
            [
              -38.5120717,
              -3.76258045
            ],
            [
              -38.51178804,
              -3.7626112
            ],
            [
              -38.51150587,
              -3.76265555
            ],
            [
              -38.51106886,
              -3.76274975
            ],
            [
              -38.5109417,
              -3.76274968
            ],
            [
              -38.51083659,
              -3.76276627
            ],
            [
              -38.51041898,
              -3.76279932
            ],
            [
              -38.51014791,
              -3.76279917
            ],
            [
              -38.50978293,
              -3.76276567
            ],
            [
              -38.50927166,
              -3.76267001
            ],
            [
              -38.50862149,
              -3.76254835
            ],
            [
              -38.50848325,
              -3.7625594
            ],
            [
              -38.50832834,
              -3.76258148
            ],
            [
              -38.50819287,
              -3.7626203
            ],
            [
              -38.50803025,
              -3.76258209
            ],
            [
              -38.50776694,
              -3.76254787
            ],
            [
              -38.50761763,
              -3.76254217
            ],
            [
              -38.50691802,
              -3.76245846
            ],
            [
              -38.50668568,
              -3.7624472
            ],
            [
              -38.5063649,
              -3.76244702
            ],
            [
              -38.50610754,
              -3.76241756
            ],
            [
              -38.50622234,
              -3.76260227
            ],
            [
              -38.50650385,
              -3.76295045
            ],
            [
              -38.50665703,
              -3.76311401
            ],
            [
              -38.50677528,
              -3.76325963
            ],
            [
              -38.50684961,
              -3.76337348
            ],
            [
              -38.50699283,
              -3.76363474
            ],
            [
              -38.50709816,
              -3.76385445
            ],
            [
              -38.50836396,
              -3.76714304
            ],
            [
              -38.50851267,
              -3.76749819
            ],
            [
              -38.50868769,
              -3.76798394
            ],
            [
              -38.50890496,
              -3.76854857
            ],
            [
              -38.50899711,
              -3.76890785
            ],
            [
              -38.50917312,
              -3.76951501
            ],
            [
              -38.5093226,
              -3.77017115
            ],
            [
              -38.50941837,
              -3.77079886
            ],
            [
              -38.50946612,
              -3.7713527
            ],
            [
              -38.50891955,
              -3.77152418
            ],
            [
              -38.50823304,
              -3.77175461
            ],
            [
              -38.50650792,
              -3.77210116
            ],
            [
              -38.50592512,
              -3.77235287
            ],
            [
              -38.50537139,
              -3.77274825
            ],
            [
              -38.50517575,
              -3.77293392
            ],
            [
              -38.5048734,
              -3.77320481
            ],
            [
              -38.50439838,
              -3.77366428
            ],
            [
              -38.50401201,
              -3.77400203
            ],
            [
              -38.50368849,
              -3.7743557
            ],
            [
              -38.503314,
              -3.77472844
            ],
            [
              -38.50268693,
              -3.77521486
            ],
            [
              -38.50220947,
              -3.77554544
            ],
            [
              -38.50192696,
              -3.7756502
            ],
            [
              -38.50168509,
              -3.77572634
            ],
            [
              -38.50125032,
              -3.77586401
            ],
            [
              -38.50040516,
              -3.77613457
            ],
            [
              -38.50001121,
              -3.77626853
            ],
            [
              -38.49972914,
              -3.77636262
            ],
            [
              -38.49977823,
              -3.77673275
            ],
            [
              -38.49978403,
              -3.77677961
            ],
            [
              -38.49978559,
              -3.77683073
            ],
            [
              -38.49978291,
              -3.77688771
            ],
            [
              -38.49976963,
              -3.77693723
            ],
            [
              -38.49974468,
              -3.77699685
            ],
            [
              -38.499707,
              -3.77706233
            ],
            [
              -38.49964759,
              -3.77713951
            ],
            [
              -38.49932585,
              -3.77753764
            ],
            [
              -38.49930038,
              -3.77757331
            ],
            [
              -38.49927331,
              -3.77763027
            ],
            [
              -38.49925154,
              -3.77769469
            ],
            [
              -38.49923242,
              -3.77775965
            ],
            [
              -38.49921807,
              -3.77782247
            ],
            [
              -38.49920743,
              -3.77788477
            ],
            [
              -38.49916005,
              -3.77823301
            ],
            [
              -38.49913024,
              -3.77845558
            ],
            [
              -38.49910789,
              -3.77860041
            ],
            [
              -38.49909034,
              -3.77869039
            ],
            [
              -38.49906536,
              -3.77880221
            ],
            [
              -38.49904038,
              -3.77892307
            ],
            [
              -38.49901062,
              -3.7790434
            ],
            [
              -38.49898725,
              -3.77913019
            ],
            [
              -38.4989607,
              -3.77921218
            ],
            [
              -38.49892248,
              -3.77929203
            ],
            [
              -38.49887367,
              -3.77936869
            ],
            [
              -38.49882221,
              -3.77942883
            ],
            [
              -38.49875857,
              -3.77947459
            ],
            [
              -38.49867162,
              -3.77950756
            ],
            [
              -38.49785565,
              -3.77971423
            ],
            [
              -38.4978249,
              -3.77972433
            ],
            [
              -38.49779255,
              -3.77974135
            ],
            [
              -38.4977671,
              -3.77975838
            ],
            [
              -38.49774375,
              -3.77978605
            ],
            [
              -38.49771777,
              -3.77980521
            ],
            [
              -38.49767269,
              -3.77983713
            ],
            [
              -38.49762815,
              -3.77986054
            ],
            [
              -38.4974993,
              -3.77991371
            ],
            [
              -38.49703476,
              -3.78019142
            ],
            [
              -38.49700983,
              -3.78020684
            ],
            [
              -38.49697642,
              -3.78023185
            ],
            [
              -38.49645403,
              -3.78063413
            ],
            [
              -38.49639675,
              -3.78068202
            ],
            [
              -38.49635325,
              -3.78072353
            ],
            [
              -38.4963071,
              -3.78077622
            ],
            [
              -38.49593091,
              -3.78137401
            ],
            [
              -38.49589217,
              -3.78143203
            ],
            [
              -38.49585133,
              -3.78147994
            ],
            [
              -38.49580253,
              -3.78152304
            ],
            [
              -38.49574101,
              -3.78157146
            ],
            [
              -38.49569275,
              -3.78160126
            ],
            [
              -38.49565245,
              -3.78163052
            ],
            [
              -38.49530719,
              -3.78190083
            ],
            [
              -38.49525839,
              -3.78195086
            ],
            [
              -38.49520374,
              -3.78202325
            ],
            [
              -38.49515175,
              -3.7820983
            ],
            [
              -38.49513358,
              -3.78212106
            ],
            [
              -38.49512244,
              -3.78213689
            ],
            [
              -38.49489482,
              -3.78292687
            ],
            [
              -38.49487251,
              -3.78301153
            ],
            [
              -38.49396532,
              -3.78328152
            ],
            [
              -38.49427853,
              -3.7843627
            ],
            [
              -38.49459755,
              -3.78545506
            ],
            [
              -38.49491606,
              -3.78653092
            ],
            [
              -38.49475435,
              -3.78657742
            ],
            [
              -38.49435881,
              -3.7866954
            ],
            [
              -38.49402107,
              -3.78679425
            ],
            [
              -38.49381164,
              -3.78685271
            ],
            [
              -38.49354707,
              -3.78692391
            ],
            [
              -38.49343891,
              -3.786951
            ],
            [
              -38.49333446,
              -3.78697863
            ],
            [
              -38.49314252,
              -3.78703071
            ],
            [
              -38.49308951,
              -3.78703813
            ],
            [
              -38.49303543,
              -3.78704342
            ],
            [
              -38.49294743,
              -3.78704391
            ],
            [
              -38.49290927,
              -3.78703802
            ],
            [
              -38.49284831,
              -3.78702201
            ],
            [
              -38.4926591,
              -3.78695694
            ],
            [
              -38.49243861,
              -3.78688811
            ],
            [
              -38.49239568,
              -3.78687424
            ],
            [
              -38.49229126,
              -3.78684969
            ],
            [
              -38.49212535,
              -3.78681231
            ],
            [
              -38.4920856,
              -3.78680856
            ],
            [
              -38.49200873,
              -3.78680213
            ],
            [
              -38.49184599,
              -3.78679031
            ],
            [
              -38.49152952,
              -3.78677149
            ],
            [
              -38.49106569,
              -3.78674512
            ],
            [
              -38.49096073,
              -3.78673867
            ],
            [
              -38.49090772,
              -3.78673704
            ],
            [
              -38.49089095,
              -3.78673654
            ],
            [
              -38.49085311,
              -3.78673541
            ],
            [
              -38.49079798,
              -3.78673698
            ],
            [
              -38.49074974,
              -3.78674068
            ],
            [
              -38.49069566,
              -3.78674704
            ],
            [
              -38.49042316,
              -3.78677989
            ],
            [
              -38.49001706,
              -3.78682971
            ],
            [
              -38.48958764,
              -3.78688377
            ],
            [
              -38.48841386,
              -3.78703484
            ],
            [
              -38.48808755,
              -3.78707778
            ],
            [
              -38.48659939,
              -3.78727446
            ],
            [
              -38.48633113,
              -3.78731264
            ],
            [
              -38.48605704,
              -3.78735082
            ],
            [
              -38.48599713,
              -3.78735557
            ],
            [
              -38.48593192,
              -3.7873598
            ],
            [
              -38.48587096,
              -3.78736349
            ],
            [
              -38.48581318,
              -3.78736558
            ],
            [
              -38.48573153,
              -3.78736873
            ],
            [
              -38.48567322,
              -3.78736763
            ],
            [
              -38.48472701,
              -3.78728559
            ],
            [
              -38.48410204,
              -3.78722717
            ],
            [
              -38.48404638,
              -3.78722235
            ],
            [
              -38.48367266,
              -3.78718751
            ],
            [
              -38.4832311,
              -3.78714784
            ],
            [
              -38.48281074,
              -3.78711191
            ],
            [
              -38.48248579,
              -3.78708349
            ],
            [
              -38.48149399,
              -3.78699823
            ],
            [
              -38.48067772,
              -3.78692362
            ],
            [
              -38.48045857,
              -3.78944677
            ],
            [
              -38.4803531,
              -3.79067262
            ],
            [
              -38.48024375,
              -3.791965
            ],
            [
              -38.48019227,
              -3.79247893
            ],
            [
              -38.48010468,
              -3.79292811
            ],
            [
              -38.4800699,
              -3.79320178
            ],
            [
              -38.48001978,
              -3.7939716
            ],
            [
              -38.48000601,
              -3.79430707
            ],
            [
              -38.47991401,
              -3.7954348
            ],
            [
              -38.47988127,
              -3.79571536
            ],
            [
              -38.47983949,
              -3.79628254
            ],
            [
              -38.47978163,
              -3.79697275
            ],
            [
              -38.47973699,
              -3.79736964
            ],
            [
              -38.47968183,
              -3.79821565
            ],
            [
              -38.47957101,
              -3.79946166
            ],
            [
              -38.4794667,
              -3.80070504
            ],
            [
              -38.47935856,
              -3.80197525
            ],
            [
              -38.47925014,
              -3.80197087
            ],
            [
              -38.47905247,
              -3.80195288
            ],
            [
              -38.478629,
              -3.80191487
            ],
            [
              -38.47844998,
              -3.80190035
            ],
            [
              -38.47817255,
              -3.80187454
            ],
            [
              -38.47788737,
              -3.80185015
            ],
            [
              -38.47758497,
              -3.80182605
            ],
            [
              -38.47729291,
              -3.80180166
            ],
            [
              -38.47695437,
              -3.80177552
            ],
            [
              -38.47666775,
              -3.80175229
            ],
            [
              -38.47637712,
              -3.80173078
            ],
            [
              -38.4761037,
              -3.80170814
            ],
            [
              -38.47588853,
              -3.80168841
            ],
            [
              -38.47576832,
              -3.80167738
            ],
            [
              -38.47550466,
              -3.80164984
            ],
            [
              -38.47536322,
              -3.80163592
            ],
            [
              -38.47528203,
              -3.80162924
            ],
            [
              -38.47506944,
              -3.80160692
            ],
            [
              -38.47436395,
              -3.80154136
            ],
            [
              -38.47390147,
              -3.80150303
            ],
            [
              -38.4733489,
              -3.8014537
            ],
            [
              -38.47285142,
              -3.80140786
            ],
            [
              -38.47238951,
              -3.80136723
            ],
            [
              -38.47192244,
              -3.80132659
            ],
            [
              -38.47147143,
              -3.80128942
            ],
            [
              -38.47122355,
              -3.80126333
            ],
            [
              -38.47077196,
              -3.80123712
            ],
            [
              -38.47063425,
              -3.80122377
            ],
            [
              -38.47045638,
              -3.80120349
            ],
            [
              -38.47026932,
              -3.80118839
            ],
            [
              -38.47006562,
              -3.80116867
            ],
            [
              -38.46966913,
              -3.8011373
            ],
            [
              -38.46947346,
              -3.80111988
            ],
            [
              -38.46926345,
              -3.80110477
            ],
            [
              -38.4691573,
              -3.8010926
            ],
            [
              -38.46895015,
              -3.80107691
            ],
            [
              -38.46834422,
              -3.80102696
            ],
            [
              -38.46799822,
              -3.80099677
            ],
            [
              -38.46754148,
              -3.80096018
            ],
            [
              -38.46725056,
              -3.80093694
            ],
            [
              -38.46688792,
              -3.80090847
            ],
            [
              -38.46661651,
              -3.80088755
            ],
            [
              -38.46611042,
              -3.80084459
            ],
            [
              -38.46594402,
              -3.80083122
            ],
            [
              -38.46588778,
              -3.80082715
            ],
            [
              -38.46586931,
              -3.80100986
            ],
            [
              -38.46584795,
              -3.80121275
            ],
            [
              -38.46583001,
              -3.80145771
            ],
            [
              -38.46579537,
              -3.80180007
            ],
            [
              -38.46576941,
              -3.8020214
            ],
            [
              -38.46573079,
              -3.80231131
            ],
            [
              -38.46569386,
              -3.80263926
            ],
            [
              -38.46567939,
              -3.80285137
            ],
            [
              -38.46564411,
              -3.80328596
            ],
            [
              -38.46562333,
              -3.80349691
            ],
            [
              -38.46560721,
              -3.80357875
            ],
            [
              -38.46558191,
              -3.80365943
            ],
            [
              -38.46548876,
              -3.8039764
            ],
            [
              -38.46545482,
              -3.80409858
            ],
            [
              -38.46543468,
              -3.8042029
            ],
            [
              -38.46541049,
              -3.8043418
            ],
            [
              -38.46539781,
              -3.80443805
            ],
            [
              -38.46538509,
              -3.80459021
            ],
            [
              -38.46538442,
              -3.80473489
            ],
            [
              -38.46538609,
              -3.80483173
            ],
            [
              -38.46538201,
              -3.80492914
            ],
            [
              -38.46537852,
              -3.80500637
            ],
            [
              -38.46536814,
              -3.80507842
            ],
            [
              -38.46535089,
              -3.80513951
            ],
            [
              -38.46531355,
              -3.80520808
            ],
            [
              -38.4652722,
              -3.8052703
            ],
            [
              -38.46519928,
              -3.80534173
            ],
            [
              -38.46498626,
              -3.80553642
            ],
            [
              -38.46471815,
              -3.80576048
            ],
            [
              -38.46444601,
              -3.80599203
            ],
            [
              -38.46405504,
              -3.80629094
            ],
            [
              -38.46397295,
              -3.80634449
            ],
            [
              -38.46377432,
              -3.80647925
            ],
            [
              -38.46339143,
              -3.80672341
            ],
            [
              -38.4630912,
              -3.80689787
            ],
            [
              -38.462826,
              -3.80704469
            ],
            [
              -38.46255391,
              -3.80720073
            ],
            [
              -38.46239203,
              -3.80729688
            ],
            [
              -38.46206665,
              -3.80748454
            ],
            [
              -38.46187129,
              -3.8075958
            ],
            [
              -38.46160374,
              -3.8077938
            ],
            [
              -38.46137904,
              -3.80775162
            ],
            [
              -38.46121561,
              -3.80771992
            ],
            [
              -38.46106846,
              -3.80769444
            ],
            [
              -38.46097016,
              -3.80768197
            ],
            [
              -38.46073314,
              -3.80766038
            ],
            [
              -38.46045118,
              -3.80763537
            ],
            [
              -38.4600861,
              -3.80759001
            ],
            [
              -38.45987492,
              -3.80755376
            ],
            [
              -38.4596907,
              -3.80752205
            ],
            [
              -38.45948739,
              -3.80747791
            ],
            [
              -38.45922229,
              -3.80742584
            ],
            [
              -38.45890105,
              -3.80734438
            ],
            [
              -38.45869775,
              -3.80728671
            ],
            [
              -38.45850456,
              -3.80722903
            ],
            [
              -38.45828554,
              -3.80715442
            ],
            [
              -38.45798228,
              -3.80704928
            ],
            [
              -38.45778573,
              -3.80698032
            ],
            [
              -38.45764982,
              -3.80694299
            ],
            [
              -38.45752036,
              -3.8069116
            ],
            [
              -38.45730765,
              -3.80686633
            ],
            [
              -38.45683658,
              -3.80676376
            ],
            [
              -38.456567,
              -3.80670505
            ],
            [
              -38.45623283,
              -3.80663149
            ],
            [
              -38.45572666,
              -3.80652044
            ],
            [
              -38.45522822,
              -3.80641504
            ],
            [
              -38.45495091,
              -3.80636197
            ],
            [
              -38.45483717,
              -3.80634144
            ],
            [
              -38.45459426,
              -3.8063032
            ],
            [
              -38.45416881,
              -3.80623522
            ],
            [
              -38.45371247,
              -3.80616017
            ],
            [
              -38.45319997,
              -3.80607662
            ],
            [
              -38.45285737,
              -3.80601998
            ],
            [
              -38.4526313,
              -3.80599304
            ],
            [
              -38.45244595,
              -3.80597458
            ],
            [
              -38.45207103,
              -3.80594613
            ],
            [
              -38.45187865,
              -3.80593049
            ],
            [
              -38.45145003,
              -3.80588923
            ],
            [
              -38.45126099,
              -3.80587377
            ],
            [
              -38.45109775,
              -3.80585991
            ],
            [
              -38.45084395,
              -3.80583753
            ],
            [
              -38.4505617,
              -3.80581249
            ],
            [
              -38.45030895,
              -3.80579328
            ],
            [
              -38.45000933,
              -3.80576876
            ],
            [
              -38.44980502,
              -3.80575223
            ],
            [
              -38.44954964,
              -3.80573144
            ],
            [
              -38.44925581,
              -3.80570903
            ],
            [
              -38.44900147,
              -3.80568718
            ],
            [
              -38.44863261,
              -3.80565918
            ],
            [
              -38.44827877,
              -3.80561055
            ],
            [
              -38.44780725,
              -3.80553487
            ],
            [
              -38.44738786,
              -3.80546795
            ],
            [
              -38.44712564,
              -3.80542335
            ],
            [
              -38.44696808,
              -3.80538953
            ],
            [
              -38.44668652,
              -3.80532904
            ],
            [
              -38.44642075,
              -3.80527968
            ],
            [
              -38.44612425,
              -3.80523128
            ],
            [
              -38.44599553,
              -3.80521233
            ]
          ]
        ]
      },
      "geometry_name": "The_geom",
      "properties": {
        "id": 2,
        "nome": "Distrito 6",
        "area_ha": "7605",
        "fonte": "SME - Secretaria Municipal de Educação de Fortaleza",
        "ano_ref": 2023,
        "data_atual": "08/Ago/2023",
        "epsg_codif": "EPSG: 31984 (SIRGAS 2000 - UTM 24S); Codificação: UTF-8"
      }
    },
    {
      "type": "Feature",
      "properties": {
        "CI_UNIDADE_TRABALHO": 250,
        "ESCOLA": "ESCOLA MUNICIPAL YOLANDA QUEIROZ",
        "DIST": "DIST6",
        "DISTRITO": "DISTRITO 6"
      },
      "geometry": {
        "type": "Point",
        "coordinates": [
          -38.50977,
          -3.76456
        ]
      }
    },
    {
      "type": "Feature",
      "properties": {
        "CI_UNIDADE_TRABALHO": 320,
        "ESCOLA": "ESCOLA MUNICIPAL MARIA HELENILCE CAVALCANTE LEITE MARTINS",
        "DIST": "DIST6",
        "DISTRITO": "DISTRITO 6"
      },
      "geometry": {
        "type": "Point",
        "coordinates": [
          -38.52477,
          -3.851
        ]
      }
    },
    {
      "type": "Feature",
      "properties": {
        "CI_UNIDADE_TRABALHO": 177,
        "ESCOLA": "ESCOLA MUNICIPAL JOAO GERMANO DA PONTE NETO",
        "DIST": "DIST6",
        "DISTRITO": "DISTRITO 6"
      },
      "geometry": {
        "type": "Point",
        "coordinates": [
          -38.52763,
          -3.84845
        ]
      }
    },
    {
      "type": "Feature",
      "properties": {
        "CI_UNIDADE_TRABALHO": 559,
        "ESCOLA": "CRECHE POR DO SOL",
        "DIST": "DIST6",
        "DISTRITO": "DISTRITO 6"
      },
      "geometry": {
        "type": "Point",
        "coordinates": [
          -38.47375,
          -3.84964
        ]
      }
    },
    {
      "type": "Feature",
      "properties": {
        "CI_UNIDADE_TRABALHO": 326,
        "ESCOLA": "ESCOLA MUNICIPAL SINO PINHEIRO",
        "DIST": "DIST6",
        "DISTRITO": "DISTRITO 6"
      },
      "geometry": {
        "type": "Point",
        "coordinates": [
          -38.5192,
          -3.82424
        ]
      }
    },
    {
      "type": "Feature",
      "properties": {
        "CI_UNIDADE_TRABALHO": 327,
        "ESCOLA": "ESCOLA MUNICIPAL JOAO SARAIVA LEAO",
        "DIST": "DIST6",
        "DISTRITO": "DISTRITO 6"
      },
      "geometry": {
        "type": "Point",
        "coordinates": [
          -38.47736,
          -3.82612
        ]
      }
    },
    {
      "type": "Feature",
      "properties": {
        "CI_UNIDADE_TRABALHO": 338,
        "ESCOLA": "ESCOLA MUNICIPAL JOSEFA BARROS DE ALENCAR",
        "DIST": "DIST6",
        "DISTRITO": "DISTRITO 6"
      },
      "geometry": {
        "type": "Point",
        "coordinates": [
          -38.48628,
          -3.8286
        ]
      }
    },
    {
      "type": "Feature",
      "properties": {
        "CI_UNIDADE_TRABALHO": 343,
        "ESCOLA": "ESCOLA MUNICIPAL MOREIRA DA ROCHA",
        "DIST": "DIST6",
        "DISTRITO": "DISTRITO 6"
      },
      "geometry": {
        "type": "Point",
        "coordinates": [
          -38.46616,
          -3.81438
        ]
      }
    },
    {
      "type": "Feature",
      "properties": {
        "CI_UNIDADE_TRABALHO": 362,
        "ESCOLA": "ESCOLA MUNICIPAL PROFESSOR CLODOMIR TEOFILO GIRAO",
        "DIST": "DIST6",
        "DISTRITO": "DISTRITO 6"
      },
      "geometry": {
        "type": "Point",
        "coordinates": [
          -38.48928,
          -3.82091
        ]
      }
    },
    {
      "type": "Feature",
      "properties": {
        "CI_UNIDADE_TRABALHO": 382,
        "ESCOLA": "CENTRO DE EDUCACAO INFANTIL PROFESSORA LAIS DE SOUSA VIEIRA NOBRE",
        "DIST": "DIST6",
        "DISTRITO": "DISTRITO 6"
      },
      "geometry": {
        "type": "Point",
        "coordinates": [
          -38.50283,
          -3.85148
        ]
      }
    },
    {
      "type": "Feature",
      "properties": {
        "CI_UNIDADE_TRABALHO": 409,
        "ESCOLA": "CENTRO DE EDUCACAO INFANTIL PARQUE SAO MIGUEL",
        "DIST": "DIST6",
        "DISTRITO": "DISTRITO 6"
      },
      "geometry": {
        "type": "Point",
        "coordinates": [
          -38.47115,
          -3.82245
        ]
      }
    },
    {
      "type": "Feature",
      "properties": {
        "CI_UNIDADE_TRABALHO": 858,
        "ESCOLA": "CENTRO DE EDUCACAO INFANTIL PROFESSORA ANA MARIA MEDEIROS DA FONSECA",
        "DIST": "DIST6",
        "DISTRITO": "DISTRITO 6"
      },
      "geometry": {
        "type": "Point",
        "coordinates": [
          -38.52413,
          -3.85263
        ]
      }
    },
    {
      "type": "Feature",
      "properties": {
        "CI_UNIDADE_TRABALHO": 824,
        "ESCOLA": "CENTRO DE EDUCACAO INFANTIL PROFESSOR JOSE DE RIBAMAR MORAES",
        "DIST": "DIST6",
        "DISTRITO": "DISTRITO 6"
      },
      "geometry": {
        "type": "Point",
        "coordinates": [
          -38.5207,
          -3.84968
        ]
      }
    },
    {
      "type": "Feature",
      "properties": {
        "CI_UNIDADE_TRABALHO": 955,
        "ESCOLA": "CENTRO DE EDUCACAO INFANTIL PADRE JOSE MARIA CAVALCANTE COSTA",
        "DIST": "DIST6",
        "DISTRITO": "DISTRITO 6"
      },
      "geometry": {
        "type": "Point",
        "coordinates": [
          -38.47864,
          -3.8365
        ]
      }
    },
    {
      "type": "Feature",
      "properties": {
        "CI_UNIDADE_TRABALHO": 1017,
        "ESCOLA": "ESCOLA MUNICIPAL PROFESSOR ASTHON GUILHERME DA SILVA",
        "DIST": "DIST6",
        "DISTRITO": "DISTRITO 6"
      },
      "geometry": {
        "type": "Point",
        "coordinates": [
          -38.51903,
          -3.85461
        ]
      }
    },
    {
      "type": "Feature",
      "properties": {
        "CI_UNIDADE_TRABALHO": 861,
        "ESCOLA": "CENTRO DE EDUCACAO INFANTIL PADRE RAIMUNDO LEANDRO DE ARAUJO",
        "DIST": "DIST6",
        "DISTRITO": "DISTRITO 6"
      },
      "geometry": {
        "type": "Point",
        "coordinates": [
          -38.46499,
          -3.82365
        ]
      }
    },
    {
      "type": "Feature",
      "properties": {
        "CI_UNIDADE_TRABALHO": 1191,
        "ESCOLA": "CRECHE TIO ARNALDO",
        "DIST": "DIST6",
        "DISTRITO": "DISTRITO 6"
      },
      "geometry": {
        "type": "Point",
        "coordinates": [
          -38.513877,
          -3.829722
        ]
      }
    },
    {
      "type": "Feature",
      "properties": {
        "CI_UNIDADE_TRABALHO": 1151,
        "ESCOLA": "PROGRAMA ESCOLA ARENINHA ESTADIO MURILAO",
        "DIST": "DIST6",
        "DISTRITO": "DISTRITO 6"
      },
      "geometry": {
        "type": "Point",
        "coordinates": [
          -38.48851,
          -3.83272
        ]
      }
    },
    {
      "type": "Feature",
      "properties": {
        "CI_UNIDADE_TRABALHO": 1034,
        "ESCOLA": "CENTRO DE EDUCACAO INFANTIL PEDRO FERREIRA MESQUITA",
        "DIST": "DIST6",
        "DISTRITO": "DISTRITO 6"
      },
      "geometry": {
        "type": "Point",
        "coordinates": [
          -38.51025,
          -3.85651
        ]
      }
    },
    {
      "type": "Feature",
      "properties": {
        "CI_UNIDADE_TRABALHO": 556,
        "ESCOLA": "CRECHE SAO JUDAS TADEU",
        "DIST": "DIST6",
        "DISTRITO": "DISTRITO 6"
      },
      "geometry": {
        "type": "Point",
        "coordinates": [
          -38.5191,
          -3.8229
        ]
      }
    },
    {
      "type": "Feature",
      "properties": {
        "CI_UNIDADE_TRABALHO": 1188,
        "ESCOLA": "ESCOLA MUNICIPAL IRAGUASSU TEIXEIRA",
        "DIST": "DIST6",
        "DISTRITO": "DISTRITO 6"
      },
      "geometry": {
        "type": "Point",
        "coordinates": [
          -38.515219,
          -3.877579
        ]
      }
    },
    {
      "type": "Feature",
      "properties": {
        "CI_UNIDADE_TRABALHO": 274,
        "ESCOLA": "ESCOLA MUNICIPAL MARIA DE LOURDES RIBEIRO JEREISSATI",
        "DIST": "DIST6",
        "DISTRITO": "DISTRITO 6"
      },
      "geometry": {
        "type": "Point",
        "coordinates": [
          -38.50288,
          -3.78316
        ]
      }
    },
    {
      "type": "Feature",
      "properties": {
        "CI_UNIDADE_TRABALHO": 287,
        "ESCOLA": "ESCOLA MUNICIPAL PROFESSORA BERNADETE ORIA DE OLIVEIRA",
        "DIST": "DIST6",
        "DISTRITO": "DISTRITO 6"
      },
      "geometry": {
        "type": "Point",
        "coordinates": [
          -38.52757,
          -3.83934
        ]
      }
    },
    {
      "type": "Feature",
      "properties": {
        "CI_UNIDADE_TRABALHO": 319,
        "ESCOLA": "ESCOLA MUNICIPAL FRANCISCA ORIA SERPA",
        "DIST": "DIST6",
        "DISTRITO": "DISTRITO 6"
      },
      "geometry": {
        "type": "Point",
        "coordinates": [
          -38.53026,
          -3.87981
        ]
      }
    },
    {
      "type": "Feature",
      "properties": {
        "CI_UNIDADE_TRABALHO": 446,
        "ESCOLA": "CENTRO DE EDUCACAO INFANTIL JOAO SARAIVA LEAO",
        "DIST": "DIST6",
        "DISTRITO": "DISTRITO 6"
      },
      "geometry": {
        "type": "Point",
        "coordinates": [
          -38.48019,
          -3.83106
        ]
      }
    },
    {
      "type": "Feature",
      "properties": {
        "CI_UNIDADE_TRABALHO": 558,
        "ESCOLA": "CRECHE CANTINHO FELIZ II",
        "DIST": "DIST6",
        "DISTRITO": "DISTRITO 6"
      },
      "geometry": {
        "type": "Point",
        "coordinates": [
          -38.50433,
          -3.78231
        ]
      }
    },
    {
      "type": "Feature",
      "properties": {
        "CI_UNIDADE_TRABALHO": 487,
        "ESCOLA": "CENTRO DE EDUCAÇÃO INFANTIL PROFESSOR ANISIO TEIXEIRA",
        "DIST": "DIST6",
        "DISTRITO": "DISTRITO 6"
      },
      "geometry": {
        "type": "Point",
        "coordinates": [
          -38.49336,
          -3.85896
        ]
      }
    },
    {
      "type": "Feature",
      "properties": {
        "CI_UNIDADE_TRABALHO": 470,
        "ESCOLA": "CENTRO DE EDUCACAO INFANTIL CONEGO FRANCISCO PEREIRA DA SILVA",
        "DIST": "DIST6",
        "DISTRITO": "DISTRITO 6"
      },
      "geometry": {
        "type": "Point",
        "coordinates": [
          -38.4812,
          -3.84756
        ]
      }
    },
    {
      "type": "Feature",
      "properties": {
        "CI_UNIDADE_TRABALHO": 325,
        "ESCOLA": "ESCOLA MUNICIPAL TRISTAO DE ALENCAR",
        "DIST": "DIST6",
        "DISTRITO": "DISTRITO 6"
      },
      "geometry": {
        "type": "Point",
        "coordinates": [
          -38.50896,
          -3.88895
        ]
      }
    },
    {
      "type": "Feature",
      "properties": {
        "CI_UNIDADE_TRABALHO": 374,
        "ESCOLA": "CENTRO DE EDUCACAO INFANTIL JORNALISTA JOSE BLANCHARD GIRAO DA SILVA",
        "DIST": "DIST6",
        "DISTRITO": "DISTRITO 6"
      },
      "geometry": {
        "type": "Point",
        "coordinates": [
          -38.50649,
          -3.84424
        ]
      }
    },
    {
      "type": "Feature",
      "properties": {
        "CI_UNIDADE_TRABALHO": 946,
        "ESCOLA": "CENTRO DE EDUCACAO INFANTIL MANOEL PINHEIRO DOS SANTOS",
        "DIST": "DIST6",
        "DISTRITO": "DISTRITO 6"
      },
      "geometry": {
        "type": "Point",
        "coordinates": [
          -38.50206,
          -3.83849
        ]
      }
    },
    {
      "type": "Feature",
      "properties": {
        "CI_UNIDADE_TRABALHO": 772,
        "ESCOLA": "CRECHE SONHO DE CRIANCA II",
        "DIST": "DIST6",
        "DISTRITO": "DISTRITO 6"
      },
      "geometry": {
        "type": "Point",
        "coordinates": [
          -38.52995,
          -3.84606
        ]
      }
    },
    {
      "type": "Feature",
      "properties": {
        "CI_UNIDADE_TRABALHO": 983,
        "ESCOLA": "CENTRO DE EDUCACAO INFANTIL DOM BEDA PEREIRA DE HOLANDA",
        "DIST": "DIST6",
        "DISTRITO": "DISTRITO 6"
      },
      "geometry": {
        "type": "Point",
        "coordinates": [
          -38.48023,
          -3.85259
        ]
      }
    },
    {
      "type": "Feature",
      "properties": {
        "CI_UNIDADE_TRABALHO": 1272,
        "ESCOLA": "CRECHE AMCTN",
        "DIST": "DIST6",
        "DISTRITO": "DISTRITO 6"
      },
      "geometry": {
        "type": "Point",
        "coordinates": [
          -38.50692,
          -3.78602
        ]
      }
    },
    {
      "type": "Feature",
      "properties": {
        "CI_UNIDADE_TRABALHO": 447,
        "ESCOLA": "ESCOLA MUNICIPAL SINO PINHEIRO - UNID II",
        "DIST": "DIST6",
        "DISTRITO": "DISTRITO 6"
      },
      "geometry": {
        "type": "Point",
        "coordinates": [
          -38.51657,
          -3.82641
        ]
      }
    },
    {
      "type": "Feature",
      "properties": {
        "CI_UNIDADE_TRABALHO": 1130,
        "ESCOLA": "CRECHE ACADEMIA DA CRIANCA",
        "DIST": "DIST6",
        "DISTRITO": "DISTRITO 6"
      },
      "geometry": {
        "type": "Point",
        "coordinates": [
          -38.50465,
          -3.80519
        ]
      }
    },
    {
      "type": "Feature",
      "properties": {
        "CI_UNIDADE_TRABALHO": 315,
        "ESCOLA": "ESCOLA MUNICIPAL TAIS MARIA BEZERRA NOGUEIRA",
        "DIST": "DIST6",
        "DISTRITO": "DISTRITO 6"
      },
      "geometry": {
        "type": "Point",
        "coordinates": [
          -38.52383,
          -3.8313
        ]
      }
    },
    {
      "type": "Feature",
      "properties": {
        "CI_UNIDADE_TRABALHO": 322,
        "ESCOLA": "ESCOLA MUNICIPAL ISMAEL PORDEUS",
        "DIST": "DIST6",
        "DISTRITO": "DISTRITO 6"
      },
      "geometry": {
        "type": "Point",
        "coordinates": [
          -38.49854,
          -3.78406
        ]
      }
    },
    {
      "type": "Feature",
      "properties": {
        "CI_UNIDADE_TRABALHO": 189,
        "ESCOLA": "ESCOLA MUNICIPAL PROFESSOR ANISIO TEIXEIRA",
        "DIST": "DIST6",
        "DISTRITO": "DISTRITO 6"
      },
      "geometry": {
        "type": "Point",
        "coordinates": [
          -38.49277,
          -3.8587
        ]
      }
    },
    {
      "type": "Feature",
      "properties": {
        "CI_UNIDADE_TRABALHO": 193,
        "ESCOLA": "ESCOLA MUNICIPAL JORNALISTA JOSE BLANCHARD GIRAO DA SILVA",
        "DIST": "DIST6",
        "DISTRITO": "DISTRITO 6"
      },
      "geometry": {
        "type": "Point",
        "coordinates": [
          -38.50685,
          -3.84466
        ]
      }
    },
    {
      "type": "Feature",
      "properties": {
        "CI_UNIDADE_TRABALHO": 196,
        "ESCOLA": "ESCOLA MUNICIPAL PROFESSORA MARIA ANTONEZIA MEIRELES E SÁ",
        "DIST": "DIST6",
        "DISTRITO": "DISTRITO 6"
      },
      "geometry": {
        "type": "Point",
        "coordinates": [
          -38.50644,
          -3.81912
        ]
      }
    },
    {
      "type": "Feature",
      "properties": {
        "CI_UNIDADE_TRABALHO": 205,
        "ESCOLA": "ESCOLA MUNICIPAL PROFESSORA FERNANDA MARIA DE ALENCAR COLARES",
        "DIST": "DIST6",
        "DISTRITO": "DISTRITO 6"
      },
      "geometry": {
        "type": "Point",
        "coordinates": [
          -38.45223,
          -3.81995
        ]
      }
    },
    {
      "type": "Feature",
      "properties": {
        "CI_UNIDADE_TRABALHO": 449,
        "ESCOLA": "CENTRO DE EDUCACAO INFANTIL MARIA HELENILCE CAVALCANTE LEITE MARTINS",
        "DIST": "DIST6",
        "DISTRITO": "DISTRITO 6"
      },
      "geometry": {
        "type": "Point",
        "coordinates": [
          -38.52434,
          -3.85132
        ]
      }
    },
    {
      "type": "Feature",
      "properties": {
        "CI_UNIDADE_TRABALHO": 750,
        "ESCOLA": "CRECHE FAZENDO A DIFERENCA",
        "DIST": "DIST6",
        "DISTRITO": "DISTRITO 6"
      },
      "geometry": {
        "type": "Point",
        "coordinates": [
          -38.51438,
          -3.84105
        ]
      }
    },
    {
      "type": "Feature",
      "properties": {
        "CI_UNIDADE_TRABALHO": 157,
        "ESCOLA": "ESCOLA MUNICIPAL MARIETA CALS",
        "DIST": "DIST6",
        "DISTRITO": "DISTRITO 6"
      },
      "geometry": {
        "type": "Point",
        "coordinates": [
          -38.52336,
          -3.84536
        ]
      }
    },
    {
      "type": "Feature",
      "properties": {
        "CI_UNIDADE_TRABALHO": 523,
        "ESCOLA": "CRECHE ARCA DOS SONHOS",
        "DIST": "DIST6",
        "DISTRITO": "DISTRITO 6"
      },
      "geometry": {
        "type": "Point",
        "coordinates": [
          -38.50477,
          -3.86099
        ]
      }
    },
    {
      "type": "Feature",
      "properties": {
        "CI_UNIDADE_TRABALHO": 372,
        "ESCOLA": "CENTRO DE EDUCACAO INFANTIL NOSSA SENHORA DE GUADALUPE",
        "DIST": "DIST6",
        "DISTRITO": "DISTRITO 6"
      },
      "geometry": {
        "type": "Point",
        "coordinates": [
          -38.50327,
          -3.81502
        ]
      }
    },
    {
      "type": "Feature",
      "properties": {
        "CI_UNIDADE_TRABALHO": 376,
        "ESCOLA": "CENTRO DE EDUCACAO INFANTIL CESAR CALS DE OLIVEIRA NETO",
        "DIST": "DIST6",
        "DISTRITO": "DISTRITO 6"
      },
      "geometry": {
        "type": "Point",
        "coordinates": [
          -38.52273,
          -3.84655
        ]
      }
    },
    {
      "type": "Feature",
      "properties": {
        "CI_UNIDADE_TRABALHO": 831,
        "ESCOLA": "CENTRO DE EDUCACAO INFANTIL PROFESSOR JOSE TEODORO SOARES",
        "DIST": "DIST6",
        "DISTRITO": "DISTRITO 6"
      },
      "geometry": {
        "type": "Point",
        "coordinates": [
          -38.51484,
          -3.87819
        ]
      }
    },
    {
      "type": "Feature",
      "properties": {
        "CI_UNIDADE_TRABALHO": 956,
        "ESCOLA": "ESCOLA MUNICIPAL DE TEMPO INTEGRAL JOSE AROLDO CAVALCANTE MOTA",
        "DIST": "DIST6",
        "DISTRITO": "DISTRITO 6"
      },
      "geometry": {
        "type": "Point",
        "coordinates": [
          -38.51484,
          -3.81984
        ]
      }
    },
    {
      "type": "Feature",
      "properties": {
        "CI_UNIDADE_TRABALHO": 1137,
        "ESCOLA": "PROGRAMA PRO-TECNICO MARIA HELENILCE CAVALCANTE LEITE MARTINS",
        "DIST": "DIST6",
        "DISTRITO": "DISTRITO 6"
      },
      "geometry": {
        "type": "Point",
        "coordinates": [
          -38.52477,
          -3.851
        ]
      }
    },
    {
      "type": "Feature",
      "properties": {
        "CI_UNIDADE_TRABALHO": 1172,
        "ESCOLA": "ESCOLA MUNICIPAL PROFESSORA MARIA DE FATIMA FREIRES DA CRUZ",
        "DIST": "DIST6",
        "DISTRITO": "DISTRITO 6"
      },
      "geometry": {
        "type": "Point",
        "coordinates": [
          -38.515759,
          -3.8771
        ]
      }
    },
    {
      "type": "Feature",
      "properties": {
        "CI_UNIDADE_TRABALHO": 1039,
        "ESCOLA": "ESCOLA MUNICIPAL ROSA DA FONSECA",
        "DIST": "DIST6",
        "DISTRITO": "DISTRITO 6"
      },
      "geometry": {
        "type": "Point",
        "coordinates": [
          -38.51454,
          -3.85573
        ]
      }
    },
    {
      "type": "Feature",
      "properties": {
        "CI_UNIDADE_TRABALHO": 1286,
        "ESCOLA": "PROGRAMA PRO-TECNICO DEMOCRITO ROCHA",
        "DIST": "DIST6",
        "DISTRITO": "DISTRITO 6"
      },
      "geometry": {
        "type": "Point",
        "coordinates": [
          -38.495,
          -3.8455
        ]
      }
    },
    {
      "type": "Feature",
      "properties": {
        "CI_UNIDADE_TRABALHO": 262,
        "ESCOLA": "ESCOLA MUNICIPAL JOSE MOREIRA LEITAO",
        "DIST": "DIST6",
        "DISTRITO": "DISTRITO 6"
      },
      "geometry": {
        "type": "Point",
        "coordinates": [
          -38.50195,
          -3.85133
        ]
      }
    },
    {
      "type": "Feature",
      "properties": {
        "CI_UNIDADE_TRABALHO": 304,
        "ESCOLA": "ESCOLA MUNICIPAL PROFESSORA TEREZINHA FERREIRA PARENTE",
        "DIST": "DIST6",
        "DISTRITO": "DISTRITO 6"
      },
      "geometry": {
        "type": "Point",
        "coordinates": [
          -38.46396,
          -3.82671
        ]
      }
    },
    {
      "type": "Feature",
      "properties": {
        "CI_UNIDADE_TRABALHO": 312,
        "ESCOLA": "ESCOLA MUNICIPAL MARTHA DOS MARTINS COELHO GUILHERME",
        "DIST": "DIST6",
        "DISTRITO": "DISTRITO 6"
      },
      "geometry": {
        "type": "Point",
        "coordinates": [
          -38.52313,
          -3.83902
        ]
      }
    },
    {
      "type": "Feature",
      "properties": {
        "CI_UNIDADE_TRABALHO": 454,
        "ESCOLA": "CENTRO DE EDUCACAO INFANTIL PROFESSORA TEREZINHA FERREIRA PARENTE",
        "DIST": "DIST6",
        "DISTRITO": "DISTRITO 6"
      },
      "geometry": {
        "type": "Point",
        "coordinates": [
          -38.46364,
          -3.82702
        ]
      }
    },
    {
      "type": "Feature",
      "properties": {
        "CI_UNIDADE_TRABALHO": 571,
        "ESCOLA": "CRECHE UNIAO PAUPINA",
        "DIST": "DIST6",
        "DISTRITO": "DISTRITO 6"
      },
      "geometry": {
        "type": "Point",
        "coordinates": [
          -38.48754,
          -3.84981
        ]
      }
    },
    {
      "type": "Feature",
      "properties": {
        "CI_UNIDADE_TRABALHO": 474,
        "ESCOLA": "CENTRO DE EDUCACAO INFANTIL PROFESSORA EDITH BRAGA",
        "DIST": "DIST6",
        "DISTRITO": "DISTRITO 6"
      },
      "geometry": {
        "type": "Point",
        "coordinates": [
          -38.51596,
          -3.77099
        ]
      }
    },
    {
      "type": "Feature",
      "properties": {
        "CI_UNIDADE_TRABALHO": 469,
        "ESCOLA": "ESCOLA MUNICIPAL LIONS CLUBE FORTALEZA FATIMA",
        "DIST": "DIST6",
        "DISTRITO": "DISTRITO 6"
      },
      "geometry": {
        "type": "Point",
        "coordinates": [
          -38.51368,
          -3.83849
        ]
      }
    },
    {
      "type": "Feature",
      "properties": {
        "CI_UNIDADE_TRABALHO": 141,
        "ESCOLA": "ESCOLA MUNICIPAL OTAVIO DE FARIAS",
        "DIST": "DIST6",
        "DISTRITO": "DISTRITO 6"
      },
      "geometry": {
        "type": "Point",
        "coordinates": [
          -38.50999,
          -3.81496
        ]
      }
    },
    {
      "type": "Feature",
      "properties": {
        "CI_UNIDADE_TRABALHO": 365,
        "ESCOLA": "ESCOLA MUNICIPAL DEMOCRITO ROCHA",
        "DIST": "DIST6",
        "DISTRITO": "DISTRITO 6"
      },
      "geometry": {
        "type": "Point",
        "coordinates": [
          -38.495,
          -3.8455
        ]
      }
    },
    {
      "type": "Feature",
      "properties": {
        "CI_UNIDADE_TRABALHO": 941,
        "ESCOLA": "ESCOLA MUNICIPAL DE TEMPO INTEGRAL LAIS RODRIGUES DE ALMEIDA",
        "DIST": "DIST6",
        "DISTRITO": "DISTRITO 6"
      },
      "geometry": {
        "type": "Point",
        "coordinates": [
          -38.47766,
          -3.82251
        ]
      }
    },
    {
      "type": "Feature",
      "properties": {
        "CI_UNIDADE_TRABALHO": 1318,
        "ESCOLA": "PROGRAMA ESCOLA ARENINHA CAMPO DO BIQUIN",
        "DIST": "DIST6",
        "DISTRITO": "DISTRITO 6"
      },
      "geometry": {
        "type": "Point",
        "coordinates": [
          -38.528732,
          -3.839809
        ]
      }
    },
    {
      "type": "Feature",
      "properties": {
        "CI_UNIDADE_TRABALHO": 317,
        "ESCOLA": "ESCOLA MUNICIPAL JOAO NOGUEIRA JUCA",
        "DIST": "DIST6",
        "DISTRITO": "DISTRITO 6"
      },
      "geometry": {
        "type": "Point",
        "coordinates": [
          -38.47612,
          -3.8474
        ]
      }
    },
    {
      "type": "Feature",
      "properties": {
        "CI_UNIDADE_TRABALHO": 1297,
        "ESCOLA": "CRECHE SONHOS DE PATRICIA",
        "DIST": "DIST6",
        "DISTRITO": "DISTRITO 6"
      },
      "geometry": {
        "type": "Point",
        "coordinates": [
          -38.514767,
          -3.832419
        ]
      }
    },
    {
      "type": "Feature",
      "properties": {
        "CI_UNIDADE_TRABALHO": 299,
        "ESCOLA": "ESCOLA MUNICIPAL PROFESSORA MARIA DO SOCORRO FERREIRA VIRINO",
        "DIST": "DIST6",
        "DISTRITO": "DISTRITO 6"
      },
      "geometry": {
        "type": "Point",
        "coordinates": [
          -38.52305,
          -3.84574
        ]
      }
    },
    {
      "type": "Feature",
      "properties": {
        "CI_UNIDADE_TRABALHO": 316,
        "ESCOLA": "ESCOLA MUNICIPAL DE TEMPO INTEGRAL PROFESSOR ANTONIO GIRAO BARROSO",
        "DIST": "DIST6",
        "DISTRITO": "DISTRITO 6"
      },
      "geometry": {
        "type": "Point",
        "coordinates": [
          -38.52022,
          -3.84833
        ]
      }
    },
    {
      "type": "Feature",
      "properties": {
        "CI_UNIDADE_TRABALHO": 803,
        "ESCOLA": "PROGRAMA INTEGRACAO CUCA JANGURUSSU",
        "DIST": "DIST6",
        "DISTRITO": "DISTRITO 6"
      },
      "geometry": {
        "type": "Point",
        "coordinates": [
          -38.520549,
          -3.831218
        ]
      }
    },
    {
      "type": "Feature",
      "properties": {
        "CI_UNIDADE_TRABALHO": 505,
        "ESCOLA": "CENTRO DE EDUCACAO INFANTIL MARIA DE LOURDES RIBEIRO JEREISSATI",
        "DIST": "DIST6",
        "DISTRITO": "DISTRITO 6"
      },
      "geometry": {
        "type": "Point",
        "coordinates": [
          -38.50354,
          -3.7841
        ]
      }
    },
    {
      "type": "Feature",
      "properties": {
        "CI_UNIDADE_TRABALHO": 468,
        "ESCOLA": "CENTRO DE EDUCACAO INFANTIL PROFESSOR FRANCISCO DE MELO JABORANDI",
        "DIST": "DIST6",
        "DISTRITO": "DISTRITO 6"
      },
      "geometry": {
        "type": "Point",
        "coordinates": [
          -38.51801,
          -3.83166
        ]
      }
    },
    {
      "type": "Feature",
      "properties": {
        "CI_UNIDADE_TRABALHO": 832,
        "ESCOLA": "CENTRO DE EDUCACAO INFANTIL PROFESSORA LUIZA DE TEODORO VIEIRA",
        "DIST": "DIST6",
        "DISTRITO": "DISTRITO 6"
      },
      "geometry": {
        "type": "Point",
        "coordinates": [
          -38.51458,
          -3.87845
        ]
      }
    },
    {
      "type": "Feature",
      "properties": {
        "CI_UNIDADE_TRABALHO": 1285,
        "ESCOLA": "PROGRAMA ESCOLA ARENINHA JORNALISTA THOMAZ COELHO",
        "DIST": "DIST6",
        "DISTRITO": "DISTRITO 6"
      },
      "geometry": {
        "type": "Point",
        "coordinates": [
          -38.514094,
          -3.828537
        ]
      }
    },
    {
      "type": "Feature",
      "properties": {
        "CI_UNIDADE_TRABALHO": 1152,
        "ESCOLA": "PROGRAMA ESCOLA ARENINHA SAO BERNARDO",
        "DIST": "DIST6",
        "DISTRITO": "DISTRITO 6"
      },
      "geometry": {
        "type": "Point",
        "coordinates": [
          -38.491186,
          -3.820672
        ]
      }
    },
    {
      "type": "Feature",
      "properties": {
        "CI_UNIDADE_TRABALHO": 1150,
        "ESCOLA": "PROGRAMA ESCOLA ARENINHA MARIA TOMASIA",
        "DIST": "DIST6",
        "DISTRITO": "DISTRITO 6"
      },
      "geometry": {
        "type": "Point",
        "coordinates": [
          -38.52009,
          -3.8541
        ]
      }
    },
    {
      "type": "Feature",
      "properties": {
        "CI_UNIDADE_TRABALHO": 217,
        "ESCOLA": "ESCOLA MUNICIPAL ANGELICA GURGEL",
        "DIST": "DIST6",
        "DISTRITO": "DISTRITO 6"
      },
      "geometry": {
        "type": "Point",
        "coordinates": [
          -38.49192,
          -3.83061
        ]
      }
    },
    {
      "type": "Feature",
      "properties": {
        "CI_UNIDADE_TRABALHO": 221,
        "ESCOLA": "ESCOLA MUNICIPAL PROFESSORA RAIMUNDA FELIX DE ALCANTARA",
        "DIST": "DIST6",
        "DISTRITO": "DISTRITO 6"
      },
      "geometry": {
        "type": "Point",
        "coordinates": [
          -38.48545,
          -3.82553
        ]
      }
    },
    {
      "type": "Feature",
      "properties": {
        "CI_UNIDADE_TRABALHO": 268,
        "ESCOLA": "ESCOLA MUNICIPAL ISABEL FERREIRA",
        "DIST": "DIST6",
        "DISTRITO": "DISTRITO 6"
      },
      "geometry": {
        "type": "Point",
        "coordinates": [
          -38.46687,
          -3.82939
        ]
      }
    },
    {
      "type": "Feature",
      "properties": {
        "CI_UNIDADE_TRABALHO": 303,
        "ESCOLA": "ESCOLA MUNICIPAL DE TEMPO INTEGRAL GUIOMAR DA SILVA ALMEIDA",
        "DIST": "DIST6",
        "DISTRITO": "DISTRITO 6"
      },
      "geometry": {
        "type": "Point",
        "coordinates": [
          -38.49401,
          -3.86733
        ]
      }
    },
    {
      "type": "Feature",
      "properties": {
        "CI_UNIDADE_TRABALHO": 324,
        "ESCOLA": "ESCOLA MUNICIPAL VEREADOR JOSE BARROS DE ALENCAR",
        "DIST": "DIST6",
        "DISTRITO": "DISTRITO 6"
      },
      "geometry": {
        "type": "Point",
        "coordinates": [
          -38.50478,
          -3.84591
        ]
      }
    },
    {
      "type": "Feature",
      "properties": {
        "CI_UNIDADE_TRABALHO": 501,
        "ESCOLA": "CENTRO DE EDUCACAO INFANTIL PROFESSORA BERNADETE ORIA DE OLIVEIRA",
        "DIST": "DIST6",
        "DISTRITO": "DISTRITO 6"
      },
      "geometry": {
        "type": "Point",
        "coordinates": [
          -38.52734,
          -3.83899
        ]
      }
    },
    {
      "type": "Feature",
      "properties": {
        "CI_UNIDADE_TRABALHO": 119,
        "ESCOLA": "CENTRO DE EDUCACAO INFANTIL PROFESSORA OLINDINA CARVALHO DE MORAIS",
        "DIST": "DIST6",
        "DISTRITO": "DISTRITO 6"
      },
      "geometry": {
        "type": "Point",
        "coordinates": [
          -38.52004,
          -3.82403
        ]
      }
    },
    {
      "type": "Feature",
      "properties": {
        "CI_UNIDADE_TRABALHO": 142,
        "ESCOLA": "ESCOLA MUNICIPAL BARBARA DE ALENCAR",
        "DIST": "DIST6",
        "DISTRITO": "DISTRITO 6"
      },
      "geometry": {
        "type": "Point",
        "coordinates": [
          -38.50077,
          -3.85343
        ]
      }
    },
    {
      "type": "Feature",
      "properties": {
        "CI_UNIDADE_TRABALHO": 152,
        "ESCOLA": "ESCOLA MUNICIPAL PROFESSORA EDITH BRAGA",
        "DIST": "DIST6",
        "DISTRITO": "DISTRITO 6"
      },
      "geometry": {
        "type": "Point",
        "coordinates": [
          -38.51576,
          -3.77122
        ]
      }
    },
    {
      "type": "Feature",
      "properties": {
        "CI_UNIDADE_TRABALHO": 163,
        "ESCOLA": "ESCOLA MUNICIPAL CONEGO FRANCISCO PEREIRA DA SILVA",
        "DIST": "DIST6",
        "DISTRITO": "DISTRITO 6"
      },
      "geometry": {
        "type": "Point",
        "coordinates": [
          -38.48659,
          -3.84186
        ]
      }
    },
    {
      "type": "Feature",
      "properties": {
        "CI_UNIDADE_TRABALHO": 961,
        "ESCOLA": "PROGRAMA ESCOLA ARENINHA SITIO SAO JOAO",
        "DIST": "DIST6",
        "DISTRITO": "DISTRITO 6"
      },
      "geometry": {
        "type": "Point",
        "coordinates": [
          -38.51994,
          -3.84864
        ]
      }
    },
    {
      "type": "Feature",
      "properties": {
        "CI_UNIDADE_TRABALHO": 1110,
        "ESCOLA": "CENTRO DE EDUCAÇÃO INFANTIL ANTONIO CESAR PEREIRA PINHEIRO",
        "DIST": "DIST6",
        "DISTRITO": "DISTRITO 6"
      },
      "geometry": {
        "type": "Point",
        "coordinates": [
          -38.5153,
          -3.85879
        ]
      }
    },
    {
      "type": "Feature",
      "properties": {
        "CI_UNIDADE_TRABALHO": 1263,
        "ESCOLA": "CAEE- INSTITUTO DA PRIMEIRA INFÂNCIA - IPREDE",
        "DIST": "DIST6",
        "DISTRITO": "DISTRITO 6"
      },
      "geometry": {
        "type": "Point",
        "coordinates": [
          -38.48515,
          -3.79482
        ]
      }
    },
    {
      "type": "Feature",
      "properties": {
        "CI_UNIDADE_TRABALHO": 366,
        "ESCOLA": "ESCOLA MUNICIPAL JOSE BARROS DE ALENCAR",
        "DIST": "DIST6",
        "DISTRITO": "DISTRITO 6"
      },
      "geometry": {
        "type": "Point",
        "coordinates": [
          -38.49051,
          -3.83862
        ]
      }
    },
    {
      "type": "Feature",
      "properties": {
        "CI_UNIDADE_TRABALHO": 219,
        "ESCOLA": "ESCOLA MUNICIPAL PARQUE SAO MIGUEL",
        "DIST": "DIST6",
        "DISTRITO": "DISTRITO 6"
      },
      "geometry": {
        "type": "Point",
        "coordinates": [
          -38.47246,
          -3.82158
        ]
      }
    },
    {
      "type": "Feature",
      "properties": {
        "CI_UNIDADE_TRABALHO": 271,
        "ESCOLA": "ESCOLA MUNICIPAL CESAR CALS DE OLIVEIRA NETO",
        "DIST": "DIST6",
        "DISTRITO": "DISTRITO 6"
      },
      "geometry": {
        "type": "Point",
        "coordinates": [
          -38.52312,
          -3.84628
        ]
      }
    },
    {
      "type": "Feature",
      "properties": {
        "CI_UNIDADE_TRABALHO": 285,
        "ESCOLA": "CENTRO DE EDUCACAO INFANTIL PROFESSORA MARIA EVAN DO CARMO",
        "DIST": "DIST6",
        "DISTRITO": "DISTRITO 6"
      },
      "geometry": {
        "type": "Point",
        "coordinates": [
          -38.47678,
          -3.81603
        ]
      }
    },
    {
      "type": "Feature",
      "properties": {
        "CI_UNIDADE_TRABALHO": 662,
        "ESCOLA": "CRECHE SANTA LUZIA",
        "DIST": "DIST6",
        "DISTRITO": "DISTRITO 6"
      },
      "geometry": {
        "type": "Point",
        "coordinates": [
          -38.50745,
          -3.8853
        ]
      }
    },
    {
      "type": "Feature",
      "properties": {
        "CI_UNIDADE_TRABALHO": 471,
        "ESCOLA": "CENTRO DE EDUCACAO INFANTIL MARIA DE JESUS ORIA ALENCAR",
        "DIST": "DIST6",
        "DISTRITO": "DISTRITO 6"
      },
      "geometry": {
        "type": "Point",
        "coordinates": [
          -38.51664,
          -3.85812
        ]
      }
    },
    {
      "type": "Feature",
      "properties": {
        "CI_UNIDADE_TRABALHO": 497,
        "ESCOLA": "CENTRO DE EDUCACAO INFANTIL PROFESSORA MARIA DO SOCORRO FERREIRA VIRINO",
        "DIST": "DIST6",
        "DISTRITO": "DISTRITO 6"
      },
      "geometry": {
        "type": "Point",
        "coordinates": [
          -38.52357,
          -3.84603
        ]
      }
    },
    {
      "type": "Feature",
      "properties": {
        "CI_UNIDADE_TRABALHO": 158,
        "ESCOLA": "ESCOLA MUNICIPAL MARIA DE JESUS ORIA ALENCAR",
        "DIST": "DIST6",
        "DISTRITO": "DISTRITO 6"
      },
      "geometry": {
        "type": "Point",
        "coordinates": [
          -38.51178,
          -3.85239
        ]
      }
    },
    {
      "type": "Feature",
      "properties": {
        "CI_UNIDADE_TRABALHO": 159,
        "ESCOLA": "ESCOLA MUNICIPAL MANOELITO GUIMARAES DOMINGUES",
        "DIST": "DIST6",
        "DISTRITO": "DISTRITO 6"
      },
      "geometry": {
        "type": "Point",
        "coordinates": [
          -38.5058,
          -3.8616
        ]
      }
    },
    {
      "type": "Feature",
      "properties": {
        "CI_UNIDADE_TRABALHO": 383,
        "ESCOLA": "CENTRO DE EDUCACAO INFANTIL JOSE MOREIRA LEITAO",
        "DIST": "DIST6",
        "DISTRITO": "DISTRITO 6"
      },
      "geometry": {
        "type": "Point",
        "coordinates": [
          -38.50245,
          -3.85168
        ]
      }
    },
    {
      "type": "Feature",
      "properties": {
        "CI_UNIDADE_TRABALHO": 801,
        "ESCOLA": "CRECHE CUIDANDO E ENSINANDO",
        "DIST": "DIST6",
        "DISTRITO": "DISTRITO 6"
      },
      "geometry": {
        "type": "Point",
        "coordinates": [
          -38.51389,
          -3.84996
        ]
      }
    },
    {
      "type": "Feature",
      "properties": {
        "CI_UNIDADE_TRABALHO": 960,
        "ESCOLA": "PROGRAMA ESCOLA ARENINHA LAGOA DA ZEZA",
        "DIST": "DIST6",
        "DISTRITO": "DISTRITO 6"
      },
      "geometry": {
        "type": "Point",
        "coordinates": [
          -38.50259,
          -3.78114
        ]
      }
    },
    {
      "type": "Feature",
      "properties": {
        "CI_UNIDADE_TRABALHO": 957,
        "ESCOLA": "CENTRO DE EDUCACAO INFANTIL PROFESSORA MARIA ROZANI MENDONCA NOBRE",
        "DIST": "DIST6",
        "DISTRITO": "DISTRITO 6"
      },
      "geometry": {
        "type": "Point",
        "coordinates": [
          -38.51407,
          -3.82392
        ]
      }
    },
    {
      "type": "Feature",
      "properties": {
        "CI_UNIDADE_TRABALHO": 572,
        "ESCOLA": "CENTRO DE EDUCAÇÃO INFANTIL HUMBERTO TEIXEIRA",
        "DIST": "DIST6",
        "DISTRITO": "DISTRITO 6"
      },
      "geometry": {
        "type": "Point",
        "coordinates": [
          -38.51479,
          -3.84237
        ]
      }
    },
    {
      "type": "Feature",
      "properties": {
        "CI_UNIDADE_TRABALHO": 850,
        "ESCOLA": "CRECHE JARDIM ENCANTADO",
        "DIST": "DIST6",
        "DISTRITO": "DISTRITO 6"
      },
      "geometry": {
        "type": "Point",
        "coordinates": [
          -38.47723,
          -3.81839
        ]
      }
    },
    {
      "type": "Feature",
      "properties": {
        "CI_UNIDADE_TRABALHO": 837,
        "ESCOLA": "CENTRO DE EDUCACAO INFANTIL AIRTON JOSE VIDAL QUEIROZ",
        "DIST": "DIST6",
        "DISTRITO": "DISTRITO 6"
      },
      "geometry": {
        "type": "Point",
        "coordinates": [
          -38.51045,
          -3.7641
        ]
      }
    },
    {
      "type": "Feature",
      "properties": {
        "CI_UNIDADE_TRABALHO": 1189,
        "ESCOLA": "PROGRAMA ESCOLA ARENINHA SAO CRISTOVAO",
        "DIST": "DIST6",
        "DISTRITO": "DISTRITO 6"
      },
      "geometry": {
        "type": "Point",
        "coordinates": [
          -38.524842,
          -3.837825
        ]
      }
    },
    {
      "type": "Feature",
      "properties": {
        "CI_UNIDADE_TRABALHO": 1062,
        "ESCOLA": "PROGRAMA JUVENTUDE DIGITAL PROFESSORA MARIA ANTONEZIA MEIRELES E SA",
        "DIST": "DIST6",
        "DISTRITO": "DISTRITO 6"
      },
      "geometry": {
        "type": "Point",
        "coordinates": [
          -38.50644,
          -3.81912
        ]
      }
    },
    {
      "type": "Feature",
      "properties": {
        "CI_UNIDADE_TRABALHO": 231,
        "ESCOLA": "ESCOLA MUNICIPAL JOSE SOBREIRA DE AMORIM",
        "DIST": "DIST6",
        "DISTRITO": "DISTRITO 6"
      },
      "geometry": {
        "type": "Point",
        "coordinates": [
          -38.51173,
          -3.79775
        ]
      }
    },
    {
      "type": "Feature",
      "properties": {
        "CI_UNIDADE_TRABALHO": 165,
        "ESCOLA": "ESCOLA MUNICIPAL PROFESSOR FRANCISCO DE MELO JABORANDI",
        "DIST": "DIST6",
        "DISTRITO": "DISTRITO 6"
      },
      "geometry": {
        "type": "Point",
        "coordinates": [
          -38.51875,
          -3.83147
        ]
      }
    },
    {
      "type": "Feature",
      "properties": {
        "CI_UNIDADE_TRABALHO": 190,
        "ESCOLA": "ESCOLA MUNICIPAL MARIA DE LOURDES",
        "DIST": "DIST6",
        "DISTRITO": "DISTRITO 6"
      },
      "geometry": {
        "type": "Point",
        "coordinates": [
          -38.50935,
          -3.78758
        ]
      }
    },
    {
      "type": "Feature",
      "properties": {
        "CI_UNIDADE_TRABALHO": 555,
        "ESCOLA": "CRECHE NOVA ESPERANCA",
        "DIST": "DIST6",
        "DISTRITO": "DISTRITO 6"
      },
      "geometry": {
        "type": "Point",
        "coordinates": [
          -38.4786,
          -3.83262
        ]
      }
    },
    {
      "type": "Feature",
      "properties": {
        "CI_UNIDADE_TRABALHO": 416,
        "ESCOLA": "CENTRO DE EDUCACAO INFANTIL PROFESSORA FERNANDA MARIA ALENCAR COLARES",
        "DIST": "DIST6",
        "DISTRITO": "DISTRITO 6"
      },
      "geometry": {
        "type": "Point",
        "coordinates": [
          -38.4571,
          -3.82703
        ]
      }
    },
    {
      "type": "Feature",
      "properties": {
        "CI_UNIDADE_TRABALHO": 785,
        "ESCOLA": "CRECHE NUCLEO DE VIDA",
        "DIST": "DIST6",
        "DISTRITO": "DISTRITO 6"
      },
      "geometry": {
        "type": "Point",
        "coordinates": [
          -38.51798,
          -3.82378
        ]
      }
    },
    {
      "type": "Feature",
      "properties": {
        "CI_UNIDADE_TRABALHO": 963,
        "ESCOLA": "CENTRO DE EDUCACAO INFANTIL DALILA DELMAS MONTENEGRO",
        "DIST": "DIST6",
        "DISTRITO": "DISTRITO 6"
      },
      "geometry": {
        "type": "Point",
        "coordinates": [
          -38.48885,
          -3.85649
        ]
      }
    },
    {
      "type": "Feature",
      "properties": {
        "CI_UNIDADE_TRABALHO": 838,
        "ESCOLA": "ESCOLA MUNICIPAL DE TEMPO INTEGRAL MARIA ODETE DA SILVA COLARES",
        "DIST": "DIST6",
        "DISTRITO": "DISTRITO 6"
      },
      "geometry": {
        "type": "Point",
        "coordinates": [
          -38.48748,
          -3.82251
        ]
      }
    },
    {
      "type": "Feature",
      "properties": {
        "CI_UNIDADE_TRABALHO": 780,
        "ESCOLA": "CRECHE CASA DO JOAO",
        "DIST": "DIST6",
        "DISTRITO": "DISTRITO 6"
      },
      "geometry": {
        "type": "Point",
        "coordinates": [
          -38.50485,
          -3.86277
        ]
      }
    },
    {
      "type": "Feature",
      "properties": {
        "CI_UNIDADE_TRABALHO": 988,
        "ESCOLA": "CENTRO DE EDUCACAO INFANTIL IRMA ZEFERINA MARIA",
        "DIST": "DIST6",
        "DISTRITO": "DISTRITO 6"
      },
      "geometry": {
        "type": "Point",
        "coordinates": [
          -38.49218,
          -3.82174
        ]
      }
    },
    {
      "type": "Feature",
      "properties": {
        "CI_UNIDADE_TRABALHO": 857,
        "ESCOLA": "CENTRO DE EDUCACAO INFANTIL PROFESSOR LAURO DE OLIVEIRA LIMA",
        "DIST": "DIST6",
        "DISTRITO": "DISTRITO 6"
      },
      "geometry": {
        "type": "Point",
        "coordinates": [
          -38.52393,
          -3.83899
        ]
      }
    },
    {
      "type": "Feature",
      "properties": {
        "CI_UNIDADE_TRABALHO": 958,
        "ESCOLA": "CENTRO DE EDUCACAO INFANTIL OLINDA MARIA FEITOSA PARENTE",
        "DIST": "DIST6",
        "DISTRITO": "DISTRITO 6"
      },
      "geometry": {
        "type": "Point",
        "coordinates": [
          -38.45772,
          -3.82608
        ]
      }
    },
    {
      "type": "Feature",
      "properties": {
        "CI_UNIDADE_TRABALHO": 1182,
        "ESCOLA": "CENTRO DE EDUCACAO INFANTIL JOSE EUCLIDES FERREIRA GOMES",
        "DIST": "DIST6",
        "DISTRITO": "DISTRITO 6"
      },
      "geometry": {
        "type": "Point",
        "coordinates": [
          -38.519365,
          -3.855182
        ]
      }
    },
    {
      "type": "Feature",
      "properties": {
        "CI_UNIDADE_TRABALHO": 253,
        "ESCOLA": "ESCOLA MUNICIPAL DE TEMPO INTEGRAL JOSE CARVALHO",
        "DIST": "DIST6",
        "DISTRITO": "DISTRITO 6"
      },
      "geometry": {
        "type": "Point",
        "coordinates": [
          -38.47597,
          -3.81769
        ]
      }
    }
  ]
}