{"type":"FeatureCollection","features":[{"type":"Feature","id":"vw_ParqueEscolarMunicipal_2023.fid-5656ca56_19a5f394e75_68bb","geometry":{"type":"Point","coordinates":[-38.54572195,-3.71323171]},"geometry_name":"geom","properties":{"id":2,"fid":2,"Tipo":"CEI","Título":"CENTRO DE EDUCAÇÃO INFANTIL","Nome":"MARIA DALVA DOS SANTOS","Seriação":"B/I-1,2,3","Faixa etária":"6 MESES A 3 ANOS","Distrito":1,"Endereço":"RUA GAL. COSTA MATOS, S/N","Bairro":"JACARECANGA","Código do bairro":18,"CEP":"60310-690","Regional":"SER 1","INEP":23311614,"CODSGE":1149,"6 mees":"SIM","1 ano":"SIM","2 anos":"SIM","3 anos":"SIM","4 anos":"NÃO","5 anos":"NÃO","6 anos":"NÃO","7 anos":"NÃO","8 anos":"NÃO","9 anos":"NÃO","10 anos":"NÃO","11 anos":"NÃO","12 anos":"NÃO","13 anos":"NÃO","14 anos":"NÃO","Ano":2023,"Fonte":"Secretaria Municipal de Educação - SME","SRC da camada":"EPSG:4326 - WGS 84","Codificação":"UTF-8"}},{"type":"Feature","id":"vw_ParqueEscolarMunicipal_2023.fid-5656ca56_19a5f394e75_68bc","geometry":{"type":"Point","coordinates":[-38.51526774,-3.85876949]},"geometry_name":"geom","properties":{"id":3,"fid":3,"Tipo":"CEI","Título":"CENTRO DE EDUCAÇÃO INFANTIL","Nome":"ANTÔNIO CÉSAR PEREIRA PINHEIRO","Seriação":"B/I-1,2,3,4,5","Faixa etária":"6 MESES A 5 ANOS","Distrito":6,"Endereço":"RUA DELMINDA SILVEIRA, S/N","Bairro":"JANGURUSSU","Código do bairro":61,"CEP":"60877-385","Regional":"SER 9","INEP":23280697,"CODSGE":1110,"6 mees":"SIM","1 ano":"SIM","2 anos":"SIM","3 anos":"SIM","4 anos":"SIM","5 anos":"SIM","6 anos":"NÃO","7 anos":"NÃO","8 anos":"NÃO","9 anos":"NÃO","10 anos":"NÃO","11 anos":"NÃO","12 anos":"NÃO","13 anos":"NÃO","14 anos":"NÃO","Ano":2023,"Fonte":"Secretaria Municipal de Educação - SME","SRC da camada":"EPSG:4326 - WGS 84","Codificação":"UTF-8"}},{"type":"Feature","id":"vw_ParqueEscolarMunicipal_2023.fid-5656ca56_19a5f394e75_68bd","geometry":{"type":"Point","coordinates":[-38.56953765,-3.82778772]},"geometry_name":"geom","properties":{"id":4,"fid":4,"Tipo":"EMTI","Título":"ESCOLA MUNICIPAL DE TEMPO INTEGRAL","Nome":"LUIZ TEIXEIRA MATOS","Seriação":"F-6,7,8,9","Faixa etária":"11 A 14 ANOS","Distrito":5,"Endereço":"RUA RENATO MAGALHÃES, S/N","Bairro":"MONDUBIM","Código do bairro":83,"CEP":"60752-280","Regional":"SER 10","INEP":0,"CODSGE":1115,"6 mees":"NÃO","1 ano":"NÃO","2 anos":"NÃO","3 anos":"NÃO","4 anos":"NÃO","5 anos":"NÃO","6 anos":"NÃO","7 anos":"NÃO","8 anos":"NÃO","9 anos":"NÃO","10 anos":"NÃO","11 anos":"SIM","12 anos":"SIM","13 anos":"SIM","14 anos":"SIM","Ano":2023,"Fonte":"Secretaria Municipal de Educação - SME","SRC da camada":"EPSG:4326 - WGS 84","Codificação":"UTF-8"}},{"type":"Feature","id":"vw_ParqueEscolarMunicipal_2023.fid-5656ca56_19a5f394e75_68be","geometry":{"type":"Point","coordinates":[-38.6190791,-3.78981012]},"geometry_name":"geom","properties":{"id":5,"fid":5,"Tipo":"EMTI","Título":"ESCOLA MUNICIPAL DE TEMPO INTEGRAL","Nome":"PROFESSORA MARIA MIRTES BASTOS MANGUEIRA","Seriação":"F-6,7,8,9","Faixa etária":"11 A 14 ANOS","Distrito":5,"Endereço":"RUA XAVIER DA SILVEIRA, S/N","Bairro":"GRANJA LISBOA","Código do bairro":78,"CEP":"60540-212","Regional":"SER 5","INEP":0,"CODSGE":1119,"6 mees":"NÃO","1 ano":"NÃO","2 anos":"NÃO","3 anos":"NÃO","4 anos":"NÃO","5 anos":"NÃO","6 anos":"NÃO","7 anos":"NÃO","8 anos":"NÃO","9 anos":"NÃO","10 anos":"NÃO","11 anos":"SIM","12 anos":"SIM","13 anos":"SIM","14 anos":"SIM","Ano":2023,"Fonte":"Secretaria Municipal de Educação - SME","SRC da camada":"EPSG:4326 - WGS 84","Codificação":"UTF-8"}},{"type":"Feature","id":"vw_ParqueEscolarMunicipal_2023.fid-5656ca56_19a5f394e75_68bf","geometry":{"type":"Point","coordinates":[-38.47289004,-3.75284507]},"geometry_name":"geom","properties":{"id":6,"fid":6,"Tipo":"CEI","Título":"CENTRO DE EDUCAÇÃO INFANTIL","Nome":"PAULO CÉSAR FEITOSA","Seriação":"B/I-1,2,3","Faixa etária":"6 MESES A 3 ANOS","Distrito":2,"Endereço":"RUA SOLON CARVALHO, S/N","Bairro":"CIDADE 2000","Código do bairro":111,"CEP":"60190-460","Regional":"SER 7","INEP":23264152,"CODSGE":1118,"6 mees":"SIM","1 ano":"SIM","2 anos":"SIM","3 anos":"SIM","4 anos":"NÃO","5 anos":"NÃO","6 anos":"NÃO","7 anos":"NÃO","8 anos":"NÃO","9 anos":"NÃO","10 anos":"NÃO","11 anos":"NÃO","12 anos":"NÃO","13 anos":"NÃO","14 anos":"NÃO","Ano":2023,"Fonte":"Secretaria Municipal de Educação - SME","SRC da camada":"EPSG:4326 - WGS 84","Codificação":"UTF-8"}},{"type":"Feature","id":"vw_ParqueEscolarMunicipal_2023.fid-5656ca56_19a5f394e75_68c0","geometry":{"type":"Point","coordinates":[-38.59517747,-3.73832126]},"geometry_name":"geom","properties":{"id":7,"fid":7,"Tipo":"EMTI","Título":"ESCOLA MUNICIPAL DE TEMPO INTEGRAL","Nome":"JOSÉ CARLOS DE OLIVEIRA NETO","Seriação":"F-6,7,8,9","Faixa etária":"11 A 14 ANOS","Distrito":3,"Endereço":"RUA SÃO VICENTE DE PAULO, S/N","Bairro":"ANTÔNIO BEZERRA","Código do bairro":40,"CEP":"60352-370","Regional":"SER 3","INEP":23280700,"CODSGE":1111,"6 mees":"NÃO","1 ano":"NÃO","2 anos":"NÃO","3 anos":"NÃO","4 anos":"NÃO","5 anos":"NÃO","6 anos":"NÃO","7 anos":"NÃO","8 anos":"NÃO","9 anos":"NÃO","10 anos":"NÃO","11 anos":"SIM","12 anos":"SIM","13 anos":"SIM","14 anos":"SIM","Ano":2023,"Fonte":"Secretaria Municipal de Educação - SME","SRC da camada":"EPSG:4326 - WGS 84","Codificação":"UTF-8"}},{"type":"Feature","id":"vw_ParqueEscolarMunicipal_2023.fid-5656ca56_19a5f394e75_68c1","geometry":{"type":"Point","coordinates":[-38.55418019,-3.84746791]},"geometry_name":"geom","properties":{"id":8,"fid":8,"Tipo":"CEI","Título":"CENTRO DE EDUCAÇÃO INFANTIL","Nome":"CIDADE JARDIM II","Seriação":"B/I-1,2,3,4","Faixa etária":"6 MESES A 4 ANOS","Distrito":4,"Endereço":"VIA ARTERIAL PROJETADA, S/N (LOT. CIDADE JARDIM II)","Bairro":"PREFEITO JOSÉ WALTER","Código do bairro":89,"CEP":"60751-197","Regional":"SER 8","INEP":23065621,"CODSGE":1109,"6 mees":"SIM","1 ano":"SIM","2 anos":"SIM","3 anos":"SIM","4 anos":"SIM","5 anos":"NÃO","6 anos":"NÃO","7 anos":"NÃO","8 anos":"NÃO","9 anos":"NÃO","10 anos":"NÃO","11 anos":"NÃO","12 anos":"NÃO","13 anos":"NÃO","14 anos":"NÃO","Ano":2023,"Fonte":"Secretaria Municipal de Educação - SME","SRC da camada":"EPSG:4326 - WGS 84","Codificação":"UTF-8"}},{"type":"Feature","id":"vw_ParqueEscolarMunicipal_2023.fid-5656ca56_19a5f394e75_68c2","geometry":{"type":"Point","coordinates":[-38.54493117,-3.82866956]},"geometry_name":"geom","properties":{"id":9,"fid":9,"Tipo":"CEI","Título":"CENTRO DE EDUCAÇÃO INFANTIL","Nome":"CIDADE JARDIM I","Seriação":"B/I-1,2,3","Faixa etária":"6 MESES A 3 ANOS","Distrito":4,"Endereço":"RUA E, S/N (LOT. CIDADE JARDIM I)","Bairro":"PREFEITO JOSÉ WALTER","Código do bairro":89,"CEP":"60748-057","Regional":"SER 8","INEP":23076798,"CODSGE":1108,"6 mees":"SIM","1 ano":"SIM","2 anos":"SIM","3 anos":"SIM","4 anos":"NÃO","5 anos":"NÃO","6 anos":"NÃO","7 anos":"NÃO","8 anos":"NÃO","9 anos":"NÃO","10 anos":"NÃO","11 anos":"NÃO","12 anos":"NÃO","13 anos":"NÃO","14 anos":"NÃO","Ano":2023,"Fonte":"Secretaria Municipal de Educação - SME","SRC da camada":"EPSG:4326 - WGS 84","Codificação":"UTF-8"}},{"type":"Feature","id":"vw_ParqueEscolarMunicipal_2023.fid-5656ca56_19a5f394e75_68c3","geometry":{"type":"Point","coordinates":[-38.58346115,-3.75982596]},"geometry_name":"geom","properties":{"id":10,"fid":10,"Tipo":"CEI","Título":"CENTRO DE EDUCAÇÃO INFANTIL","Nome":"MARIA DA CONCEIÇÃO HOLANDA CAVALCANTE","Seriação":"B/I-1,2,3","Faixa etária":"6 MESES A 3 ANOS","Distrito":3,"Endereço":"RUA JOCKEY CLUB, S/N","Bairro":"HENRIQUE JORGE","Código do bairro":45,"CEP":"60510-325","Regional":"SER 11","INEP":23072156,"CODSGE":1107,"6 mees":"SIM","1 ano":"SIM","2 anos":"SIM","3 anos":"SIM","4 anos":"NÃO","5 anos":"NÃO","6 anos":"NÃO","7 anos":"NÃO","8 anos":"NÃO","9 anos":"NÃO","10 anos":"NÃO","11 anos":"NÃO","12 anos":"NÃO","13 anos":"NÃO","14 anos":"NÃO","Ano":2023,"Fonte":"Secretaria Municipal de Educação - SME","SRC da camada":"EPSG:4326 - WGS 84","Codificação":"UTF-8"}},{"type":"Feature","id":"vw_ParqueEscolarMunicipal_2023.fid-5656ca56_19a5f394e75_68c4","geometry":{"type":"Point","coordinates":[-38.59335783,-3.82648165]},"geometry_name":"geom","properties":{"id":11,"fid":11,"Tipo":"EMTI","Título":"ESCOLA MUNICIPAL DE TEMPO INTEGRAL","Nome":"PASTOR FLORÊNCIO NUNES NETO","Seriação":"F-6,7,8,9","Faixa etária":"11 A 14 ANOS","Distrito":5,"Endereço":"RUA OSÓRIO CORREIA, S/N","Bairro":"PARQUE PRESIDENTE VARGAS","Código do bairro":85,"CEP":"60765-515","Regional":"SER 10","INEP":23279109,"CODSGE":1113,"6 mees":"NÃO","1 ano":"NÃO","2 anos":"NÃO","3 anos":"NÃO","4 anos":"NÃO","5 anos":"NÃO","6 anos":"NÃO","7 anos":"NÃO","8 anos":"NÃO","9 anos":"NÃO","10 anos":"NÃO","11 anos":"SIM","12 anos":"SIM","13 anos":"SIM","14 anos":"SIM","Ano":2023,"Fonte":"Secretaria Municipal de Educação - SME","SRC da camada":"EPSG:4326 - WGS 84","Codificação":"UTF-8"}},{"type":"Feature","id":"vw_ParqueEscolarMunicipal_2023.fid-5656ca56_19a5f394e75_68c5","geometry":{"type":"Point","coordinates":[-38.54849143,-3.79925937]},"geometry_name":"geom","properties":{"id":12,"fid":12,"Tipo":"CEI","Título":"CENTRO DE EDUCAÇÃO INFANTIL","Nome":"FRANCISCA RODRIGUES DE SOUSA","Seriação":"B/I-1,2,3","Faixa etária":"6 MESES A 3 ANOS","Distrito":4,"Endereço":"RUA E, S/N (CJ. JARDIM PRIMAVERA)","Bairro":"PARQUE DOIS IRMÃOS","Código do bairro":84,"CEP":"60743-255","Regional":"SER 8","INEP":23186909,"CODSGE":1106,"6 mees":"SIM","1 ano":"SIM","2 anos":"SIM","3 anos":"SIM","4 anos":"NÃO","5 anos":"NÃO","6 anos":"NÃO","7 anos":"NÃO","8 anos":"NÃO","9 anos":"NÃO","10 anos":"NÃO","11 anos":"NÃO","12 anos":"NÃO","13 anos":"NÃO","14 anos":"NÃO","Ano":2023,"Fonte":"Secretaria Municipal de Educação - SME","SRC da camada":"EPSG:4326 - WGS 84","Codificação":"UTF-8"}},{"type":"Feature","id":"vw_ParqueEscolarMunicipal_2023.fid-5656ca56_19a5f394e75_68c6","geometry":{"type":"Point","coordinates":[-38.55118437,-3.80373835]},"geometry_name":"geom","properties":{"id":13,"fid":13,"Tipo":"EMTI","Título":"ESCOLA MUNICIPAL DE TEMPO INTEGRAL","Nome":"REITOR ROBERTO CLÁUDIO FROTA BEZERRA","Seriação":"F-6,7,8,9","Faixa etária":"11 A 14 ANOS","Distrito":4,"Endereço":"AV. I, S/N (LOT. AV. DOS EXPEDICIONÁRIOS)","Bairro":"PARQUE DOIS IRMÃOS","Código do bairro":84,"CEP":"60745-500","Regional":"SER 8","INEP":23280689,"CODSGE":1112,"6 mees":"NÃO","1 ano":"NÃO","2 anos":"NÃO","3 anos":"NÃO","4 anos":"NÃO","5 anos":"NÃO","6 anos":"NÃO","7 anos":"NÃO","8 anos":"NÃO","9 anos":"NÃO","10 anos":"NÃO","11 anos":"SIM","12 anos":"SIM","13 anos":"SIM","14 anos":"SIM","Ano":2023,"Fonte":"Secretaria Municipal de Educação - SME","SRC da camada":"EPSG:4326 - WGS 84","Codificação":"UTF-8"}},{"type":"Feature","id":"vw_ParqueEscolarMunicipal_2023.fid-5656ca56_19a5f394e75_68c7","geometry":{"type":"Point","coordinates":[-38.58789742,-3.79868103]},"geometry_name":"geom","properties":{"id":14,"fid":14,"Tipo":"CRP","Título":"CRECHE PARCEIRA","Nome":"MARCÍLIO AMORIM","Seriação":"I-1,2,3","Faixa etária":"1 A 3 ANOS","Distrito":5,"Endereço":"RUA COMENDADOR GARCIA, 1817","Bairro":"PARQUE SÃO JOSÉ","Código do bairro":86,"CEP":"60730-235","Regional":"SER 10","INEP":23257300,"CODSGE":1127,"6 mees":"NÃO","1 ano":"SIM","2 anos":"SIM","3 anos":"SIM","4 anos":"NÃO","5 anos":"NÃO","6 anos":"NÃO","7 anos":"NÃO","8 anos":"NÃO","9 anos":"NÃO","10 anos":"NÃO","11 anos":"NÃO","12 anos":"NÃO","13 anos":"NÃO","14 anos":"NÃO","Ano":2023,"Fonte":"Secretaria Municipal de Educação - SME","SRC da camada":"EPSG:4326 - WGS 84","Codificação":"UTF-8"}},{"type":"Feature","id":"vw_ParqueEscolarMunicipal_2023.fid-5656ca56_19a5f394e75_68c8","geometry":{"type":"Point","coordinates":[-38.57057957,-3.81702189]},"geometry_name":"geom","properties":{"id":15,"fid":15,"Tipo":"CRP","Título":"CRECHE PARCEIRA","Nome":"TIO SÉRGIO","Seriação":"I-1,2,3","Faixa etária":"1 A 3 ANOS","Distrito":5,"Endereço":"RUA 9, 42 (CONJ. SÍTIO CÓRREGO)","Bairro":"MONDUBIM","Código do bairro":83,"CEP":"60752-100","Regional":"SER 10","INEP":23280964,"CODSGE":1131,"6 mees":"NÃO","1 ano":"SIM","2 anos":"SIM","3 anos":"SIM","4 anos":"NÃO","5 anos":"NÃO","6 anos":"NÃO","7 anos":"NÃO","8 anos":"NÃO","9 anos":"NÃO","10 anos":"NÃO","11 anos":"NÃO","12 anos":"NÃO","13 anos":"NÃO","14 anos":"NÃO","Ano":2023,"Fonte":"Secretaria Municipal de Educação - SME","SRC da camada":"EPSG:4326 - WGS 84","Codificação":"UTF-8"}},{"type":"Feature","id":"vw_ParqueEscolarMunicipal_2023.fid-5656ca56_19a5f394e75_68c9","geometry":{"type":"Point","coordinates":[-38.50464545,-3.80518442]},"geometry_name":"geom","properties":{"id":16,"fid":16,"Tipo":"CRP","Título":"CRECHE PARCEIRA","Nome":"ACADEMIA DA CRIANÇA","Seriação":"I-1,2,3","Faixa etária":"1 A 3 ANOS","Distrito":6,"Endereço":"RUA GREGÓRIO DE FRANÇA, 174","Bairro":"CAJAZEIRAS","Código do bairro":52,"CEP":"60864-400","Regional":"SER 9","INEP":23280980,"CODSGE":1130,"6 mees":"NÃO","1 ano":"SIM","2 anos":"SIM","3 anos":"SIM","4 anos":"NÃO","5 anos":"NÃO","6 anos":"NÃO","7 anos":"NÃO","8 anos":"NÃO","9 anos":"NÃO","10 anos":"NÃO","11 anos":"NÃO","12 anos":"NÃO","13 anos":"NÃO","14 anos":"NÃO","Ano":2023,"Fonte":"Secretaria Municipal de Educação - SME","SRC da camada":"EPSG:4326 - WGS 84","Codificação":"UTF-8"}},{"type":"Feature","id":"vw_ParqueEscolarMunicipal_2023.fid-5656ca56_19a5f394e75_68ca","geometry":{"type":"Point","coordinates":[-38.61829067,-3.78654629]},"geometry_name":"geom","properties":{"id":17,"fid":17,"Tipo":"CRP","Título":"CRECHE PARCEIRA","Nome":"MÃE BALBINA","Seriação":"I-1,2,3","Faixa etária":"1 A 3 ANOS","Distrito":5,"Endereço":"RUA GERALDO BARBOSA, 2968","Bairro":"GRANJA LISBOA","Código do bairro":78,"CEP":"60540-342","Regional":"SER 5","INEP":23280557,"CODSGE":1129,"6 mees":"NÃO","1 ano":"SIM","2 anos":"SIM","3 anos":"SIM","4 anos":"NÃO","5 anos":"NÃO","6 anos":"NÃO","7 anos":"NÃO","8 anos":"NÃO","9 anos":"NÃO","10 anos":"NÃO","11 anos":"NÃO","12 anos":"NÃO","13 anos":"NÃO","14 anos":"NÃO","Ano":2023,"Fonte":"Secretaria Municipal de Educação - SME","SRC da camada":"EPSG:4326 - WGS 84","Codificação":"UTF-8"}},{"type":"Feature","id":"vw_ParqueEscolarMunicipal_2023.fid-5656ca56_19a5f394e75_68cb","geometry":{"type":"Point","coordinates":[-38.58877966,-3.79404839]},"geometry_name":"geom","properties":{"id":18,"fid":18,"Tipo":"CRP","Título":"CRECHE PARCEIRA","Nome":"SEMENTE DO AMANHÃ II","Seriação":"I-1,2,3","Faixa etária":"1 A 3 ANOS","Distrito":5,"Endereço":"RUA MONSENHOR AGOSTINHO, 1362","Bairro":"PARQUE SÃO JOSÉ","Código do bairro":86,"CEP":"60730-275","Regional":"SER 10","INEP":23280352,"CODSGE":1128,"6 mees":"NÃO","1 ano":"SIM","2 anos":"SIM","3 anos":"SIM","4 anos":"NÃO","5 anos":"NÃO","6 anos":"NÃO","7 anos":"NÃO","8 anos":"NÃO","9 anos":"NÃO","10 anos":"NÃO","11 anos":"NÃO","12 anos":"NÃO","13 anos":"NÃO","14 anos":"NÃO","Ano":2023,"Fonte":"Secretaria Municipal de Educação - SME","SRC da camada":"EPSG:4326 - WGS 84","Codificação":"UTF-8"}},{"type":"Feature","id":"vw_ParqueEscolarMunicipal_2023.fid-5656ca56_19a5f394e75_68cc","geometry":{"type":"Point","coordinates":[-38.53105177,-3.76839659]},"geometry_name":"geom","properties":{"id":19,"fid":19,"Tipo":"CRP","Título":"CRECHE PARCEIRA","Nome":"DOMINGOS SÁVIO","Seriação":"I-1,2,3","Faixa etária":"1 A 3 ANOS","Distrito":4,"Endereço":"RUA HELVÉCIO MONTE, 165","Bairro":"VILA UNIÃO","Código do bairro":109,"CEP":"60420-040","Regional":"SER 4","INEP":23280514,"CODSGE":1126,"6 mees":"NÃO","1 ano":"SIM","2 anos":"SIM","3 anos":"SIM","4 anos":"NÃO","5 anos":"NÃO","6 anos":"NÃO","7 anos":"NÃO","8 anos":"NÃO","9 anos":"NÃO","10 anos":"NÃO","11 anos":"NÃO","12 anos":"NÃO","13 anos":"NÃO","14 anos":"NÃO","Ano":2023,"Fonte":"Secretaria Municipal de Educação - SME","SRC da camada":"EPSG:4326 - WGS 84","Codificação":"UTF-8"}},{"type":"Feature","id":"vw_ParqueEscolarMunicipal_2023.fid-5656ca56_19a5f394e75_68cd","geometry":{"type":"Point","coordinates":[-38.5283,-3.77259996]},"geometry_name":"geom","properties":{"id":20,"fid":20,"Tipo":"CEI","Título":"CENTRO DE EDUCAÇÃO INFANTIL","Nome":"PETRONILLA ISONNI","Seriação":"B/I-1,2,3","Faixa etária":"6 MESES A 3 ANOS","Distrito":4,"Endereço":"AV. LAURO VIEIRA CHAVES, S/N","Bairro":"AEROPORTO","Código do bairro":92,"CEP":"60422-700","Regional":"SER 4","INEP":23262605,"CODSGE":1032,"6 mees":"SIM","1 ano":"SIM","2 anos":"SIM","3 anos":"SIM","4 anos":"NÃO","5 anos":"NÃO","6 anos":"NÃO","7 anos":"NÃO","8 anos":"NÃO","9 anos":"NÃO","10 anos":"NÃO","11 anos":"NÃO","12 anos":"NÃO","13 anos":"NÃO","14 anos":"NÃO","Ano":2023,"Fonte":"Secretaria Municipal de Educação - SME","SRC da camada":"EPSG:4326 - WGS 84","Codificação":"UTF-8"}},{"type":"Feature","id":"vw_ParqueEscolarMunicipal_2023.fid-5656ca56_19a5f394e75_68ce","geometry":{"type":"Point","coordinates":[-38.53758769,-3.76605698]},"geometry_name":"geom","properties":{"id":21,"fid":21,"Tipo":"CRP","Título":"CRECHE PARCEIRA","Nome":"VILA DA CRIANÇA","Seriação":"I-1,2,3","Faixa etária":"1 A 3 ANOS","Distrito":4,"Endereço":"RUA VICENTE PADILHA, 533","Bairro":"VILA UNIÃO","Código do bairro":109,"CEP":"60410-680","Regional":"SER 4","INEP":23280298,"CODSGE":1125,"6 mees":"NÃO","1 ano":"SIM","2 anos":"SIM","3 anos":"SIM","4 anos":"NÃO","5 anos":"NÃO","6 anos":"NÃO","7 anos":"NÃO","8 anos":"NÃO","9 anos":"NÃO","10 anos":"NÃO","11 anos":"NÃO","12 anos":"NÃO","13 anos":"NÃO","14 anos":"NÃO","Ano":2023,"Fonte":"Secretaria Municipal de Educação - SME","SRC da camada":"EPSG:4326 - WGS 84","Codificação":"UTF-8"}},{"type":"Feature","id":"vw_ParqueEscolarMunicipal_2023.fid-5656ca56_19a5f394e75_68cf","geometry":{"type":"Point","coordinates":[-38.5933497,-3.74348014]},"geometry_name":"geom","properties":{"id":22,"fid":22,"Tipo":"CRP","Título":"CRECHE PARCEIRA","Nome":"CASARÃO DA CRIANÇA","Seriação":"I-1,2,3","Faixa etária":"1 A 3 ANOS","Distrito":3,"Endereço":"RUA CEL. JOAQUIM FRANKLIN, 733","Bairro":"ANTÔNIO BEZERRA","Código do bairro":40,"CEP":"60361-130","Regional":"SER 3","INEP":23279567,"CODSGE":1122,"6 mees":"NÃO","1 ano":"SIM","2 anos":"SIM","3 anos":"SIM","4 anos":"NÃO","5 anos":"NÃO","6 anos":"NÃO","7 anos":"NÃO","8 anos":"NÃO","9 anos":"NÃO","10 anos":"NÃO","11 anos":"NÃO","12 anos":"NÃO","13 anos":"NÃO","14 anos":"NÃO","Ano":2023,"Fonte":"Secretaria Municipal de Educação - SME","SRC da camada":"EPSG:4326 - WGS 84","Codificação":"UTF-8"}},{"type":"Feature","id":"vw_ParqueEscolarMunicipal_2023.fid-5656ca56_19a5f394e75_68d0","geometry":{"type":"Point","coordinates":[-38.59766,-3.773124]},"geometry_name":"geom","properties":{"id":23,"fid":23,"Tipo":"CRP","Título":"CRECHE PARCEIRA","Nome":"CORES E BRINCADEIRAS","Seriação":"I-1,2,3","Faixa etária":"1 A 3 ANOS","Distrito":5,"Endereço":"AV. I, 897","Bairro":"GRANJA PORTUGAL","Código do bairro":79,"CEP":"60541-617","Regional":"SER 5","INEP":23280077,"CODSGE":1121,"6 mees":"NÃO","1 ano":"SIM","2 anos":"SIM","3 anos":"SIM","4 anos":"NÃO","5 anos":"NÃO","6 anos":"NÃO","7 anos":"NÃO","8 anos":"NÃO","9 anos":"NÃO","10 anos":"NÃO","11 anos":"NÃO","12 anos":"NÃO","13 anos":"NÃO","14 anos":"NÃO","Ano":2023,"Fonte":"Secretaria Municipal de Educação - SME","SRC da camada":"EPSG:4326 - WGS 84","Codificação":"UTF-8"}},{"type":"Feature","id":"vw_ParqueEscolarMunicipal_2023.fid-5656ca56_19a5f394e75_68d1","geometry":{"type":"Point","coordinates":[-38.57103584,-3.71604425]},"geometry_name":"geom","properties":{"id":24,"fid":24,"Tipo":"CRP","Título":"CRECHE PARCEIRA","Nome":"TIA ARLETE","Seriação":"I-1,2,3","Faixa etária":"1 A 3 ANOS","Distrito":1,"Endereço":"RUA SÃO ROQUE, 32","Bairro":"ÁLVARO WEYNE","Código do bairro":3,"CEP":"60336-060","Regional":"SER 1","INEP":23280948,"CODSGE":1124,"6 mees":"NÃO","1 ano":"SIM","2 anos":"SIM","3 anos":"SIM","4 anos":"NÃO","5 anos":"NÃO","6 anos":"NÃO","7 anos":"NÃO","8 anos":"NÃO","9 anos":"NÃO","10 anos":"NÃO","11 anos":"NÃO","12 anos":"NÃO","13 anos":"NÃO","14 anos":"NÃO","Ano":2023,"Fonte":"Secretaria Municipal de Educação - SME","SRC da camada":"EPSG:4326 - WGS 84","Codificação":"UTF-8"}},{"type":"Feature","id":"vw_ParqueEscolarMunicipal_2023.fid-5656ca56_19a5f394e75_68d2","geometry":{"type":"Point","coordinates":[-38.59216998,-3.72001177]},"geometry_name":"geom","properties":{"id":25,"fid":25,"Tipo":"CRP","Título":"CRECHE PARCEIRA","Nome":"UNIVERSO INFANTIL","Seriação":"I-1,2,3","Faixa etária":"1 A 3 ANOS","Distrito":1,"Endereço":"RUA CARLOS WALRAVEN, 367","Bairro":"JARDIM GUANABARA","Código do bairro":20,"CEP":"60346-672","Regional":"SER 1","INEP":23280131,"CODSGE":1123,"6 mees":"NÃO","1 ano":"SIM","2 anos":"SIM","3 anos":"SIM","4 anos":"NÃO","5 anos":"NÃO","6 anos":"NÃO","7 anos":"NÃO","8 anos":"NÃO","9 anos":"NÃO","10 anos":"NÃO","11 anos":"NÃO","12 anos":"NÃO","13 anos":"NÃO","14 anos":"NÃO","Ano":2023,"Fonte":"Secretaria Municipal de Educação - SME","SRC da camada":"EPSG:4326 - WGS 84","Codificação":"UTF-8"}},{"type":"Feature","id":"vw_ParqueEscolarMunicipal_2023.fid-5656ca56_19a5f394e75_68d3","geometry":{"type":"Point","coordinates":[-38.54067077,-3.80011677]},"geometry_name":"geom","properties":{"id":26,"fid":26,"Tipo":"CEI","Título":"CENTRO DE EDUCAÇÃO INFANTIL","Nome":"DOUTOR SÁVIO CALDAS ALENCAR","Seriação":"B/I-1,2,3","Faixa etária":"6 MESES A 3 ANOS","Distrito":4,"Endereço":"RUA E, S/N(LOT. RES. NOVO PASSARÉ)","Bairro":"PASSARÉ","Código do bairro":88,"CEP":"60743-825","Regional":"SER 8","INEP":23186909,"CODSGE":1117,"6 mees":"SIM","1 ano":"SIM","2 anos":"SIM","3 anos":"SIM","4 anos":"NÃO","5 anos":"NÃO","6 anos":"NÃO","7 anos":"NÃO","8 anos":"NÃO","9 anos":"NÃO","10 anos":"NÃO","11 anos":"NÃO","12 anos":"NÃO","13 anos":"NÃO","14 anos":"NÃO","Ano":2023,"Fonte":"Secretaria Municipal de Educação - SME","SRC da camada":"EPSG:4326 - WGS 84","Codificação":"UTF-8"}},{"type":"Feature","id":"vw_ParqueEscolarMunicipal_2023.fid-5656ca56_19a5f394e75_68d4","geometry":{"type":"Point","coordinates":[-38.46660685,-3.71364004]},"geometry_name":"geom","properties":{"id":27,"fid":27,"Tipo":"EMTI","Título":"ESCOLA MUNICIPAL DE TEMPO INTEGRAL","Nome":"VEREADOR ALBERTO GOMES DE QUEIROZ","Seriação":"F-6,7,8,9","Faixa etária":"11 A 14 ANOS","Distrito":2,"Endereço":"AV. ZEZÉ DIOGO, 782","Bairro":"CAIS DO PORTO","Código do bairro":110,"CEP":"60180-012","Regional":"SER 2","INEP":23279621,"CODSGE":1116,"6 mees":"NÃO","1 ano":"NÃO","2 anos":"NÃO","3 anos":"NÃO","4 anos":"NÃO","5 anos":"NÃO","6 anos":"NÃO","7 anos":"NÃO","8 anos":"NÃO","9 anos":"NÃO","10 anos":"NÃO","11 anos":"SIM","12 anos":"SIM","13 anos":"SIM","14 anos":"SIM","Ano":2023,"Fonte":"Secretaria Municipal de Educação - SME","SRC da camada":"EPSG:4326 - WGS 84","Codificação":"UTF-8"}},{"type":"Feature","id":"vw_ParqueEscolarMunicipal_2023.fid-5656ca56_19a5f394e75_68d5","geometry":{"type":"Point","coordinates":[-38.51454001,-3.85573503]},"geometry_name":"geom","properties":{"id":28,"fid":28,"Tipo":"EMTP","Título":"ESCOLA MUNICIPAL","Nome":"ROSA DA FONSECA","Seriação":"F-1,2,3,4,5,6,7,8,9","Faixa etária":"6 A 14 ANOS","Distrito":6,"Endereço":"RUA ALVORADA DA PAZ, 46","Bairro":"JANGURUSSU","Código do bairro":61,"CEP":"60877-512","Regional":"SER 9","INEP":23280697,"CODSGE":1039,"6 mees":"NÃO","1 ano":"NÃO","2 anos":"NÃO","3 anos":"NÃO","4 anos":"NÃO","5 anos":"NÃO","6 anos":"SIM","7 anos":"SIM","8 anos":"SIM","9 anos":"SIM","10 anos":"SIM","11 anos":"SIM","12 anos":"SIM","13 anos":"SIM","14 anos":"SIM","Ano":2023,"Fonte":"Secretaria Municipal de Educação - SME","SRC da camada":"EPSG:4326 - WGS 84","Codificação":"UTF-8"}},{"type":"Feature","id":"vw_ParqueEscolarMunicipal_2023.fid-5656ca56_19a5f394e75_68d6","geometry":{"type":"Point","coordinates":[-38.60487728,-3.78600232]},"geometry_name":"geom","properties":{"id":29,"fid":29,"Tipo":"CEI","Título":"CENTRO DE EDUCAÇÃO INFANTIL","Nome":"PROFESSOR MIRTON LA'MARQUES","Seriação":"B/I-1,2,3","Faixa etária":"6 MESES A 3 ANOS","Distrito":5,"Endereço":"RUA JOÃO XXIII, S/N","Bairro":"GRANJA PORTUGAL","Código do bairro":79,"CEP":"60540-664","Regional":"SER 5","INEP":23263113,"CODSGE":1035,"6 mees":"SIM","1 ano":"SIM","2 anos":"SIM","3 anos":"SIM","4 anos":"NÃO","5 anos":"NÃO","6 anos":"NÃO","7 anos":"NÃO","8 anos":"NÃO","9 anos":"NÃO","10 anos":"NÃO","11 anos":"NÃO","12 anos":"NÃO","13 anos":"NÃO","14 anos":"NÃO","Ano":2023,"Fonte":"Secretaria Municipal de Educação - SME","SRC da camada":"EPSG:4326 - WGS 84","Codificação":"UTF-8"}},{"type":"Feature","id":"vw_ParqueEscolarMunicipal_2023.fid-5656ca56_19a5f394e75_68d7","geometry":{"type":"Point","coordinates":[-38.46632666,-3.71431258]},"geometry_name":"geom","properties":{"id":30,"fid":30,"Tipo":"CEI","Título":"CENTRO DE EDUCAÇÃO INFANTIL","Nome":"MARIA FERREIRA DIAS","Seriação":"B/I-1,2,3","Faixa etária":"6 MESES A 3 ANOS","Distrito":2,"Endereço":"AV. ZEZÉ DIOGO, S/N","Bairro":"CAIS DO PORTO","Código do bairro":110,"CEP":"60180-012","Regional":"SER 2","INEP":23257369,"CODSGE":1038,"6 mees":"SIM","1 ano":"SIM","2 anos":"SIM","3 anos":"SIM","4 anos":"NÃO","5 anos":"NÃO","6 anos":"NÃO","7 anos":"NÃO","8 anos":"NÃO","9 anos":"NÃO","10 anos":"NÃO","11 anos":"NÃO","12 anos":"NÃO","13 anos":"NÃO","14 anos":"NÃO","Ano":2023,"Fonte":"Secretaria Municipal de Educação - SME","SRC da camada":"EPSG:4326 - WGS 84","Codificação":"UTF-8"}},{"type":"Feature","id":"vw_ParqueEscolarMunicipal_2023.fid-5656ca56_19a5f394e75_68d8","geometry":{"type":"Point","coordinates":[-38.55363864,-3.84742845]},"geometry_name":"geom","properties":{"id":31,"fid":31,"Tipo":"EMTP","Título":"ESCOLA MUNICIPAL","Nome":"PROFESSOR NOBERTO NOGUEIRA ALVES","Seriação":"F-1,2,3,4,5,6,7,8,9","Faixa etária":"6 A 14 ANOS","Distrito":4,"Endereço":"VIA ARTERIAL PROJETADA, S/N (RES. CIDADE JARDIM II)","Bairro":"PREFEITO JOSÉ WALTER","Código do bairro":89,"CEP":"60751-197","Regional":"SER 8","INEP":23279320,"CODSGE":1040,"6 mees":"NÃO","1 ano":"NÃO","2 anos":"NÃO","3 anos":"NÃO","4 anos":"NÃO","5 anos":"NÃO","6 anos":"SIM","7 anos":"SIM","8 anos":"SIM","9 anos":"SIM","10 anos":"SIM","11 anos":"SIM","12 anos":"SIM","13 anos":"SIM","14 anos":"SIM","Ano":2023,"Fonte":"Secretaria Municipal de Educação - SME","SRC da camada":"EPSG:4326 - WGS 84","Codificação":"UTF-8"}},{"type":"Feature","id":"vw_ParqueEscolarMunicipal_2023.fid-5656ca56_19a5f394e75_68d9","geometry":{"type":"Point","coordinates":[-38.51024428,-3.8565141]},"geometry_name":"geom","properties":{"id":32,"fid":32,"Tipo":"CEI","Título":"CENTRO DE EDUCAÇÃO INFANTIL","Nome":"PEDRO FERREIRA MESQUITA","Seriação":"B/I-1,2,3,4,5","Faixa etária":"6 MESES A 5 ANOS","Distrito":6,"Endereço":"VIA PROJETADA 4, S/N (RES. LUIZ GONZAGA)","Bairro":"JANGURUSSU","Código do bairro":61,"CEP":"60877-523","Regional":"SER 9","INEP":23280697,"CODSGE":1034,"6 mees":"SIM","1 ano":"SIM","2 anos":"SIM","3 anos":"SIM","4 anos":"SIM","5 anos":"SIM","6 anos":"NÃO","7 anos":"NÃO","8 anos":"NÃO","9 anos":"NÃO","10 anos":"NÃO","11 anos":"NÃO","12 anos":"NÃO","13 anos":"NÃO","14 anos":"NÃO","Ano":2023,"Fonte":"Secretaria Municipal de Educação - SME","SRC da camada":"EPSG:4326 - WGS 84","Codificação":"UTF-8"}},{"type":"Feature","id":"vw_ParqueEscolarMunicipal_2023.fid-5656ca56_19a5f394e75_68da","geometry":{"type":"Point","coordinates":[-38.49129002,-3.77243004]},"geometry_name":"geom","properties":{"id":33,"fid":33,"Tipo":"CEI","Título":"CENTRO DE EDUCAÇÃO INFANTIL","Nome":"ESMERINDA SOARES DA SILVA","Seriação":"B/I-1,2,3","Faixa etária":"6 MESES A 3 ANOS","Distrito":2,"Endereço":"RUA AURISTELA MAIA FARIAS, S/N","Bairro":"ENGENHEIRO LUCIANO CAVALCANTE","Código do bairro":58,"CEP":"60811-100","Regional":"SER 7","INEP":23257482,"CODSGE":1033,"6 mees":"SIM","1 ano":"SIM","2 anos":"SIM","3 anos":"SIM","4 anos":"NÃO","5 anos":"NÃO","6 anos":"NÃO","7 anos":"NÃO","8 anos":"NÃO","9 anos":"NÃO","10 anos":"NÃO","11 anos":"NÃO","12 anos":"NÃO","13 anos":"NÃO","14 anos":"NÃO","Ano":2023,"Fonte":"Secretaria Municipal de Educação - SME","SRC da camada":"EPSG:4326 - WGS 84","Codificação":"UTF-8"}},{"type":"Feature","id":"vw_ParqueEscolarMunicipal_2023.fid-5656ca56_19a5f394e75_68db","geometry":{"type":"Point","coordinates":[-38.5857929,-3.83278613]},"geometry_name":"geom","properties":{"id":34,"fid":34,"Tipo":"CEI","Título":"CENTRO DE EDUCAÇÃO INFANTIL","Nome":"MARIA FÉLIX RODRIGUES","Seriação":"B/I-1,2,3","Faixa etária":"6 MESES A 3 ANOS","Distrito":5,"Endereço":"AV C, S/N (CONJ. ARACAPÉ)","Bairro":"ARACAPÉ","Código do bairro":120,"CEP":"60765-052","Regional":"SER 10","INEP":23234067,"CODSGE":1036,"6 mees":"SIM","1 ano":"SIM","2 anos":"SIM","3 anos":"SIM","4 anos":"NÃO","5 anos":"NÃO","6 anos":"NÃO","7 anos":"NÃO","8 anos":"NÃO","9 anos":"NÃO","10 anos":"NÃO","11 anos":"NÃO","12 anos":"NÃO","13 anos":"NÃO","14 anos":"NÃO","Ano":2023,"Fonte":"Secretaria Municipal de Educação - SME","SRC da camada":"EPSG:4326 - WGS 84","Codificação":"UTF-8"}},{"type":"Feature","id":"vw_ParqueEscolarMunicipal_2023.fid-5656ca56_19a5f394e75_68dc","geometry":{"type":"Point","coordinates":[-38.59008316,-3.78347013]},"geometry_name":"geom","properties":{"id":35,"fid":35,"Tipo":"CEI","Título":"CENTRO DE EDUCAÇÃO INFANTIL","Nome":"MARIA ROSA DE ALMEIDA","Seriação":"B/I-1,2,3","Faixa etária":"6 MESES A 3 ANOS","Distrito":5,"Endereço":"RUA SOUSA CARVALHO, 625","Bairro":"BONSUCESSO","Código do bairro":73,"CEP":"60541-646","Regional":"SER 5","INEP":23065311,"CODSGE":1037,"6 mees":"SIM","1 ano":"SIM","2 anos":"SIM","3 anos":"SIM","4 anos":"NÃO","5 anos":"NÃO","6 anos":"NÃO","7 anos":"NÃO","8 anos":"NÃO","9 anos":"NÃO","10 anos":"NÃO","11 anos":"NÃO","12 anos":"NÃO","13 anos":"NÃO","14 anos":"NÃO","Ano":2023,"Fonte":"Secretaria Municipal de Educação - SME","SRC da camada":"EPSG:4326 - WGS 84","Codificação":"UTF-8"}},{"type":"Feature","id":"vw_ParqueEscolarMunicipal_2023.fid-5656ca56_19a5f394e75_68dd","geometry":{"type":"Point","coordinates":[-38.5876619,-3.79903705]},"geometry_name":"geom","properties":{"id":36,"fid":36,"Tipo":"ANE","Título":"ESCOLA MUNICIPAL","Nome":"HENRIQUETA GALENO UNID II","Seriação":"F-4,5,6,7,8","Faixa etária":"9 A 13 ANOS","Distrito":5,"Endereço":"RUA DOM XISTO ALBANO, 1852","Bairro":"PARQUE SÃO JOSÉ","Código do bairro":86,"CEP":"60730-225","Regional":"SER 10","INEP":23070960,"CODSGE":1041,"6 mees":"NÃO","1 ano":"NÃO","2 anos":"NÃO","3 anos":"NÃO","4 anos":"NÃO","5 anos":"NÃO","6 anos":"NÃO","7 anos":"NÃO","8 anos":"NÃO","9 anos":"SIM","10 anos":"SIM","11 anos":"SIM","12 anos":"SIM","13 anos":"SIM","14 anos":"NÃO","Ano":2023,"Fonte":"Secretaria Municipal de Educação - SME","SRC da camada":"EPSG:4326 - WGS 84","Codificação":"UTF-8"}},{"type":"Feature","id":"vw_ParqueEscolarMunicipal_2023.fid-5656ca56_19a5f394e75_68de","geometry":{"type":"Point","coordinates":[-38.55417471,-3.82293859]},"geometry_name":"geom","properties":{"id":37,"fid":37,"Tipo":"CEI","Título":"CENTRO DE EDUCAÇÃO INFANTIL","Nome":"FRANCISCO SALES FERNANDES","Seriação":"B/I-1,2,3","Faixa etária":"6 MESES A 3 ANOS","Distrito":4,"Endereço":"AVENIDA K, S/N","Bairro":"PREFEITO JOSÉ WALTER","Código do bairro":89,"CEP":"60750-100","Regional":"SER 8","INEP":23070056,"CODSGE":990,"6 mees":"SIM","1 ano":"SIM","2 anos":"SIM","3 anos":"SIM","4 anos":"NÃO","5 anos":"NÃO","6 anos":"NÃO","7 anos":"NÃO","8 anos":"NÃO","9 anos":"NÃO","10 anos":"NÃO","11 anos":"NÃO","12 anos":"NÃO","13 anos":"NÃO","14 anos":"NÃO","Ano":2023,"Fonte":"Secretaria Municipal de Educação - SME","SRC da camada":"EPSG:4326 - WGS 84","Codificação":"UTF-8"}},{"type":"Feature","id":"vw_ParqueEscolarMunicipal_2023.fid-5656ca56_19a5f394e75_68df","geometry":{"type":"Point","coordinates":[-38.5609433,-3.79214504]},"geometry_name":"geom","properties":{"id":38,"fid":38,"Tipo":"CEI","Título":"CENTRO DE EDUCAÇÃO INFANTIL","Nome":"VEREADOR FRANCISCO ANTÔNIO MARTINS NOGUEIRA","Seriação":"B/I-1,2,3","Faixa etária":"6 MESES A 3 ANOS","Distrito":4,"Endereço":"RUA RAIMUNDO PINHEIRO, S/N","Bairro":"RACHEL DE QUEIROZ","Código do bairro":77,"CEP":"60710-706","Regional":"SER 8","INEP":23078030,"CODSGE":1016,"6 mees":"SIM","1 ano":"SIM","2 anos":"SIM","3 anos":"SIM","4 anos":"NÃO","5 anos":"NÃO","6 anos":"NÃO","7 anos":"NÃO","8 anos":"NÃO","9 anos":"NÃO","10 anos":"NÃO","11 anos":"NÃO","12 anos":"NÃO","13 anos":"NÃO","14 anos":"NÃO","Ano":2023,"Fonte":"Secretaria Municipal de Educação - SME","SRC da camada":"EPSG:4326 - WGS 84","Codificação":"UTF-8"}},{"type":"Feature","id":"vw_ParqueEscolarMunicipal_2023.fid-5656ca56_19a5f394e75_68e0","geometry":{"type":"Point","coordinates":[-38.61660598,-3.78619396]},"geometry_name":"geom","properties":{"id":39,"fid":39,"Tipo":"CRP","Título":"CRECHE PARCEIRA","Nome":"TIA HELENA","Seriação":"I-1,2,3","Faixa etária":"1 A 3 ANOS","Distrito":5,"Endereço":"RUA OSCAR FRANÇA, 2904","Bairro":"GRANJA LISBOA","Código do bairro":78,"CEP":"60540-374","Regional":"SER 5","INEP":23280905,"CODSGE":1027,"6 mees":"NÃO","1 ano":"SIM","2 anos":"SIM","3 anos":"SIM","4 anos":"NÃO","5 anos":"NÃO","6 anos":"NÃO","7 anos":"NÃO","8 anos":"NÃO","9 anos":"NÃO","10 anos":"NÃO","11 anos":"NÃO","12 anos":"NÃO","13 anos":"NÃO","14 anos":"NÃO","Ano":2023,"Fonte":"Secretaria Municipal de Educação - SME","SRC da camada":"EPSG:4326 - WGS 84","Codificação":"UTF-8"}},{"type":"Feature","id":"vw_ParqueEscolarMunicipal_2023.fid-5656ca56_19a5f394e75_68e1","geometry":{"type":"Point","coordinates":[-38.56774199,-3.83844699]},"geometry_name":"geom","properties":{"id":40,"fid":40,"Tipo":"CRP","Título":"CRECHE PARCEIRA","Nome":"PRIMEIROS PASSINHOS","Seriação":"I-1,2,3","Faixa etária":"1 A 3 ANOS","Distrito":4,"Endereço":"RUA PALMEIRAS, 1159","Bairro":"PLANALTO AYRTON SENNA","Código do bairro":116,"CEP":"60766-410","Regional":"SER 8","INEP":23280409,"CODSGE":1026,"6 mees":"NÃO","1 ano":"SIM","2 anos":"SIM","3 anos":"SIM","4 anos":"NÃO","5 anos":"NÃO","6 anos":"NÃO","7 anos":"NÃO","8 anos":"NÃO","9 anos":"NÃO","10 anos":"NÃO","11 anos":"NÃO","12 anos":"NÃO","13 anos":"NÃO","14 anos":"NÃO","Ano":2023,"Fonte":"Secretaria Municipal de Educação - SME","SRC da camada":"EPSG:4326 - WGS 84","Codificação":"UTF-8"}},{"type":"Feature","id":"vw_ParqueEscolarMunicipal_2023.fid-5656ca56_19a5f394e75_68e2","geometry":{"type":"Point","coordinates":[-38.59750085,-3.7564865]},"geometry_name":"geom","properties":{"id":41,"fid":41,"Tipo":"CRP","Título":"CRECHE PARCEIRA","Nome":"TIA NINÔ","Seriação":"I-1,2,3","Faixa etária":"1 A 3 ANOS","Distrito":3,"Endereço":"RUA PROFESSOR VIRGÍLIO MORAIS, 851","Bairro":"AUTRAN NUNES","Código do bairro":41,"CEP":"60526-720","Regional":"SER 11","INEP":23279907,"CODSGE":1025,"6 mees":"NÃO","1 ano":"SIM","2 anos":"SIM","3 anos":"SIM","4 anos":"NÃO","5 anos":"NÃO","6 anos":"NÃO","7 anos":"NÃO","8 anos":"NÃO","9 anos":"NÃO","10 anos":"NÃO","11 anos":"NÃO","12 anos":"NÃO","13 anos":"NÃO","14 anos":"NÃO","Ano":2023,"Fonte":"Secretaria Municipal de Educação - SME","SRC da camada":"EPSG:4326 - WGS 84","Codificação":"UTF-8"}},{"type":"Feature","id":"vw_ParqueEscolarMunicipal_2023.fid-5656ca56_19a5f394e75_68e3","geometry":{"type":"Point","coordinates":[-38.59705397,-3.75024597]},"geometry_name":"geom","properties":{"id":42,"fid":42,"Tipo":"CRP","Título":"CRECHE PARCEIRA","Nome":"CONTRUINDO O SABER","Seriação":"I-1,2,3","Faixa etária":"1 A 3 ANOS","Distrito":3,"Endereço":"RUA DESEMBARGADOR FELISMINO, 219","Bairro":"AUTRAN NUNES","Código do bairro":41,"CEP":"60526-760","Regional":"SER 11","INEP":23279397,"CODSGE":1021,"6 mees":"NÃO","1 ano":"SIM","2 anos":"SIM","3 anos":"SIM","4 anos":"NÃO","5 anos":"NÃO","6 anos":"NÃO","7 anos":"NÃO","8 anos":"NÃO","9 anos":"NÃO","10 anos":"NÃO","11 anos":"NÃO","12 anos":"NÃO","13 anos":"NÃO","14 anos":"NÃO","Ano":2023,"Fonte":"Secretaria Municipal de Educação - SME","SRC da camada":"EPSG:4326 - WGS 84","Codificação":"UTF-8"}},{"type":"Feature","id":"vw_ParqueEscolarMunicipal_2023.fid-5656ca56_19a5f394e75_68e4","geometry":{"type":"Point","coordinates":[-38.55413904,-3.74527304]},"geometry_name":"geom","properties":{"id":43,"fid":43,"Tipo":"CEI","Título":"CENTRO DE EDUCAÇÃO INFANTIL","Nome":"VEREADOR FRANCISCO EURIVÁ MATIAS","Seriação":"B/I-1,2,3,4,5","Faixa etária":"6 MESES A 5 ANOS","Distrito":3,"Endereço":"RUA FREI MARCELINO, S/N","Bairro":"RODOLFO TEÓFILO","Código do bairro":34,"CEP":"60431-006","Regional":"SER 3","INEP":23257750,"CODSGE":1015,"6 mees":"SIM","1 ano":"SIM","2 anos":"SIM","3 anos":"SIM","4 anos":"SIM","5 anos":"SIM","6 anos":"NÃO","7 anos":"NÃO","8 anos":"NÃO","9 anos":"NÃO","10 anos":"NÃO","11 anos":"NÃO","12 anos":"NÃO","13 anos":"NÃO","14 anos":"NÃO","Ano":2023,"Fonte":"Secretaria Municipal de Educação - SME","SRC da camada":"EPSG:4326 - WGS 84","Codificação":"UTF-8"}},{"type":"Feature","id":"vw_ParqueEscolarMunicipal_2023.fid-5656ca56_19a5f394e75_68e5","geometry":{"type":"Point","coordinates":[-38.55168669,-3.7506891]},"geometry_name":"geom","properties":{"id":44,"fid":44,"Tipo":"CRP","Título":"CRECHE PARCEIRA","Nome":"NOSSA SENHORA DO LÍBANO","Seriação":"I-1,2,3","Faixa etária":"1 A 3 ANOS","Distrito":3,"Endereço":"RUA PASTOR SAMUEL MUNGUBA, 1431","Bairro":"RODOLFO TEÓFILO","Código do bairro":34,"CEP":"60430-372","Regional":"SER 3","INEP":23279800,"CODSGE":795,"6 mees":"NÃO","1 ano":"SIM","2 anos":"SIM","3 anos":"SIM","4 anos":"NÃO","5 anos":"NÃO","6 anos":"NÃO","7 anos":"NÃO","8 anos":"NÃO","9 anos":"NÃO","10 anos":"NÃO","11 anos":"NÃO","12 anos":"NÃO","13 anos":"NÃO","14 anos":"NÃO","Ano":2023,"Fonte":"Secretaria Municipal de Educação - SME","SRC da camada":"EPSG:4326 - WGS 84","Codificação":"UTF-8"}},{"type":"Feature","id":"vw_ParqueEscolarMunicipal_2023.fid-5656ca56_19a5f394e75_68e6","geometry":{"type":"Point","coordinates":[-38.60668737,-3.80833542]},"geometry_name":"geom","properties":{"id":45,"fid":45,"Tipo":"CRP","Título":"CRECHE PARCEIRA","Nome":"CRIANÇA ESPERANÇA","Seriação":"I-1,2,3","Faixa etária":"1 A 3 ANOS","Distrito":5,"Endereço":"RUA DIVINA, 130","Bairro":"SIQUEIRA","Código do bairro":90,"CEP":"60736-120","Regional":"SER 5","INEP":23279923,"CODSGE":561,"6 mees":"NÃO","1 ano":"SIM","2 anos":"SIM","3 anos":"SIM","4 anos":"NÃO","5 anos":"NÃO","6 anos":"NÃO","7 anos":"NÃO","8 anos":"NÃO","9 anos":"NÃO","10 anos":"NÃO","11 anos":"NÃO","12 anos":"NÃO","13 anos":"NÃO","14 anos":"NÃO","Ano":2023,"Fonte":"Secretaria Municipal de Educação - SME","SRC da camada":"EPSG:4326 - WGS 84","Codificação":"UTF-8"}},{"type":"Feature","id":"vw_ParqueEscolarMunicipal_2023.fid-5656ca56_19a5f394e75_68e7","geometry":{"type":"Point","coordinates":[-38.59797463,-3.79639384]},"geometry_name":"geom","properties":{"id":46,"fid":46,"Tipo":"CRP","Título":"CRECHE PARCEIRA","Nome":"HOTELZINHO ESPAÇO DA CRIANÇA","Seriação":"I-2,3","Faixa etária":"2 E 3 ANOS","Distrito":5,"Endereço":"RUA NOVA CONQUISTA, 406","Bairro":"BOM JARDIM","Código do bairro":72,"CEP":"60543-355","Regional":"SER 5","INEP":23280530,"CODSGE":530,"6 mees":"NÃO","1 ano":"NÃO","2 anos":"SIM","3 anos":"SIM","4 anos":"NÃO","5 anos":"NÃO","6 anos":"NÃO","7 anos":"NÃO","8 anos":"NÃO","9 anos":"NÃO","10 anos":"NÃO","11 anos":"NÃO","12 anos":"NÃO","13 anos":"NÃO","14 anos":"NÃO","Ano":2023,"Fonte":"Secretaria Municipal de Educação - SME","SRC da camada":"EPSG:4326 - WGS 84","Codificação":"UTF-8"}},{"type":"Feature","id":"vw_ParqueEscolarMunicipal_2023.fid-5656ca56_19a5f394e75_68e8","geometry":{"type":"Point","coordinates":[-38.56860414,-3.74902338]},"geometry_name":"geom","properties":{"id":47,"fid":47,"Tipo":"CRP","Título":"CRECHE PARCEIRA","Nome":"PARAÍSO","Seriação":"I-1,2,3","Faixa etária":"1 A 3 ANOS","Distrito":3,"Endereço":"RUA BENJAMIN CONSTANT, 497","Bairro":"PICI","Código do bairro":106,"CEP":"60440-536","Regional":"SER 11","INEP":23279540,"CODSGE":574,"6 mees":"NÃO","1 ano":"SIM","2 anos":"SIM","3 anos":"SIM","4 anos":"NÃO","5 anos":"NÃO","6 anos":"NÃO","7 anos":"NÃO","8 anos":"NÃO","9 anos":"NÃO","10 anos":"NÃO","11 anos":"NÃO","12 anos":"NÃO","13 anos":"NÃO","14 anos":"NÃO","Ano":2023,"Fonte":"Secretaria Municipal de Educação - SME","SRC da camada":"EPSG:4326 - WGS 84","Codificação":"UTF-8"}},{"type":"Feature","id":"vw_ParqueEscolarMunicipal_2023.fid-5656ca56_19a5f394e75_68e9","geometry":{"type":"Point","coordinates":[-38.60456916,-3.72021334]},"geometry_name":"geom","properties":{"id":48,"fid":48,"Tipo":"CRP","Título":"CRECHE PARCEIRA","Nome":"OLHAR DO SABER - VÓ FRANCY","Seriação":"I-1,2,3","Faixa etária":"1 A 3 ANOS","Distrito":1,"Endereço":"RUA PAULO XENOFONTE, 1037","Bairro":"VILA VELHA","Código do bairro":39,"CEP":"60345-156","Regional":"SER 1","INEP":23279834,"CODSGE":547,"6 mees":"NÃO","1 ano":"SIM","2 anos":"SIM","3 anos":"SIM","4 anos":"NÃO","5 anos":"NÃO","6 anos":"NÃO","7 anos":"NÃO","8 anos":"NÃO","9 anos":"NÃO","10 anos":"NÃO","11 anos":"NÃO","12 anos":"NÃO","13 anos":"NÃO","14 anos":"NÃO","Ano":2023,"Fonte":"Secretaria Municipal de Educação - SME","SRC da camada":"EPSG:4326 - WGS 84","Codificação":"UTF-8"}},{"type":"Feature","id":"vw_ParqueEscolarMunicipal_2023.fid-5656ca56_19a5f394e75_68ea","geometry":{"type":"Point","coordinates":[-38.50477797,-3.86099503]},"geometry_name":"geom","properties":{"id":49,"fid":49,"Tipo":"CRP","Título":"CRECHE PARCEIRA","Nome":"ARCA DOS SONHOS","Seriação":"I-2,3","Faixa etária":"2 E 3 ANOS","Distrito":6,"Endereço":"RUA FLORESTA, 180","Bairro":"ANCURI","Código do bairro":50,"CEP":"60874-160","Regional":"SER 9","INEP":23280336,"CODSGE":523,"6 mees":"NÃO","1 ano":"NÃO","2 anos":"SIM","3 anos":"SIM","4 anos":"NÃO","5 anos":"NÃO","6 anos":"NÃO","7 anos":"NÃO","8 anos":"NÃO","9 anos":"NÃO","10 anos":"NÃO","11 anos":"NÃO","12 anos":"NÃO","13 anos":"NÃO","14 anos":"NÃO","Ano":2023,"Fonte":"Secretaria Municipal de Educação - SME","SRC da camada":"EPSG:4326 - WGS 84","Codificação":"UTF-8"}},{"type":"Feature","id":"vw_ParqueEscolarMunicipal_2023.fid-5656ca56_19a5f394e75_68eb","geometry":{"type":"Point","coordinates":[-38.52731986,-3.81650167]},"geometry_name":"geom","properties":{"id":50,"fid":50,"Tipo":"CRP","Título":"CRECHE PARCEIRA","Nome":"REGINA DE FÁTIMA","Seriação":"I-1,2,3","Faixa etária":"1 A 3 ANOS","Distrito":4,"Endereço":"RUA G, S/N (CONJ. BARROSO II)","Bairro":"PASSARÉ","Código do bairro":88,"CEP":"60867-320","Regional":"SER 8","INEP":23280620,"CODSGE":538,"6 mees":"NÃO","1 ano":"SIM","2 anos":"SIM","3 anos":"SIM","4 anos":"NÃO","5 anos":"NÃO","6 anos":"NÃO","7 anos":"NÃO","8 anos":"NÃO","9 anos":"NÃO","10 anos":"NÃO","11 anos":"NÃO","12 anos":"NÃO","13 anos":"NÃO","14 anos":"NÃO","Ano":2023,"Fonte":"Secretaria Municipal de Educação - SME","SRC da camada":"EPSG:4326 - WGS 84","Codificação":"UTF-8"}},{"type":"Feature","id":"vw_ParqueEscolarMunicipal_2023.fid-5656ca56_19a5f394e75_68ec","geometry":{"type":"Point","coordinates":[-38.57871102,-3.70211736]},"geometry_name":"geom","properties":{"id":51,"fid":51,"Tipo":"CRP","Título":"CRECHE PARCEIRA","Nome":"PEQUENO POLEGAR","Seriação":"I-2,3","Faixa etária":"2 E 3 ANOS","Distrito":1,"Endereço":"RUA MOACIR, 45","Bairro":"BARRA DO CEARÁ","Código do bairro":6,"CEP":"60332-650","Regional":"SER 1","INEP":23280930,"CODSGE":528,"6 mees":"NÃO","1 ano":"NÃO","2 anos":"SIM","3 anos":"SIM","4 anos":"NÃO","5 anos":"NÃO","6 anos":"NÃO","7 anos":"NÃO","8 anos":"NÃO","9 anos":"NÃO","10 anos":"NÃO","11 anos":"NÃO","12 anos":"NÃO","13 anos":"NÃO","14 anos":"NÃO","Ano":2023,"Fonte":"Secretaria Municipal de Educação - SME","SRC da camada":"EPSG:4326 - WGS 84","Codificação":"UTF-8"}},{"type":"Feature","id":"vw_ParqueEscolarMunicipal_2023.fid-5656ca56_19a5f394e75_68ed","geometry":{"type":"Point","coordinates":[-38.51903102,-3.85459908]},"geometry_name":"geom","properties":{"id":52,"fid":52,"Tipo":"EMTP","Título":"ESCOLA MUNICIPAL","Nome":"PROFESSOR ASTHON GUILHERME DA SILVA","Seriação":"F-1,2,3,4,5,6,7,8,9","Faixa etária":"6 A 14 ANOS","Distrito":6,"Endereço":"RUA B, 295 (RES. JOSÉ EUCLIDES)","Bairro":"JANGURUSSU","Código do bairro":61,"CEP":"60877-236","Regional":"SER 9","INEP":23277572,"CODSGE":1017,"6 mees":"NÃO","1 ano":"NÃO","2 anos":"NÃO","3 anos":"NÃO","4 anos":"NÃO","5 anos":"NÃO","6 anos":"SIM","7 anos":"SIM","8 anos":"SIM","9 anos":"SIM","10 anos":"SIM","11 anos":"SIM","12 anos":"SIM","13 anos":"SIM","14 anos":"SIM","Ano":2023,"Fonte":"Secretaria Municipal de Educação - SME","SRC da camada":"EPSG:4326 - WGS 84","Codificação":"UTF-8"}},{"type":"Feature","id":"vw_ParqueEscolarMunicipal_2023.fid-5656ca56_19a5f394e75_68ee","geometry":{"type":"Point","coordinates":[-38.51485235,-3.81983737]},"geometry_name":"geom","properties":{"id":53,"fid":53,"Tipo":"EMTI","Título":"ESCOLA MUNICIPAL DE TEMPO INTEGRAL","Nome":"JOSÉ AROLDO CAVALCANTE MOTA","Seriação":"F-6,7,8,9","Faixa etária":"11 A 14 ANOS","Distrito":6,"Endereço":"RUA F, S/N (LOT. MORUMBI I)","Bairro":"BARROSO","Código do bairro":51,"CEP":"60863-110","Regional":"SER 9","INEP":23277564,"CODSGE":956,"6 mees":"NÃO","1 ano":"NÃO","2 anos":"NÃO","3 anos":"NÃO","4 anos":"NÃO","5 anos":"NÃO","6 anos":"NÃO","7 anos":"NÃO","8 anos":"NÃO","9 anos":"NÃO","10 anos":"NÃO","11 anos":"SIM","12 anos":"SIM","13 anos":"SIM","14 anos":"SIM","Ano":2023,"Fonte":"Secretaria Municipal de Educação - SME","SRC da camada":"EPSG:4326 - WGS 84","Codificação":"UTF-8"}},{"type":"Feature","id":"vw_ParqueEscolarMunicipal_2023.fid-5656ca56_19a5f394e75_68ef","geometry":{"type":"Point","coordinates":[-38.61492208,-3.81430017]},"geometry_name":"geom","properties":{"id":54,"fid":54,"Tipo":"EMTI","Título":"ESCOLA MUNICIPAL DE TEMPO INTEGRAL","Nome":"PROFESSOR AGERSON TABOSA PINTO","Seriação":"F-6,7,8,9","Faixa etária":"11 A 14 ANOS","Distrito":5,"Endereço":"RUA WILCA ALBUQUERQUE, 90","Bairro":"SIQUEIRA","Código do bairro":90,"CEP":"60732-545","Regional":"SER 5","INEP":23277408,"CODSGE":1014,"6 mees":"NÃO","1 ano":"NÃO","2 anos":"NÃO","3 anos":"NÃO","4 anos":"NÃO","5 anos":"NÃO","6 anos":"NÃO","7 anos":"NÃO","8 anos":"NÃO","9 anos":"NÃO","10 anos":"NÃO","11 anos":"SIM","12 anos":"SIM","13 anos":"SIM","14 anos":"SIM","Ano":2023,"Fonte":"Secretaria Municipal de Educação - SME","SRC da camada":"EPSG:4326 - WGS 84","Codificação":"UTF-8"}},{"type":"Feature","id":"vw_ParqueEscolarMunicipal_2023.fid-5656ca56_19a5f394e75_68f0","geometry":{"type":"Point","coordinates":[-38.59532755,-3.75402877]},"geometry_name":"geom","properties":{"id":55,"fid":55,"Tipo":"EMTI","Título":"ESCOLA MUNICIPAL DE TEMPO INTEGRAL","Nome":"MARIA DA HORA","Seriação":"F-6,7,8,9","Faixa etária":"11 A 14 ANOS","Distrito":3,"Endereço":"RUA RAIMUNDO RIBEIRO, 402","Bairro":"AUTRAN NUNES","Código do bairro":41,"CEP":"60526-500","Regional":"SER 11","INEP":23277246,"CODSGE":985,"6 mees":"NÃO","1 ano":"NÃO","2 anos":"NÃO","3 anos":"NÃO","4 anos":"NÃO","5 anos":"NÃO","6 anos":"NÃO","7 anos":"NÃO","8 anos":"NÃO","9 anos":"NÃO","10 anos":"NÃO","11 anos":"SIM","12 anos":"SIM","13 anos":"SIM","14 anos":"SIM","Ano":2023,"Fonte":"Secretaria Municipal de Educação - SME","SRC da camada":"EPSG:4326 - WGS 84","Codificação":"UTF-8"}},{"type":"Feature","id":"vw_ParqueEscolarMunicipal_2023.fid-5656ca56_19a5f394e75_68f1","geometry":{"type":"Point","coordinates":[-38.4921843,-3.82174228]},"geometry_name":"geom","properties":{"id":56,"fid":56,"Tipo":"CEI","Título":"CENTRO DE EDUCAÇÃO INFANTIL","Nome":"IRMÃ ZEFERINA MARIA","Seriação":"B/I-1,2,3,4","Faixa etária":"6 MESES A 4 ANOS","Distrito":6,"Endereço":"RUA CEL. JOÃO DE OLIVEIRA, S/N","Bairro":"MESSEJANA","Código do bairro":65,"CEP":"60841-400","Regional":"SER 6","INEP":23263075,"CODSGE":988,"6 mees":"SIM","1 ano":"SIM","2 anos":"SIM","3 anos":"SIM","4 anos":"SIM","5 anos":"NÃO","6 anos":"NÃO","7 anos":"NÃO","8 anos":"NÃO","9 anos":"NÃO","10 anos":"NÃO","11 anos":"NÃO","12 anos":"NÃO","13 anos":"NÃO","14 anos":"NÃO","Ano":2023,"Fonte":"Secretaria Municipal de Educação - SME","SRC da camada":"EPSG:4326 - WGS 84","Codificação":"UTF-8"}},{"type":"Feature","id":"vw_ParqueEscolarMunicipal_2023.fid-5656ca56_19a5f394e75_68f2","geometry":{"type":"Point","coordinates":[-38.60077448,-3.7139802]},"geometry_name":"geom","properties":{"id":57,"fid":57,"Tipo":"EMTI","Título":"ESCOLA MUNICIPAL DE TEMPO INTEGRAL","Nome":"DEPUTADO ROBERTO MESQUITA","Seriação":"F-6,7,8,9","Faixa etária":"11 A 14 ANOS","Distrito":1,"Endereço":"RUA BETA, S/N","Bairro":"VILA VELHA","Código do bairro":39,"CEP":"60349-130","Regional":"SER 1","INEP":23277238,"CODSGE":987,"6 mees":"NÃO","1 ano":"NÃO","2 anos":"NÃO","3 anos":"NÃO","4 anos":"NÃO","5 anos":"NÃO","6 anos":"NÃO","7 anos":"NÃO","8 anos":"NÃO","9 anos":"NÃO","10 anos":"NÃO","11 anos":"SIM","12 anos":"SIM","13 anos":"SIM","14 anos":"SIM","Ano":2023,"Fonte":"Secretaria Municipal de Educação - SME","SRC da camada":"EPSG:4326 - WGS 84","Codificação":"UTF-8"}},{"type":"Feature","id":"vw_ParqueEscolarMunicipal_2023.fid-5656ca56_19a5f394e75_68f3","geometry":{"type":"Point","coordinates":[-38.58502878,-3.70595468]},"geometry_name":"geom","properties":{"id":58,"fid":58,"Tipo":"CEI","Título":"CENTRO DE EDUCAÇÃO INFANTIL","Nome":"MARIA AGLAÊ GONÇALVES MONTEIRO","Seriação":"B/I-1,2,3,4","Faixa etária":"6 MESES A 4 ANOS","Distrito":1,"Endereço":"RUA CÂNDIDO CASTELO BRANCO, S/N","Bairro":"BARRA DO CEARÁ","Código do bairro":6,"CEP":"60331-190","Regional":"SER 1","INEP":23256036,"CODSGE":986,"6 mees":"SIM","1 ano":"SIM","2 anos":"SIM","3 anos":"SIM","4 anos":"SIM","5 anos":"NÃO","6 anos":"NÃO","7 anos":"NÃO","8 anos":"NÃO","9 anos":"NÃO","10 anos":"NÃO","11 anos":"NÃO","12 anos":"NÃO","13 anos":"NÃO","14 anos":"NÃO","Ano":2023,"Fonte":"Secretaria Municipal de Educação - SME","SRC da camada":"EPSG:4326 - WGS 84","Codificação":"UTF-8"}},{"type":"Feature","id":"vw_ParqueEscolarMunicipal_2023.fid-5656ca56_19a5f394e75_68f4","geometry":{"type":"Point","coordinates":[-38.46121432,-3.80444188]},"geometry_name":"geom","properties":{"id":59,"fid":59,"Tipo":"CEI","Título":"CENTRO DE EDUCAÇÃO INFANTIL","Nome":"MARIA DAS DORES BEZERRA DE CARVALHO","Seriação":"B/I-1,2,3","Faixa etária":"6 MESES A 3 ANOS","Distrito":2,"Endereço":"RUA MANUEL BERNARDO, 11","Bairro":"SAPIRANGA/COITÉ","Código do bairro":64,"CEP":"60833-601","Regional":"SER 7","INEP":23256559,"CODSGE":982,"6 mees":"SIM","1 ano":"SIM","2 anos":"SIM","3 anos":"SIM","4 anos":"NÃO","5 anos":"NÃO","6 anos":"NÃO","7 anos":"NÃO","8 anos":"NÃO","9 anos":"NÃO","10 anos":"NÃO","11 anos":"NÃO","12 anos":"NÃO","13 anos":"NÃO","14 anos":"NÃO","Ano":2023,"Fonte":"Secretaria Municipal de Educação - SME","SRC da camada":"EPSG:4326 - WGS 84","Codificação":"UTF-8"}},{"type":"Feature","id":"vw_ParqueEscolarMunicipal_2023.fid-5656ca56_19a5f394e75_68f5","geometry":{"type":"Point","coordinates":[-38.47276605,-3.72293482]},"geometry_name":"geom","properties":{"id":60,"fid":60,"Tipo":"CEI","Título":"CENTRO DE EDUCAÇÃO INFANTIL","Nome":"RACHEL GUIMARÃES MARTINS BARBOSA","Seriação":"B/I-1,2,3","Faixa etária":"6 MESES A 3 ANOS","Distrito":2,"Endereço":"VIA LOCAL LESTE OESTE 02, S/N","Bairro":"CAIS DO PORTO","Código do bairro":110,"CEP":"60180-754","Regional":"SER 2","INEP":23198818,"CODSGE":991,"6 mees":"SIM","1 ano":"SIM","2 anos":"SIM","3 anos":"SIM","4 anos":"NÃO","5 anos":"NÃO","6 anos":"NÃO","7 anos":"NÃO","8 anos":"NÃO","9 anos":"NÃO","10 anos":"NÃO","11 anos":"NÃO","12 anos":"NÃO","13 anos":"NÃO","14 anos":"NÃO","Ano":2023,"Fonte":"Secretaria Municipal de Educação - SME","SRC da camada":"EPSG:4326 - WGS 84","Codificação":"UTF-8"}},{"type":"Feature","id":"vw_ParqueEscolarMunicipal_2023.fid-5656ca56_19a5f394e75_68f6","geometry":{"type":"Point","coordinates":[-38.55296503,-3.80224296]},"geometry_name":"geom","properties":{"id":61,"fid":61,"Tipo":"CEI","Título":"CENTRO DE EDUCAÇÃO INFANTIL","Nome":"ANA AMÉLIA BEZERRA DE MENEZES E SOUZA","Seriação":"B/I-1,2,3,4","Faixa etária":"6 MESES A 4 ANOS","Distrito":4,"Endereço":"RUA G, S/N (LOT. DOS EXPEDICIONARIOS II)","Bairro":"RACHEL DE QUEIROZ","Código do bairro":77,"CEP":"60714-710","Regional":"SER 8","INEP":23242710,"CODSGE":989,"6 mees":"SIM","1 ano":"SIM","2 anos":"SIM","3 anos":"SIM","4 anos":"SIM","5 anos":"NÃO","6 anos":"NÃO","7 anos":"NÃO","8 anos":"NÃO","9 anos":"NÃO","10 anos":"NÃO","11 anos":"NÃO","12 anos":"NÃO","13 anos":"NÃO","14 anos":"NÃO","Ano":2023,"Fonte":"Secretaria Municipal de Educação - SME","SRC da camada":"EPSG:4326 - WGS 84","Codificação":"UTF-8"}},{"type":"Feature","id":"vw_ParqueEscolarMunicipal_2023.fid-5656ca56_19a5f394e75_68f7","geometry":{"type":"Point","coordinates":[-38.46897911,-3.74420965]},"geometry_name":"geom","properties":{"id":62,"fid":62,"Tipo":"CEI","Título":"CENTRO DE EDUCAÇÃO INFANTIL","Nome":"WILMA MARIA DE VASCONCELOS LEOPÉRCIO","Seriação":"B/I-1,2","Faixa etária":"6 MESES A 2 ANOS","Distrito":2,"Endereço":"RUA DR. FRANCISCO MATOS, S/N","Bairro":"PAPICU","Código do bairro":27,"CEP":"60176-135","Regional":"SER 2","INEP":23270560,"CODSGE":979,"6 mees":"SIM","1 ano":"SIM","2 anos":"SIM","3 anos":"NÃO","4 anos":"NÃO","5 anos":"NÃO","6 anos":"NÃO","7 anos":"NÃO","8 anos":"NÃO","9 anos":"NÃO","10 anos":"NÃO","11 anos":"NÃO","12 anos":"NÃO","13 anos":"NÃO","14 anos":"NÃO","Ano":2023,"Fonte":"Secretaria Municipal de Educação - SME","SRC da camada":"EPSG:4326 - WGS 84","Codificação":"UTF-8"}},{"type":"Feature","id":"vw_ParqueEscolarMunicipal_2023.fid-5656ca56_19a5f394e75_68f8","geometry":{"type":"Point","coordinates":[-38.46887595,-3.77374861]},"geometry_name":"geom","properties":{"id":63,"fid":63,"Tipo":"CEI","Título":"CENTRO DE EDUCAÇÃO INFANTIL","Nome":"DEPUTADO EDSON QUEIROZ FILHO","Seriação":"B/I-1,2,3","Faixa etária":"6 MESES A 3 ANOS","Distrito":2,"Endereço":"RUA JAIME ALMEIDA, S/N","Bairro":"EDSON QUEIROZ","Código do bairro":57,"CEP":"60812-740","Regional":"SER 7","INEP":23070048,"CODSGE":980,"6 mees":"SIM","1 ano":"SIM","2 anos":"SIM","3 anos":"SIM","4 anos":"NÃO","5 anos":"NÃO","6 anos":"NÃO","7 anos":"NÃO","8 anos":"NÃO","9 anos":"NÃO","10 anos":"NÃO","11 anos":"NÃO","12 anos":"NÃO","13 anos":"NÃO","14 anos":"NÃO","Ano":2023,"Fonte":"Secretaria Municipal de Educação - SME","SRC da camada":"EPSG:4326 - WGS 84","Codificação":"UTF-8"}},{"type":"Feature","id":"vw_ParqueEscolarMunicipal_2023.fid-5656ca56_19a5f394e75_68f9","geometry":{"type":"Point","coordinates":[-38.45540111,-3.7730101]},"geometry_name":"geom","properties":{"id":64,"fid":64,"Tipo":"CEI","Título":"CENTRO DE EDUCAÇÃO INFANTIL","Nome":"ANTÔNIA AGOSTINHO DE SOUSA","Seriação":"B/I-1,2,3","Faixa etária":"6 MESES A 3 ANOS","Distrito":2,"Endereço":"RUA TUIUIÚ, S/N","Bairro":"EDSON QUEIROZ","Código do bairro":57,"CEP":"60812-566","Regional":"SER 7","INEP":23250631,"CODSGE":978,"6 mees":"SIM","1 ano":"SIM","2 anos":"SIM","3 anos":"SIM","4 anos":"NÃO","5 anos":"NÃO","6 anos":"NÃO","7 anos":"NÃO","8 anos":"NÃO","9 anos":"NÃO","10 anos":"NÃO","11 anos":"NÃO","12 anos":"NÃO","13 anos":"NÃO","14 anos":"NÃO","Ano":2023,"Fonte":"Secretaria Municipal de Educação - SME","SRC da camada":"EPSG:4326 - WGS 84","Codificação":"UTF-8"}},{"type":"Feature","id":"vw_ParqueEscolarMunicipal_2023.fid-5656ca56_19a5f394e75_68fa","geometry":{"type":"Point","coordinates":[-38.48022675,-3.85259111]},"geometry_name":"geom","properties":{"id":65,"fid":65,"Tipo":"CEI","Título":"CENTRO DE EDUCAÇÃO INFANTIL","Nome":"DOM BEDA PEREIRA DE HOLANDA","Seriação":"B/I-1,2,3","Faixa etária":"6 MESES A 3 ANOS","Distrito":6,"Endereço":"RUA MARIA FERREIRA DOS SANTOS, S/N","Bairro":"SÃO BENTO","Código do bairro":119,"CEP":"60875-565","Regional":"SER 6","INEP":23546018,"CODSGE":983,"6 mees":"SIM","1 ano":"SIM","2 anos":"SIM","3 anos":"SIM","4 anos":"NÃO","5 anos":"NÃO","6 anos":"NÃO","7 anos":"NÃO","8 anos":"NÃO","9 anos":"NÃO","10 anos":"NÃO","11 anos":"NÃO","12 anos":"NÃO","13 anos":"NÃO","14 anos":"NÃO","Ano":2023,"Fonte":"Secretaria Municipal de Educação - SME","SRC da camada":"EPSG:4326 - WGS 84","Codificação":"UTF-8"}},{"type":"Feature","id":"vw_ParqueEscolarMunicipal_2023.fid-5656ca56_19a5f394e75_68fb","geometry":{"type":"Point","coordinates":[-38.61997407,-3.80329616]},"geometry_name":"geom","properties":{"id":66,"fid":66,"Tipo":"CEI","Título":"CENTRO DE EDUCAÇÃO INFANTIL","Nome":"PROFESSORA MARIA LUIZA MOTA MACHADO","Seriação":"B/I-1,2,3","Faixa etária":"6 MESES A 3 ANOS","Distrito":5,"Endereço":"RUA SERENA, S/N","Bairro":"SIQUEIRA","Código do bairro":90,"CEP":"60544-785","Regional":"SER 5","INEP":23264187,"CODSGE":977,"6 mees":"SIM","1 ano":"SIM","2 anos":"SIM","3 anos":"SIM","4 anos":"NÃO","5 anos":"NÃO","6 anos":"NÃO","7 anos":"NÃO","8 anos":"NÃO","9 anos":"NÃO","10 anos":"NÃO","11 anos":"NÃO","12 anos":"NÃO","13 anos":"NÃO","14 anos":"NÃO","Ano":2023,"Fonte":"Secretaria Municipal de Educação - SME","SRC da camada":"EPSG:4326 - WGS 84","Codificação":"UTF-8"}},{"type":"Feature","id":"vw_ParqueEscolarMunicipal_2023.fid-5656ca56_19a5f394e75_68fc","geometry":{"type":"Point","coordinates":[-38.56479884,-3.83482629]},"geometry_name":"geom","properties":{"id":67,"fid":67,"Tipo":"CEI","Título":"CENTRO DE EDUCAÇÃO INFANTIL","Nome":"ARIEVALDO VIANA","Seriação":"B/I-1,2,3","Faixa etária":"6 MESES A 3 ANOS","Distrito":4,"Endereço":"RUA CORONEL DE QUEIROZ, S/N","Bairro":"PLANALTO AYRTON SENNA","Código do bairro":116,"CEP":"60760-510","Regional":"SER 8","INEP":23065621,"CODSGE":962,"6 mees":"SIM","1 ano":"SIM","2 anos":"SIM","3 anos":"SIM","4 anos":"NÃO","5 anos":"NÃO","6 anos":"NÃO","7 anos":"NÃO","8 anos":"NÃO","9 anos":"NÃO","10 anos":"NÃO","11 anos":"NÃO","12 anos":"NÃO","13 anos":"NÃO","14 anos":"NÃO","Ano":2023,"Fonte":"Secretaria Municipal de Educação - SME","SRC da camada":"EPSG:4326 - WGS 84","Codificação":"UTF-8"}},{"type":"Feature","id":"vw_ParqueEscolarMunicipal_2023.fid-5656ca56_19a5f394e75_68fd","geometry":{"type":"Point","coordinates":[-38.5357267,-3.83228976]},"geometry_name":"geom","properties":{"id":68,"fid":68,"Tipo":"CEI","Título":"CENTRO DE EDUCAÇÃO INFANTIL","Nome":"PROFESSOR GENUÍNO FRANCISCO DE SALES","Seriação":"B/I-1,2,3,4","Faixa etária":"6 MESES A 4 ANOS","Distrito":4,"Endereço":"RUA 12H, S/N (LOT. CIDADE JARDIM FORTALEZA)","Bairro":"PREFEITO JOSÉ WALTER","Código do bairro":89,"CEP":"60749-022","Regional":"SER 8","INEP":23256850,"CODSGE":981,"6 mees":"SIM","1 ano":"SIM","2 anos":"SIM","3 anos":"SIM","4 anos":"SIM","5 anos":"NÃO","6 anos":"NÃO","7 anos":"NÃO","8 anos":"NÃO","9 anos":"NÃO","10 anos":"NÃO","11 anos":"NÃO","12 anos":"NÃO","13 anos":"NÃO","14 anos":"NÃO","Ano":2023,"Fonte":"Secretaria Municipal de Educação - SME","SRC da camada":"EPSG:4326 - WGS 84","Codificação":"UTF-8"}},{"type":"Feature","id":"vw_ParqueEscolarMunicipal_2023.fid-5656ca56_19a5f394e75_68fe","geometry":{"type":"Point","coordinates":[-38.48885509,-3.85649052]},"geometry_name":"geom","properties":{"id":69,"fid":69,"Tipo":"CEI","Título":"CENTRO DE EDUCAÇÃO INFANTIL","Nome":"DALILA DELMAS MONTENEGRO","Seriação":"B/I-1,2,3,4,5","Faixa etária":"6 MESES A 5 ANOS","Distrito":6,"Endereço":"RUA 6, S/N (CONJ. ALTO ALEGRE)","Bairro":"SÃO BENTO","Código do bairro":119,"CEP":"60875-340","Regional":"SER 6","INEP":23065206,"CODSGE":963,"6 mees":"SIM","1 ano":"SIM","2 anos":"SIM","3 anos":"SIM","4 anos":"SIM","5 anos":"SIM","6 anos":"NÃO","7 anos":"NÃO","8 anos":"NÃO","9 anos":"NÃO","10 anos":"NÃO","11 anos":"NÃO","12 anos":"NÃO","13 anos":"NÃO","14 anos":"NÃO","Ano":2023,"Fonte":"Secretaria Municipal de Educação - SME","SRC da camada":"EPSG:4326 - WGS 84","Codificação":"UTF-8"}},{"type":"Feature","id":"vw_ParqueEscolarMunicipal_2023.fid-5656ca56_19a5f394e75_68ff","geometry":{"type":"Point","coordinates":[-38.61391684,-3.79165286]},"geometry_name":"geom","properties":{"id":70,"fid":70,"Tipo":"CRP","Título":"CRECHE PARCEIRA","Nome":"CENTRO DE DESENVOLVIMENTO INTEGRADO DA VIDA","Seriação":"I-1,2,3","Faixa etária":"1 A 3 ANOS","Distrito":5,"Endereço":"RUA XAVIER DA SILVEIRA, 2644","Bairro":"GRANJA LISBOA","Código do bairro":78,"CEP":"60540-215","Regional":"SER 5","INEP":23280964,"CODSGE":969,"6 mees":"NÃO","1 ano":"SIM","2 anos":"SIM","3 anos":"SIM","4 anos":"NÃO","5 anos":"NÃO","6 anos":"NÃO","7 anos":"NÃO","8 anos":"NÃO","9 anos":"NÃO","10 anos":"NÃO","11 anos":"NÃO","12 anos":"NÃO","13 anos":"NÃO","14 anos":"NÃO","Ano":2023,"Fonte":"Secretaria Municipal de Educação - SME","SRC da camada":"EPSG:4326 - WGS 84","Codificação":"UTF-8"}},{"type":"Feature","id":"vw_ParqueEscolarMunicipal_2023.fid-5656ca56_19a5f394e75_6900","geometry":{"type":"Point","coordinates":[-38.60042346,-3.81860835]},"geometry_name":"geom","properties":{"id":71,"fid":71,"Tipo":"CRP","Título":"CRECHE PARCEIRA","Nome":"CORAÇÃO DE MARIA","Seriação":"I-1,2,3","Faixa etária":"1 A 3 ANOS","Distrito":5,"Endereço":"RUA SÃO BASÍLIO, 979","Bairro":"PARQUE PRESIDENTE VARGAS","Código do bairro":85,"CEP":"60762-765","Regional":"SER 10","INEP":23279990,"CODSGE":976,"6 mees":"NÃO","1 ano":"SIM","2 anos":"SIM","3 anos":"SIM","4 anos":"NÃO","5 anos":"NÃO","6 anos":"NÃO","7 anos":"NÃO","8 anos":"NÃO","9 anos":"NÃO","10 anos":"NÃO","11 anos":"NÃO","12 anos":"NÃO","13 anos":"NÃO","14 anos":"NÃO","Ano":2023,"Fonte":"Secretaria Municipal de Educação - SME","SRC da camada":"EPSG:4326 - WGS 84","Codificação":"UTF-8"}},{"type":"Feature","id":"vw_ParqueEscolarMunicipal_2023.fid-5656ca56_19a5f394e75_6901","geometry":{"type":"Point","coordinates":[-38.58597264,-3.81842227]},"geometry_name":"geom","properties":{"id":72,"fid":72,"Tipo":"CRP","Título":"CRECHE PARCEIRA","Nome":"COR DO BRASIL","Seriação":"I-1,2,3","Faixa etária":"1 A 3 ANOS","Distrito":5,"Endereço":"RUA SÃO FRANCISCO, 21","Bairro":"MONDUBIM","Código do bairro":83,"CEP":"60767-500","Regional":"SER 10","INEP":23279400,"CODSGE":970,"6 mees":"NÃO","1 ano":"SIM","2 anos":"SIM","3 anos":"SIM","4 anos":"NÃO","5 anos":"NÃO","6 anos":"NÃO","7 anos":"NÃO","8 anos":"NÃO","9 anos":"NÃO","10 anos":"NÃO","11 anos":"NÃO","12 anos":"NÃO","13 anos":"NÃO","14 anos":"NÃO","Ano":2023,"Fonte":"Secretaria Municipal de Educação - SME","SRC da camada":"EPSG:4326 - WGS 84","Codificação":"UTF-8"}},{"type":"Feature","id":"vw_ParqueEscolarMunicipal_2023.fid-5656ca56_19a5f394e75_6902","geometry":{"type":"Point","coordinates":[-38.59763531,-3.82437671]},"geometry_name":"geom","properties":{"id":73,"fid":73,"Tipo":"CRP","Título":"CRECHE PARCEIRA","Nome":"TIO CAZUZA","Seriação":"I-1,2,3","Faixa etária":"1 A 3 ANOS","Distrito":5,"Endereço":"RUA VICENTE CELESTINO, 1230","Bairro":"PARQUE PRESIDENTE VARGAS","Código do bairro":85,"CEP":"60765-640","Regional":"SER 10","INEP":23280638,"CODSGE":968,"6 mees":"NÃO","1 ano":"SIM","2 anos":"SIM","3 anos":"SIM","4 anos":"NÃO","5 anos":"NÃO","6 anos":"NÃO","7 anos":"NÃO","8 anos":"NÃO","9 anos":"NÃO","10 anos":"NÃO","11 anos":"NÃO","12 anos":"NÃO","13 anos":"NÃO","14 anos":"NÃO","Ano":2023,"Fonte":"Secretaria Municipal de Educação - SME","SRC da camada":"EPSG:4326 - WGS 84","Codificação":"UTF-8"}},{"type":"Feature","id":"vw_ParqueEscolarMunicipal_2023.fid-5656ca56_19a5f394e75_6903","geometry":{"type":"Point","coordinates":[-38.59213288,-3.77729442]},"geometry_name":"geom","properties":{"id":74,"fid":74,"Tipo":"CRP","Título":"CRECHE PARCEIRA","Nome":"MUNDO FELIZ","Seriação":"I-1,2,3","Faixa etária":"1 A 3 ANOS","Distrito":5,"Endereço":"RUA FRANCISCO DOMINGOS, 1388","Bairro":"BONSUCESSO","Código do bairro":73,"CEP":"60541-805","Regional":"SER 5","INEP":23279486,"CODSGE":974,"6 mees":"NÃO","1 ano":"SIM","2 anos":"SIM","3 anos":"SIM","4 anos":"NÃO","5 anos":"NÃO","6 anos":"NÃO","7 anos":"NÃO","8 anos":"NÃO","9 anos":"NÃO","10 anos":"NÃO","11 anos":"NÃO","12 anos":"NÃO","13 anos":"NÃO","14 anos":"NÃO","Ano":2023,"Fonte":"Secretaria Municipal de Educação - SME","SRC da camada":"EPSG:4326 - WGS 84","Codificação":"UTF-8"}},{"type":"Feature","id":"vw_ParqueEscolarMunicipal_2023.fid-5656ca56_19a5f394e75_6904","geometry":{"type":"Point","coordinates":[-38.55758309,-3.81292983]},"geometry_name":"geom","properties":{"id":75,"fid":75,"Tipo":"CRP","Título":"CRECHE PARCEIRA","Nome":"MEU ANJO","Seriação":"I-1,2,3","Faixa etária":"1 A 3 ANOS","Distrito":5,"Endereço":"RUA VEREADORA ZÉLIA CORREIA DE SOUSA, 897","Bairro":"MONDUBIM","Código do bairro":83,"CEP":"60761-515","Regional":"SER 10","INEP":23279877,"CODSGE":973,"6 mees":"NÃO","1 ano":"SIM","2 anos":"SIM","3 anos":"SIM","4 anos":"NÃO","5 anos":"NÃO","6 anos":"NÃO","7 anos":"NÃO","8 anos":"NÃO","9 anos":"NÃO","10 anos":"NÃO","11 anos":"NÃO","12 anos":"NÃO","13 anos":"NÃO","14 anos":"NÃO","Ano":2023,"Fonte":"Secretaria Municipal de Educação - SME","SRC da camada":"EPSG:4326 - WGS 84","Codificação":"UTF-8"}},{"type":"Feature","id":"vw_ParqueEscolarMunicipal_2023.fid-5656ca56_19a5f394e75_6905","geometry":{"type":"Point","coordinates":[-38.55500831,-3.81335746]},"geometry_name":"geom","properties":{"id":76,"fid":76,"Tipo":"CRP","Título":"CRECHE PARCEIRA","Nome":"TIA LELEU II","Seriação":"I-1,2,3","Faixa etária":"1 A 3 ANOS","Distrito":4,"Endereço":"RUA BARBACENA, 297","Bairro":"PARQUE DOIS IRMÃOS","Código do bairro":84,"CEP":"60761-210","Regional":"SER 8","INEP":23280123,"CODSGE":967,"6 mees":"NÃO","1 ano":"SIM","2 anos":"SIM","3 anos":"SIM","4 anos":"NÃO","5 anos":"NÃO","6 anos":"NÃO","7 anos":"NÃO","8 anos":"NÃO","9 anos":"NÃO","10 anos":"NÃO","11 anos":"NÃO","12 anos":"NÃO","13 anos":"NÃO","14 anos":"NÃO","Ano":2023,"Fonte":"Secretaria Municipal de Educação - SME","SRC da camada":"EPSG:4326 - WGS 84","Codificação":"UTF-8"}},{"type":"Feature","id":"vw_ParqueEscolarMunicipal_2023.fid-5656ca56_19a5f394e75_6906","geometry":{"type":"Point","coordinates":[-38.52069878,-3.78627634]},"geometry_name":"geom","properties":{"id":77,"fid":77,"Tipo":"CRP","Título":"CRECHE PARCEIRA","Nome":"PEQUENOS PASSINHOS","Seriação":"I-1,2,3","Faixa etária":"1 A 3 ANOS","Distrito":4,"Endereço":"RUA PEDRO DANTAS, 335","Bairro":"DIAS MACÊDO","Código do bairro":98,"CEP":"60860-150","Regional":"SER 8","INEP":23257679,"CODSGE":966,"6 mees":"NÃO","1 ano":"SIM","2 anos":"SIM","3 anos":"SIM","4 anos":"NÃO","5 anos":"NÃO","6 anos":"NÃO","7 anos":"NÃO","8 anos":"NÃO","9 anos":"NÃO","10 anos":"NÃO","11 anos":"NÃO","12 anos":"NÃO","13 anos":"NÃO","14 anos":"NÃO","Ano":2023,"Fonte":"Secretaria Municipal de Educação - SME","SRC da camada":"EPSG:4326 - WGS 84","Codificação":"UTF-8"}},{"type":"Feature","id":"vw_ParqueEscolarMunicipal_2023.fid-5656ca56_19a5f394e75_6907","geometry":{"type":"Point","coordinates":[-38.55463636,-3.83097851]},"geometry_name":"geom","properties":{"id":78,"fid":78,"Tipo":"CRP","Título":"CRECHE PARCEIRA","Nome":"PLANETA DE CORES","Seriação":"I-1,2,3","Faixa etária":"1 A 3 ANOS","Distrito":4,"Endereço":"RUA 48, 231","Bairro":"PREFEITO JOSÉ WALTER","Código do bairro":89,"CEP":"60750-620","Regional":"SER 8","INEP":23280107,"CODSGE":965,"6 mees":"NÃO","1 ano":"SIM","2 anos":"SIM","3 anos":"SIM","4 anos":"NÃO","5 anos":"NÃO","6 anos":"NÃO","7 anos":"NÃO","8 anos":"NÃO","9 anos":"NÃO","10 anos":"NÃO","11 anos":"NÃO","12 anos":"NÃO","13 anos":"NÃO","14 anos":"NÃO","Ano":2023,"Fonte":"Secretaria Municipal de Educação - SME","SRC da camada":"EPSG:4326 - WGS 84","Codificação":"UTF-8"}},{"type":"Feature","id":"vw_ParqueEscolarMunicipal_2023.fid-5656ca56_19a5f394e75_6908","geometry":{"type":"Point","coordinates":[-38.54575118,-3.75355967]},"geometry_name":"geom","properties":{"id":79,"fid":79,"Tipo":"CRP","Título":"CRECHE PARCEIRA","Nome":"NOSSO JARDIM","Seriação":"I-1,2,3","Faixa etária":"1 A 3 ANOS","Distrito":4,"Endereço":"RUA JÚLIO CÉSAR, 1221","Bairro":"JARDIM AMÉRICA","Código do bairro":19,"CEP":"60410-505","Regional":"SER 4","INEP":23280280,"CODSGE":938,"6 mees":"NÃO","1 ano":"SIM","2 anos":"SIM","3 anos":"SIM","4 anos":"NÃO","5 anos":"NÃO","6 anos":"NÃO","7 anos":"NÃO","8 anos":"NÃO","9 anos":"NÃO","10 anos":"NÃO","11 anos":"NÃO","12 anos":"NÃO","13 anos":"NÃO","14 anos":"NÃO","Ano":2023,"Fonte":"Secretaria Municipal de Educação - SME","SRC da camada":"EPSG:4326 - WGS 84","Codificação":"UTF-8"}},{"type":"Feature","id":"vw_ParqueEscolarMunicipal_2023.fid-5656ca56_19a5f394e75_6909","geometry":{"type":"Point","coordinates":[-38.60537256,-3.76103442]},"geometry_name":"geom","properties":{"id":80,"fid":80,"Tipo":"CRP","Título":"CRECHE PARCEIRA","Nome":"TIA NEIDE","Seriação":"I-2,3","Faixa etária":"2 E 3 ANOS","Distrito":3,"Endereço":"RUA 448F, S/N","Bairro":"CONJUNTO CEARÁ I","Código do bairro":42,"CEP":"60531-240","Regional":"SER 11","INEP":23280034,"CODSGE":975,"6 mees":"NÃO","1 ano":"NÃO","2 anos":"SIM","3 anos":"SIM","4 anos":"NÃO","5 anos":"NÃO","6 anos":"NÃO","7 anos":"NÃO","8 anos":"NÃO","9 anos":"NÃO","10 anos":"NÃO","11 anos":"NÃO","12 anos":"NÃO","13 anos":"NÃO","14 anos":"NÃO","Ano":2023,"Fonte":"Secretaria Municipal de Educação - SME","SRC da camada":"EPSG:4326 - WGS 84","Codificação":"UTF-8"}},{"type":"Feature","id":"vw_ParqueEscolarMunicipal_2023.fid-5656ca56_19a5f394e75_690a","geometry":{"type":"Point","coordinates":[-38.51407641,-3.82392147]},"geometry_name":"geom","properties":{"id":81,"fid":81,"Tipo":"CEI","Título":"CENTRO DE EDUCAÇÃO INFANTIL","Nome":"PROFESSORA MARIA ROZANI MENDONÇA NOBRE","Seriação":"I-1,2,3","Faixa etária":"1 A 3 ANOS","Distrito":6,"Endereço":"RUA ESCRITOR TOM JOBIM, S/N","Bairro":"BARROSO","Código do bairro":51,"CEP":"60863-545","Regional":"SER 9","INEP":23324279,"CODSGE":957,"6 mees":"NÃO","1 ano":"SIM","2 anos":"SIM","3 anos":"SIM","4 anos":"NÃO","5 anos":"NÃO","6 anos":"NÃO","7 anos":"NÃO","8 anos":"NÃO","9 anos":"NÃO","10 anos":"NÃO","11 anos":"NÃO","12 anos":"NÃO","13 anos":"NÃO","14 anos":"NÃO","Ano":2023,"Fonte":"Secretaria Municipal de Educação - SME","SRC da camada":"EPSG:4326 - WGS 84","Codificação":"UTF-8"}},{"type":"Feature","id":"vw_ParqueEscolarMunicipal_2023.fid-5656ca56_19a5f394e75_690b","geometry":{"type":"Point","coordinates":[-38.45772752,-3.82608365]},"geometry_name":"geom","properties":{"id":82,"fid":82,"Tipo":"CEI","Título":"CENTRO DE EDUCAÇÃO INFANTIL","Nome":"OLINDA MARIA FEITOSA PARENTE","Seriação":"I-1,2,3","Faixa etária":"1 A 3 ANOS","Distrito":6,"Endereço":"TRAVESSA SIMEÃO, S/N","Bairro":"LAGOA REDONDA","Código do bairro":63,"CEP":"60832-170","Regional":"SER 6","INEP":23070188,"CODSGE":958,"6 mees":"NÃO","1 ano":"SIM","2 anos":"SIM","3 anos":"SIM","4 anos":"NÃO","5 anos":"NÃO","6 anos":"NÃO","7 anos":"NÃO","8 anos":"NÃO","9 anos":"NÃO","10 anos":"NÃO","11 anos":"NÃO","12 anos":"NÃO","13 anos":"NÃO","14 anos":"NÃO","Ano":2023,"Fonte":"Secretaria Municipal de Educação - SME","SRC da camada":"EPSG:4326 - WGS 84","Codificação":"UTF-8"}},{"type":"Feature","id":"vw_ParqueEscolarMunicipal_2023.fid-5656ca56_19a5f394e75_690c","geometry":{"type":"Point","coordinates":[-38.47864453,-3.83650596]},"geometry_name":"geom","properties":{"id":83,"fid":83,"Tipo":"CEI","Título":"CENTRO DE EDUCAÇÃO INFANTIL","Nome":"PADRE JOSÉ MARIA CAVALCANTE COSTA","Seriação":"I-1,2,3","Faixa etária":"1 A 5 ANOS","Distrito":6,"Endereço":"RUA F, S/N (RES. GUAJERÚ)","Bairro":"GUAJERU","Código do bairro":59,"CEP":"60843-035","Regional":"SER 6","INEP":23235128,"CODSGE":955,"6 mees":"NÃO","1 ano":"SIM","2 anos":"SIM","3 anos":"SIM","4 anos":"SIM","5 anos":"SIM","6 anos":"NÃO","7 anos":"NÃO","8 anos":"NÃO","9 anos":"NÃO","10 anos":"NÃO","11 anos":"NÃO","12 anos":"NÃO","13 anos":"NÃO","14 anos":"NÃO","Ano":2023,"Fonte":"Secretaria Municipal de Educação - SME","SRC da camada":"EPSG:4326 - WGS 84","Codificação":"UTF-8"}},{"type":"Feature","id":"vw_ParqueEscolarMunicipal_2023.fid-5656ca56_19a5f394e75_690d","geometry":{"type":"Point","coordinates":[-38.50283437,-3.85148921]},"geometry_name":"geom","properties":{"id":84,"fid":84,"Tipo":"CEI","Título":"CENTRO DE EDUCAÇÃO INFANTIL","Nome":"PROFESSORA LAÍS DE SOUSA VIEIRA NOBRE","Seriação":"I-1,2,3","Faixa etária":"1 A 5 ANOS","Distrito":6,"Endereço":"RUA PEDRO DE SOUZA, S/N","Bairro":"PARQUE SANTA MARIA","Código do bairro":87,"CEP":"60873-105","Regional":"SER 9","INEP":23186771,"CODSGE":382,"6 mees":"NÃO","1 ano":"SIM","2 anos":"SIM","3 anos":"SIM","4 anos":"SIM","5 anos":"SIM","6 anos":"NÃO","7 anos":"NÃO","8 anos":"NÃO","9 anos":"NÃO","10 anos":"NÃO","11 anos":"NÃO","12 anos":"NÃO","13 anos":"NÃO","14 anos":"NÃO","Ano":2023,"Fonte":"Secretaria Municipal de Educação - SME","SRC da camada":"EPSG:4326 - WGS 84","Codificação":"UTF-8"}},{"type":"Feature","id":"vw_ParqueEscolarMunicipal_2023.fid-5656ca56_19a5f394e75_690e","geometry":{"type":"Point","coordinates":[-38.50206161,-3.83849494]},"geometry_name":"geom","properties":{"id":85,"fid":85,"Tipo":"CEI","Título":"CENTRO DE EDUCAÇÃO INFANTIL","Nome":"MANOEL PINHEIRO DOS SANTOS","Seriação":"I-2,3,4","Faixa etária":"2 A 5 ANOS","Distrito":6,"Endereço":"RUA MAJOR LADISLAU LOURENÇO, S/N","Bairro":"JANGURUSSU","Código do bairro":61,"CEP":"60870-760","Regional":"SER 9","INEP":23324260,"CODSGE":946,"6 mees":"NÃO","1 ano":"NÃO","2 anos":"SIM","3 anos":"SIM","4 anos":"SIM","5 anos":"SIM","6 anos":"NÃO","7 anos":"NÃO","8 anos":"NÃO","9 anos":"NÃO","10 anos":"NÃO","11 anos":"NÃO","12 anos":"NÃO","13 anos":"NÃO","14 anos":"NÃO","Ano":2023,"Fonte":"Secretaria Municipal de Educação - SME","SRC da camada":"EPSG:4326 - WGS 84","Codificação":"UTF-8"}},{"type":"Feature","id":"vw_ParqueEscolarMunicipal_2023.fid-5656ca56_19a5f394e75_690f","geometry":{"type":"Point","coordinates":[-38.47766735,-3.82251462]},"geometry_name":"geom","properties":{"id":86,"fid":86,"Tipo":"EMTI","Título":"ESCOLA MUNICIPAL DE TEMPO INTEGRAL","Nome":"LAÍS RODRIGUES DE ALMEIDA","Seriação":"F-6,7,8,9","Faixa etária":"11 A 14 ANOS","Distrito":6,"Endereço":"AVENIDA ODILON GUIMARÃES, 1773","Bairro":"CURIÓ","Código do bairro":56,"CEP":"60844-070","Regional":"SER 6","INEP":23275154,"CODSGE":941,"6 mees":"NÃO","1 ano":"NÃO","2 anos":"NÃO","3 anos":"NÃO","4 anos":"NÃO","5 anos":"NÃO","6 anos":"NÃO","7 anos":"NÃO","8 anos":"NÃO","9 anos":"NÃO","10 anos":"NÃO","11 anos":"SIM","12 anos":"SIM","13 anos":"SIM","14 anos":"SIM","Ano":2023,"Fonte":"Secretaria Municipal de Educação - SME","SRC da camada":"EPSG:4326 - WGS 84","Codificação":"UTF-8"}},{"type":"Feature","id":"vw_ParqueEscolarMunicipal_2023.fid-5656ca56_19a5f394e75_6910","geometry":{"type":"Point","coordinates":[-38.46499021,-3.82365678]},"geometry_name":"geom","properties":{"id":87,"fid":87,"Tipo":"CEI","Título":"CENTRO DE EDUCAÇÃO INFANTIL","Nome":"PADRE RAIMUNDO LEANDRO DE ARAÚJO","Seriação":"I-1,2,3","Faixa etária":"1 A 5 ANOS","Distrito":6,"Endereço":"RUA GERARDO LIMA, S/N","Bairro":"LAGOA REDONDA","Código do bairro":63,"CEP":"60831-075","Regional":"SER 6","INEP":23078006,"CODSGE":861,"6 mees":"NÃO","1 ano":"SIM","2 anos":"SIM","3 anos":"SIM","4 anos":"SIM","5 anos":"SIM","6 anos":"NÃO","7 anos":"NÃO","8 anos":"NÃO","9 anos":"NÃO","10 anos":"NÃO","11 anos":"NÃO","12 anos":"NÃO","13 anos":"NÃO","14 anos":"NÃO","Ano":2023,"Fonte":"Secretaria Municipal de Educação - SME","SRC da camada":"EPSG:4326 - WGS 84","Codificação":"UTF-8"}},{"type":"Feature","id":"vw_ParqueEscolarMunicipal_2023.fid-5656ca56_19a5f394e75_6911","geometry":{"type":"Point","coordinates":[-38.51320791,-3.8655618]},"geometry_name":"geom","properties":{"id":88,"fid":88,"Tipo":"EMTP","Título":"ESCOLA MUNICIPAL","Nome":"FRANCISCA ORIÁ SERPA II","Seriação":"F-2,3,4,5,6,7,8,9","Faixa etária":"7 A 14 ANOS","Distrito":6,"Endereço":"ROD. ANEL VIÁRIO, 2155","Bairro":"ANCURI","Código do bairro":50,"CEP":"60874-212","Regional":"SER 9","INEP":23273763,"CODSGE":868,"6 mees":"NÃO","1 ano":"NÃO","2 anos":"NÃO","3 anos":"NÃO","4 anos":"NÃO","5 anos":"NÃO","6 anos":"NÃO","7 anos":"SIM","8 anos":"SIM","9 anos":"SIM","10 anos":"SIM","11 anos":"SIM","12 anos":"SIM","13 anos":"SIM","14 anos":"SIM","Ano":2023,"Fonte":"Secretaria Municipal de Educação - SME","SRC da camada":"EPSG:4326 - WGS 84","Codificação":"UTF-8"}},{"type":"Feature","id":"vw_ParqueEscolarMunicipal_2023.fid-5656ca56_19a5f394e75_6912","geometry":{"type":"Point","coordinates":[-38.52392792,-3.83898619]},"geometry_name":"geom","properties":{"id":89,"fid":89,"Tipo":"CEI","Título":"CENTRO DE EDUCAÇÃO INFANTIL","Nome":"PROFESSOR LAURO DE OLIVEIRA LIMA","Seriação":"I-2,3,4","Faixa etária":"2 A 5 ANOS","Distrito":6,"Endereço":"RUA 313, S/N","Bairro":"JANGURUSSU","Código do bairro":61,"CEP":"60866-370","Regional":"SER 9","INEP":23074124,"CODSGE":857,"6 mees":"NÃO","1 ano":"NÃO","2 anos":"SIM","3 anos":"SIM","4 anos":"SIM","5 anos":"SIM","6 anos":"NÃO","7 anos":"NÃO","8 anos":"NÃO","9 anos":"NÃO","10 anos":"NÃO","11 anos":"NÃO","12 anos":"NÃO","13 anos":"NÃO","14 anos":"NÃO","Ano":2023,"Fonte":"Secretaria Municipal de Educação - SME","SRC da camada":"EPSG:4326 - WGS 84","Codificação":"UTF-8"}},{"type":"Feature","id":"vw_ParqueEscolarMunicipal_2023.fid-5656ca56_19a5f394e75_6913","geometry":{"type":"Point","coordinates":[-38.5241264,-3.85262768]},"geometry_name":"geom","properties":{"id":90,"fid":90,"Tipo":"CEI","Título":"CENTRO DE EDUCAÇÃO INFANTIL","Nome":"PROFESSORA ANA MARIA MEDEIROS DA FONSECA","Seriação":"I-1,2,3","Faixa etária":"1 A 5 ANOS","Distrito":6,"Endereço":"AV. DEP. CASTELO DE CASTRO, S/N","Bairro":"CONJUNTO PALMEIRAS","Código do bairro":118,"CEP":"60870-066","Regional":"SER 9","INEP":23250623,"CODSGE":858,"6 mees":"NÃO","1 ano":"SIM","2 anos":"SIM","3 anos":"SIM","4 anos":"SIM","5 anos":"SIM","6 anos":"NÃO","7 anos":"NÃO","8 anos":"NÃO","9 anos":"NÃO","10 anos":"NÃO","11 anos":"NÃO","12 anos":"NÃO","13 anos":"NÃO","14 anos":"NÃO","Ano":2023,"Fonte":"Secretaria Municipal de Educação - SME","SRC da camada":"EPSG:4326 - WGS 84","Codificação":"UTF-8"}},{"type":"Feature","id":"vw_ParqueEscolarMunicipal_2023.fid-5656ca56_19a5f394e75_6914","geometry":{"type":"Point","coordinates":[-38.48747766,-3.82250993]},"geometry_name":"geom","properties":{"id":91,"fid":91,"Tipo":"EMTI","Título":"ESCOLA MUNICIPAL DE TEMPO INTEGRAL","Nome":"MARIA ODETE DA SILVA COLARES","Seriação":"F-6,7,8,9","Faixa etária":"11 A 14 ANOS","Distrito":6,"Endereço":"RUA CEL. JOÃO DE OLIVEIRA, 687","Bairro":"MESSEJANA","Código do bairro":65,"CEP":"60841-820","Regional":"SER 6","INEP":23272007,"CODSGE":838,"6 mees":"NÃO","1 ano":"NÃO","2 anos":"NÃO","3 anos":"NÃO","4 anos":"NÃO","5 anos":"NÃO","6 anos":"NÃO","7 anos":"NÃO","8 anos":"NÃO","9 anos":"NÃO","10 anos":"NÃO","11 anos":"SIM","12 anos":"SIM","13 anos":"SIM","14 anos":"SIM","Ano":2023,"Fonte":"Secretaria Municipal de Educação - SME","SRC da camada":"EPSG:4326 - WGS 84","Codificação":"UTF-8"}},{"type":"Feature","id":"vw_ParqueEscolarMunicipal_2023.fid-5656ca56_19a5f394e75_6915","geometry":{"type":"Point","coordinates":[-38.54841046,-3.80468884]},"geometry_name":"geom","properties":{"id":92,"fid":92,"Tipo":"CEI","Título":"CENTRO DE EDUCAÇÃO INFANTIL","Nome":"PROFESSOR ERASMO DA SILVA PITOMBEIRA","Seriação":"I-1,2,3","Faixa etária":"1 A 5 ANOS","Distrito":4,"Endereço":"RUA E, S/N (LOT. AV. DOS EXPEDICIONÁRIOS)","Bairro":"PARQUE DOIS IRMÃOS","Código do bairro":84,"CEP":"60745-560","Regional":"SER 8","INEP":23242710,"CODSGE":851,"6 mees":"NÃO","1 ano":"SIM","2 anos":"SIM","3 anos":"SIM","4 anos":"SIM","5 anos":"SIM","6 anos":"NÃO","7 anos":"NÃO","8 anos":"NÃO","9 anos":"NÃO","10 anos":"NÃO","11 anos":"NÃO","12 anos":"NÃO","13 anos":"NÃO","14 anos":"NÃO","Ano":2023,"Fonte":"Secretaria Municipal de Educação - SME","SRC da camada":"EPSG:4326 - WGS 84","Codificação":"UTF-8"}},{"type":"Feature","id":"vw_ParqueEscolarMunicipal_2023.fid-5656ca56_19a5f394e75_6916","geometry":{"type":"Point","coordinates":[-38.47723174,-3.81838968]},"geometry_name":"geom","properties":{"id":93,"fid":93,"Tipo":"CRP","Título":"CRECHE PARCEIRA","Nome":"JARDIM ENCANTADO","Seriação":"I-1,2,3","Faixa etária":"1 A 3 ANOS","Distrito":6,"Endereço":"RUA OZÉLIA PONTES, 187","Bairro":"JOSÉ DE ALENCAR","Código do bairro":49,"CEP":"60830-395","Regional":"SER 6","INEP":23279885,"CODSGE":850,"6 mees":"NÃO","1 ano":"SIM","2 anos":"SIM","3 anos":"SIM","4 anos":"NÃO","5 anos":"NÃO","6 anos":"NÃO","7 anos":"NÃO","8 anos":"NÃO","9 anos":"NÃO","10 anos":"NÃO","11 anos":"NÃO","12 anos":"NÃO","13 anos":"NÃO","14 anos":"NÃO","Ano":2023,"Fonte":"Secretaria Municipal de Educação - SME","SRC da camada":"EPSG:4326 - WGS 84","Codificação":"UTF-8"}},{"type":"Feature","id":"vw_ParqueEscolarMunicipal_2023.fid-5656ca56_19a5f394e75_6917","geometry":{"type":"Point","coordinates":[-38.51457924,-3.87844775]},"geometry_name":"geom","properties":{"id":94,"fid":94,"Tipo":"CEI","Título":"CENTRO DE EDUCAÇÃO INFANTIL","Nome":"PROFESSORA LUIZA DE TEODORO VIEIRA","Seriação":"I-3,4,5/F-1","Faixa etária":"3 A 6 ANOS","Distrito":6,"Endereço":"AV. DAS PALMEIRAS IMPERIAIS, S/N","Bairro":"PEDRAS","Código do bairro":69,"CEP":"60878-067","Regional":"SER 9","INEP":23078162,"CODSGE":832,"6 mees":"NÃO","1 ano":"NÃO","2 anos":"NÃO","3 anos":"SIM","4 anos":"SIM","5 anos":"SIM","6 anos":"SIM","7 anos":"NÃO","8 anos":"NÃO","9 anos":"NÃO","10 anos":"NÃO","11 anos":"NÃO","12 anos":"NÃO","13 anos":"NÃO","14 anos":"NÃO","Ano":2023,"Fonte":"Secretaria Municipal de Educação - SME","SRC da camada":"EPSG:4326 - WGS 84","Codificação":"UTF-8"}},{"type":"Feature","id":"vw_ParqueEscolarMunicipal_2023.fid-5656ca56_19a5f394e75_6918","geometry":{"type":"Point","coordinates":[-38.51483347,-3.8781907]},"geometry_name":"geom","properties":{"id":95,"fid":95,"Tipo":"CEI","Título":"CENTRO DE EDUCAÇÃO INFANTIL","Nome":"PROFESSOR JOSÉ TEODORO SOARES","Seriação":"I-1,2,3","Faixa etária":"1 A 6 ANOS","Distrito":6,"Endereço":"AV. DAS PALMEIRAS IMPERIAIS, S/N","Bairro":"PEDRAS","Código do bairro":69,"CEP":"60878-067","Regional":"SER 9","INEP":23078162,"CODSGE":831,"6 mees":"NÃO","1 ano":"SIM","2 anos":"SIM","3 anos":"SIM","4 anos":"SIM","5 anos":"SIM","6 anos":"SIM","7 anos":"NÃO","8 anos":"NÃO","9 anos":"NÃO","10 anos":"NÃO","11 anos":"NÃO","12 anos":"NÃO","13 anos":"NÃO","14 anos":"NÃO","Ano":2023,"Fonte":"Secretaria Municipal de Educação - SME","SRC da camada":"EPSG:4326 - WGS 84","Codificação":"UTF-8"}},{"type":"Feature","id":"vw_ParqueEscolarMunicipal_2023.fid-5656ca56_19a5f394e75_6919","geometry":{"type":"Point","coordinates":[-38.52069572,-3.84967916]},"geometry_name":"geom","properties":{"id":96,"fid":96,"Tipo":"CEI","Título":"CENTRO DE EDUCAÇÃO INFANTIL","Nome":"JOSÉ DE RIBAMAR MORAES","Seriação":"I-1,2,3","Faixa etária":"1 A 5 ANOS","Distrito":6,"Endereço":"RUA CATOLÉ, S/N (CONJUNTO SÍTIO SÃO JOÃO)","Bairro":"JANGURUSSU","Código do bairro":61,"CEP":"60870-410","Regional":"SER 9","INEP":23071796,"CODSGE":824,"6 mees":"NÃO","1 ano":"SIM","2 anos":"SIM","3 anos":"SIM","4 anos":"SIM","5 anos":"SIM","6 anos":"NÃO","7 anos":"NÃO","8 anos":"NÃO","9 anos":"NÃO","10 anos":"NÃO","11 anos":"NÃO","12 anos":"NÃO","13 anos":"NÃO","14 anos":"NÃO","Ano":2023,"Fonte":"Secretaria Municipal de Educação - SME","SRC da camada":"EPSG:4326 - WGS 84","Codificação":"UTF-8"}},{"type":"Feature","id":"vw_ParqueEscolarMunicipal_2023.fid-5656ca56_19a5f394e75_691a","geometry":{"type":"Point","coordinates":[-38.51236537,-3.8537885]},"geometry_name":"geom","properties":{"id":97,"fid":97,"Tipo":"CRP","Título":"CRECHE PARCEIRA","Nome":"CUIDANDO E ENSINANDO","Seriação":"I-1,2,3","Faixa etária":"1 A 3 ANOS","Distrito":6,"Endereço":"RUA JOSÉ DOS REIS CARVALHO, 64 (RES. ALDEMIR MARTINS)","Bairro":"JANGURUSSU","Código do bairro":61,"CEP":"60877-486","Regional":"SER 9","INEP":23279680,"CODSGE":801,"6 mees":"NÃO","1 ano":"SIM","2 anos":"SIM","3 anos":"SIM","4 anos":"NÃO","5 anos":"NÃO","6 anos":"NÃO","7 anos":"NÃO","8 anos":"NÃO","9 anos":"NÃO","10 anos":"NÃO","11 anos":"NÃO","12 anos":"NÃO","13 anos":"NÃO","14 anos":"NÃO","Ano":2023,"Fonte":"Secretaria Municipal de Educação - SME","SRC da camada":"EPSG:4326 - WGS 84","Codificação":"UTF-8"}},{"type":"Feature","id":"vw_ParqueEscolarMunicipal_2023.fid-5656ca56_19a5f394e75_691b","geometry":{"type":"Point","coordinates":[-38.51798152,-3.82377593]},"geometry_name":"geom","properties":{"id":98,"fid":98,"Tipo":"CRP","Título":"CRECHE PARCEIRA","Nome":"NÚCLEO DE VIDA","Seriação":"I-1,2,3","Faixa etária":"1 A 3 ANOS","Distrito":6,"Endereço":"RUA 5, 350 (CONJUNTO JOÃO PAULO II)","Bairro":"BARROSO","Código do bairro":51,"CEP":"60863-800","Regional":"SER 9","INEP":23280026,"CODSGE":785,"6 mees":"NÃO","1 ano":"SIM","2 anos":"SIM","3 anos":"SIM","4 anos":"NÃO","5 anos":"NÃO","6 anos":"NÃO","7 anos":"NÃO","8 anos":"NÃO","9 anos":"NÃO","10 anos":"NÃO","11 anos":"NÃO","12 anos":"NÃO","13 anos":"NÃO","14 anos":"NÃO","Ano":2023,"Fonte":"Secretaria Municipal de Educação - SME","SRC da camada":"EPSG:4326 - WGS 84","Codificação":"UTF-8"}},{"type":"Feature","id":"vw_ParqueEscolarMunicipal_2023.fid-5656ca56_19a5f394e75_691c","geometry":{"type":"Point","coordinates":[-38.50485021,-3.86277195]},"geometry_name":"geom","properties":{"id":99,"fid":99,"Tipo":"CRP","Título":"CRECHE PARCEIRA","Nome":"CASA DO JOÃO","Seriação":"I-1,2,3","Faixa etária":"1 A 3 ANOS","Distrito":6,"Endereço":"RUA SÃO LEOPOLDO, 678","Bairro":"ANCURI","Código do bairro":50,"CEP":"60874-170","Regional":"SER 9","INEP":23280310,"CODSGE":780,"6 mees":"NÃO","1 ano":"SIM","2 anos":"SIM","3 anos":"SIM","4 anos":"NÃO","5 anos":"NÃO","6 anos":"NÃO","7 anos":"NÃO","8 anos":"NÃO","9 anos":"NÃO","10 anos":"NÃO","11 anos":"NÃO","12 anos":"NÃO","13 anos":"NÃO","14 anos":"NÃO","Ano":2023,"Fonte":"Secretaria Municipal de Educação - SME","SRC da camada":"EPSG:4326 - WGS 84","Codificação":"UTF-8"}},{"type":"Feature","id":"vw_ParqueEscolarMunicipal_2023.fid-5656ca56_19a5f394e75_691d","geometry":{"type":"Point","coordinates":[-38.51124962,-3.84673971]},"geometry_name":"geom","properties":{"id":100,"fid":100,"Tipo":"CRP","Título":"CRECHE PARCEIRA","Nome":"SONHO DE CRIANÇA II","Seriação":"I-1,2,3","Faixa etária":"1 A 3 ANOS","Distrito":6,"Endereço":"RUA IRMÃOS OLÍMPIO, 197","Bairro":"JANGURUSSU","Código do bairro":61,"CEP":"60870-630","Regional":"SER 9","INEP":23279982,"CODSGE":772,"6 mees":"NÃO","1 ano":"SIM","2 anos":"SIM","3 anos":"SIM","4 anos":"NÃO","5 anos":"NÃO","6 anos":"NÃO","7 anos":"NÃO","8 anos":"NÃO","9 anos":"NÃO","10 anos":"NÃO","11 anos":"NÃO","12 anos":"NÃO","13 anos":"NÃO","14 anos":"NÃO","Ano":2023,"Fonte":"Secretaria Municipal de Educação - SME","SRC da camada":"EPSG:4326 - WGS 84","Codificação":"UTF-8"}},{"type":"Feature","id":"vw_ParqueEscolarMunicipal_2023.fid-5656ca56_19a5f394e75_691e","geometry":{"type":"Point","coordinates":[-38.5145969,-3.84092253]},"geometry_name":"geom","properties":{"id":101,"fid":101,"Tipo":"CRP","Título":"CRECHE PARCEIRA","Nome":"FAZENDO A DIFERENÇA","Seriação":"I-1,2,3","Faixa etária":"1 A 3 ANOS","Distrito":6,"Endereço":"RUA MUTAMBA, 175B","Bairro":"JANGURUSSU","Código do bairro":61,"CEP":"60865-210","Regional":"SER 9","INEP":23279672,"CODSGE":750,"6 mees":"NÃO","1 ano":"SIM","2 anos":"SIM","3 anos":"SIM","4 anos":"NÃO","5 anos":"NÃO","6 anos":"NÃO","7 anos":"NÃO","8 anos":"NÃO","9 anos":"NÃO","10 anos":"NÃO","11 anos":"NÃO","12 anos":"NÃO","13 anos":"NÃO","14 anos":"NÃO","Ano":2023,"Fonte":"Secretaria Municipal de Educação - SME","SRC da camada":"EPSG:4326 - WGS 84","Codificação":"UTF-8"}},{"type":"Feature","id":"vw_ParqueEscolarMunicipal_2023.fid-5656ca56_19a5f394e75_691f","geometry":{"type":"Point","coordinates":[-38.51909829,-3.82290466]},"geometry_name":"geom","properties":{"id":102,"fid":102,"Tipo":"CRP","Título":"CRECHE PARCEIRA","Nome":"SÃO JUDAS TADEU","Seriação":"I-1,2,3","Faixa etária":"1 A 3 ANOS","Distrito":6,"Endereço":"RUA 03, 78 (CONJUNTO JOÃO PAULO II)","Bairro":"BARROSO","Código do bairro":51,"CEP":"60863-840","Regional":"SER 9","INEP":23233800,"CODSGE":556,"6 mees":"NÃO","1 ano":"SIM","2 anos":"SIM","3 anos":"SIM","4 anos":"NÃO","5 anos":"NÃO","6 anos":"NÃO","7 anos":"NÃO","8 anos":"NÃO","9 anos":"NÃO","10 anos":"NÃO","11 anos":"NÃO","12 anos":"NÃO","13 anos":"NÃO","14 anos":"NÃO","Ano":2023,"Fonte":"Secretaria Municipal de Educação - SME","SRC da camada":"EPSG:4326 - WGS 84","Codificação":"UTF-8"}},{"type":"Feature","id":"vw_ParqueEscolarMunicipal_2023.fid-5656ca56_19a5f394e75_6920","geometry":{"type":"Point","coordinates":[-38.50747444,-3.88553903]},"geometry_name":"geom","properties":{"id":103,"fid":103,"Tipo":"CRP","Título":"CRECHE PARCEIRA","Nome":"SANTA LUZIA","Seriação":"I-1,2,3","Faixa etária":"1 A 3 ANOS","Distrito":6,"Endereço":"RUA LUÍS BENTO, 290","Bairro":"PEDRAS","Código do bairro":69,"CEP":"60874-620","Regional":"SER 9","INEP":23280220,"CODSGE":662,"6 mees":"NÃO","1 ano":"SIM","2 anos":"SIM","3 anos":"SIM","4 anos":"NÃO","5 anos":"NÃO","6 anos":"NÃO","7 anos":"NÃO","8 anos":"NÃO","9 anos":"NÃO","10 anos":"NÃO","11 anos":"NÃO","12 anos":"NÃO","13 anos":"NÃO","14 anos":"NÃO","Ano":2023,"Fonte":"Secretaria Municipal de Educação - SME","SRC da camada":"EPSG:4326 - WGS 84","Codificação":"UTF-8"}},{"type":"Feature","id":"vw_ParqueEscolarMunicipal_2023.fid-5656ca56_19a5f394e75_6921","geometry":{"type":"Point","coordinates":[-38.51479326,-3.84237341]},"geometry_name":"geom","properties":{"id":104,"fid":104,"Tipo":"CEI","Título":"CENTRO DE EDUCAÇÃO INFANTIL","Nome":"HUMBERTO TEIXEIRA","Seriação":"I-1,2,3","Faixa etária":"1 A 5 ANOS","Distrito":6,"Endereço":"RUA FRANCISCO COSTA, 162","Bairro":"JANGURUSSU","Código do bairro":61,"CEP":"60865-220","Regional":"SER 9","INEP":23074078,"CODSGE":572,"6 mees":"NÃO","1 ano":"SIM","2 anos":"SIM","3 anos":"SIM","4 anos":"SIM","5 anos":"SIM","6 anos":"NÃO","7 anos":"NÃO","8 anos":"NÃO","9 anos":"NÃO","10 anos":"NÃO","11 anos":"NÃO","12 anos":"NÃO","13 anos":"NÃO","14 anos":"NÃO","Ano":2023,"Fonte":"Secretaria Municipal de Educação - SME","SRC da camada":"EPSG:4326 - WGS 84","Codificação":"UTF-8"}},{"type":"Feature","id":"vw_ParqueEscolarMunicipal_2023.fid-5656ca56_19a5f394e75_6922","geometry":{"type":"Point","coordinates":[-38.45222753,-3.81995444]},"geometry_name":"geom","properties":{"id":105,"fid":105,"Tipo":"EMTP","Título":"ESCOLA MUNICIPAL","Nome":"PROFESSORA FERNANDA MARIA DE ALENCAR COLARES","Seriação":"I-4,5/F-1,2,3,4,5,6,7,8,9","Faixa etária":"4 A 14 ANOS","Distrito":6,"Endereço":"AV. PROFº JOSÉ ARTUR DE CARVALHO, 1540","Bairro":"LAGOA REDONDA","Código do bairro":63,"CEP":"60831-370","Regional":"SER 6","INEP":23070188,"CODSGE":205,"6 mees":"NÃO","1 ano":"NÃO","2 anos":"NÃO","3 anos":"NÃO","4 anos":"SIM","5 anos":"SIM","6 anos":"SIM","7 anos":"SIM","8 anos":"SIM","9 anos":"SIM","10 anos":"SIM","11 anos":"SIM","12 anos":"SIM","13 anos":"SIM","14 anos":"SIM","Ano":2023,"Fonte":"Secretaria Municipal de Educação - SME","SRC da camada":"EPSG:4326 - WGS 84","Codificação":"UTF-8"}},{"type":"Feature","id":"vw_ParqueEscolarMunicipal_2023.fid-5656ca56_19a5f394e75_6923","geometry":{"type":"Point","coordinates":[-38.46615851,-3.81438394]},"geometry_name":"geom","properties":{"id":106,"fid":106,"Tipo":"EMTP","Título":"ESCOLA MUNICIPAL","Nome":"MOREIRA DA ROCHA","Seriação":"F-1,2,3,4,5","Faixa etária":"6 A 10 ANOS","Distrito":6,"Endereço":"AV. ODILON GUIMARÃES, 3860","Bairro":"LAGOA REDONDA","Código do bairro":63,"CEP":"60831-295","Regional":"SER 6","INEP":23078677,"CODSGE":343,"6 mees":"NÃO","1 ano":"NÃO","2 anos":"NÃO","3 anos":"NÃO","4 anos":"NÃO","5 anos":"NÃO","6 anos":"SIM","7 anos":"SIM","8 anos":"SIM","9 anos":"SIM","10 anos":"SIM","11 anos":"NÃO","12 anos":"NÃO","13 anos":"NÃO","14 anos":"NÃO","Ano":2023,"Fonte":"Secretaria Municipal de Educação - SME","SRC da camada":"EPSG:4326 - WGS 84","Codificação":"UTF-8"}},{"type":"Feature","id":"vw_ParqueEscolarMunicipal_2023.fid-5656ca56_19a5f394e75_6924","geometry":{"type":"Point","coordinates":[-38.46686724,-3.82939302]},"geometry_name":"geom","properties":{"id":107,"fid":107,"Tipo":"EMTP","Título":"ESCOLA MUNICIPAL","Nome":"ISABEL FERREIRA","Seriação":"I-4,5/F-1,2,3,4,5","Faixa etária":"4 A 10 ANOS","Distrito":6,"Endereço":"RUA ISABEL FERREIRA, 1000","Bairro":"LAGOA REDONDA","Código do bairro":63,"CEP":"60831-525","Regional":"SER 6","INEP":23235128,"CODSGE":268,"6 mees":"NÃO","1 ano":"NÃO","2 anos":"NÃO","3 anos":"NÃO","4 anos":"SIM","5 anos":"SIM","6 anos":"SIM","7 anos":"SIM","8 anos":"SIM","9 anos":"SIM","10 anos":"SIM","11 anos":"NÃO","12 anos":"NÃO","13 anos":"NÃO","14 anos":"NÃO","Ano":2023,"Fonte":"Secretaria Municipal de Educação - SME","SRC da camada":"EPSG:4326 - WGS 84","Codificação":"UTF-8"}},{"type":"Feature","id":"vw_ParqueEscolarMunicipal_2023.fid-5656ca56_19a5f394e75_6925","geometry":{"type":"Point","coordinates":[-38.46395794,-3.82670575]},"geometry_name":"geom","properties":{"id":108,"fid":108,"Tipo":"EMTP","Título":"ESCOLA MUNICIPAL","Nome":"PROFESSORA TEREZINHA FERREIRA PARENTE","Seriação":"F-6,7,8,9","Faixa etária":"11 A 14 ANOS","Distrito":6,"Endereço":"RUA NELSON COELHO, 209","Bairro":"LAGOA REDONDA","Código do bairro":63,"CEP":"60831-410","Regional":"SER 6","INEP":23078006,"CODSGE":304,"6 mees":"NÃO","1 ano":"NÃO","2 anos":"NÃO","3 anos":"NÃO","4 anos":"NÃO","5 anos":"NÃO","6 anos":"NÃO","7 anos":"NÃO","8 anos":"NÃO","9 anos":"NÃO","10 anos":"NÃO","11 anos":"SIM","12 anos":"SIM","13 anos":"SIM","14 anos":"SIM","Ano":2023,"Fonte":"Secretaria Municipal de Educação - SME","SRC da camada":"EPSG:4326 - WGS 84","Codificação":"UTF-8"}},{"type":"Feature","id":"vw_ParqueEscolarMunicipal_2023.fid-5656ca56_19a5f394e75_6926","geometry":{"type":"Point","coordinates":[-38.4767834,-3.81603145]},"geometry_name":"geom","properties":{"id":109,"fid":109,"Tipo":"CEI","Título":"CENTRO DE EDUCAÇÃO INFANTIL","Nome":"PROFESSORA MARIA EVAN DO CARMO","Seriação":"I-4,5","Faixa etária":"3 A 5 ANOS","Distrito":6,"Endereço":"RUA MATEUS ALMEIDA, 71","Bairro":"JOSÉ DE ALENCAR","Código do bairro":49,"CEP":"60830-455","Regional":"SER 6","INEP":23078677,"CODSGE":285,"6 mees":"NÃO","1 ano":"NÃO","2 anos":"NÃO","3 anos":"NÃO","4 anos":"SIM","5 anos":"SIM","6 anos":"NÃO","7 anos":"NÃO","8 anos":"NÃO","9 anos":"NÃO","10 anos":"NÃO","11 anos":"NÃO","12 anos":"NÃO","13 anos":"NÃO","14 anos":"NÃO","Ano":2023,"Fonte":"Secretaria Municipal de Educação - SME","SRC da camada":"EPSG:4326 - WGS 84","Codificação":"UTF-8"}},{"type":"Feature","id":"vw_ParqueEscolarMunicipal_2023.fid-5656ca56_19a5f394e75_6927","geometry":{"type":"Point","coordinates":[-38.47597359,-3.81769051]},"geometry_name":"geom","properties":{"id":110,"fid":110,"Tipo":"EMTI","Título":"ESCOLA MUNICIPAL DE TEMPO INTEGRAL","Nome":"JOSÉ CARVALHO","Seriação":"F-6,7,8,9","Faixa etária":"11 A 14 ANOS","Distrito":6,"Endereço":"RUA CLODOALDO ARRUDA, 1300","Bairro":"JOSÉ DE ALENCAR","Código do bairro":49,"CEP":"60830-295","Regional":"SER 6","INEP":23272708,"CODSGE":253,"6 mees":"NÃO","1 ano":"NÃO","2 anos":"NÃO","3 anos":"NÃO","4 anos":"NÃO","5 anos":"NÃO","6 anos":"NÃO","7 anos":"NÃO","8 anos":"NÃO","9 anos":"NÃO","10 anos":"NÃO","11 anos":"SIM","12 anos":"SIM","13 anos":"SIM","14 anos":"SIM","Ano":2023,"Fonte":"Secretaria Municipal de Educação - SME","SRC da camada":"EPSG:4326 - WGS 84","Codificação":"UTF-8"}},{"type":"Feature","id":"vw_ParqueEscolarMunicipal_2023.fid-5656ca56_19a5f394e75_6928","geometry":{"type":"Point","coordinates":[-38.47246068,-3.82158207]},"geometry_name":"geom","properties":{"id":111,"fid":111,"Tipo":"EMTP","Título":"ESCOLA MUNICIPAL","Nome":"PARQUE SÃO MIGUEL","Seriação":"F-1,2,3,4,5","Faixa etária":"6 A 10 ANOS","Distrito":6,"Endereço":"RUA LOURDES VIDAL ALVES, 444","Bairro":"LAGOA REDONDA","Código do bairro":63,"CEP":"60831-160","Regional":"SER 6","INEP":23074582,"CODSGE":219,"6 mees":"NÃO","1 ano":"NÃO","2 anos":"NÃO","3 anos":"NÃO","4 anos":"NÃO","5 anos":"NÃO","6 anos":"SIM","7 anos":"SIM","8 anos":"SIM","9 anos":"SIM","10 anos":"SIM","11 anos":"NÃO","12 anos":"NÃO","13 anos":"NÃO","14 anos":"NÃO","Ano":2023,"Fonte":"Secretaria Municipal de Educação - SME","SRC da camada":"EPSG:4326 - WGS 84","Codificação":"UTF-8"}},{"type":"Feature","id":"vw_ParqueEscolarMunicipal_2023.fid-5656ca56_19a5f394e75_6929","geometry":{"type":"Point","coordinates":[-38.47735509,-3.82611983]},"geometry_name":"geom","properties":{"id":112,"fid":112,"Tipo":"EMTP","Título":"ESCOLA MUNICIPAL","Nome":"JOÃO SARAIVA LEÃO","Seriação":"F-1,2,3,4,5","Faixa etária":"6 A 10 ANOS","Distrito":6,"Endereço":"AV. PROFESSOR JOSÉ ARTHUR DE CARVALHO, 50","Bairro":"GUAJERU","Código do bairro":59,"CEP":"60831-370","Regional":"SER 6","INEP":23235373,"CODSGE":327,"6 mees":"NÃO","1 ano":"NÃO","2 anos":"NÃO","3 anos":"NÃO","4 anos":"NÃO","5 anos":"NÃO","6 anos":"SIM","7 anos":"SIM","8 anos":"SIM","9 anos":"SIM","10 anos":"SIM","11 anos":"NÃO","12 anos":"NÃO","13 anos":"NÃO","14 anos":"NÃO","Ano":2023,"Fonte":"Secretaria Municipal de Educação - SME","SRC da camada":"EPSG:4326 - WGS 84","Codificação":"UTF-8"}},{"type":"Feature","id":"vw_ParqueEscolarMunicipal_2023.fid-5656ca56_19a5f394e75_692a","geometry":{"type":"Point","coordinates":[-38.48627707,-3.82859743]},"geometry_name":"geom","properties":{"id":113,"fid":113,"Tipo":"EMTP","Título":"ESCOLA MUNICIPAL","Nome":"JOSEFA BARROS DE ALENCAR","Seriação":"I-4,5/F-1,2,3,4,5","Faixa etária":"4 A 10 ANOS","Distrito":6,"Endereço":"RUA DOUTOR JOAQUIM BENTO, 590","Bairro":"MESSEJANA","Código do bairro":65,"CEP":"60840-200","Regional":"SER 6","INEP":23078693,"CODSGE":338,"6 mees":"NÃO","1 ano":"NÃO","2 anos":"NÃO","3 anos":"NÃO","4 anos":"SIM","5 anos":"SIM","6 anos":"SIM","7 anos":"SIM","8 anos":"SIM","9 anos":"SIM","10 anos":"SIM","11 anos":"NÃO","12 anos":"NÃO","13 anos":"NÃO","14 anos":"NÃO","Ano":2023,"Fonte":"Secretaria Municipal de Educação - SME","SRC da camada":"EPSG:4326 - WGS 84","Codificação":"UTF-8"}},{"type":"Feature","id":"vw_ParqueEscolarMunicipal_2023.fid-5656ca56_19a5f394e75_692b","geometry":{"type":"Point","coordinates":[-38.49192255,-3.83061461]},"geometry_name":"geom","properties":{"id":114,"fid":114,"Tipo":"EMTP","Título":"ESCOLA MUNICIPAL","Nome":"ANGÉLICA GURGEL","Seriação":"F-6,7,8,9","Faixa etária":"11 A 14 ANOS","Distrito":6,"Endereço":"RUA DOUTOR PERGENTINO MAIA, 375","Bairro":"MESSEJANA","Código do bairro":65,"CEP":"60840-045","Regional":"SER 6","INEP":23065192,"CODSGE":217,"6 mees":"NÃO","1 ano":"NÃO","2 anos":"NÃO","3 anos":"NÃO","4 anos":"NÃO","5 anos":"NÃO","6 anos":"NÃO","7 anos":"NÃO","8 anos":"NÃO","9 anos":"NÃO","10 anos":"NÃO","11 anos":"SIM","12 anos":"SIM","13 anos":"SIM","14 anos":"SIM","Ano":2023,"Fonte":"Secretaria Municipal de Educação - SME","SRC da camada":"EPSG:4326 - WGS 84","Codificação":"UTF-8"}},{"type":"Feature","id":"vw_ParqueEscolarMunicipal_2023.fid-5656ca56_19a5f394e75_692c","geometry":{"type":"Point","coordinates":[-38.4854465,-3.82553155]},"geometry_name":"geom","properties":{"id":115,"fid":115,"Tipo":"EMTP","Título":"ESCOLA MUNICIPAL","Nome":"PROFESSORA RAIMUNDA FÉLIX DE ALCÂNTARA","Seriação":"F-6,7,8,9","Faixa etária":"11 A 14 ANOS","Distrito":6,"Endereço":"AV. MEM DE SÁ, 384","Bairro":"MESSEJANA","Código do bairro":65,"CEP":"60841-130","Regional":"SER 6","INEP":23323469,"CODSGE":221,"6 mees":"NÃO","1 ano":"NÃO","2 anos":"NÃO","3 anos":"NÃO","4 anos":"NÃO","5 anos":"NÃO","6 anos":"NÃO","7 anos":"NÃO","8 anos":"NÃO","9 anos":"NÃO","10 anos":"NÃO","11 anos":"SIM","12 anos":"SIM","13 anos":"SIM","14 anos":"SIM","Ano":2023,"Fonte":"Secretaria Municipal de Educação - SME","SRC da camada":"EPSG:4326 - WGS 84","Codificação":"UTF-8"}},{"type":"Feature","id":"vw_ParqueEscolarMunicipal_2023.fid-5656ca56_19a5f394e75_692d","geometry":{"type":"Point","coordinates":[-38.48927975,-3.82090674]},"geometry_name":"geom","properties":{"id":116,"fid":116,"Tipo":"EMTP","Título":"ESCOLA MUNICIPAL","Nome":"PROFESSOR CLODOMIR TEÓFILO GIRÃO","Seriação":"I-4,5/F-1,2,3,4,5","Faixa etária":"4 A 10 ANOS","Distrito":6,"Endereço":"TRAV. RÚTILO, 108","Bairro":"MESSEJANA","Código do bairro":65,"CEP":"60841-645","Regional":"SER 6","INEP":23263075,"CODSGE":362,"6 mees":"NÃO","1 ano":"NÃO","2 anos":"NÃO","3 anos":"NÃO","4 anos":"SIM","5 anos":"SIM","6 anos":"SIM","7 anos":"SIM","8 anos":"SIM","9 anos":"SIM","10 anos":"SIM","11 anos":"NÃO","12 anos":"NÃO","13 anos":"NÃO","14 anos":"NÃO","Ano":2023,"Fonte":"Secretaria Municipal de Educação - SME","SRC da camada":"EPSG:4326 - WGS 84","Codificação":"UTF-8"}},{"type":"Feature","id":"vw_ParqueEscolarMunicipal_2023.fid-5656ca56_19a5f394e75_692e","geometry":{"type":"Point","coordinates":[-38.47612188,-3.84740336]},"geometry_name":"geom","properties":{"id":117,"fid":117,"Tipo":"EMTP","Título":"ESCOLA MUNICIPAL","Nome":"JOÃO NOGUEIRA JUCÁ","Seriação":"I-4,5/F-1,2,3,4,5","Faixa etária":"4 A 10 ANOS","Distrito":6,"Endereço":"RUA B, 10 (LOTEAMENTO ESPLANADA MESSEJANA)","Bairro":"COAÇU","Código do bairro":55,"CEP":"60872-110","Regional":"SER 6","INEP":23546018,"CODSGE":317,"6 mees":"NÃO","1 ano":"NÃO","2 anos":"NÃO","3 anos":"NÃO","4 anos":"SIM","5 anos":"SIM","6 anos":"SIM","7 anos":"SIM","8 anos":"SIM","9 anos":"SIM","10 anos":"SIM","11 anos":"NÃO","12 anos":"NÃO","13 anos":"NÃO","14 anos":"NÃO","Ano":2023,"Fonte":"Secretaria Municipal de Educação - SME","SRC da camada":"EPSG:4326 - WGS 84","Codificação":"UTF-8"}},{"type":"Feature","id":"vw_ParqueEscolarMunicipal_2023.fid-5656ca56_19a5f394e75_692f","geometry":{"type":"Point","coordinates":[-38.49401113,-3.86733093]},"geometry_name":"geom","properties":{"id":118,"fid":118,"Tipo":"EMTI","Título":"ESCOLA MUNICIPAL DE TEMPO INTEGRAL","Nome":"GUIOMAR DA SILVA ALMEIDA","Seriação":"F-6,7,8,9","Faixa etária":"11 A 14 ANOS","Distrito":6,"Endereço":"RUA PEROLINA DE MORAIS, 449","Bairro":"PAUPINA","Código do bairro":68,"CEP":"60873-810","Regional":"SER 6","INEP":23070846,"CODSGE":303,"6 mees":"NÃO","1 ano":"NÃO","2 anos":"NÃO","3 anos":"NÃO","4 anos":"NÃO","5 anos":"NÃO","6 anos":"NÃO","7 anos":"NÃO","8 anos":"NÃO","9 anos":"NÃO","10 anos":"NÃO","11 anos":"SIM","12 anos":"SIM","13 anos":"SIM","14 anos":"SIM","Ano":2023,"Fonte":"Secretaria Municipal de Educação - SME","SRC da camada":"EPSG:4326 - WGS 84","Codificação":"UTF-8"}},{"type":"Feature","id":"vw_ParqueEscolarMunicipal_2023.fid-5656ca56_19a5f394e75_6930","geometry":{"type":"Point","coordinates":[-38.49276806,-3.85870281]},"geometry_name":"geom","properties":{"id":119,"fid":119,"Tipo":"EMTP","Título":"ESCOLA MUNICIPAL","Nome":"PROFESSOR ANÍSIO TEIXEIRA","Seriação":"I-5/F-1,2,3,4,5","Faixa etária":"5 A 10 ANOS","Distrito":6,"Endereço":"RUA SIMÃO SANTOS, S/N","Bairro":"PAUPINA","Código do bairro":68,"CEP":"60875-020","Regional":"SER 6","INEP":23065206,"CODSGE":189,"6 mees":"NÃO","1 ano":"NÃO","2 anos":"NÃO","3 anos":"NÃO","4 anos":"NÃO","5 anos":"SIM","6 anos":"SIM","7 anos":"SIM","8 anos":"SIM","9 anos":"SIM","10 anos":"SIM","11 anos":"NÃO","12 anos":"NÃO","13 anos":"NÃO","14 anos":"NÃO","Ano":2023,"Fonte":"Secretaria Municipal de Educação - SME","SRC da camada":"EPSG:4326 - WGS 84","Codificação":"UTF-8"}},{"type":"Feature","id":"vw_ParqueEscolarMunicipal_2023.fid-5656ca56_19a5f394e75_6931","geometry":{"type":"Point","coordinates":[-38.48659097,-3.84185641]},"geometry_name":"geom","properties":{"id":120,"fid":120,"Tipo":"EMTP","Título":"ESCOLA MUNICIPAL","Nome":"CÔNEGO FRANCISCO PEREIRA DA SILVA","Seriação":"F-1,2,3,4,5,6,7,8,9","Faixa etária":"6 A 14 ANOS","Distrito":6,"Endereço":"RUA LUIZ FRANCISCO XAVIER, 256","Bairro":"PAUPINA","Código do bairro":68,"CEP":"60872-508","Regional":"SER 6","INEP":23070137,"CODSGE":163,"6 mees":"NÃO","1 ano":"NÃO","2 anos":"NÃO","3 anos":"NÃO","4 anos":"NÃO","5 anos":"NÃO","6 anos":"SIM","7 anos":"SIM","8 anos":"SIM","9 anos":"SIM","10 anos":"SIM","11 anos":"SIM","12 anos":"SIM","13 anos":"SIM","14 anos":"SIM","Ano":2023,"Fonte":"Secretaria Municipal de Educação - SME","SRC da camada":"EPSG:4326 - WGS 84","Codificação":"UTF-8"}},{"type":"Feature","id":"vw_ParqueEscolarMunicipal_2023.fid-5656ca56_19a5f394e75_6932","geometry":{"type":"Point","coordinates":[-38.49051226,-3.83861803]},"geometry_name":"geom","properties":{"id":121,"fid":121,"Tipo":"EMTP","Título":"ESCOLA MUNICIPAL","Nome":"JOSÉ BARROS DE ALENCAR","Seriação":"I-4,5/F-1,2,3,4","Faixa etária":"4 A 9 ANOS","Distrito":6,"Endereço":"RUA GARDÊNIA, S/N (PARQUE MAMOEIRO)","Bairro":"PAUPINA","Código do bairro":68,"CEP":"60872-675","Regional":"SER 6","INEP":23250429,"CODSGE":366,"6 mees":"NÃO","1 ano":"NÃO","2 anos":"NÃO","3 anos":"NÃO","4 anos":"SIM","5 anos":"SIM","6 anos":"SIM","7 anos":"SIM","8 anos":"SIM","9 anos":"SIM","10 anos":"NÃO","11 anos":"NÃO","12 anos":"NÃO","13 anos":"NÃO","14 anos":"NÃO","Ano":2023,"Fonte":"Secretaria Municipal de Educação - SME","SRC da camada":"EPSG:4326 - WGS 84","Codificação":"UTF-8"}},{"type":"Feature","id":"vw_ParqueEscolarMunicipal_2023.fid-5656ca56_19a5f394e75_6933","geometry":{"type":"Point","coordinates":[-38.50896353,-3.88894855]},"geometry_name":"geom","properties":{"id":122,"fid":122,"Tipo":"EMTP","Título":"ESCOLA MUNICIPAL","Nome":"TRISTÃO DE ALENCAR","Seriação":"I-4,5/F-1,2,3,4,5","Faixa etária":"4 A 10 ANOS","Distrito":6,"Endereço":"RUA JOSÉ NOGUEIRA, 69","Bairro":"PEDRAS","Código do bairro":69,"CEP":"60874-670","Regional":"SER 9","INEP":23078162,"CODSGE":325,"6 mees":"NÃO","1 ano":"NÃO","2 anos":"NÃO","3 anos":"NÃO","4 anos":"SIM","5 anos":"SIM","6 anos":"SIM","7 anos":"SIM","8 anos":"SIM","9 anos":"SIM","10 anos":"SIM","11 anos":"NÃO","12 anos":"NÃO","13 anos":"NÃO","14 anos":"NÃO","Ano":2023,"Fonte":"Secretaria Municipal de Educação - SME","SRC da camada":"EPSG:4326 - WGS 84","Codificação":"UTF-8"}},{"type":"Feature","id":"vw_ParqueEscolarMunicipal_2023.fid-5656ca56_19a5f394e75_6934","geometry":{"type":"Point","coordinates":[-38.53026161,-3.87980683]},"geometry_name":"geom","properties":{"id":123,"fid":123,"Tipo":"EMTP","Título":"ESCOLA MUNICIPAL","Nome":"FRANCISCA ORIÁ SERPA","Seriação":"F-6,7,8,9","Faixa etária":"11 A 14 ANOS","Distrito":6,"Endereço":"RUA JORGE FIGUEIREDO, 3652","Bairro":"PEDRAS","Código do bairro":69,"CEP":"60874-765","Regional":"SER 9","INEP":23069953,"CODSGE":319,"6 mees":"NÃO","1 ano":"NÃO","2 anos":"NÃO","3 anos":"NÃO","4 anos":"NÃO","5 anos":"NÃO","6 anos":"NÃO","7 anos":"NÃO","8 anos":"NÃO","9 anos":"NÃO","10 anos":"NÃO","11 anos":"SIM","12 anos":"SIM","13 anos":"SIM","14 anos":"SIM","Ano":2023,"Fonte":"Secretaria Municipal de Educação - SME","SRC da camada":"EPSG:4326 - WGS 84","Codificação":"UTF-8"}},{"type":"Feature","id":"vw_ParqueEscolarMunicipal_2023.fid-5656ca56_19a5f394e75_6935","geometry":{"type":"Point","coordinates":[-38.49500023,-3.84549655]},"geometry_name":"geom","properties":{"id":124,"fid":124,"Tipo":"EMTP","Título":"ESCOLA MUNICIPAL","Nome":"DEMÓCRITO ROCHA","Seriação":"F-5,6,7,8,9","Faixa etária":"9 A 14 ANOS","Distrito":6,"Endereço":"RUA PADRE PEDRO DE ALENCAR, 2012","Bairro":"PARQUE SANTA MARIA","Código do bairro":87,"CEP":"60873-082","Regional":"SER 9","INEP":23067829,"CODSGE":365,"6 mees":"NÃO","1 ano":"NÃO","2 anos":"NÃO","3 anos":"NÃO","4 anos":"NÃO","5 anos":"NÃO","6 anos":"NÃO","7 anos":"NÃO","8 anos":"NÃO","9 anos":"NÃO","10 anos":"SIM","11 anos":"SIM","12 anos":"SIM","13 anos":"SIM","14 anos":"SIM","Ano":2023,"Fonte":"Secretaria Municipal de Educação - SME","SRC da camada":"EPSG:4326 - WGS 84","Codificação":"UTF-8"}},{"type":"Feature","id":"vw_ParqueEscolarMunicipal_2023.fid-5656ca56_19a5f394e75_6936","geometry":{"type":"Point","coordinates":[-38.50579578,-3.86159794]},"geometry_name":"geom","properties":{"id":125,"fid":125,"Tipo":"EMTP","Título":"ESCOLA MUNICIPAL","Nome":"MANOELITO GUIMARÃES DOMINGUES","Seriação":"I-4,5/F-1,2,3,4,5","Faixa etária":"4 A 10 ANOS","Distrito":6,"Endereço":"RUA BABILÔNIA, S/N","Bairro":"ANCURI","Código do bairro":50,"CEP":"60874-130","Regional":"SER 9","INEP":23244291,"CODSGE":159,"6 mees":"NÃO","1 ano":"NÃO","2 anos":"NÃO","3 anos":"NÃO","4 anos":"SIM","5 anos":"SIM","6 anos":"SIM","7 anos":"SIM","8 anos":"SIM","9 anos":"SIM","10 anos":"SIM","11 anos":"NÃO","12 anos":"NÃO","13 anos":"NÃO","14 anos":"NÃO","Ano":2023,"Fonte":"Secretaria Municipal de Educação - SME","SRC da camada":"EPSG:4326 - WGS 84","Codificação":"UTF-8"}},{"type":"Feature","id":"vw_ParqueEscolarMunicipal_2023.fid-5656ca56_19a5f394e75_6937","geometry":{"type":"Point","coordinates":[-38.50077199,-3.85342774]},"geometry_name":"geom","properties":{"id":126,"fid":126,"Tipo":"EMTP","Título":"ESCOLA MUNICIPAL","Nome":"BÁRBARA DE ALENCAR","Seriação":"F-6,7,8,9","Faixa etária":"11 A 14 ANOS","Distrito":6,"Endereço":"RUA CAPITÃO PORFÍRIO, 544","Bairro":"PARQUE SANTA MARIA","Código do bairro":87,"CEP":"60873-135","Regional":"SER 9","INEP":23065834,"CODSGE":142,"6 mees":"NÃO","1 ano":"NÃO","2 anos":"NÃO","3 anos":"NÃO","4 anos":"NÃO","5 anos":"NÃO","6 anos":"NÃO","7 anos":"NÃO","8 anos":"NÃO","9 anos":"NÃO","10 anos":"NÃO","11 anos":"SIM","12 anos":"SIM","13 anos":"SIM","14 anos":"SIM","Ano":2023,"Fonte":"Secretaria Municipal de Educação - SME","SRC da camada":"EPSG:4326 - WGS 84","Codificação":"UTF-8"}},{"type":"Feature","id":"vw_ParqueEscolarMunicipal_2023.fid-5656ca56_19a5f394e75_6938","geometry":{"type":"Point","coordinates":[-38.5019498,-3.85132572]},"geometry_name":"geom","properties":{"id":127,"fid":127,"Tipo":"EMTP","Título":"ESCOLA MUNICIPAL","Nome":"JOSÉ MOREIRA LEITÃO","Seriação":"I-5/F-1,2,3,4,5","Faixa etária":"5 A 10 ANOS","Distrito":6,"Endereço":"RUA HONORINO MAIA, 467","Bairro":"PARQUE SANTA MARIA","Código do bairro":87,"CEP":"60873-000","Regional":"SER 9","INEP":23186771,"CODSGE":262,"6 mees":"NÃO","1 ano":"NÃO","2 anos":"NÃO","3 anos":"NÃO","4 anos":"NÃO","5 anos":"SIM","6 anos":"SIM","7 anos":"SIM","8 anos":"SIM","9 anos":"SIM","10 anos":"SIM","11 anos":"NÃO","12 anos":"NÃO","13 anos":"NÃO","14 anos":"NÃO","Ano":2023,"Fonte":"Secretaria Municipal de Educação - SME","SRC da camada":"EPSG:4326 - WGS 84","Codificação":"UTF-8"}},{"type":"Feature","id":"vw_ParqueEscolarMunicipal_2023.fid-5656ca56_19a5f394e75_6939","geometry":{"type":"Point","coordinates":[-38.52477315,-3.85100126]},"geometry_name":"geom","properties":{"id":128,"fid":128,"Tipo":"EMTP","Título":"ESCOLA MUNICIPAL","Nome":"MARIA HELENILCE CAVALCANTE LEITE MARTINS","Seriação":"F-1,2,3,4,5,6,7,8,9","Faixa etária":"6 A 14 ANOS","Distrito":6,"Endereço":"RUA MAÍZA, S/N","Bairro":"CONJUNTO PALMEIRAS","Código do bairro":118,"CEP":"60870-250","Regional":"SER 9","INEP":23073667,"CODSGE":320,"6 mees":"NÃO","1 ano":"NÃO","2 anos":"NÃO","3 anos":"NÃO","4 anos":"NÃO","5 anos":"NÃO","6 anos":"SIM","7 anos":"SIM","8 anos":"SIM","9 anos":"SIM","10 anos":"SIM","11 anos":"SIM","12 anos":"SIM","13 anos":"SIM","14 anos":"SIM","Ano":2023,"Fonte":"Secretaria Municipal de Educação - SME","SRC da camada":"EPSG:4326 - WGS 84","Codificação":"UTF-8"}},{"type":"Feature","id":"vw_ParqueEscolarMunicipal_2023.fid-5656ca56_19a5f394e75_693a","geometry":{"type":"Point","coordinates":[-38.52763379,-3.84845097]},"geometry_name":"geom","properties":{"id":129,"fid":129,"Tipo":"EMTP","Título":"ESCOLA MUNICIPAL","Nome":"JOÃO GERMANO DA PONTE NETO","Seriação":"I-4,5/F-1,2,3,4,5","Faixa etária":"4 A 10 ANOS","Distrito":6,"Endereço":"RUA MAÍZA, 549","Bairro":"CONJUNTO PALMEIRAS","Código do bairro":118,"CEP":"60870-250","Regional":"SER 9","INEP":23071796,"CODSGE":177,"6 mees":"NÃO","1 ano":"NÃO","2 anos":"NÃO","3 anos":"NÃO","4 anos":"SIM","5 anos":"SIM","6 anos":"SIM","7 anos":"SIM","8 anos":"SIM","9 anos":"SIM","10 anos":"SIM","11 anos":"NÃO","12 anos":"NÃO","13 anos":"NÃO","14 anos":"NÃO","Ano":2023,"Fonte":"Secretaria Municipal de Educação - SME","SRC da camada":"EPSG:4326 - WGS 84","Codificação":"UTF-8"}},{"type":"Feature","id":"vw_ParqueEscolarMunicipal_2023.fid-5656ca56_19a5f394e75_693b","geometry":{"type":"Point","coordinates":[-38.52357244,-3.84602965]},"geometry_name":"geom","properties":{"id":130,"fid":130,"Tipo":"CEI","Título":"CENTRO DE EDUCAÇÃO INFANTIL","Nome":"PROFESSORA MARIA DO SOCORRO FERREIRA VIRINO","Seriação":"I-2,3,4","Faixa etária":"2 A 5 ANOS","Distrito":6,"Endereço":"AV. VALPARAISO, 339","Bairro":"CONJUNTO PALMEIRAS","Código do bairro":118,"CEP":"60870-440","Regional":"SER 9","INEP":23256460,"CODSGE":497,"6 mees":"NÃO","1 ano":"NÃO","2 anos":"SIM","3 anos":"SIM","4 anos":"SIM","5 anos":"SIM","6 anos":"NÃO","7 anos":"NÃO","8 anos":"NÃO","9 anos":"NÃO","10 anos":"NÃO","11 anos":"NÃO","12 anos":"NÃO","13 anos":"NÃO","14 anos":"NÃO","Ano":2023,"Fonte":"Secretaria Municipal de Educação - SME","SRC da camada":"EPSG:4326 - WGS 84","Codificação":"UTF-8"}},{"type":"Feature","id":"vw_ParqueEscolarMunicipal_2023.fid-5656ca56_19a5f394e75_693c","geometry":{"type":"Point","coordinates":[-38.52312425,-3.8462812]},"geometry_name":"geom","properties":{"id":131,"fid":131,"Tipo":"EMTP","Título":"ESCOLA MUNICIPAL","Nome":"CÉSAR CALS DE OLIVEIRA NETO","Seriação":"F-1,2,3,4,5","Faixa etária":"6 A 10 ANOS","Distrito":6,"Endereço":"RUA OLÍMPIO RIBEIRO, 20","Bairro":"CONJUNTO PALMEIRAS","Código do bairro":118,"CEP":"60870-340","Regional":"SER 9","INEP":23250623,"CODSGE":271,"6 mees":"NÃO","1 ano":"NÃO","2 anos":"NÃO","3 anos":"NÃO","4 anos":"NÃO","5 anos":"NÃO","6 anos":"SIM","7 anos":"SIM","8 anos":"SIM","9 anos":"SIM","10 anos":"SIM","11 anos":"NÃO","12 anos":"NÃO","13 anos":"NÃO","14 anos":"NÃO","Ano":2023,"Fonte":"Secretaria Municipal de Educação - SME","SRC da camada":"EPSG:4326 - WGS 84","Codificação":"UTF-8"}},{"type":"Feature","id":"vw_ParqueEscolarMunicipal_2023.fid-5656ca56_19a5f394e75_693d","geometry":{"type":"Point","coordinates":[-38.52305341,-3.84573733]},"geometry_name":"geom","properties":{"id":132,"fid":132,"Tipo":"EMTP","Título":"ESCOLA MUNICIPAL","Nome":"PROFESSORA MARIA DO SOCORRO FERREIRA VIRINO","Seriação":"F-1,2,3,4,5","Faixa etária":"6 A 10 ANOS","Distrito":6,"Endereço":"RUA MODESTA, 44","Bairro":"CONJUNTO PALMEIRAS","Código do bairro":118,"CEP":"60870-140","Regional":"SER 9","INEP":23256460,"CODSGE":299,"6 mees":"NÃO","1 ano":"NÃO","2 anos":"NÃO","3 anos":"NÃO","4 anos":"NÃO","5 anos":"NÃO","6 anos":"SIM","7 anos":"SIM","8 anos":"SIM","9 anos":"SIM","10 anos":"SIM","11 anos":"NÃO","12 anos":"NÃO","13 anos":"NÃO","14 anos":"NÃO","Ano":2023,"Fonte":"Secretaria Municipal de Educação - SME","SRC da camada":"EPSG:4326 - WGS 84","Codificação":"UTF-8"}},{"type":"Feature","id":"vw_ParqueEscolarMunicipal_2023.fid-5656ca56_19a5f394e75_693e","geometry":{"type":"Point","coordinates":[-38.52336286,-3.84536466]},"geometry_name":"geom","properties":{"id":133,"fid":133,"Tipo":"EMTP","Título":"ESCOLA MUNICIPAL","Nome":"MARIETA CALS","Seriação":"F-6,7,8,9","Faixa etária":"11 A 14 ANOS","Distrito":6,"Endereço":"AV. VALPARAISO, 160","Bairro":"CONJUNTO PALMEIRAS","Código do bairro":118,"CEP":"60870-440","Regional":"SER 9","INEP":23074078,"CODSGE":157,"6 mees":"NÃO","1 ano":"NÃO","2 anos":"NÃO","3 anos":"NÃO","4 anos":"NÃO","5 anos":"NÃO","6 anos":"NÃO","7 anos":"NÃO","8 anos":"NÃO","9 anos":"NÃO","10 anos":"NÃO","11 anos":"SIM","12 anos":"SIM","13 anos":"SIM","14 anos":"SIM","Ano":2023,"Fonte":"Secretaria Municipal de Educação - SME","SRC da camada":"EPSG:4326 - WGS 84","Codificação":"UTF-8"}},{"type":"Feature","id":"vw_ParqueEscolarMunicipal_2023.fid-5656ca56_19a5f394e75_693f","geometry":{"type":"Point","coordinates":[-38.52756828,-3.83934387]},"geometry_name":"geom","properties":{"id":134,"fid":134,"Tipo":"EMTP","Título":"ESCOLA MUNICIPAL","Nome":"PROFESSORA BERNADETE ORIÁ DE OLIVEIRA","Seriação":"I-4,5/F-1,2,3,4,5","Faixa etária":"4 A 10 ANOS","Distrito":6,"Endereço":"RUA DOUTOR CODES SANDOVAL, 796","Bairro":"CONJUNTO PALMEIRAS","Código do bairro":118,"CEP":"60870-090","Regional":"SER 9","INEP":23256605,"CODSGE":287,"6 mees":"NÃO","1 ano":"NÃO","2 anos":"NÃO","3 anos":"NÃO","4 anos":"SIM","5 anos":"SIM","6 anos":"SIM","7 anos":"SIM","8 anos":"SIM","9 anos":"SIM","10 anos":"SIM","11 anos":"NÃO","12 anos":"NÃO","13 anos":"NÃO","14 anos":"NÃO","Ano":2023,"Fonte":"Secretaria Municipal de Educação - SME","SRC da camada":"EPSG:4326 - WGS 84","Codificação":"UTF-8"}},{"type":"Feature","id":"vw_ParqueEscolarMunicipal_2023.fid-5656ca56_19a5f394e75_6940","geometry":{"type":"Point","coordinates":[-38.50685237,-3.84466193]},"geometry_name":"geom","properties":{"id":135,"fid":135,"Tipo":"EMTP","Título":"ESCOLA MUNICIPAL","Nome":"JORNALISTA JOSÉ BLANCHARD GIRÃO DA SILVA","Seriação":"I-4,5/F-1,2,3,4,5","Faixa etária":"4 A 10 ANOS","Distrito":6,"Endereço":"TRAV. MISSIONÁRIO OLIVEIRA, 301","Bairro":"JANGURUSSU","Código do bairro":61,"CEP":"60870-603","Regional":"SER 9","INEP":23324260,"CODSGE":193,"6 mees":"NÃO","1 ano":"NÃO","2 anos":"NÃO","3 anos":"NÃO","4 anos":"SIM","5 anos":"SIM","6 anos":"SIM","7 anos":"SIM","8 anos":"SIM","9 anos":"SIM","10 anos":"SIM","11 anos":"NÃO","12 anos":"NÃO","13 anos":"NÃO","14 anos":"NÃO","Ano":2023,"Fonte":"Secretaria Municipal de Educação - SME","SRC da camada":"EPSG:4326 - WGS 84","Codificação":"UTF-8"}},{"type":"Feature","id":"vw_ParqueEscolarMunicipal_2023.fid-5656ca56_19a5f394e75_6941","geometry":{"type":"Point","coordinates":[-38.5047751,-3.84591028]},"geometry_name":"geom","properties":{"id":136,"fid":136,"Tipo":"EMTP","Título":"ESCOLA MUNICIPAL","Nome":"VEREADOR JOSÉ BARROS DE ALENCAR","Seriação":"F-6,7,8,9","Faixa etária":"11 A 14 ANOS","Distrito":6,"Endereço":"RUA D, 48 (CONJ. SANTOS DIAS)","Bairro":"JANGURUSSU","Código do bairro":61,"CEP":"60870-565","Regional":"SER 9","INEP":23072229,"CODSGE":324,"6 mees":"NÃO","1 ano":"NÃO","2 anos":"NÃO","3 anos":"NÃO","4 anos":"NÃO","5 anos":"NÃO","6 anos":"NÃO","7 anos":"NÃO","8 anos":"NÃO","9 anos":"NÃO","10 anos":"NÃO","11 anos":"SIM","12 anos":"SIM","13 anos":"SIM","14 anos":"SIM","Ano":2023,"Fonte":"Secretaria Municipal de Educação - SME","SRC da camada":"EPSG:4326 - WGS 84","Codificação":"UTF-8"}},{"type":"Feature","id":"vw_ParqueEscolarMunicipal_2023.fid-5656ca56_19a5f394e75_6942","geometry":{"type":"Point","coordinates":[-38.5117838,-3.85239116]},"geometry_name":"geom","properties":{"id":137,"fid":137,"Tipo":"EMTP","Título":"ESCOLA MUNICIPAL","Nome":"MARIA DE JESUS ORIÁ ALENCAR","Seriação":"I-4,5/F-1,2,3,4,5","Faixa etária":"4 A 10 ANOS","Distrito":6,"Endereço":"RUA 43, S/N (CONJUNTO SÃO JOÃO)","Bairro":"JANGURUSSU","Código do bairro":61,"CEP":"60876-660","Regional":"SER 9","INEP":23073535,"CODSGE":158,"6 mees":"NÃO","1 ano":"NÃO","2 anos":"NÃO","3 anos":"NÃO","4 anos":"SIM","5 anos":"SIM","6 anos":"SIM","7 anos":"SIM","8 anos":"SIM","9 anos":"SIM","10 anos":"SIM","11 anos":"NÃO","12 anos":"NÃO","13 anos":"NÃO","14 anos":"NÃO","Ano":2023,"Fonte":"Secretaria Municipal de Educação - SME","SRC da camada":"EPSG:4326 - WGS 84","Codificação":"UTF-8"}},{"type":"Feature","id":"vw_ParqueEscolarMunicipal_2023.fid-5656ca56_19a5f394e75_6943","geometry":{"type":"Point","coordinates":[-38.52021595,-3.84833445]},"geometry_name":"geom","properties":{"id":138,"fid":138,"Tipo":"EMTI","Título":"ESCOLA MUNICIPAL DE TEMPO INTEGRAL","Nome":"PROFESSOR ANTÔNIO GIRÃO BARROSO","Seriação":"F-6,7,8,9","Faixa etária":"11 A 14 ANOS","Distrito":6,"Endereço":"RUA 37, S/N (CONJUNTO SÍTIO SÃO JOÃO)","Bairro":"JANGURUSSU","Código do bairro":61,"CEP":"60876-601","Regional":"SER 9","INEP":23065346,"CODSGE":316,"6 mees":"NÃO","1 ano":"NÃO","2 anos":"NÃO","3 anos":"NÃO","4 anos":"NÃO","5 anos":"NÃO","6 anos":"NÃO","7 anos":"NÃO","8 anos":"NÃO","9 anos":"NÃO","10 anos":"NÃO","11 anos":"SIM","12 anos":"SIM","13 anos":"SIM","14 anos":"SIM","Ano":2023,"Fonte":"Secretaria Municipal de Educação - SME","SRC da camada":"EPSG:4326 - WGS 84","Codificação":"UTF-8"}},{"type":"Feature","id":"vw_ParqueEscolarMunicipal_2023.fid-5656ca56_19a5f394e75_6944","geometry":{"type":"Point","coordinates":[-38.52313127,-3.83901881]},"geometry_name":"geom","properties":{"id":139,"fid":139,"Tipo":"EMTP","Título":"ESCOLA MUNICIPAL","Nome":"MARTHA DOS MARTINS COELHO GUILHERME","Seriação":"I-4,5/F-1,2,3,4,5,6,7,8,9","Faixa etária":"4 A 14 ANOS","Distrito":6,"Endereço":"RUA 313, 243 (CONJUNTO SÃO CRISTÓVÃO)","Bairro":"JANGURUSSU","Código do bairro":61,"CEP":"60866-370","Regional":"SER 9","INEP":23074124,"CODSGE":312,"6 mees":"NÃO","1 ano":"NÃO","2 anos":"NÃO","3 anos":"NÃO","4 anos":"SIM","5 anos":"SIM","6 anos":"SIM","7 anos":"SIM","8 anos":"SIM","9 anos":"SIM","10 anos":"SIM","11 anos":"SIM","12 anos":"SIM","13 anos":"SIM","14 anos":"SIM","Ano":2023,"Fonte":"Secretaria Municipal de Educação - SME","SRC da camada":"EPSG:4326 - WGS 84","Codificação":"UTF-8"}},{"type":"Feature","id":"vw_ParqueEscolarMunicipal_2023.fid-5656ca56_19a5f394e75_6945","geometry":{"type":"Point","coordinates":[-38.51874586,-3.83146678]},"geometry_name":"geom","properties":{"id":140,"fid":140,"Tipo":"EMTP","Título":"ESCOLA MUNICIPAL","Nome":"PROFESSOR FRANCISCO DE MELO JABORANDI","Seriação":"I-4,5/F-1,2,3,4,5","Faixa etária":"4 A 10 ANOS","Distrito":6,"Endereço":"AV. GOVERNADOR LEONEL BRIZOLA, 198","Bairro":"JANGURUSSU","Código do bairro":61,"CEP":"60866-190","Regional":"SER 9","INEP":23070013,"CODSGE":165,"6 mees":"NÃO","1 ano":"NÃO","2 anos":"NÃO","3 anos":"NÃO","4 anos":"SIM","5 anos":"SIM","6 anos":"SIM","7 anos":"SIM","8 anos":"SIM","9 anos":"SIM","10 anos":"SIM","11 anos":"NÃO","12 anos":"NÃO","13 anos":"NÃO","14 anos":"NÃO","Ano":2023,"Fonte":"Secretaria Municipal de Educação - SME","SRC da camada":"EPSG:4326 - WGS 84","Codificação":"UTF-8"}},{"type":"Feature","id":"vw_ParqueEscolarMunicipal_2023.fid-5656ca56_19a5f394e75_6946","geometry":{"type":"Point","coordinates":[-38.52383194,-3.83129702]},"geometry_name":"geom","properties":{"id":141,"fid":141,"Tipo":"EMTP","Título":"ESCOLA MUNICIPAL","Nome":"TAÍS MARIA BEZERRA NOGUEIRA","Seriação":"F-6,7,8,9","Faixa etária":"11 A 14 ANOS","Distrito":6,"Endereço":"AV. GOVERNADOR LEONEL BRIZOLA, 710","Bairro":"JANGURUSSU","Código do bairro":61,"CEP":"60866-190","Regional":"SER 9","INEP":23077794,"CODSGE":315,"6 mees":"NÃO","1 ano":"NÃO","2 anos":"NÃO","3 anos":"NÃO","4 anos":"NÃO","5 anos":"NÃO","6 anos":"NÃO","7 anos":"NÃO","8 anos":"NÃO","9 anos":"NÃO","10 anos":"NÃO","11 anos":"SIM","12 anos":"SIM","13 anos":"SIM","14 anos":"SIM","Ano":2023,"Fonte":"Secretaria Municipal de Educação - SME","SRC da camada":"EPSG:4326 - WGS 84","Codificação":"UTF-8"}},{"type":"Feature","id":"vw_ParqueEscolarMunicipal_2023.fid-5656ca56_19a5f394e75_6947","geometry":{"type":"Point","coordinates":[-38.52004024,-3.82403428]},"geometry_name":"geom","properties":{"id":142,"fid":142,"Tipo":"CEI","Título":"CENTRO DE EDUCAÇÃO INFANTIL","Nome":"PROFESSORA OLINDINA CARVALHO DE MORAIS","Seriação":"I-4,5","Faixa etária":"3 A 5 ANOS","Distrito":6,"Endereço":"RUA 05, 581 (CONJUNTO JOÃO PAULO II)","Bairro":"BARROSO","Código do bairro":51,"CEP":"60863-800","Regional":"SER 9","INEP":23070013,"CODSGE":119,"6 mees":"NÃO","1 ano":"NÃO","2 anos":"NÃO","3 anos":"NÃO","4 anos":"SIM","5 anos":"SIM","6 anos":"NÃO","7 anos":"NÃO","8 anos":"NÃO","9 anos":"NÃO","10 anos":"NÃO","11 anos":"NÃO","12 anos":"NÃO","13 anos":"NÃO","14 anos":"NÃO","Ano":2023,"Fonte":"Secretaria Municipal de Educação - SME","SRC da camada":"EPSG:4326 - WGS 84","Codificação":"UTF-8"}},{"type":"Feature","id":"vw_ParqueEscolarMunicipal_2023.fid-5656ca56_19a5f394e75_6948","geometry":{"type":"Point","coordinates":[-38.51920187,-3.82424076]},"geometry_name":"geom","properties":{"id":143,"fid":143,"Tipo":"EMTP","Título":"ESCOLA MUNICIPAL","Nome":"SINÓ PINHEIRO","Seriação":"F-1,2,3,5","Faixa etária":"6, 7, 8 E 10 ANOS","Distrito":6,"Endereço":"RUA 14, 151 (CONJUNTO JOÃO PAULO II)","Bairro":"BARROSO","Código do bairro":51,"CEP":"60863-770","Regional":"SER 9","INEP":23233800,"CODSGE":326,"6 mees":"NÃO","1 ano":"NÃO","2 anos":"NÃO","3 anos":"NÃO","4 anos":"NÃO","5 anos":"NÃO","6 anos":"SIM","7 anos":"SIM","8 anos":"SIM","9 anos":"NÃO","10 anos":"SIM","11 anos":"NÃO","12 anos":"NÃO","13 anos":"NÃO","14 anos":"NÃO","Ano":2023,"Fonte":"Secretaria Municipal de Educação - SME","SRC da camada":"EPSG:4326 - WGS 84","Codificação":"UTF-8"}},{"type":"Feature","id":"vw_ParqueEscolarMunicipal_2023.fid-5656ca56_19a5f394e75_6949","geometry":{"type":"Point","coordinates":[-38.50643655,-3.81911781]},"geometry_name":"geom","properties":{"id":144,"fid":144,"Tipo":"EMTP","Título":"ESCOLA MUNICIPAL","Nome":"PROFESSORA MARIA ANTONÉZIA MEIRELES E SÁ","Seriação":"F-6,7,8,9","Faixa etária":"11 A 14 ANOS","Distrito":6,"Endereço":"RUA CORONEL VIRGÍLIO TÁVORA, 1340","Bairro":"BARROSO","Código do bairro":51,"CEP":"60862-715","Regional":"SER 9","INEP":23324279,"CODSGE":196,"6 mees":"NÃO","1 ano":"NÃO","2 anos":"NÃO","3 anos":"NÃO","4 anos":"NÃO","5 anos":"NÃO","6 anos":"NÃO","7 anos":"NÃO","8 anos":"NÃO","9 anos":"NÃO","10 anos":"NÃO","11 anos":"SIM","12 anos":"SIM","13 anos":"SIM","14 anos":"SIM","Ano":2023,"Fonte":"Secretaria Municipal de Educação - SME","SRC da camada":"EPSG:4326 - WGS 84","Codificação":"UTF-8"}},{"type":"Feature","id":"vw_ParqueEscolarMunicipal_2023.fid-5656ca56_19a5f394e75_694a","geometry":{"type":"Point","coordinates":[-38.50999264,-3.81495916]},"geometry_name":"geom","properties":{"id":145,"fid":145,"Tipo":"EMTP","Título":"ESCOLA MUNICIPAL","Nome":"OTÁVIO DE FARIAS","Seriação":"F-1,2,3,4,5","Faixa etária":"6 A 10 ANOS","Distrito":6,"Endereço":"RUA JOÃO FERREIRA, S/N","Bairro":"BARROSO","Código do bairro":51,"CEP":"60862-650","Regional":"SER 9","INEP":23078723,"CODSGE":141,"6 mees":"NÃO","1 ano":"NÃO","2 anos":"NÃO","3 anos":"NÃO","4 anos":"NÃO","5 anos":"NÃO","6 anos":"SIM","7 anos":"SIM","8 anos":"SIM","9 anos":"SIM","10 anos":"SIM","11 anos":"NÃO","12 anos":"NÃO","13 anos":"NÃO","14 anos":"NÃO","Ano":2023,"Fonte":"Secretaria Municipal de Educação - SME","SRC da camada":"EPSG:4326 - WGS 84","Codificação":"UTF-8"}},{"type":"Feature","id":"vw_ParqueEscolarMunicipal_2023.fid-5656ca56_19a5f394e75_694b","geometry":{"type":"Point","coordinates":[-38.53048447,-3.82824034]},"geometry_name":"geom","properties":{"id":146,"fid":146,"Tipo":"EMTP","Título":"ESCOLA MUNICIPAL","Nome":"DELMA HERMÍNIA DA SILVA PEREIRA","Seriação":"F-6,7,8,9","Faixa etária":"11 A 14 ANOS","Distrito":4,"Endereço":"AV. PRESIDENTE COSTA E SILVA, 5606","Bairro":"PASSARÉ","Código do bairro":88,"CEP":"60750-022","Regional":"SER 8","INEP":23272694,"CODSGE":252,"6 mees":"NÃO","1 ano":"NÃO","2 anos":"NÃO","3 anos":"NÃO","4 anos":"NÃO","5 anos":"NÃO","6 anos":"NÃO","7 anos":"NÃO","8 anos":"NÃO","9 anos":"NÃO","10 anos":"NÃO","11 anos":"SIM","12 anos":"SIM","13 anos":"SIM","14 anos":"SIM","Ano":2023,"Fonte":"Secretaria Municipal de Educação - SME","SRC da camada":"EPSG:4326 - WGS 84","Codificação":"UTF-8"}},{"type":"Feature","id":"vw_ParqueEscolarMunicipal_2023.fid-5656ca56_19a5f394e75_694c","geometry":{"type":"Point","coordinates":[-38.53325597,-3.82739111]},"geometry_name":"geom","properties":{"id":147,"fid":147,"Tipo":"EMTP","Título":"ESCOLA MUNICIPAL","Nome":"ANDRÉ LUIS","Seriação":"I-4,5/F-1,2,3,4,5","Faixa etária":"4 A 10 ANOS","Distrito":4,"Endereço":"AV. PRESIDENTE COSTA E SILVA, 5255","Bairro":"PASSARÉ","Código do bairro":88,"CEP":"60862-515","Regional":"SER 8","INEP":23256850,"CODSGE":297,"6 mees":"NÃO","1 ano":"NÃO","2 anos":"NÃO","3 anos":"NÃO","4 anos":"SIM","5 anos":"SIM","6 anos":"SIM","7 anos":"SIM","8 anos":"SIM","9 anos":"SIM","10 anos":"SIM","11 anos":"NÃO","12 anos":"NÃO","13 anos":"NÃO","14 anos":"NÃO","Ano":2023,"Fonte":"Secretaria Municipal de Educação - SME","SRC da camada":"EPSG:4326 - WGS 84","Codificação":"UTF-8"}},{"type":"Feature","id":"vw_ParqueEscolarMunicipal_2023.fid-5656ca56_19a5f394e75_694d","geometry":{"type":"Point","coordinates":[-38.5331191,-3.82194404]},"geometry_name":"geom","properties":{"id":148,"fid":148,"Tipo":"EMTP","Título":"ESCOLA MUNICIPAL","Nome":"IMACULADA CONCEIÇÃO","Seriação":"I-5/F-1,2,3,4,5","Faixa etária":"5 A 10 ANOS","Distrito":4,"Endereço":"RUA 01, 10 (CONJUNTO JARDIM CASTELÃO)","Bairro":"PASSARÉ","Código do bairro":88,"CEP":"60862-120","Regional":"SER 8","INEP":23233702,"CODSGE":347,"6 mees":"NÃO","1 ano":"NÃO","2 anos":"NÃO","3 anos":"NÃO","4 anos":"NÃO","5 anos":"SIM","6 anos":"SIM","7 anos":"SIM","8 anos":"SIM","9 anos":"SIM","10 anos":"SIM","11 anos":"NÃO","12 anos":"NÃO","13 anos":"NÃO","14 anos":"NÃO","Ano":2023,"Fonte":"Secretaria Municipal de Educação - SME","SRC da camada":"EPSG:4326 - WGS 84","Codificação":"UTF-8"}},{"type":"Feature","id":"vw_ParqueEscolarMunicipal_2023.fid-5656ca56_19a5f394e75_694e","geometry":{"type":"Point","coordinates":[-38.52226287,-3.81742794]},"geometry_name":"geom","properties":{"id":149,"fid":149,"Tipo":"EMTP","Título":"ESCOLA MUNICIPAL","Nome":"FRANCISCO ANDRADE TEÓFILO GIRÃO","Seriação":"I-5/F-1,2,3,4,5,6,7","Faixa etária":"5 A 12 ANOS","Distrito":4,"Endereço":"RUA UNIDOS VENCEREMOS, 2040","Bairro":"PASSARÉ","Código do bairro":88,"CEP":"60860-096","Regional":"SER 8","INEP":23250550,"CODSGE":220,"6 mees":"NÃO","1 ano":"NÃO","2 anos":"NÃO","3 anos":"NÃO","4 anos":"NÃO","5 anos":"SIM","6 anos":"SIM","7 anos":"SIM","8 anos":"SIM","9 anos":"SIM","10 anos":"SIM","11 anos":"SIM","12 anos":"SIM","13 anos":"NÃO","14 anos":"NÃO","Ano":2023,"Fonte":"Secretaria Municipal de Educação - SME","SRC da camada":"EPSG:4326 - WGS 84","Codificação":"UTF-8"}},{"type":"Feature","id":"vw_ParqueEscolarMunicipal_2023.fid-5656ca56_19a5f394e75_694f","geometry":{"type":"Point","coordinates":[-38.53746834,-3.8137263]},"geometry_name":"geom","properties":{"id":150,"fid":150,"Tipo":"EMTP","Título":"ESCOLA MUNICIPAL","Nome":"RAIMUNDO DE MOURA MATOS","Seriação":"I-5/F-1,2,3,4,5","Faixa etária":"5 A 10 ANOS","Distrito":4,"Endereço":"AV. DOIS DE MAIO, 1300","Bairro":"PASSARÉ","Código do bairro":88,"CEP":"60867-105","Regional":"SER 8","INEP":23250666,"CODSGE":359,"6 mees":"NÃO","1 ano":"NÃO","2 anos":"NÃO","3 anos":"NÃO","4 anos":"NÃO","5 anos":"SIM","6 anos":"SIM","7 anos":"SIM","8 anos":"SIM","9 anos":"SIM","10 anos":"SIM","11 anos":"NÃO","12 anos":"NÃO","13 anos":"NÃO","14 anos":"NÃO","Ano":2023,"Fonte":"Secretaria Municipal de Educação - SME","SRC da camada":"EPSG:4326 - WGS 84","Codificação":"UTF-8"}},{"type":"Feature","id":"vw_ParqueEscolarMunicipal_2023.fid-5656ca56_19a5f394e75_6950","geometry":{"type":"Point","coordinates":[-38.54275167,-3.82023613]},"geometry_name":"geom","properties":{"id":151,"fid":151,"Tipo":"EMTP","Título":"ESCOLA MUNICIPAL","Nome":"PROFESSORA MARIA JOSÉ MACÁRIO COELHO","Seriação":"F-6,7,8,9","Faixa etária":"11 A 14 ANOS","Distrito":4,"Endereço":"RUA BANABUIÚ, 530","Bairro":"PARQUE DOIS IRMÃOS","Código do bairro":84,"CEP":"60861-431","Regional":"SER 8","INEP":23325224,"CODSGE":195,"6 mees":"NÃO","1 ano":"NÃO","2 anos":"NÃO","3 anos":"NÃO","4 anos":"NÃO","5 anos":"NÃO","6 anos":"NÃO","7 anos":"NÃO","8 anos":"NÃO","9 anos":"NÃO","10 anos":"NÃO","11 anos":"SIM","12 anos":"SIM","13 anos":"SIM","14 anos":"SIM","Ano":2023,"Fonte":"Secretaria Municipal de Educação - SME","SRC da camada":"EPSG:4326 - WGS 84","Codificação":"UTF-8"}},{"type":"Feature","id":"vw_ParqueEscolarMunicipal_2023.fid-5656ca56_19a5f394e75_6951","geometry":{"type":"Point","coordinates":[-38.54886176,-3.80675965]},"geometry_name":"geom","properties":{"id":152,"fid":152,"Tipo":"EMTP","Título":"ESCOLA MUNICIPAL","Nome":"INFANTE ROSALINA RODRIGUES","Seriação":"F-1,2,3,4,5","Faixa etária":"6 A 10 ANOS","Distrito":4,"Endereço":"AV. 02, 700 (LOT. AV. DOS EXPEDICIONÁRIOS)","Bairro":"PARQUE DOIS IRMÃOS","Código do bairro":84,"CEP":"60745-510","Regional":"SER 8","INEP":23324252,"CODSGE":194,"6 mees":"NÃO","1 ano":"NÃO","2 anos":"NÃO","3 anos":"NÃO","4 anos":"NÃO","5 anos":"NÃO","6 anos":"SIM","7 anos":"SIM","8 anos":"SIM","9 anos":"SIM","10 anos":"SIM","11 anos":"NÃO","12 anos":"NÃO","13 anos":"NÃO","14 anos":"NÃO","Ano":2023,"Fonte":"Secretaria Municipal de Educação - SME","SRC da camada":"EPSG:4326 - WGS 84","Codificação":"UTF-8"}},{"type":"Feature","id":"vw_ParqueEscolarMunicipal_2023.fid-5656ca56_19a5f394e75_6952","geometry":{"type":"Point","coordinates":[-38.5444419,-3.80169351]},"geometry_name":"geom","properties":{"id":153,"fid":153,"Tipo":"EMTP","Título":"ESCOLA MUNICIPAL","Nome":"ABDENAGO DA ROCHA LIMA","Seriação":"I-4,5/F-1,2,3,4,5","Faixa etária":"4 A 10 ANOS","Distrito":4,"Endereço":"RUA 114, 75 (CONJUNTO TUPÃ MIRIM)","Bairro":"PARQUE DOIS IRMÃOS","Código do bairro":84,"CEP":"60744-530","Regional":"SER 8","INEP":23186909,"CODSGE":277,"6 mees":"NÃO","1 ano":"NÃO","2 anos":"NÃO","3 anos":"NÃO","4 anos":"SIM","5 anos":"SIM","6 anos":"SIM","7 anos":"SIM","8 anos":"SIM","9 anos":"SIM","10 anos":"SIM","11 anos":"NÃO","12 anos":"NÃO","13 anos":"NÃO","14 anos":"NÃO","Ano":2023,"Fonte":"Secretaria Municipal de Educação - SME","SRC da camada":"EPSG:4326 - WGS 84","Codificação":"UTF-8"}},{"type":"Feature","id":"vw_ParqueEscolarMunicipal_2023.fid-5656ca56_19a5f394e75_6953","geometry":{"type":"Point","coordinates":[-38.54598299,-3.7992066]},"geometry_name":"geom","properties":{"id":154,"fid":154,"Tipo":"EMTP","Título":"ESCOLA MUNICIPAL","Nome":"MANUEL LIMA SOARES","Seriação":"F-6,7,8,9","Faixa etária":"11 A 14 ANOS","Distrito":4,"Endereço":"RUA 130, 60 (CONJUNTO TUPÃ MIRIM)","Bairro":"PARQUE DOIS IRMÃOS","Código do bairro":84,"CEP":"60744-640","Regional":"SER 8","INEP":23184558,"CODSGE":341,"6 mees":"NÃO","1 ano":"NÃO","2 anos":"NÃO","3 anos":"NÃO","4 anos":"NÃO","5 anos":"NÃO","6 anos":"NÃO","7 anos":"NÃO","8 anos":"NÃO","9 anos":"NÃO","10 anos":"NÃO","11 anos":"SIM","12 anos":"SIM","13 anos":"SIM","14 anos":"SIM","Ano":2023,"Fonte":"Secretaria Municipal de Educação - SME","SRC da camada":"EPSG:4326 - WGS 84","Codificação":"UTF-8"}},{"type":"Feature","id":"vw_ParqueEscolarMunicipal_2023.fid-5656ca56_19a5f394e75_6954","geometry":{"type":"Point","coordinates":[-38.54731154,-3.79821198]},"geometry_name":"geom","properties":{"id":155,"fid":155,"Tipo":"EMTP","Título":"ESCOLA MUNICIPAL","Nome":"SANTA TEREZINHA","Seriação":"I-4,5/F-1,2,3,4,5","Faixa etária":"4 A 10 ANOS","Distrito":4,"Endereço":"AV. NORTE SUL, 145","Bairro":"PARQUE DOIS IRMÃOS","Código do bairro":84,"CEP":"60744-395","Regional":"SER 8","INEP":23242710,"CODSGE":350,"6 mees":"NÃO","1 ano":"NÃO","2 anos":"NÃO","3 anos":"NÃO","4 anos":"SIM","5 anos":"SIM","6 anos":"SIM","7 anos":"SIM","8 anos":"SIM","9 anos":"SIM","10 anos":"SIM","11 anos":"NÃO","12 anos":"NÃO","13 anos":"NÃO","14 anos":"NÃO","Ano":2023,"Fonte":"Secretaria Municipal de Educação - SME","SRC da camada":"EPSG:4326 - WGS 84","Codificação":"UTF-8"}},{"type":"Feature","id":"vw_ParqueEscolarMunicipal_2023.fid-5656ca56_19a5f394e75_6955","geometry":{"type":"Point","coordinates":[-38.51814029,-3.81261664]},"geometry_name":"geom","properties":{"id":156,"fid":156,"Tipo":"EMTP","Título":"ESCOLA MUNICIPAL","Nome":"PAULO SÉRGIO DE SOUSA LIRA","Seriação":"F-1,2,3,4,5","Faixa etária":"6 A 10 ANOS","Distrito":4,"Endereço":"RUA ITABORAÍ, 264","Bairro":"PASSARÉ","Código do bairro":88,"CEP":"60861-830","Regional":"SER 8","INEP":23546999,"CODSGE":357,"6 mees":"NÃO","1 ano":"NÃO","2 anos":"NÃO","3 anos":"NÃO","4 anos":"NÃO","5 anos":"NÃO","6 anos":"SIM","7 anos":"SIM","8 anos":"SIM","9 anos":"SIM","10 anos":"SIM","11 anos":"NÃO","12 anos":"NÃO","13 anos":"NÃO","14 anos":"NÃO","Ano":2023,"Fonte":"Secretaria Municipal de Educação - SME","SRC da camada":"EPSG:4326 - WGS 84","Codificação":"UTF-8"}},{"type":"Feature","id":"vw_ParqueEscolarMunicipal_2023.fid-5656ca56_19a5f394e75_6956","geometry":{"type":"Point","coordinates":[-38.47860291,-3.83262462]},"geometry_name":"geom","properties":{"id":157,"fid":157,"Tipo":"CRP","Título":"CRECHE PARCEIRA","Nome":"NOVA ESPERANÇA","Seriação":"I-1,2,3","Faixa etária":"1 A 3 ANOS","Distrito":6,"Endereço":"RUA B, 611","Bairro":"GUAJERU","Código do bairro":59,"CEP":"60843-165","Regional":"SER 6","INEP":23279664,"CODSGE":555,"6 mees":"NÃO","1 ano":"SIM","2 anos":"SIM","3 anos":"SIM","4 anos":"NÃO","5 anos":"NÃO","6 anos":"NÃO","7 anos":"NÃO","8 anos":"NÃO","9 anos":"NÃO","10 anos":"NÃO","11 anos":"NÃO","12 anos":"NÃO","13 anos":"NÃO","14 anos":"NÃO","Ano":2023,"Fonte":"Secretaria Municipal de Educação - SME","SRC da camada":"EPSG:4326 - WGS 84","Codificação":"UTF-8"}},{"type":"Feature","id":"vw_ParqueEscolarMunicipal_2023.fid-5656ca56_19a5f394e75_6957","geometry":{"type":"Point","coordinates":[-38.47374857,-3.84963579]},"geometry_name":"geom","properties":{"id":158,"fid":158,"Tipo":"CRP","Título":"CRECHE PARCEIRA","Nome":"PÔR DO SOL","Seriação":"I-1,2,3","Faixa etária":"1 A 3 ANOS","Distrito":6,"Endereço":"RUA ZUMBI, 430","Bairro":"COAÇU","Código do bairro":55,"CEP":"60872-405","Regional":"SER 6","INEP":23280603,"CODSGE":559,"6 mees":"NÃO","1 ano":"SIM","2 anos":"SIM","3 anos":"SIM","4 anos":"NÃO","5 anos":"NÃO","6 anos":"NÃO","7 anos":"NÃO","8 anos":"NÃO","9 anos":"NÃO","10 anos":"NÃO","11 anos":"NÃO","12 anos":"NÃO","13 anos":"NÃO","14 anos":"NÃO","Ano":2023,"Fonte":"Secretaria Municipal de Educação - SME","SRC da camada":"EPSG:4326 - WGS 84","Codificação":"UTF-8"}},{"type":"Feature","id":"vw_ParqueEscolarMunicipal_2023.fid-5656ca56_19a5f394e75_6958","geometry":{"type":"Point","coordinates":[-38.48753706,-3.84981109]},"geometry_name":"geom","properties":{"id":159,"fid":159,"Tipo":"CRP","Título":"CRECHE PARCEIRA","Nome":"UNIÃO DA PAUPINA","Seriação":"I-1,2,3","Faixa etária":"1 A 3 ANOS","Distrito":6,"Endereço":"RUA LUIZ FRANCISCO XAVIER, 1113","Bairro":"PAUPINA","Código do bairro":68,"CEP":"60872-508","Regional":"SER 6","INEP":23280646,"CODSGE":571,"6 mees":"NÃO","1 ano":"SIM","2 anos":"SIM","3 anos":"SIM","4 anos":"NÃO","5 anos":"NÃO","6 anos":"NÃO","7 anos":"NÃO","8 anos":"NÃO","9 anos":"NÃO","10 anos":"NÃO","11 anos":"NÃO","12 anos":"NÃO","13 anos":"NÃO","14 anos":"NÃO","Ano":2023,"Fonte":"Secretaria Municipal de Educação - SME","SRC da camada":"EPSG:4326 - WGS 84","Codificação":"UTF-8"}},{"type":"Feature","id":"vw_ParqueEscolarMunicipal_2023.fid-5656ca56_19a5f394e75_6959","geometry":{"type":"Point","coordinates":[-38.52778322,-3.81404798]},"geometry_name":"geom","properties":{"id":160,"fid":160,"Tipo":"CRP","Título":"CRECHE PARCEIRA","Nome":"NOVO AMANHECER","Seriação":"I-1,2,3","Faixa etária":"1 A 3 ANOS","Distrito":4,"Endereço":"RUA CHICO MENDES, 110","Bairro":"PASSARÉ","Código do bairro":88,"CEP":"60862-330","Regional":"SER 8","INEP":23280581,"CODSGE":539,"6 mees":"NÃO","1 ano":"SIM","2 anos":"SIM","3 anos":"SIM","4 anos":"NÃO","5 anos":"NÃO","6 anos":"NÃO","7 anos":"NÃO","8 anos":"NÃO","9 anos":"NÃO","10 anos":"NÃO","11 anos":"NÃO","12 anos":"NÃO","13 anos":"NÃO","14 anos":"NÃO","Ano":2023,"Fonte":"Secretaria Municipal de Educação - SME","SRC da camada":"EPSG:4326 - WGS 84","Codificação":"UTF-8"}},{"type":"Feature","id":"vw_ParqueEscolarMunicipal_2023.fid-5656ca56_19a5f394e75_695a","geometry":{"type":"Point","coordinates":[-38.53691525,-3.81239278]},"geometry_name":"geom","properties":{"id":161,"fid":161,"Tipo":"CRP","Título":"CRECHE PARCEIRA","Nome":"INÊS BRASIL","Seriação":"I-1,2,3","Faixa etária":"1 A 3 ANOS","Distrito":4,"Endereço":"RUA MENOR JERÔNIMO, 105","Bairro":"PASSARÉ","Código do bairro":88,"CEP":"60868-714","Regional":"SER 8","INEP":23280549,"CODSGE":548,"6 mees":"NÃO","1 ano":"SIM","2 anos":"SIM","3 anos":"SIM","4 anos":"NÃO","5 anos":"NÃO","6 anos":"NÃO","7 anos":"NÃO","8 anos":"NÃO","9 anos":"NÃO","10 anos":"NÃO","11 anos":"NÃO","12 anos":"NÃO","13 anos":"NÃO","14 anos":"NÃO","Ano":2023,"Fonte":"Secretaria Municipal de Educação - SME","SRC da camada":"EPSG:4326 - WGS 84","Codificação":"UTF-8"}},{"type":"Feature","id":"vw_ParqueEscolarMunicipal_2023.fid-5656ca56_19a5f394e75_695b","geometry":{"type":"Point","coordinates":[-38.4571029,-3.82703201]},"geometry_name":"geom","properties":{"id":162,"fid":162,"Tipo":"CEI","Título":"CENTRO DE EDUCAÇÃO INFANTIL","Nome":"PROFESSORA FERNANDA MARIA DE ALENCAR COLARES","Seriação":"I-1,2,3","Faixa etária":"1 A 4 ANOS","Distrito":6,"Endereço":"RUA RAQUEL FLORÊNCIO, 351","Bairro":"LAGOA REDONDA","Código do bairro":63,"CEP":"60832-140","Regional":"SER 6","INEP":23070188,"CODSGE":416,"6 mees":"NÃO","1 ano":"SIM","2 anos":"SIM","3 anos":"SIM","4 anos":"SIM","5 anos":"NÃO","6 anos":"NÃO","7 anos":"NÃO","8 anos":"NÃO","9 anos":"NÃO","10 anos":"NÃO","11 anos":"NÃO","12 anos":"NÃO","13 anos":"NÃO","14 anos":"NÃO","Ano":2023,"Fonte":"Secretaria Municipal de Educação - SME","SRC da camada":"EPSG:4326 - WGS 84","Codificação":"UTF-8"}},{"type":"Feature","id":"vw_ParqueEscolarMunicipal_2023.fid-5656ca56_19a5f394e75_695c","geometry":{"type":"Point","coordinates":[-38.46363754,-3.8270225]},"geometry_name":"geom","properties":{"id":163,"fid":163,"Tipo":"CEI","Título":"CENTRO DE EDUCAÇÃO INFANTIL","Nome":"PROFESSORA TEREZINHA FERREIRA PARENTE","Seriação":"I-1,2,3","Faixa etária":"1 A 3 ANOS","Distrito":6,"Endereço":"RUA NELSON COELHO, 209","Bairro":"LAGOA REDONDA","Código do bairro":63,"CEP":"60831-410","Regional":"SER 6","INEP":23078006,"CODSGE":454,"6 mees":"NÃO","1 ano":"SIM","2 anos":"SIM","3 anos":"SIM","4 anos":"NÃO","5 anos":"NÃO","6 anos":"NÃO","7 anos":"NÃO","8 anos":"NÃO","9 anos":"NÃO","10 anos":"NÃO","11 anos":"NÃO","12 anos":"NÃO","13 anos":"NÃO","14 anos":"NÃO","Ano":2023,"Fonte":"Secretaria Municipal de Educação - SME","SRC da camada":"EPSG:4326 - WGS 84","Codificação":"UTF-8"}},{"type":"Feature","id":"vw_ParqueEscolarMunicipal_2023.fid-5656ca56_19a5f394e75_695d","geometry":{"type":"Point","coordinates":[-38.47114654,-3.82245035]},"geometry_name":"geom","properties":{"id":164,"fid":164,"Tipo":"CEI","Título":"CENTRO DE EDUCAÇÃO INFANTIL","Nome":"PARQUE SÃO MIGUEL","Seriação":"I-1,2,3","Faixa etária":"1 A 5 ANOS","Distrito":6,"Endereço":"TRAV. SILVEIRA DA MOTA, 105","Bairro":"LAGOA REDONDA","Código do bairro":63,"CEP":"60831-163","Regional":"SER 6","INEP":23074582,"CODSGE":409,"6 mees":"NÃO","1 ano":"SIM","2 anos":"SIM","3 anos":"SIM","4 anos":"SIM","5 anos":"SIM","6 anos":"NÃO","7 anos":"NÃO","8 anos":"NÃO","9 anos":"NÃO","10 anos":"NÃO","11 anos":"NÃO","12 anos":"NÃO","13 anos":"NÃO","14 anos":"NÃO","Ano":2023,"Fonte":"Secretaria Municipal de Educação - SME","SRC da camada":"EPSG:4326 - WGS 84","Codificação":"UTF-8"}},{"type":"Feature","id":"vw_ParqueEscolarMunicipal_2023.fid-5656ca56_19a5f394e75_695e","geometry":{"type":"Point","coordinates":[-38.48019166,-3.83105832]},"geometry_name":"geom","properties":{"id":165,"fid":165,"Tipo":"CEI","Título":"CENTRO DE EDUCAÇÃO INFANTIL","Nome":"JOÃO SARAIVA LEÃO","Seriação":"I-4,5","Faixa etária":"3 A 5 ANOS","Distrito":6,"Endereço":"RUA ANTÔNIO CANDEIA, 89","Bairro":"GUAJERU","Código do bairro":59,"CEP":"60843-230","Regional":"SER 6","INEP":23235373,"CODSGE":446,"6 mees":"NÃO","1 ano":"NÃO","2 anos":"NÃO","3 anos":"NÃO","4 anos":"SIM","5 anos":"SIM","6 anos":"NÃO","7 anos":"NÃO","8 anos":"NÃO","9 anos":"NÃO","10 anos":"NÃO","11 anos":"NÃO","12 anos":"NÃO","13 anos":"NÃO","14 anos":"NÃO","Ano":2023,"Fonte":"Secretaria Municipal de Educação - SME","SRC da camada":"EPSG:4326 - WGS 84","Codificação":"UTF-8"}},{"type":"Feature","id":"vw_ParqueEscolarMunicipal_2023.fid-5656ca56_19a5f394e75_695f","geometry":{"type":"Point","coordinates":[-38.48119793,-3.84755933]},"geometry_name":"geom","properties":{"id":166,"fid":166,"Tipo":"CEI","Título":"CENTRO DE EDUCAÇÃO INFANTIL","Nome":"CÔNEGO FRANCISCO PEREIRA DA SILVA","Seriação":"I-2,3,4","Faixa etária":"2 A 5 ANOS","Distrito":6,"Endereço":"RUA MARIA DE LOURDES LIMA, 60","Bairro":"SÃO BENTO","Código do bairro":119,"CEP":"60872-504","Regional":"SER 6","INEP":23070137,"CODSGE":470,"6 mees":"NÃO","1 ano":"NÃO","2 anos":"SIM","3 anos":"SIM","4 anos":"SIM","5 anos":"SIM","6 anos":"NÃO","7 anos":"NÃO","8 anos":"NÃO","9 anos":"NÃO","10 anos":"NÃO","11 anos":"NÃO","12 anos":"NÃO","13 anos":"NÃO","14 anos":"NÃO","Ano":2023,"Fonte":"Secretaria Municipal de Educação - SME","SRC da camada":"EPSG:4326 - WGS 84","Codificação":"UTF-8"}},{"type":"Feature","id":"vw_ParqueEscolarMunicipal_2023.fid-5656ca56_19a5f394e75_6960","geometry":{"type":"Point","coordinates":[-38.49336446,-3.85896432]},"geometry_name":"geom","properties":{"id":167,"fid":167,"Tipo":"CEI","Título":"CENTRO DE EDUCAÇÃO INFANTIL","Nome":"PROFESSOR ANÍSIO TEIXEIRA","Seriação":"I-2,3,4","Faixa etária":"2 A 5 ANOS","Distrito":6,"Endereço":"RUA GUARANI, 355","Bairro":"PAUPINA","Código do bairro":68,"CEP":"60873-530","Regional":"SER 6","INEP":23065206,"CODSGE":487,"6 mees":"NÃO","1 ano":"NÃO","2 anos":"SIM","3 anos":"SIM","4 anos":"SIM","5 anos":"SIM","6 anos":"NÃO","7 anos":"NÃO","8 anos":"NÃO","9 anos":"NÃO","10 anos":"NÃO","11 anos":"NÃO","12 anos":"NÃO","13 anos":"NÃO","14 anos":"NÃO","Ano":2023,"Fonte":"Secretaria Municipal de Educação - SME","SRC da camada":"EPSG:4326 - WGS 84","Codificação":"UTF-8"}},{"type":"Feature","id":"vw_ParqueEscolarMunicipal_2023.fid-5656ca56_19a5f394e75_6961","geometry":{"type":"Point","coordinates":[-38.50244764,-3.85167839]},"geometry_name":"geom","properties":{"id":168,"fid":168,"Tipo":"CEI","Título":"CENTRO DE EDUCAÇÃO INFANTIL","Nome":"JOSÉ MOREIRA LEITÃO","Seriação":"I-1,2,3","Faixa etária":"1 A 5 ANOS","Distrito":6,"Endereço":"RUA PEDRO DE SOUSA, 800","Bairro":"PARQUE SANTA MARIA","Código do bairro":87,"CEP":"60873-105","Regional":"SER 9","INEP":23186771,"CODSGE":383,"6 mees":"NÃO","1 ano":"SIM","2 anos":"SIM","3 anos":"SIM","4 anos":"SIM","5 anos":"NÃO","6 anos":"NÃO","7 anos":"NÃO","8 anos":"NÃO","9 anos":"NÃO","10 anos":"NÃO","11 anos":"NÃO","12 anos":"NÃO","13 anos":"NÃO","14 anos":"NÃO","Ano":2023,"Fonte":"Secretaria Municipal de Educação - SME","SRC da camada":"EPSG:4326 - WGS 84","Codificação":"UTF-8"}},{"type":"Feature","id":"vw_ParqueEscolarMunicipal_2023.fid-5656ca56_19a5f394e75_6962","geometry":{"type":"Point","coordinates":[-38.52434393,-3.85131992]},"geometry_name":"geom","properties":{"id":169,"fid":170,"Tipo":"CEI","Título":"CENTRO DE EDUCAÇÃO INFANTIL","Nome":"MARIA HELENILCE CAVALCANTE LEITE MARTINS","Seriação":"I-1,2,3","Faixa etária":"1 A 3 ANOS","Distrito":6,"Endereço":"RUA MAÍZA, 81","Bairro":"CONJUNTO PALMEIRAS","Código do bairro":118,"CEP":"60870-250","Regional":"SER 9","INEP":23073667,"CODSGE":449,"6 mees":"NÃO","1 ano":"SIM","2 anos":"SIM","3 anos":"SIM","4 anos":"NÃO","5 anos":"NÃO","6 anos":"NÃO","7 anos":"NÃO","8 anos":"NÃO","9 anos":"NÃO","10 anos":"NÃO","11 anos":"NÃO","12 anos":"NÃO","13 anos":"NÃO","14 anos":"NÃO","Ano":2023,"Fonte":"Secretaria Municipal de Educação - SME","SRC da camada":"EPSG:4326 - WGS 84","Codificação":"UTF-8"}},{"type":"Feature","id":"vw_ParqueEscolarMunicipal_2023.fid-5656ca56_19a5f394e75_6963","geometry":{"type":"Point","coordinates":[-38.5227311,-3.84654529]},"geometry_name":"geom","properties":{"id":170,"fid":171,"Tipo":"CEI","Título":"CENTRO DE EDUCAÇÃO INFANTIL","Nome":"CÉSAR CALS DE OLIVEIRA NETO","Seriação":"I-3,4,5","Faixa etária":"3 A 5 ANOS","Distrito":6,"Endereço":"RUA CAMPINENSE, 54","Bairro":"CONJUNTO PALMEIRAS","Código do bairro":118,"CEP":"60870-350","Regional":"SER 9","INEP":23250623,"CODSGE":376,"6 mees":"NÃO","1 ano":"NÃO","2 anos":"NÃO","3 anos":"SIM","4 anos":"SIM","5 anos":"SIM","6 anos":"NÃO","7 anos":"NÃO","8 anos":"NÃO","9 anos":"NÃO","10 anos":"NÃO","11 anos":"NÃO","12 anos":"NÃO","13 anos":"NÃO","14 anos":"NÃO","Ano":2023,"Fonte":"Secretaria Municipal de Educação - SME","SRC da camada":"EPSG:4326 - WGS 84","Codificação":"UTF-8"}},{"type":"Feature","id":"vw_ParqueEscolarMunicipal_2023.fid-5656ca56_19a5f394e75_6964","geometry":{"type":"Point","coordinates":[-38.52734465,-3.83898576]},"geometry_name":"geom","properties":{"id":171,"fid":172,"Tipo":"CEI","Título":"CENTRO DE EDUCAÇÃO INFANTIL","Nome":"PROFESSORA BERNADETE ORIÁ DE OLIVEIRA","Seriação":"I-1,2,3","Faixa etária":"1 A 3 ANOS","Distrito":6,"Endereço":"RUA JOSÉ LINHARES, 903","Bairro":"CONJUNTO PALMEIRAS","Código do bairro":118,"CEP":"60870-040","Regional":"SER 9","INEP":23256605,"CODSGE":501,"6 mees":"NÃO","1 ano":"SIM","2 anos":"SIM","3 anos":"SIM","4 anos":"NÃO","5 anos":"NÃO","6 anos":"NÃO","7 anos":"NÃO","8 anos":"NÃO","9 anos":"NÃO","10 anos":"NÃO","11 anos":"NÃO","12 anos":"NÃO","13 anos":"NÃO","14 anos":"NÃO","Ano":2023,"Fonte":"Secretaria Municipal de Educação - SME","SRC da camada":"EPSG:4326 - WGS 84","Codificação":"UTF-8"}},{"type":"Feature","id":"vw_ParqueEscolarMunicipal_2023.fid-5656ca56_19a5f394e75_6965","geometry":{"type":"Point","coordinates":[-38.50648991,-3.84423532]},"geometry_name":"geom","properties":{"id":172,"fid":173,"Tipo":"CEI","Título":"CENTRO DE EDUCAÇÃO INFANTIL","Nome":"JORNALISTA JOSÉ BLANCHARD GIRÃO DA SILVA","Seriação":"I-1,2,3","Faixa etária":"1 A 4 ANOS","Distrito":6,"Endereço":"TRAV. MISSIONÁRIO OLIVEIRA, 301","Bairro":"JANGURUSSU","Código do bairro":61,"CEP":"60870-603","Regional":"SER 9","INEP":23324260,"CODSGE":374,"6 mees":"NÃO","1 ano":"SIM","2 anos":"SIM","3 anos":"SIM","4 anos":"SIM","5 anos":"NÃO","6 anos":"NÃO","7 anos":"NÃO","8 anos":"NÃO","9 anos":"NÃO","10 anos":"NÃO","11 anos":"NÃO","12 anos":"NÃO","13 anos":"NÃO","14 anos":"NÃO","Ano":2023,"Fonte":"Secretaria Municipal de Educação - SME","SRC da camada":"EPSG:4326 - WGS 84","Codificação":"UTF-8"}},{"type":"Feature","id":"vw_ParqueEscolarMunicipal_2023.fid-5656ca56_19a5f394e75_6966","geometry":{"type":"Point","coordinates":[-38.51690835,-3.85777172]},"geometry_name":"geom","properties":{"id":173,"fid":174,"Tipo":"CEI","Título":"CENTRO DE EDUCAÇÃO INFANTIL","Nome":"MARIA DE JESUS ORIÁ ALENCAR","Seriação":"I-1,2,3","Faixa etária":"1 A 4 ANOS","Distrito":6,"Endereço":"RUA MULHERES DE AREIA, 61","Bairro":"JANGURUSSU","Código do bairro":61,"CEP":"60877-340","Regional":"SER 9","INEP":23073535,"CODSGE":471,"6 mees":"NÃO","1 ano":"SIM","2 anos":"SIM","3 anos":"SIM","4 anos":"SIM","5 anos":"NÃO","6 anos":"NÃO","7 anos":"NÃO","8 anos":"NÃO","9 anos":"NÃO","10 anos":"NÃO","11 anos":"NÃO","12 anos":"NÃO","13 anos":"NÃO","14 anos":"NÃO","Ano":2023,"Fonte":"Secretaria Municipal de Educação - SME","SRC da camada":"EPSG:4326 - WGS 84","Codificação":"UTF-8"}},{"type":"Feature","id":"vw_ParqueEscolarMunicipal_2023.fid-5656ca56_19a5f394e75_6967","geometry":{"type":"Point","coordinates":[-38.51801348,-3.83165525]},"geometry_name":"geom","properties":{"id":174,"fid":175,"Tipo":"CEI","Título":"CENTRO DE EDUCAÇÃO INFANTIL","Nome":"PROFESSOR FRANCISCO DE MELO JABORANDI","Seriação":"I-2,3","Faixa etária":"2 E 3 ANOS","Distrito":6,"Endereço":"AV. GOVERNADOR LEONEL BRIZOLA, 198A","Bairro":"JANGURUSSU","Código do bairro":61,"CEP":"60866-190","Regional":"SER 9","INEP":23070013,"CODSGE":468,"6 mees":"NÃO","1 ano":"NÃO","2 anos":"SIM","3 anos":"SIM","4 anos":"NÃO","5 anos":"NÃO","6 anos":"NÃO","7 anos":"NÃO","8 anos":"NÃO","9 anos":"NÃO","10 anos":"NÃO","11 anos":"NÃO","12 anos":"NÃO","13 anos":"NÃO","14 anos":"NÃO","Ano":2023,"Fonte":"Secretaria Municipal de Educação - SME","SRC da camada":"EPSG:4326 - WGS 84","Codificação":"UTF-8"}},{"type":"Feature","id":"vw_ParqueEscolarMunicipal_2023.fid-5656ca56_19a5f394e75_6968","geometry":{"type":"Point","coordinates":[-38.53328982,-3.82774598]},"geometry_name":"geom","properties":{"id":175,"fid":176,"Tipo":"CRP","Título":"CRECHE PARCEIRA","Nome":"ANDRÉ LUIS","Seriação":"I-1,2,3","Faixa etária":"1 A 3 ANOS","Distrito":4,"Endereço":"AV. PRESIDENTE COSTA E SILVA, 5255","Bairro":"PASSARÉ","Código do bairro":88,"CEP":"60862-515","Regional":"SER 8","INEP":23279796,"CODSGE":579,"6 mees":"NÃO","1 ano":"SIM","2 anos":"SIM","3 anos":"SIM","4 anos":"NÃO","5 anos":"NÃO","6 anos":"NÃO","7 anos":"NÃO","8 anos":"NÃO","9 anos":"NÃO","10 anos":"NÃO","11 anos":"NÃO","12 anos":"NÃO","13 anos":"NÃO","14 anos":"NÃO","Ano":2023,"Fonte":"Secretaria Municipal de Educação - SME","SRC da camada":"EPSG:4326 - WGS 84","Codificação":"UTF-8"}},{"type":"Feature","id":"vw_ParqueEscolarMunicipal_2023.fid-5656ca56_19a5f394e75_6969","geometry":{"type":"Point","coordinates":[-38.52352243,-3.81454051]},"geometry_name":"geom","properties":{"id":176,"fid":177,"Tipo":"CEI","Título":"CENTRO DE EDUCAÇÃO INFANTIL","Nome":"FRANCISCO ANDRADE TEÓFILO GIRÃO","Seriação":"I-4,5","Faixa etária":"3 A 5 ANOS","Distrito":4,"Endereço":"RUA DOM ANTÔNIO LUSTOSA, 191","Bairro":"PASSARÉ","Código do bairro":88,"CEP":"60862-070","Regional":"SER 8","INEP":23250550,"CODSGE":408,"6 mees":"NÃO","1 ano":"NÃO","2 anos":"NÃO","3 anos":"NÃO","4 anos":"SIM","5 anos":"SIM","6 anos":"NÃO","7 anos":"NÃO","8 anos":"NÃO","9 anos":"NÃO","10 anos":"NÃO","11 anos":"NÃO","12 anos":"NÃO","13 anos":"NÃO","14 anos":"NÃO","Ano":2023,"Fonte":"Secretaria Municipal de Educação - SME","SRC da camada":"EPSG:4326 - WGS 84","Codificação":"UTF-8"}},{"type":"Feature","id":"vw_ParqueEscolarMunicipal_2023.fid-5656ca56_19a5f394e75_696a","geometry":{"type":"Point","coordinates":[-38.53794489,-3.81317028]},"geometry_name":"geom","properties":{"id":177,"fid":178,"Tipo":"CEI","Título":"CENTRO DE EDUCAÇÃO INFANTIL","Nome":"MARIA DAS DORES DE SOUSA SILVA","Seriação":"I-4,5","Faixa etária":"3 A 5 ANOS","Distrito":4,"Endereço":"RUA MARIA MIRTES PEREIRA, 1005","Bairro":"PASSARÉ","Código do bairro":88,"CEP":"60867-060","Regional":"SER 8","INEP":23250666,"CODSGE":425,"6 mees":"NÃO","1 ano":"NÃO","2 anos":"NÃO","3 anos":"NÃO","4 anos":"SIM","5 anos":"SIM","6 anos":"NÃO","7 anos":"NÃO","8 anos":"NÃO","9 anos":"NÃO","10 anos":"NÃO","11 anos":"NÃO","12 anos":"NÃO","13 anos":"NÃO","14 anos":"NÃO","Ano":2023,"Fonte":"Secretaria Municipal de Educação - SME","SRC da camada":"EPSG:4326 - WGS 84","Codificação":"UTF-8"}},{"type":"Feature","id":"vw_ParqueEscolarMunicipal_2023.fid-5656ca56_19a5f394e75_696b","geometry":{"type":"Point","coordinates":[-38.54842417,-3.80694648]},"geometry_name":"geom","properties":{"id":178,"fid":179,"Tipo":"CEI","Título":"CENTRO DE EDUCAÇÃO INFANTIL","Nome":"INFANTE ROSALINA RODRIGUES","Seriação":"I-1,2,3","Faixa etária":"1 A 5 ANOS","Distrito":4,"Endereço":"AV. 02, 800 (LOT. AV. DOS EXPEDICIONÁRIOS)","Bairro":"PARQUE DOIS IRMÃOS","Código do bairro":84,"CEP":"60745-510","Regional":"SER 8","INEP":23324252,"CODSGE":373,"6 mees":"NÃO","1 ano":"SIM","2 anos":"SIM","3 anos":"SIM","4 anos":"SIM","5 anos":"SIM","6 anos":"NÃO","7 anos":"NÃO","8 anos":"NÃO","9 anos":"NÃO","10 anos":"NÃO","11 anos":"NÃO","12 anos":"NÃO","13 anos":"NÃO","14 anos":"NÃO","Ano":2023,"Fonte":"Secretaria Municipal de Educação - SME","SRC da camada":"EPSG:4326 - WGS 84","Codificação":"UTF-8"}},{"type":"Feature","id":"vw_ParqueEscolarMunicipal_2023.fid-5656ca56_19a5f394e75_696c","geometry":{"type":"Point","coordinates":[-38.54680046,-3.79924846]},"geometry_name":"geom","properties":{"id":179,"fid":180,"Tipo":"CEI","Título":"CENTRO DE EDUCAÇÃO INFANTIL","Nome":"MANUEL LIMA SOARES","Seriação":"I-1,2,3","Faixa etária":"1 A 3 ANOS","Distrito":4,"Endereço":"RUA 130, 60 (CONJUNTO TUPÃ MIRIM)","Bairro":"PARQUE DOIS IRMÃOS","Código do bairro":84,"CEP":"60744-640","Regional":"SER 8","INEP":23184558,"CODSGE":436,"6 mees":"NÃO","1 ano":"SIM","2 anos":"SIM","3 anos":"SIM","4 anos":"NÃO","5 anos":"NÃO","6 anos":"NÃO","7 anos":"NÃO","8 anos":"NÃO","9 anos":"NÃO","10 anos":"NÃO","11 anos":"NÃO","12 anos":"NÃO","13 anos":"NÃO","14 anos":"NÃO","Ano":2023,"Fonte":"Secretaria Municipal de Educação - SME","SRC da camada":"EPSG:4326 - WGS 84","Codificação":"UTF-8"}},{"type":"Feature","id":"vw_ParqueEscolarMunicipal_2023.fid-5656ca56_19a5f394e75_696d","geometry":{"type":"Point","coordinates":[-38.51367942,-3.83848902]},"geometry_name":"geom","properties":{"id":180,"fid":181,"Tipo":"EMTP","Título":"ESCOLA MUNICIPAL","Nome":"LIONS CLUBE FORTALEZA FÁTIMA","Seriação":"F-1,2,3,4,5","Faixa etária":"6 A 10 ANOS","Distrito":6,"Endereço":"TV. LIONS CLUBE, 141","Bairro":"JANGURUSSU","Código do bairro":61,"CEP":"60865-415","Regional":"SER 9","INEP":23256001,"CODSGE":469,"6 mees":"NÃO","1 ano":"NÃO","2 anos":"NÃO","3 anos":"NÃO","4 anos":"NÃO","5 anos":"NÃO","6 anos":"SIM","7 anos":"SIM","8 anos":"SIM","9 anos":"SIM","10 anos":"SIM","11 anos":"NÃO","12 anos":"NÃO","13 anos":"NÃO","14 anos":"NÃO","Ano":2023,"Fonte":"Secretaria Municipal de Educação - SME","SRC da camada":"EPSG:4326 - WGS 84","Codificação":"UTF-8"}},{"type":"Feature","id":"vw_ParqueEscolarMunicipal_2023.fid-5656ca56_19a5f394e75_696e","geometry":{"type":"Point","coordinates":[-38.51657185,-3.82641176]},"geometry_name":"geom","properties":{"id":181,"fid":182,"Tipo":"ANE","Título":"ESCOLA MUNICIPAL","Nome":"SINÓ PINHEIRO UNID II","Seriação":"F-3,4","Faixa etária":"8 E 9 ANOS","Distrito":6,"Endereço":"RUA 9 , 279 (CONJUNTO JOÃO PAULO II)","Bairro":"BARROSO","Código do bairro":51,"CEP":"60863-660","Regional":"SER 9","INEP":23233800,"CODSGE":447,"6 mees":"NÃO","1 ano":"NÃO","2 anos":"NÃO","3 anos":"NÃO","4 anos":"NÃO","5 anos":"NÃO","6 anos":"NÃO","7 anos":"NÃO","8 anos":"SIM","9 anos":"SIM","10 anos":"NÃO","11 anos":"NÃO","12 anos":"NÃO","13 anos":"NÃO","14 anos":"NÃO","Ano":2023,"Fonte":"Secretaria Municipal de Educação - SME","SRC da camada":"EPSG:4326 - WGS 84","Codificação":"UTF-8"}},{"type":"Feature","id":"vw_ParqueEscolarMunicipal_2023.fid-5656ca56_19a5f394e75_696f","geometry":{"type":"Point","coordinates":[-38.6004332,-3.78324552]},"geometry_name":"geom","properties":{"id":182,"fid":183,"Tipo":"CRP","Título":"CRECHE PARCEIRA","Nome":"RAIO DE LUZ","Seriação":"I-1,2,3","Faixa etária":"1 A 3 ANOS","Distrito":5,"Endereço":"RUA JOSÉ ABÍLIO, 976","Bairro":"GRANJA PORTUGAL","Código do bairro":79,"CEP":"60541-052","Regional":"SER 5","INEP":23279478,"CODSGE":884,"6 mees":"NÃO","1 ano":"SIM","2 anos":"SIM","3 anos":"SIM","4 anos":"NÃO","5 anos":"NÃO","6 anos":"NÃO","7 anos":"NÃO","8 anos":"NÃO","9 anos":"NÃO","10 anos":"NÃO","11 anos":"NÃO","12 anos":"NÃO","13 anos":"NÃO","14 anos":"NÃO","Ano":2023,"Fonte":"Secretaria Municipal de Educação - SME","SRC da camada":"EPSG:4326 - WGS 84","Codificação":"UTF-8"}},{"type":"Feature","id":"vw_ParqueEscolarMunicipal_2023.fid-5656ca56_19a5f394e75_6970","geometry":{"type":"Point","coordinates":[-38.58036494,-3.79918922]},"geometry_name":"geom","properties":{"id":183,"fid":184,"Tipo":"CRP","Título":"CRECHE PARCEIRA","Nome":"TIA AUGUSTA","Seriação":"I-1,2,3","Faixa etária":"1 A 3 ANOS","Distrito":5,"Endereço":"RUA AMÉRICO ROCHA LIMA, 587","Bairro":"MANOEL SÁTIRO","Código do bairro":81,"CEP":"60713-240","Regional":"SER 10","INEP":23279966,"CODSGE":883,"6 mees":"NÃO","1 ano":"SIM","2 anos":"SIM","3 anos":"SIM","4 anos":"NÃO","5 anos":"NÃO","6 anos":"NÃO","7 anos":"NÃO","8 anos":"NÃO","9 anos":"NÃO","10 anos":"NÃO","11 anos":"NÃO","12 anos":"NÃO","13 anos":"NÃO","14 anos":"NÃO","Ano":2023,"Fonte":"Secretaria Municipal de Educação - SME","SRC da camada":"EPSG:4326 - WGS 84","Codificação":"UTF-8"}},{"type":"Feature","id":"vw_ParqueEscolarMunicipal_2023.fid-5656ca56_19a5f394e75_6971","geometry":{"type":"Point","coordinates":[-38.5999838,-3.82228699]},"geometry_name":"geom","properties":{"id":184,"fid":185,"Tipo":"CEI","Título":"CENTRO DE EDUCAÇÃO INFANTIL","Nome":"HENRIQUE VENÂNCIO DA SILVA","Seriação":"I-1,2,3","Faixa etária":"1 A 5 ANOS","Distrito":5,"Endereço":"RUA OSÓRIO CORREIA, S/N","Bairro":"PARQUE PRESIDENTE VARGAS","Código do bairro":85,"CEP":"60765-515","Regional":"SER 10","INEP":23235080,"CODSGE":856,"6 mees":"NÃO","1 ano":"SIM","2 anos":"SIM","3 anos":"SIM","4 anos":"SIM","5 anos":"SIM","6 anos":"NÃO","7 anos":"NÃO","8 anos":"NÃO","9 anos":"NÃO","10 anos":"NÃO","11 anos":"NÃO","12 anos":"NÃO","13 anos":"NÃO","14 anos":"NÃO","Ano":2023,"Fonte":"Secretaria Municipal de Educação - SME","SRC da camada":"EPSG:4326 - WGS 84","Codificação":"UTF-8"}},{"type":"Feature","id":"vw_ParqueEscolarMunicipal_2023.fid-5656ca56_19a5f394e75_6972","geometry":{"type":"Point","coordinates":[-38.60871705,-3.76489998]},"geometry_name":"geom","properties":{"id":185,"fid":186,"Tipo":"CEI","Título":"CENTRO DE EDUCAÇÃO INFANTIL","Nome":"ANTÔNIO VALDINAR DE CARVALHO CUSTÓDIO","Seriação":"I-1,2,3","Faixa etária":"1 A 5 ANOS","Distrito":3,"Endereço":"RUA 202, S/N","Bairro":"CONJUNTO CEARÁ I","Código do bairro":42,"CEP":"60530-260","Regional":"SER 11","INEP":23264160,"CODSGE":859,"6 mees":"NÃO","1 ano":"SIM","2 anos":"SIM","3 anos":"SIM","4 anos":"SIM","5 anos":"SIM","6 anos":"NÃO","7 anos":"NÃO","8 anos":"NÃO","9 anos":"NÃO","10 anos":"NÃO","11 anos":"NÃO","12 anos":"NÃO","13 anos":"NÃO","14 anos":"NÃO","Ano":2023,"Fonte":"Secretaria Municipal de Educação - SME","SRC da camada":"EPSG:4326 - WGS 84","Codificação":"UTF-8"}},{"type":"Feature","id":"vw_ParqueEscolarMunicipal_2023.fid-5656ca56_19a5f394e75_6973","geometry":{"type":"Point","coordinates":[-38.60032806,-3.79571302]},"geometry_name":"geom","properties":{"id":186,"fid":187,"Tipo":"CRP","Título":"CRECHE PARCEIRA","Nome":"PEQUENO GÊNIO","Seriação":"I-1,2,3","Faixa etária":"1 A 3 ANOS","Distrito":5,"Endereço":"RUA NOVA CONQUISTA, 692","Bairro":"BOM JARDIM","Código do bairro":72,"CEP":"60543-355","Regional":"SER 5","INEP":23280239,"CODSGE":849,"6 mees":"NÃO","1 ano":"SIM","2 anos":"SIM","3 anos":"SIM","4 anos":"NÃO","5 anos":"NÃO","6 anos":"NÃO","7 anos":"NÃO","8 anos":"NÃO","9 anos":"NÃO","10 anos":"NÃO","11 anos":"NÃO","12 anos":"NÃO","13 anos":"NÃO","14 anos":"NÃO","Ano":2023,"Fonte":"Secretaria Municipal de Educação - SME","SRC da camada":"EPSG:4326 - WGS 84","Codificação":"UTF-8"}},{"type":"Feature","id":"vw_ParqueEscolarMunicipal_2023.fid-5656ca56_19a5f394e75_6974","geometry":{"type":"Point","coordinates":[-38.61844686,-3.77440139]},"geometry_name":"geom","properties":{"id":187,"fid":188,"Tipo":"CEI","Título":"CENTRO DE EDUCAÇÃO INFANTIL","Nome":"ANTÔNIA NATHALIA CRISTINA CHAVES MACIEL","Seriação":"I-1,2,3","Faixa etária":"1 A 5 ANOS","Distrito":3,"Endereço":"RUA 910, S/N","Bairro":"CONJUNTO CEARÁ II","Código do bairro":75,"CEP":"60532-510","Regional":"SER 11","INEP":23257202,"CODSGE":404,"6 mees":"NÃO","1 ano":"SIM","2 anos":"SIM","3 anos":"SIM","4 anos":"SIM","5 anos":"SIM","6 anos":"NÃO","7 anos":"NÃO","8 anos":"NÃO","9 anos":"NÃO","10 anos":"NÃO","11 anos":"NÃO","12 anos":"NÃO","13 anos":"NÃO","14 anos":"NÃO","Ano":2023,"Fonte":"Secretaria Municipal de Educação - SME","SRC da camada":"EPSG:4326 - WGS 84","Codificação":"UTF-8"}},{"type":"Feature","id":"vw_ParqueEscolarMunicipal_2023.fid-5656ca56_19a5f394e75_6975","geometry":{"type":"Point","coordinates":[-38.60203836,-3.78414657]},"geometry_name":"geom","properties":{"id":188,"fid":189,"Tipo":"CRP","Título":"CRECHE PARCEIRA","Nome":"PEQUENO MUNDO DE FLORA","Seriação":"I-1,2,3","Faixa etária":"1 A 3 ANOS","Distrito":5,"Endereço":"RUA ANTÔNIO NERY, 1350","Bairro":"GRANJA PORTUGAL","Código do bairro":79,"CEP":"60545-232","Regional":"SER 5","INEP":23280590,"CODSGE":848,"6 mees":"NÃO","1 ano":"SIM","2 anos":"SIM","3 anos":"SIM","4 anos":"NÃO","5 anos":"NÃO","6 anos":"NÃO","7 anos":"NÃO","8 anos":"NÃO","9 anos":"NÃO","10 anos":"NÃO","11 anos":"NÃO","12 anos":"NÃO","13 anos":"NÃO","14 anos":"NÃO","Ano":2023,"Fonte":"Secretaria Municipal de Educação - SME","SRC da camada":"EPSG:4326 - WGS 84","Codificação":"UTF-8"}},{"type":"Feature","id":"vw_ParqueEscolarMunicipal_2023.fid-5656ca56_19a5f394e75_6976","geometry":{"type":"Point","coordinates":[-38.60272897,-3.77215897]},"geometry_name":"geom","properties":{"id":189,"fid":190,"Tipo":"CEI","Título":"CENTRO DE EDUCAÇÃO INFANTIL","Nome":"JORNALISTA NENO CAVALCANTE","Seriação":"I-1,2,3","Faixa etária":"1 A 5 ANOS","Distrito":3,"Endereço":"RUA 725, S/N","Bairro":"CONJUNTO CEARÁ II","Código do bairro":75,"CEP":"60531-740","Regional":"SER 11","INEP":23072180,"CODSGE":835,"6 mees":"NÃO","1 ano":"SIM","2 anos":"SIM","3 anos":"SIM","4 anos":"SIM","5 anos":"SIM","6 anos":"NÃO","7 anos":"NÃO","8 anos":"NÃO","9 anos":"NÃO","10 anos":"NÃO","11 anos":"NÃO","12 anos":"NÃO","13 anos":"NÃO","14 anos":"NÃO","Ano":2023,"Fonte":"Secretaria Municipal de Educação - SME","SRC da camada":"EPSG:4326 - WGS 84","Codificação":"UTF-8"}},{"type":"Feature","id":"vw_ParqueEscolarMunicipal_2023.fid-5656ca56_19a5f394e75_6977","geometry":{"type":"Point","coordinates":[-38.59787476,-3.78917852]},"geometry_name":"geom","properties":{"id":190,"fid":191,"Tipo":"ANE","Título":"ESCOLA MUNICIPAL","Nome":"CRESCER E APRENDER UNID II","Seriação":"I-4,5/F-1","Faixa etária":"4 A 6 ANOS","Distrito":5,"Endereço":"RUA MIRTES CORDEIRO, 700","Bairro":"GRANJA PORTUGAL","Código do bairro":79,"CEP":"60543-464","Regional":"SER 5","INEP":23271540,"CODSGE":819,"6 mees":"NÃO","1 ano":"NÃO","2 anos":"NÃO","3 anos":"NÃO","4 anos":"SIM","5 anos":"SIM","6 anos":"SIM","7 anos":"NÃO","8 anos":"NÃO","9 anos":"NÃO","10 anos":"NÃO","11 anos":"NÃO","12 anos":"NÃO","13 anos":"NÃO","14 anos":"NÃO","Ano":2023,"Fonte":"Secretaria Municipal de Educação - SME","SRC da camada":"EPSG:4326 - WGS 84","Codificação":"UTF-8"}},{"type":"Feature","id":"vw_ParqueEscolarMunicipal_2023.fid-5656ca56_19a5f394e75_6978","geometry":{"type":"Point","coordinates":[-38.6135279,-3.79717498]},"geometry_name":"geom","properties":{"id":191,"fid":192,"Tipo":"CEI","Título":"CENTRO DE EDUCAÇÃO INFANTIL","Nome":"PROFESSOR AGOSTINHO GÓSSON","Seriação":"I-1,2,3","Faixa etária":"1 A 5 ANOS","Distrito":5,"Endereço":"RUA H, S/N ( CONJUNTO NOVA RESIDÊNCIA)","Bairro":"GRANJA LISBOA","Código do bairro":78,"CEP":"60546-170","Regional":"SER 5","INEP":23256761,"CODSGE":809,"6 mees":"NÃO","1 ano":"SIM","2 anos":"SIM","3 anos":"SIM","4 anos":"SIM","5 anos":"SIM","6 anos":"NÃO","7 anos":"NÃO","8 anos":"NÃO","9 anos":"NÃO","10 anos":"NÃO","11 anos":"NÃO","12 anos":"NÃO","13 anos":"NÃO","14 anos":"NÃO","Ano":2023,"Fonte":"Secretaria Municipal de Educação - SME","SRC da camada":"EPSG:4326 - WGS 84","Codificação":"UTF-8"}},{"type":"Feature","id":"vw_ParqueEscolarMunicipal_2023.fid-5656ca56_19a5f394e75_6979","geometry":{"type":"Point","coordinates":[-38.58803413,-3.79865039]},"geometry_name":"geom","properties":{"id":192,"fid":193,"Tipo":"CRP","Título":"CRECHE PARCEIRA","Nome":"SANTO ANTÔNIO II","Seriação":"I-2,3","Faixa etária":"2 E 3 ANOS","Distrito":5,"Endereço":"RUA COMENDADOR GARCIA, 1823","Bairro":"PARQUE SÃO JOSÉ","Código do bairro":86,"CEP":"60730-235","Regional":"SER 10","INEP":23280719,"CODSGE":800,"6 mees":"NÃO","1 ano":"NÃO","2 anos":"SIM","3 anos":"SIM","4 anos":"NÃO","5 anos":"NÃO","6 anos":"NÃO","7 anos":"NÃO","8 anos":"NÃO","9 anos":"NÃO","10 anos":"NÃO","11 anos":"NÃO","12 anos":"NÃO","13 anos":"NÃO","14 anos":"NÃO","Ano":2023,"Fonte":"Secretaria Municipal de Educação - SME","SRC da camada":"EPSG:4326 - WGS 84","Codificação":"UTF-8"}},{"type":"Feature","id":"vw_ParqueEscolarMunicipal_2023.fid-5656ca56_19a5f394e75_697a","geometry":{"type":"Point","coordinates":[-38.58221237,-3.79875156]},"geometry_name":"geom","properties":{"id":193,"fid":194,"Tipo":"CRP","Título":"CRECHE PARCEIRA","Nome":"TIA MAZÉ","Seriação":"I-1,2,3","Faixa etária":"1 A 3 ANOS","Distrito":5,"Endereço":"RUA AMÉRICO ROCHA LIMA, 776","Bairro":"MANOEL SÁTIRO","Código do bairro":81,"CEP":"60713-240","Regional":"SER 10","INEP":23279974,"CODSGE":796,"6 mees":"NÃO","1 ano":"SIM","2 anos":"SIM","3 anos":"SIM","4 anos":"NÃO","5 anos":"NÃO","6 anos":"NÃO","7 anos":"NÃO","8 anos":"NÃO","9 anos":"NÃO","10 anos":"NÃO","11 anos":"NÃO","12 anos":"NÃO","13 anos":"NÃO","14 anos":"NÃO","Ano":2023,"Fonte":"Secretaria Municipal de Educação - SME","SRC da camada":"EPSG:4326 - WGS 84","Codificação":"UTF-8"}},{"type":"Feature","id":"vw_ParqueEscolarMunicipal_2023.fid-5656ca56_19a5f394e75_697b","geometry":{"type":"Point","coordinates":[-38.60146806,-3.77712013]},"geometry_name":"geom","properties":{"id":194,"fid":195,"Tipo":"ANE","Título":"ESCOLA MUNICIPAL","Nome":"IRMÃ ROCHA UNID II","Seriação":"F-1,2,3,4","Faixa etária":"6 A 9 ANOS","Distrito":5,"Endereço":"RUA EMÍLIO DE MENEZES, S/N","Bairro":"GRANJA PORTUGAL","Código do bairro":79,"CEP":"60541-424","Regional":"SER 5","INEP":23256966,"CODSGE":791,"6 mees":"NÃO","1 ano":"NÃO","2 anos":"NÃO","3 anos":"NÃO","4 anos":"NÃO","5 anos":"NÃO","6 anos":"SIM","7 anos":"SIM","8 anos":"SIM","9 anos":"SIM","10 anos":"NÃO","11 anos":"NÃO","12 anos":"NÃO","13 anos":"NÃO","14 anos":"NÃO","Ano":2023,"Fonte":"Secretaria Municipal de Educação - SME","SRC da camada":"EPSG:4326 - WGS 84","Codificação":"UTF-8"}},{"type":"Feature","id":"vw_ParqueEscolarMunicipal_2023.fid-5656ca56_19a5f394e75_697c","geometry":{"type":"Point","coordinates":[-38.61187073,-3.80547494]},"geometry_name":"geom","properties":{"id":195,"fid":196,"Tipo":"EMTI","Título":"ESCOLA MUNICIPAL DE TEMPO INTEGRAL","Nome":"PROFESSOR ALEXANDRE RODRIGUES DE ALBUQUERQUE","Seriação":"F-6,7,8,9","Faixa etária":"11 A 14 ANOS","Distrito":5,"Endereço":"RUA ALVES BEZERRA, 743","Bairro":"SIQUEIRA","Código do bairro":90,"CEP":"60736-130","Regional":"SER 5","INEP":23264799,"CODSGE":797,"6 mees":"NÃO","1 ano":"NÃO","2 anos":"NÃO","3 anos":"NÃO","4 anos":"NÃO","5 anos":"NÃO","6 anos":"NÃO","7 anos":"NÃO","8 anos":"NÃO","9 anos":"NÃO","10 anos":"NÃO","11 anos":"SIM","12 anos":"SIM","13 anos":"SIM","14 anos":"SIM","Ano":2023,"Fonte":"Secretaria Municipal de Educação - SME","SRC da camada":"EPSG:4326 - WGS 84","Codificação":"UTF-8"}},{"type":"Feature","id":"vw_ParqueEscolarMunicipal_2023.fid-5656ca56_19a5f394e75_697d","geometry":{"type":"Point","coordinates":[-38.61605235,-3.81515711]},"geometry_name":"geom","properties":{"id":196,"fid":197,"Tipo":"CEI","Título":"CENTRO DE EDUCAÇÃO INFANTIL","Nome":"FRANCISCA DE ABREU LIMA","Seriação":"I-1,2,3","Faixa etária":"1 A 5 ANOS","Distrito":5,"Endereço":"RUA C, S/N (LOTEAMENTO SIQUEIRA II)","Bairro":"SIQUEIRA","Código do bairro":90,"CEP":"60736-300","Regional":"SER 5","INEP":23227419,"CODSGE":798,"6 mees":"NÃO","1 ano":"SIM","2 anos":"SIM","3 anos":"SIM","4 anos":"SIM","5 anos":"SIM","6 anos":"NÃO","7 anos":"NÃO","8 anos":"NÃO","9 anos":"NÃO","10 anos":"NÃO","11 anos":"NÃO","12 anos":"NÃO","13 anos":"NÃO","14 anos":"NÃO","Ano":2023,"Fonte":"Secretaria Municipal de Educação - SME","SRC da camada":"EPSG:4326 - WGS 84","Codificação":"UTF-8"}},{"type":"Feature","id":"vw_ParqueEscolarMunicipal_2023.fid-5656ca56_19a5f394e75_697e","geometry":{"type":"Point","coordinates":[-38.5796501,-3.79850373]},"geometry_name":"geom","properties":{"id":197,"fid":198,"Tipo":"CRP","Título":"CRECHE PARCEIRA","Nome":"PROJETO JOÃOZINHO","Seriação":"I-1,2,3","Faixa etária":"1 A 3 ANOS","Distrito":5,"Endereço":"RUA BULGÁRIA, 822","Bairro":"MANOEL SÁTIRO","Código do bairro":81,"CEP":"60713-500","Regional":"SER 10","INEP":23279958,"CODSGE":775,"6 mees":"NÃO","1 ano":"SIM","2 anos":"SIM","3 anos":"SIM","4 anos":"NÃO","5 anos":"NÃO","6 anos":"NÃO","7 anos":"NÃO","8 anos":"NÃO","9 anos":"NÃO","10 anos":"NÃO","11 anos":"NÃO","12 anos":"NÃO","13 anos":"NÃO","14 anos":"NÃO","Ano":2023,"Fonte":"Secretaria Municipal de Educação - SME","SRC da camada":"EPSG:4326 - WGS 84","Codificação":"UTF-8"}},{"type":"Feature","id":"vw_ParqueEscolarMunicipal_2023.fid-5656ca56_19a5f394e75_697f","geometry":{"type":"Point","coordinates":[-38.59438919,-3.79386485]},"geometry_name":"geom","properties":{"id":198,"fid":199,"Tipo":"CEI","Título":"CENTRO DE EDUCAÇÃO INFANTIL","Nome":"MARIA LUIZA BARBOSA CHAVES","Seriação":"I-1,2,3","Faixa etária":"1 A 5 ANOS","Distrito":5,"Endereço":"RUA OSCAR FRANÇA, 267","Bairro":"BOM JARDIM","Código do bairro":72,"CEP":"60543-366","Regional":"SER 5","INEP":23272724,"CODSGE":767,"6 mees":"NÃO","1 ano":"SIM","2 anos":"SIM","3 anos":"SIM","4 anos":"SIM","5 anos":"SIM","6 anos":"NÃO","7 anos":"NÃO","8 anos":"NÃO","9 anos":"NÃO","10 anos":"NÃO","11 anos":"NÃO","12 anos":"NÃO","13 anos":"NÃO","14 anos":"NÃO","Ano":2023,"Fonte":"Secretaria Municipal de Educação - SME","SRC da camada":"EPSG:4326 - WGS 84","Codificação":"UTF-8"}},{"type":"Feature","id":"vw_ParqueEscolarMunicipal_2023.fid-5656ca56_19a5f394e75_6980","geometry":{"type":"Point","coordinates":[-38.60314427,-3.82079215]},"geometry_name":"geom","properties":{"id":199,"fid":200,"Tipo":"EMTI","Título":"ESCOLA MUNICIPAL DE TEMPO INTEGRAL","Nome":"PROFESSORA MARIA JOSÉ FERREIRA GOMES","Seriação":"F-6,7,8,9","Faixa etária":"11 A 14 ANOS","Distrito":5,"Endereço":"RUA CÔNEGO DE CASTRO, 8617","Bairro":"PARQUE PRESIDENTE VARGAS","Código do bairro":85,"CEP":"60765-623","Regional":"SER 10","INEP":23259558,"CODSGE":769,"6 mees":"NÃO","1 ano":"NÃO","2 anos":"NÃO","3 anos":"NÃO","4 anos":"NÃO","5 anos":"NÃO","6 anos":"NÃO","7 anos":"NÃO","8 anos":"NÃO","9 anos":"NÃO","10 anos":"NÃO","11 anos":"SIM","12 anos":"SIM","13 anos":"SIM","14 anos":"SIM","Ano":2023,"Fonte":"Secretaria Municipal de Educação - SME","SRC da camada":"EPSG:4326 - WGS 84","Codificação":"UTF-8"}},{"type":"Feature","id":"vw_ParqueEscolarMunicipal_2023.fid-5656ca56_19a5f394e75_6981","geometry":{"type":"Point","coordinates":[-38.60463499,-3.80429499]},"geometry_name":"geom","properties":{"id":200,"fid":201,"Tipo":"CRP","Título":"CRECHE PARCEIRA","Nome":"ALIANÇA","Seriação":"I-2,3","Faixa etária":"2 E 3 ANOS","Distrito":5,"Endereço":"RUA MARIA DE JESUS, 10","Bairro":"SIQUEIRA","Código do bairro":90,"CEP":"60731-710","Regional":"SER 5","INEP":23280956,"CODSGE":751,"6 mees":"NÃO","1 ano":"NÃO","2 anos":"SIM","3 anos":"SIM","4 anos":"NÃO","5 anos":"NÃO","6 anos":"NÃO","7 anos":"NÃO","8 anos":"NÃO","9 anos":"NÃO","10 anos":"NÃO","11 anos":"NÃO","12 anos":"NÃO","13 anos":"NÃO","14 anos":"NÃO","Ano":2023,"Fonte":"Secretaria Municipal de Educação - SME","SRC da camada":"EPSG:4326 - WGS 84","Codificação":"UTF-8"}},{"type":"Feature","id":"vw_ParqueEscolarMunicipal_2023.fid-5656ca56_19a5f394e75_6982","geometry":{"type":"Point","coordinates":[-38.60262688,-3.79529846]},"geometry_name":"geom","properties":{"id":201,"fid":202,"Tipo":"CRP","Título":"CRECHE PARCEIRA","Nome":"VIDA NOVA","Seriação":"I-2,3","Faixa etária":"2 E 3 ANOS","Distrito":5,"Endereço":"RUA VALDEMAR PAES, 1208","Bairro":"BOM JARDIM","Código do bairro":72,"CEP":"60545-055","Regional":"SER 5","INEP":23280921,"CODSGE":642,"6 mees":"NÃO","1 ano":"NÃO","2 anos":"SIM","3 anos":"SIM","4 anos":"NÃO","5 anos":"NÃO","6 anos":"NÃO","7 anos":"NÃO","8 anos":"NÃO","9 anos":"NÃO","10 anos":"NÃO","11 anos":"NÃO","12 anos":"NÃO","13 anos":"NÃO","14 anos":"NÃO","Ano":2023,"Fonte":"Secretaria Municipal de Educação - SME","SRC da camada":"EPSG:4326 - WGS 84","Codificação":"UTF-8"}},{"type":"Feature","id":"vw_ParqueEscolarMunicipal_2023.fid-5656ca56_19a5f394e75_6983","geometry":{"type":"Point","coordinates":[-38.6174353,-3.78940831]},"geometry_name":"geom","properties":{"id":202,"fid":203,"Tipo":"CRP","Título":"CRECHE PARCEIRA","Nome":"TIA ZULEIDE","Seriação":"I-1,2,3","Faixa etária":"1 A 3 ANOS","Distrito":5,"Endereço":"RUA BOM JESUS, 2695","Bairro":"GRANJA LISBOA","Código do bairro":78,"CEP":"60540-255","Regional":"SER 5","INEP":23280042,"CODSGE":664,"6 mees":"NÃO","1 ano":"SIM","2 anos":"SIM","3 anos":"SIM","4 anos":"NÃO","5 anos":"NÃO","6 anos":"NÃO","7 anos":"NÃO","8 anos":"NÃO","9 anos":"NÃO","10 anos":"NÃO","11 anos":"NÃO","12 anos":"NÃO","13 anos":"NÃO","14 anos":"NÃO","Ano":2023,"Fonte":"Secretaria Municipal de Educação - SME","SRC da camada":"EPSG:4326 - WGS 84","Codificação":"UTF-8"}},{"type":"Feature","id":"vw_ParqueEscolarMunicipal_2023.fid-5656ca56_19a5f394e75_6984","geometry":{"type":"Point","coordinates":[-38.6172523,-3.80790168]},"geometry_name":"geom","properties":{"id":203,"fid":204,"Tipo":"CEI","Título":"CENTRO DE EDUCAÇÃO INFANTIL","Nome":"NOGUEIRA","Seriação":"I-1,2,3","Faixa etária":"1 A 5 ANOS","Distrito":5,"Endereço":"RUA P, S/N (LOT. PARAÍSO VERDE)","Bairro":"SIQUEIRA","Código do bairro":90,"CEP":"60732-449","Regional":"SER 5","INEP":23244283,"CODSGE":602,"6 mees":"NÃO","1 ano":"SIM","2 anos":"SIM","3 anos":"SIM","4 anos":"SIM","5 anos":"SIM","6 anos":"NÃO","7 anos":"NÃO","8 anos":"NÃO","9 anos":"NÃO","10 anos":"NÃO","11 anos":"NÃO","12 anos":"NÃO","13 anos":"NÃO","14 anos":"NÃO","Ano":2023,"Fonte":"Secretaria Municipal de Educação - SME","SRC da camada":"EPSG:4326 - WGS 84","Codificação":"UTF-8"}},{"type":"Feature","id":"vw_ParqueEscolarMunicipal_2023.fid-5656ca56_19a5f394e75_6985","geometry":{"type":"Point","coordinates":[-38.60481606,-3.79690809]},"geometry_name":"geom","properties":{"id":204,"fid":205,"Tipo":"CRP","Título":"CRECHE PARCEIRA","Nome":"JARDIM DA CRIANÇA","Seriação":"I-2,3","Faixa etária":"2 E 3 ANOS","Distrito":5,"Endereço":"RUA URUCUTUBA, 1156","Bairro":"BOM JARDIM","Código do bairro":72,"CEP":"60543-315","Regional":"SER 5","INEP":23279915,"CODSGE":552,"6 mees":"NÃO","1 ano":"NÃO","2 anos":"SIM","3 anos":"SIM","4 anos":"NÃO","5 anos":"NÃO","6 anos":"NÃO","7 anos":"NÃO","8 anos":"NÃO","9 anos":"NÃO","10 anos":"NÃO","11 anos":"NÃO","12 anos":"NÃO","13 anos":"NÃO","14 anos":"NÃO","Ano":2023,"Fonte":"Secretaria Municipal de Educação - SME","SRC da camada":"EPSG:4326 - WGS 84","Codificação":"UTF-8"}},{"type":"Feature","id":"vw_ParqueEscolarMunicipal_2023.fid-5656ca56_19a5f394e75_6986","geometry":{"type":"Point","coordinates":[-38.59093084,-3.7994218]},"geometry_name":"geom","properties":{"id":205,"fid":206,"Tipo":"CRP","Título":"CRECHE PARCEIRA","Nome":"JOSÉ ORDÉLIO MENDES ALVES","Seriação":"I-1,2,3","Faixa etária":"1 A 3 ANOS","Distrito":5,"Endereço":"RUA COSTA FREIRE, 2472","Bairro":"PARQUE SÃO JOSÉ","Código do bairro":86,"CEP":"60730-255","Regional":"SER 10","INEP":23280069,"CODSGE":541,"6 mees":"NÃO","1 ano":"SIM","2 anos":"SIM","3 anos":"SIM","4 anos":"NÃO","5 anos":"NÃO","6 anos":"NÃO","7 anos":"NÃO","8 anos":"NÃO","9 anos":"NÃO","10 anos":"NÃO","11 anos":"NÃO","12 anos":"NÃO","13 anos":"NÃO","14 anos":"NÃO","Ano":2023,"Fonte":"Secretaria Municipal de Educação - SME","SRC da camada":"EPSG:4326 - WGS 84","Codificação":"UTF-8"}},{"type":"Feature","id":"vw_ParqueEscolarMunicipal_2023.fid-5656ca56_19a5f394e75_6987","geometry":{"type":"Point","coordinates":[-38.59913002,-3.76832462]},"geometry_name":"geom","properties":{"id":206,"fid":207,"Tipo":"EMTP","Título":"ESCOLA MUNICIPAL","Nome":"PADRE ARIMATEIA DINIZ","Seriação":"F-1,2,3,4,5,6,7,8,9","Faixa etária":"6 A 14 ANOS","Distrito":3,"Endereço":"RUA 810, S/N","Bairro":"CONJUNTO CEARÁ I","Código do bairro":42,"CEP":"60532-150","Regional":"SER 11","INEP":23072180,"CODSGE":109,"6 mees":"NÃO","1 ano":"NÃO","2 anos":"NÃO","3 anos":"NÃO","4 anos":"NÃO","5 anos":"NÃO","6 anos":"SIM","7 anos":"SIM","8 anos":"SIM","9 anos":"SIM","10 anos":"SIM","11 anos":"SIM","12 anos":"SIM","13 anos":"SIM","14 anos":"SIM","Ano":2023,"Fonte":"Secretaria Municipal de Educação - SME","SRC da camada":"EPSG:4326 - WGS 84","Codificação":"UTF-8"}},{"type":"Feature","id":"vw_ParqueEscolarMunicipal_2023.fid-5656ca56_19a5f394e75_6988","geometry":{"type":"Point","coordinates":[-38.61741694,-3.7772298]},"geometry_name":"geom","properties":{"id":207,"fid":208,"Tipo":"CEI","Título":"CENTRO DE EDUCAÇÃO INFANTIL","Nome":"FRANCISCO EDMILSON PINHEIRO","Seriação":"I-4,5","Faixa etária":"3 A 5 ANOS","Distrito":5,"Endereço":"AV. H, 2115","Bairro":"GRANJA LISBOA","Código do bairro":78,"CEP":"60533-667","Regional":"SER 5","INEP":23070030,"CODSGE":405,"6 mees":"NÃO","1 ano":"NÃO","2 anos":"NÃO","3 anos":"NÃO","4 anos":"SIM","5 anos":"SIM","6 anos":"NÃO","7 anos":"NÃO","8 anos":"NÃO","9 anos":"NÃO","10 anos":"NÃO","11 anos":"NÃO","12 anos":"NÃO","13 anos":"NÃO","14 anos":"NÃO","Ano":2023,"Fonte":"Secretaria Municipal de Educação - SME","SRC da camada":"EPSG:4326 - WGS 84","Codificação":"UTF-8"}},{"type":"Feature","id":"vw_ParqueEscolarMunicipal_2023.fid-5656ca56_19a5f394e75_6989","geometry":{"type":"Point","coordinates":[-38.6025435,-3.7817796]},"geometry_name":"geom","properties":{"id":208,"fid":209,"Tipo":"CEI","Título":"CENTRO DE EDUCAÇÃO INFANTIL","Nome":"REITOR ANTÔNIO MARTINS FILHO UNID II","Seriação":"I-4,5","Faixa etária":"3 A 5 ANOS","Distrito":5,"Endereço":"RUA HUMBERTO LOMEU, 1220","Bairro":"GRANJA PORTUGAL","Código do bairro":79,"CEP":"60541-112","Regional":"SER 5","INEP":23257342,"CODSGE":434,"6 mees":"NÃO","1 ano":"NÃO","2 anos":"NÃO","3 anos":"NÃO","4 anos":"SIM","5 anos":"SIM","6 anos":"NÃO","7 anos":"NÃO","8 anos":"NÃO","9 anos":"NÃO","10 anos":"NÃO","11 anos":"NÃO","12 anos":"NÃO","13 anos":"NÃO","14 anos":"NÃO","Ano":2023,"Fonte":"Secretaria Municipal de Educação - SME","SRC da camada":"EPSG:4326 - WGS 84","Codificação":"UTF-8"}},{"type":"Feature","id":"vw_ParqueEscolarMunicipal_2023.fid-5656ca56_19a5f394e75_698a","geometry":{"type":"Point","coordinates":[-38.59163151,-3.81889665]},"geometry_name":"geom","properties":{"id":209,"fid":210,"Tipo":"EMTP","Título":"ESCOLA MUNICIPAL","Nome":"PROFESSOR JOSÉ MARIA MOREIRA CAMPOS","Seriação":"F-1,2,3,4,5,6,7,8","Faixa etária":"6 A 13 ANOS","Distrito":5,"Endereço":"RUA FRANCISCO DE ALMEIDA, 525","Bairro":"PARQUE SANTA ROSA","Código do bairro":87,"CEP":"60762-845","Regional":"SER 10","INEP":23235080,"CODSGE":308,"6 mees":"NÃO","1 ano":"NÃO","2 anos":"NÃO","3 anos":"NÃO","4 anos":"NÃO","5 anos":"NÃO","6 anos":"SIM","7 anos":"SIM","8 anos":"SIM","9 anos":"SIM","10 anos":"SIM","11 anos":"SIM","12 anos":"SIM","13 anos":"SIM","14 anos":"NÃO","Ano":2023,"Fonte":"Secretaria Municipal de Educação - SME","SRC da camada":"EPSG:4326 - WGS 84","Codificação":"UTF-8"}},{"type":"Feature","id":"vw_ParqueEscolarMunicipal_2023.fid-5656ca56_19a5f394e75_698b","geometry":{"type":"Point","coordinates":[-38.59645543,-3.81153212]},"geometry_name":"geom","properties":{"id":210,"fid":211,"Tipo":"EMTP","Título":"ESCOLA MUNICIPAL","Nome":"ALAÍDE AUGUSTO DE OLIVEIRA","Seriação":"F-1,2,3,4,5","Faixa etária":"6 A 10 ANOS","Distrito":5,"Endereço":"RUA SETEMBRINA, 525","Bairro":"CONJUNTO ESPERANÇA","Código do bairro":76,"CEP":"60763-646","Regional":"SER 10","INEP":23263148,"CODSGE":229,"6 mees":"NÃO","1 ano":"NÃO","2 anos":"NÃO","3 anos":"NÃO","4 anos":"NÃO","5 anos":"NÃO","6 anos":"SIM","7 anos":"SIM","8 anos":"SIM","9 anos":"SIM","10 anos":"SIM","11 anos":"NÃO","12 anos":"NÃO","13 anos":"NÃO","14 anos":"NÃO","Ano":2023,"Fonte":"Secretaria Municipal de Educação - SME","SRC da camada":"EPSG:4326 - WGS 84","Codificação":"UTF-8"}},{"type":"Feature","id":"vw_ParqueEscolarMunicipal_2023.fid-5656ca56_19a5f394e75_698c","geometry":{"type":"Point","coordinates":[-38.59467309,-3.81163349]},"geometry_name":"geom","properties":{"id":211,"fid":212,"Tipo":"EMTP","Título":"ESCOLA MUNICIPAL","Nome":"PADRE CÍCERO ROMÃO BATISTA","Seriação":"I-4,5/F-1,2","Faixa etária":"4 A 7 ANOS","Distrito":5,"Endereço":"RUA 114, 460","Bairro":"CONJUNTO ESPERANÇA","Código do bairro":76,"CEP":"60763-630","Regional":"SER 10","INEP":23257725,"CODSGE":281,"6 mees":"NÃO","1 ano":"NÃO","2 anos":"NÃO","3 anos":"NÃO","4 anos":"SIM","5 anos":"SIM","6 anos":"SIM","7 anos":"SIM","8 anos":"NÃO","9 anos":"NÃO","10 anos":"NÃO","11 anos":"NÃO","12 anos":"NÃO","13 anos":"NÃO","14 anos":"NÃO","Ano":2023,"Fonte":"Secretaria Municipal de Educação - SME","SRC da camada":"EPSG:4326 - WGS 84","Codificação":"UTF-8"}},{"type":"Feature","id":"vw_ParqueEscolarMunicipal_2023.fid-5656ca56_19a5f394e75_698d","geometry":{"type":"Point","coordinates":[-38.57703552,-3.80096719]},"geometry_name":"geom","properties":{"id":212,"fid":213,"Tipo":"EMTP","Título":"ESCOLA MUNICIPAL","Nome":"MARIA VIVIANE BENEVIDES GOUVEIA","Seriação":"I-4,5/F-1,2,3,4,5,6,7,8,9","Faixa etária":"4 A 14 ANOS","Distrito":5,"Endereço":"RUA CREUZA ROQUE, 247","Bairro":"MANOEL SÁTIRO","Código do bairro":81,"CEP":"60713-330","Regional":"SER 10","INEP":23073764,"CODSGE":204,"6 mees":"NÃO","1 ano":"NÃO","2 anos":"NÃO","3 anos":"NÃO","4 anos":"SIM","5 anos":"SIM","6 anos":"SIM","7 anos":"SIM","8 anos":"SIM","9 anos":"SIM","10 anos":"SIM","11 anos":"SIM","12 anos":"SIM","13 anos":"SIM","14 anos":"SIM","Ano":2023,"Fonte":"Secretaria Municipal de Educação - SME","SRC da camada":"EPSG:4326 - WGS 84","Codificação":"UTF-8"}},{"type":"Feature","id":"vw_ParqueEscolarMunicipal_2023.fid-5656ca56_19a5f394e75_698e","geometry":{"type":"Point","coordinates":[-38.58099276,-3.79770458]},"geometry_name":"geom","properties":{"id":213,"fid":214,"Tipo":"EMTP","Título":"ESCOLA MUNICIPAL","Nome":"HENRIQUETA GALENO","Seriação":"F-1,2,3,4,5,6,7,8,9","Faixa etária":"6 A 14 ANOS","Distrito":5,"Endereço":"RUA MAJOR MONTENEGRO, 917","Bairro":"MANOEL SÁTIRO","Código do bairro":81,"CEP":"60713-520","Regional":"SER 10","INEP":23070960,"CODSGE":131,"6 mees":"NÃO","1 ano":"NÃO","2 anos":"NÃO","3 anos":"NÃO","4 anos":"NÃO","5 anos":"NÃO","6 anos":"SIM","7 anos":"SIM","8 anos":"SIM","9 anos":"SIM","10 anos":"SIM","11 anos":"SIM","12 anos":"SIM","13 anos":"SIM","14 anos":"SIM","Ano":2023,"Fonte":"Secretaria Municipal de Educação - SME","SRC da camada":"EPSG:4326 - WGS 84","Codificação":"UTF-8"}},{"type":"Feature","id":"vw_ParqueEscolarMunicipal_2023.fid-5656ca56_19a5f394e75_698f","geometry":{"type":"Point","coordinates":[-38.58431793,-3.79542924]},"geometry_name":"geom","properties":{"id":214,"fid":215,"Tipo":"EMTP","Título":"ESCOLA MUNICIPAL","Nome":"NOELZINDA SÁTIRO SANTIAGO","Seriação":"I-4,5/F-1,2,3,4,5","Faixa etária":"4 A 10 ANOS","Distrito":5,"Endereço":"RUA DOM XISTO ALBANO, 1298","Bairro":"PARQUE SÃO JOSÉ","Código do bairro":86,"CEP":"60730-165","Regional":"SER 10","INEP":23233877,"CODSGE":344,"6 mees":"NÃO","1 ano":"NÃO","2 anos":"NÃO","3 anos":"NÃO","4 anos":"SIM","5 anos":"SIM","6 anos":"SIM","7 anos":"SIM","8 anos":"SIM","9 anos":"SIM","10 anos":"SIM","11 anos":"NÃO","12 anos":"NÃO","13 anos":"NÃO","14 anos":"NÃO","Ano":2023,"Fonte":"Secretaria Municipal de Educação - SME","SRC da camada":"EPSG:4326 - WGS 84","Codificação":"UTF-8"}},{"type":"Feature","id":"vw_ParqueEscolarMunicipal_2023.fid-5656ca56_19a5f394e75_6990","geometry":{"type":"Point","coordinates":[-38.59742969,-3.80726007]},"geometry_name":"geom","properties":{"id":215,"fid":216,"Tipo":"EMTP","Título":"ESCOLA MUNICIPAL","Nome":"FRANCISCA DE ABREU LIMA","Seriação":"I-4,5/F-1,2,3,4,5","Faixa etária":"4 A 10 ANOS","Distrito":5,"Endereço":"RUA HUMBERTO DE ALMEIDA, 535","Bairro":"CANINDEZINHO","Código do bairro":74,"CEP":"60731-415","Regional":"SER 10","INEP":23227419,"CODSGE":309,"6 mees":"NÃO","1 ano":"NÃO","2 anos":"NÃO","3 anos":"NÃO","4 anos":"SIM","5 anos":"SIM","6 anos":"SIM","7 anos":"SIM","8 anos":"SIM","9 anos":"SIM","10 anos":"SIM","11 anos":"NÃO","12 anos":"NÃO","13 anos":"NÃO","14 anos":"NÃO","Ano":2023,"Fonte":"Secretaria Municipal de Educação - SME","SRC da camada":"EPSG:4326 - WGS 84","Codificação":"UTF-8"}},{"type":"Feature","id":"vw_ParqueEscolarMunicipal_2023.fid-5656ca56_19a5f394e75_6991","geometry":{"type":"Point","coordinates":[-38.60210805,-3.80735152]},"geometry_name":"geom","properties":{"id":216,"fid":217,"Tipo":"EMTP","Título":"ESCOLA MUNICIPAL","Nome":"FLORIVAL ALVES SERAINE","Seriação":"I-5/F-1,2,3,4,5","Faixa etária":"5 A 10 ANOS","Distrito":5,"Endereço":"RUA ITATIAIA, 1000","Bairro":"CANINDEZINHO","Código do bairro":74,"CEP":"60731-455","Regional":"SER 10","INEP":23256923,"CODSGE":168,"6 mees":"NÃO","1 ano":"NÃO","2 anos":"NÃO","3 anos":"NÃO","4 anos":"NÃO","5 anos":"SIM","6 anos":"SIM","7 anos":"SIM","8 anos":"SIM","9 anos":"SIM","10 anos":"SIM","11 anos":"NÃO","12 anos":"NÃO","13 anos":"NÃO","14 anos":"NÃO","Ano":2023,"Fonte":"Secretaria Municipal de Educação - SME","SRC da camada":"EPSG:4326 - WGS 84","Codificação":"UTF-8"}},{"type":"Feature","id":"vw_ParqueEscolarMunicipal_2023.fid-5656ca56_19a5f394e75_6992","geometry":{"type":"Point","coordinates":[-38.60222407,-3.81730831]},"geometry_name":"geom","properties":{"id":217,"fid":218,"Tipo":"EMTP","Título":"ESCOLA MUNICIPAL","Nome":"PADRE ANTÔNIO MONTEIRO DA CRUZ","Seriação":"F-1,2,3,4,5,6,7,8,9","Faixa etária":"6 A 14 ANOS","Distrito":5,"Endereço":"RUA PEDESTRE XIII, 25 (CONJ. JARDIM FLUMINENSE)","Bairro":"CANINDEZINHO","Código do bairro":74,"CEP":"60734-290","Regional":"SER 10","INEP":23184914,"CODSGE":340,"6 mees":"NÃO","1 ano":"NÃO","2 anos":"NÃO","3 anos":"NÃO","4 anos":"NÃO","5 anos":"NÃO","6 anos":"SIM","7 anos":"SIM","8 anos":"SIM","9 anos":"SIM","10 anos":"SIM","11 anos":"SIM","12 anos":"SIM","13 anos":"SIM","14 anos":"SIM","Ano":2023,"Fonte":"Secretaria Municipal de Educação - SME","SRC da camada":"EPSG:4326 - WGS 84","Codificação":"UTF-8"}},{"type":"Feature","id":"vw_ParqueEscolarMunicipal_2023.fid-5656ca56_19a5f394e75_6993","geometry":{"type":"Point","coordinates":[-38.60853372,-3.82102128]},"geometry_name":"geom","properties":{"id":218,"fid":219,"Tipo":"EMTP","Título":"ESCOLA MUNICIPAL","Nome":"JORNALISTA DEMÓCRITO DUMMAR","Seriação":"I-5/F-1,2,3,4,5","Faixa etária":"5 A 10 ANOS","Distrito":5,"Endereço":"AV. EUCLIDES PAULINO BARROSO, 2505","Bairro":"CANINDEZINHO","Código do bairro":74,"CEP":"60743-630","Regional":"SER 10","INEP":23245182,"CODSGE":96,"6 mees":"NÃO","1 ano":"NÃO","2 anos":"NÃO","3 anos":"NÃO","4 anos":"NÃO","5 anos":"SIM","6 anos":"SIM","7 anos":"SIM","8 anos":"SIM","9 anos":"SIM","10 anos":"SIM","11 anos":"NÃO","12 anos":"NÃO","13 anos":"NÃO","14 anos":"NÃO","Ano":2023,"Fonte":"Secretaria Municipal de Educação - SME","SRC da camada":"EPSG:4326 - WGS 84","Codificação":"UTF-8"}},{"type":"Feature","id":"vw_ParqueEscolarMunicipal_2023.fid-5656ca56_19a5f394e75_6994","geometry":{"type":"Point","coordinates":[-38.59866451,-3.80176599]},"geometry_name":"geom","properties":{"id":219,"fid":220,"Tipo":"EMTP","Título":"ESCOLA MUNICIPAL","Nome":"NARCISO PESSOA DE ARAÚJO","Seriação":"F-6,7,8,9","Faixa etária":"11 A 14 ANOS","Distrito":5,"Endereço":"AV. GENERAL OSÓRIO DE PAIVA, 4841","Bairro":"CANINDEZINHO","Código do bairro":74,"CEP":"60730-243","Regional":"SER 10","INEP":23302615,"CODSGE":254,"6 mees":"NÃO","1 ano":"NÃO","2 anos":"NÃO","3 anos":"NÃO","4 anos":"NÃO","5 anos":"NÃO","6 anos":"NÃO","7 anos":"NÃO","8 anos":"NÃO","9 anos":"NÃO","10 anos":"NÃO","11 anos":"SIM","12 anos":"SIM","13 anos":"SIM","14 anos":"SIM","Ano":2023,"Fonte":"Secretaria Municipal de Educação - SME","SRC da camada":"EPSG:4326 - WGS 84","Codificação":"UTF-8"}},{"type":"Feature","id":"vw_ParqueEscolarMunicipal_2023.fid-5656ca56_19a5f394e75_6995","geometry":{"type":"Point","coordinates":[-38.61724305,-3.81767925]},"geometry_name":"geom","properties":{"id":220,"fid":221,"Tipo":"EMTP","Título":"ESCOLA MUNICIPAL","Nome":"JOAQUIM ALVES","Seriação":"F-1,2,3,4,5","Faixa etária":"6 A 10 ANOS","Distrito":5,"Endereço":"RUA COSTA DO SOL, 1061","Bairro":"SIQUEIRA","Código do bairro":90,"CEP":"60732-180","Regional":"SER 5","INEP":23072016,"CODSGE":176,"6 mees":"NÃO","1 ano":"NÃO","2 anos":"NÃO","3 anos":"NÃO","4 anos":"NÃO","5 anos":"NÃO","6 anos":"SIM","7 anos":"SIM","8 anos":"SIM","9 anos":"SIM","10 anos":"SIM","11 anos":"NÃO","12 anos":"NÃO","13 anos":"NÃO","14 anos":"NÃO","Ano":2023,"Fonte":"Secretaria Municipal de Educação - SME","SRC da camada":"EPSG:4326 - WGS 84","Codificação":"UTF-8"}},{"type":"Feature","id":"vw_ParqueEscolarMunicipal_2023.fid-5656ca56_19a5f394e75_6996","geometry":{"type":"Point","coordinates":[-38.62319912,-3.80549763]},"geometry_name":"geom","properties":{"id":221,"fid":222,"Tipo":"EMTP","Título":"ESCOLA MUNICIPAL","Nome":"PROFESSOR JOSÉ CÍRIO PEREIRA FILHO","Seriação":"I-5/F-1,2,3,4,5","Faixa etária":"5 A 10 ANOS","Distrito":5,"Endereço":"RUA QUARTZO ROSA, 100","Bairro":"SIQUEIRA","Código do bairro":90,"CEP":"60732-498","Regional":"SER 5","INEP":23244283,"CODSGE":103,"6 mees":"NÃO","1 ano":"NÃO","2 anos":"NÃO","3 anos":"NÃO","4 anos":"NÃO","5 anos":"SIM","6 anos":"SIM","7 anos":"SIM","8 anos":"SIM","9 anos":"SIM","10 anos":"SIM","11 anos":"NÃO","12 anos":"NÃO","13 anos":"NÃO","14 anos":"NÃO","Ano":2023,"Fonte":"Secretaria Municipal de Educação - SME","SRC da camada":"EPSG:4326 - WGS 84","Codificação":"UTF-8"}},{"type":"Feature","id":"vw_ParqueEscolarMunicipal_2023.fid-5656ca56_19a5f394e75_6997","geometry":{"type":"Point","coordinates":[-38.61434974,-3.80191716]},"geometry_name":"geom","properties":{"id":222,"fid":223,"Tipo":"EMTP","Título":"ESCOLA MUNICIPAL","Nome":"PROFESSOR EDILSON BRASIL SOÁREZ","Seriação":"I-5/F-1,2,3,4,5,6,7,8,9","Faixa etária":"5 A 14 ANOS","Distrito":5,"Endereço":"RUA LOCAL 11, S/N (CONJUNTO TATU MUNDÉ)","Bairro":"SIQUEIRA","Código do bairro":90,"CEP":"60544-673","Regional":"SER 5","INEP":23264187,"CODSGE":273,"6 mees":"NÃO","1 ano":"NÃO","2 anos":"NÃO","3 anos":"NÃO","4 anos":"NÃO","5 anos":"SIM","6 anos":"SIM","7 anos":"SIM","8 anos":"SIM","9 anos":"SIM","10 anos":"SIM","11 anos":"SIM","12 anos":"SIM","13 anos":"SIM","14 anos":"SIM","Ano":2023,"Fonte":"Secretaria Municipal de Educação - SME","SRC da camada":"EPSG:4326 - WGS 84","Codificação":"UTF-8"}},{"type":"Feature","id":"vw_ParqueEscolarMunicipal_2023.fid-5656ca56_19a5f394e75_6998","geometry":{"type":"Point","coordinates":[-38.60800546,-3.79724123]},"geometry_name":"geom","properties":{"id":223,"fid":224,"Tipo":"EMTP","Título":"ESCOLA MUNICIPAL","Nome":"HERBERT DE SOUSA","Seriação":"I-4,5/F-1,2,3,4,5","Faixa etária":"4 A 10 ANOS","Distrito":5,"Endereço":"RUA URUCUTUBA, 1599","Bairro":"BOM JARDIM","Código do bairro":72,"CEP":"60543-315","Regional":"SER 5","INEP":23213736,"CODSGE":342,"6 mees":"NÃO","1 ano":"NÃO","2 anos":"NÃO","3 anos":"NÃO","4 anos":"SIM","5 anos":"SIM","6 anos":"SIM","7 anos":"SIM","8 anos":"SIM","9 anos":"SIM","10 anos":"SIM","11 anos":"NÃO","12 anos":"NÃO","13 anos":"NÃO","14 anos":"NÃO","Ano":2023,"Fonte":"Secretaria Municipal de Educação - SME","SRC da camada":"EPSG:4326 - WGS 84","Codificação":"UTF-8"}},{"type":"Feature","id":"vw_ParqueEscolarMunicipal_2023.fid-5656ca56_19a5f394e75_6999","geometry":{"type":"Point","coordinates":[-38.60095261,-3.79991942]},"geometry_name":"geom","properties":{"id":224,"fid":225,"Tipo":"EMTP","Título":"ESCOLA MUNICIPAL","Nome":"CATARINA LIMA DA SILVA","Seriação":"F-6,7,8,9","Faixa etária":"11 A 14 ANOS","Distrito":5,"Endereço":"RUA PEDRO MARTINS, 313","Bairro":"BOM JARDIM","Código do bairro":72,"CEP":"60543-305","Regional":"SER 5","INEP":23242469,"CODSGE":349,"6 mees":"NÃO","1 ano":"NÃO","2 anos":"NÃO","3 anos":"NÃO","4 anos":"NÃO","5 anos":"NÃO","6 anos":"NÃO","7 anos":"NÃO","8 anos":"NÃO","9 anos":"NÃO","10 anos":"NÃO","11 anos":"SIM","12 anos":"SIM","13 anos":"SIM","14 anos":"SIM","Ano":2023,"Fonte":"Secretaria Municipal de Educação - SME","SRC da camada":"EPSG:4326 - WGS 84","Codificação":"UTF-8"}},{"type":"Feature","id":"vw_ParqueEscolarMunicipal_2023.fid-5656ca56_19a5f394e75_699a","geometry":{"type":"Point","coordinates":[-38.60184878,-3.79865418]},"geometry_name":"geom","properties":{"id":225,"fid":226,"Tipo":"EMTP","Título":"ESCOLA MUNICIPAL","Nome":"PROFESSOR JOSÉ FERREIRA DE ALENCAR","Seriação":"I-4,5/F-1,2,3,4,5","Faixa etária":"4 A 10 ANOS","Distrito":5,"Endereço":"RUA SÃO FRANCISCO, 557","Bairro":"BOM JARDIM","Código do bairro":72,"CEP":"60545-064","Regional":"SER 5","INEP":23304812,"CODSGE":251,"6 mees":"NÃO","1 ano":"NÃO","2 anos":"NÃO","3 anos":"NÃO","4 anos":"SIM","5 anos":"SIM","6 anos":"SIM","7 anos":"SIM","8 anos":"SIM","9 anos":"SIM","10 anos":"SIM","11 anos":"NÃO","12 anos":"NÃO","13 anos":"NÃO","14 anos":"NÃO","Ano":2023,"Fonte":"Secretaria Municipal de Educação - SME","SRC da camada":"EPSG:4326 - WGS 84","Codificação":"UTF-8"}},{"type":"Feature","id":"vw_ParqueEscolarMunicipal_2023.fid-5656ca56_19a5f394e75_699b","geometry":{"type":"Point","coordinates":[-38.60184289,-3.79234197]},"geometry_name":"geom","properties":{"id":226,"fid":227,"Tipo":"EMTP","Título":"ESCOLA MUNICIPAL","Nome":"SEBASTIÃO DE ABREU","Seriação":"F-6,7,8,9","Faixa etária":"11 A 14 ANOS","Distrito":5,"Endereço":"RUA GERALDO BARBOSA, 1065","Bairro":"BOM JARDIM","Código do bairro":72,"CEP":"60543-332","Regional":"SER 5","INEP":23077468,"CODSGE":260,"6 mees":"NÃO","1 ano":"NÃO","2 anos":"NÃO","3 anos":"NÃO","4 anos":"NÃO","5 anos":"NÃO","6 anos":"NÃO","7 anos":"NÃO","8 anos":"NÃO","9 anos":"NÃO","10 anos":"NÃO","11 anos":"SIM","12 anos":"SIM","13 anos":"SIM","14 anos":"SIM","Ano":2023,"Fonte":"Secretaria Municipal de Educação - SME","SRC da camada":"EPSG:4326 - WGS 84","Codificação":"UTF-8"}},{"type":"Feature","id":"vw_ParqueEscolarMunicipal_2023.fid-5656ca56_19a5f394e75_699c","geometry":{"type":"Point","coordinates":[-38.59443798,-3.79415834]},"geometry_name":"geom","properties":{"id":227,"fid":228,"Tipo":"EMTP","Título":"ESCOLA MUNICIPAL","Nome":"SANTOS DUMONT","Seriação":"F-1,2,3,4,5,6,7,8,9","Faixa etária":"6 A 14 ANOS","Distrito":5,"Endereço":"RUA GERALDO BARBOSA, 240","Bairro":"BOM JARDIM","Código do bairro":72,"CEP":"60543-335","Regional":"SER 5","INEP":23272724,"CODSGE":269,"6 mees":"NÃO","1 ano":"NÃO","2 anos":"NÃO","3 anos":"NÃO","4 anos":"NÃO","5 anos":"NÃO","6 anos":"SIM","7 anos":"SIM","8 anos":"SIM","9 anos":"SIM","10 anos":"SIM","11 anos":"SIM","12 anos":"SIM","13 anos":"SIM","14 anos":"SIM","Ano":2023,"Fonte":"Secretaria Municipal de Educação - SME","SRC da camada":"EPSG:4326 - WGS 84","Codificação":"UTF-8"}},{"type":"Feature","id":"vw_ParqueEscolarMunicipal_2023.fid-5656ca56_19a5f394e75_699d","geometry":{"type":"Point","coordinates":[-38.5981461,-3.79181708]},"geometry_name":"geom","properties":{"id":228,"fid":229,"Tipo":"EMTP","Título":"ESCOLA MUNICIPAL","Nome":"SANTA ISABEL","Seriação":"F-2,3,4,5","Faixa etária":"7 A 10 ANOS","Distrito":5,"Endereço":"AV. OSCAR ARARIPE, 741","Bairro":"BOM JARDIM","Código do bairro":72,"CEP":"60543-452","Regional":"SER 5","INEP":23256915,"CODSGE":218,"6 mees":"NÃO","1 ano":"NÃO","2 anos":"NÃO","3 anos":"NÃO","4 anos":"NÃO","5 anos":"NÃO","6 anos":"NÃO","7 anos":"SIM","8 anos":"SIM","9 anos":"SIM","10 anos":"SIM","11 anos":"NÃO","12 anos":"NÃO","13 anos":"NÃO","14 anos":"NÃO","Ano":2023,"Fonte":"Secretaria Municipal de Educação - SME","SRC da camada":"EPSG:4326 - WGS 84","Codificação":"UTF-8"}},{"type":"Feature","id":"vw_ParqueEscolarMunicipal_2023.fid-5656ca56_19a5f394e75_699e","geometry":{"type":"Point","coordinates":[-38.5978208,-3.79072873]},"geometry_name":"geom","properties":{"id":229,"fid":230,"Tipo":"EMTP","Título":"ESCOLA MUNICIPAL","Nome":"CRESCER E APRENDER","Seriação":"I-4,5/F-1","Faixa etária":"4 A 6 ANOS","Distrito":5,"Endereço":"RUA EDSON MARTINS, 642","Bairro":"BOM JARDIM","Código do bairro":72,"CEP":"60543-454","Regional":"SER 5","INEP":23271540,"CODSGE":111,"6 mees":"NÃO","1 ano":"NÃO","2 anos":"NÃO","3 anos":"NÃO","4 anos":"SIM","5 anos":"SIM","6 anos":"SIM","7 anos":"NÃO","8 anos":"NÃO","9 anos":"NÃO","10 anos":"NÃO","11 anos":"NÃO","12 anos":"NÃO","13 anos":"NÃO","14 anos":"NÃO","Ano":2023,"Fonte":"Secretaria Municipal de Educação - SME","SRC da camada":"EPSG:4326 - WGS 84","Codificação":"UTF-8"}},{"type":"Feature","id":"vw_ParqueEscolarMunicipal_2023.fid-5656ca56_19a5f394e75_699f","geometry":{"type":"Point","coordinates":[-38.61392431,-3.77360418]},"geometry_name":"geom","properties":{"id":230,"fid":231,"Tipo":"EMTP","Título":"ESCOLA MUNICIPAL","Nome":"EDILSON BRASIL SOÁREZ","Seriação":"F-6,7,8,9","Faixa etária":"11 A 14 ANOS","Distrito":3,"Endereço":"RUA 303D, 67","Bairro":"CONJUNTO CEARÁ II","Código do bairro":75,"CEP":"60530-570","Regional":"SER 11","INEP":23068167,"CODSGE":237,"6 mees":"NÃO","1 ano":"NÃO","2 anos":"NÃO","3 anos":"NÃO","4 anos":"NÃO","5 anos":"NÃO","6 anos":"NÃO","7 anos":"NÃO","8 anos":"NÃO","9 anos":"NÃO","10 anos":"NÃO","11 anos":"SIM","12 anos":"SIM","13 anos":"SIM","14 anos":"SIM","Ano":2023,"Fonte":"Secretaria Municipal de Educação - SME","SRC da camada":"EPSG:4326 - WGS 84","Codificação":"UTF-8"}},{"type":"Feature","id":"vw_ParqueEscolarMunicipal_2023.fid-5656ca56_19a5f394e75_69a0","geometry":{"type":"Point","coordinates":[-38.62463647,-3.79294967]},"geometry_name":"geom","properties":{"id":231,"fid":232,"Tipo":"EMTP","Título":"ESCOLA MUNICIPAL","Nome":"RACHEL VIANA MARTINS","Seriação":"I-4,5/F-1,2,3,4,5,6,7,8,9","Faixa etária":"4 A 14 ANOS","Distrito":5,"Endereço":"RUA TUCUNDUBA, 2703","Bairro":"GRANJA LISBOA","Código do bairro":78,"CEP":"60540-121","Regional":"SER 5","INEP":23076720,"CODSGE":121,"6 mees":"NÃO","1 ano":"NÃO","2 anos":"NÃO","3 anos":"NÃO","4 anos":"SIM","5 anos":"SIM","6 anos":"SIM","7 anos":"SIM","8 anos":"SIM","9 anos":"SIM","10 anos":"SIM","11 anos":"SIM","12 anos":"SIM","13 anos":"SIM","14 anos":"SIM","Ano":2023,"Fonte":"Secretaria Municipal de Educação - SME","SRC da camada":"EPSG:4326 - WGS 84","Codificação":"UTF-8"}},{"type":"Feature","id":"vw_ParqueEscolarMunicipal_2023.fid-5656ca56_19a5f394e75_69a1","geometry":{"type":"Point","coordinates":[-38.61356361,-3.79650841]},"geometry_name":"geom","properties":{"id":232,"fid":233,"Tipo":"EMTP","Título":"ESCOLA MUNICIPAL","Nome":"RAIMUNDO MOREIRA SENA","Seriação":"F-1,2,3,4,5","Faixa etária":"6 A 10 ANOS","Distrito":5,"Endereço":"RUA G, 93","Bairro":"GRANJA LISBOA","Código do bairro":78,"CEP":"60546-160","Regional":"SER 5","INEP":23256761,"CODSGE":122,"6 mees":"NÃO","1 ano":"NÃO","2 anos":"NÃO","3 anos":"NÃO","4 anos":"NÃO","5 anos":"NÃO","6 anos":"SIM","7 anos":"SIM","8 anos":"SIM","9 anos":"SIM","10 anos":"SIM","11 anos":"NÃO","12 anos":"NÃO","13 anos":"NÃO","14 anos":"NÃO","Ano":2023,"Fonte":"Secretaria Municipal de Educação - SME","SRC da camada":"EPSG:4326 - WGS 84","Codificação":"UTF-8"}},{"type":"Feature","id":"vw_ParqueEscolarMunicipal_2023.fid-5656ca56_19a5f394e75_69a2","geometry":{"type":"Point","coordinates":[-38.6155104,-3.79381669]},"geometry_name":"geom","properties":{"id":233,"fid":234,"Tipo":"EMTP","Título":"ESCOLA MUNICIPAL","Nome":"ULYSSES GUIMARÃES","Seriação":"I-4,5/F-1,2,3,4,5","Faixa etária":"4 A 10 ANOS","Distrito":5,"Endereço":"RUA TENENTE FRANCISCO PAIVA, 1350","Bairro":"GRANJA LISBOA","Código do bairro":78,"CEP":"60540-478","Regional":"SER 5","INEP":23256907,"CODSGE":146,"6 mees":"NÃO","1 ano":"NÃO","2 anos":"NÃO","3 anos":"NÃO","4 anos":"SIM","5 anos":"SIM","6 anos":"SIM","7 anos":"SIM","8 anos":"SIM","9 anos":"SIM","10 anos":"SIM","11 anos":"NÃO","12 anos":"NÃO","13 anos":"NÃO","14 anos":"NÃO","Ano":2023,"Fonte":"Secretaria Municipal de Educação - SME","SRC da camada":"EPSG:4326 - WGS 84","Codificação":"UTF-8"}},{"type":"Feature","id":"vw_ParqueEscolarMunicipal_2023.fid-5656ca56_19a5f394e75_69a3","geometry":{"type":"Point","coordinates":[-38.61048764,-3.78632718]},"geometry_name":"geom","properties":{"id":234,"fid":235,"Tipo":"EMTP","Título":"ESCOLA MUNICIPAL","Nome":"DOUTOR SÉRVULO MENDES BARROSO","Seriação":"F-1,2,3,4,5","Faixa etária":"6 A 10 ANOS","Distrito":5,"Endereço":"RUA JOSÉ MARTINS, 2159","Bairro":"GRANJA LISBOA","Código do bairro":78,"CEP":"60540-545","Regional":"SER 5","INEP":23263113,"CODSGE":228,"6 mees":"NÃO","1 ano":"NÃO","2 anos":"NÃO","3 anos":"NÃO","4 anos":"NÃO","5 anos":"NÃO","6 anos":"SIM","7 anos":"SIM","8 anos":"SIM","9 anos":"SIM","10 anos":"SIM","11 anos":"NÃO","12 anos":"NÃO","13 anos":"NÃO","14 anos":"NÃO","Ano":2023,"Fonte":"Secretaria Municipal de Educação - SME","SRC da camada":"EPSG:4326 - WGS 84","Codificação":"UTF-8"}},{"type":"Feature","id":"vw_ParqueEscolarMunicipal_2023.fid-5656ca56_19a5f394e75_69a4","geometry":{"type":"Point","coordinates":[-38.60983274,-3.78833861]},"geometry_name":"geom","properties":{"id":235,"fid":236,"Tipo":"EMTP","Título":"ESCOLA MUNICIPAL","Nome":"PROFESSORA LIREDA FACÓ","Seriação":"F-6,7,8,9","Faixa etária":"11 A 14 ANOS","Distrito":5,"Endereço":"RUA TRÊS CORAÇÕES, 735","Bairro":"GRANJA LISBOA","Código do bairro":78,"CEP":"60540-441","Regional":"SER 5","INEP":23073144,"CODSGE":346,"6 mees":"NÃO","1 ano":"NÃO","2 anos":"NÃO","3 anos":"NÃO","4 anos":"NÃO","5 anos":"NÃO","6 anos":"NÃO","7 anos":"NÃO","8 anos":"NÃO","9 anos":"NÃO","10 anos":"NÃO","11 anos":"SIM","12 anos":"SIM","13 anos":"SIM","14 anos":"SIM","Ano":2023,"Fonte":"Secretaria Municipal de Educação - SME","SRC da camada":"EPSG:4326 - WGS 84","Codificação":"UTF-8"}},{"type":"Feature","id":"vw_ParqueEscolarMunicipal_2023.fid-5656ca56_19a5f394e75_69a5","geometry":{"type":"Point","coordinates":[-38.6191581,-3.79123278]},"geometry_name":"geom","properties":{"id":236,"fid":237,"Tipo":"EMTP","Título":"ESCOLA MUNICIPAL","Nome":"MANOEL MALVEIRA MAIA","Seriação":"I-4,5/F-1,2,3,4,5","Faixa etária":"4 A 10 ANOS","Distrito":5,"Endereço":"RUA DANDARA KETLEY, 2890","Bairro":"GRANJA LISBOA","Código do bairro":78,"CEP":"60540-122","Regional":"SER 5","INEP":23256699,"CODSGE":123,"6 mees":"NÃO","1 ano":"NÃO","2 anos":"NÃO","3 anos":"NÃO","4 anos":"SIM","5 anos":"SIM","6 anos":"SIM","7 anos":"SIM","8 anos":"SIM","9 anos":"SIM","10 anos":"SIM","11 anos":"NÃO","12 anos":"NÃO","13 anos":"NÃO","14 anos":"NÃO","Ano":2023,"Fonte":"Secretaria Municipal de Educação - SME","SRC da camada":"EPSG:4326 - WGS 84","Codificação":"UTF-8"}},{"type":"Feature","id":"vw_ParqueEscolarMunicipal_2023.fid-5656ca56_19a5f394e75_69a6","geometry":{"type":"Point","coordinates":[-38.62477382,-3.79062973]},"geometry_name":"geom","properties":{"id":237,"fid":238,"Tipo":"EMTP","Título":"ESCOLA MUNICIPAL","Nome":"PROFESSORA ANTÔNIA MARIA DE LIMA","Seriação":"I-4,5/F-1,2,3","Faixa etária":"4 A 8 ANOS","Distrito":5,"Endereço":"RUA SARGENTO JOÃO PINHEIRO, 2601","Bairro":"GRANJA LISBOA","Código do bairro":78,"CEP":"60540-513","Regional":"SER 5","INEP":23445645,"CODSGE":161,"6 mees":"NÃO","1 ano":"NÃO","2 anos":"NÃO","3 anos":"NÃO","4 anos":"SIM","5 anos":"SIM","6 anos":"SIM","7 anos":"SIM","8 anos":"SIM","9 anos":"NÃO","10 anos":"NÃO","11 anos":"NÃO","12 anos":"NÃO","13 anos":"NÃO","14 anos":"NÃO","Ano":2023,"Fonte":"Secretaria Municipal de Educação - SME","SRC da camada":"EPSG:4326 - WGS 84","Codificação":"UTF-8"}},{"type":"Feature","id":"vw_ParqueEscolarMunicipal_2023.fid-5656ca56_19a5f394e75_69a7","geometry":{"type":"Point","coordinates":[-38.62951554,-3.78898244]},"geometry_name":"geom","properties":{"id":238,"fid":239,"Tipo":"EMTP","Título":"ESCOLA MUNICIPAL","Nome":"JOÃO MENDES DE ANDRADE","Seriação":"F-4,5,6,7,8,9","Faixa etária":"9 A 14 ANOS","Distrito":5,"Endereço":"RUA B, 1366 (CONJUNTO PALMARES)","Bairro":"GRANJA LISBOA","Código do bairro":78,"CEP":"60540-258","Regional":"SER 5","INEP":23071850,"CODSGE":336,"6 mees":"NÃO","1 ano":"NÃO","2 anos":"NÃO","3 anos":"NÃO","4 anos":"NÃO","5 anos":"NÃO","6 anos":"NÃO","7 anos":"NÃO","8 anos":"NÃO","9 anos":"SIM","10 anos":"SIM","11 anos":"SIM","12 anos":"SIM","13 anos":"SIM","14 anos":"SIM","Ano":2023,"Fonte":"Secretaria Municipal de Educação - SME","SRC da camada":"EPSG:4326 - WGS 84","Codificação":"UTF-8"}},{"type":"Feature","id":"vw_ParqueEscolarMunicipal_2023.fid-5656ca56_19a5f394e75_69a8","geometry":{"type":"Point","coordinates":[-38.62670075,-3.78461553]},"geometry_name":"geom","properties":{"id":239,"fid":240,"Tipo":"EMTI","Título":"ESCOLA MUNICIPAL DE TEMPO INTEGRAL","Nome":"DOM ANTÔNIO DE ALMEIDA LUSTOSA","Seriação":"F-6,7,8,9","Faixa etária":"11 A 14 ANOS","Distrito":5,"Endereço":"RUA GERALDO BARBOSA, 3901","Bairro":"GRANJA LISBOA","Código do bairro":78,"CEP":"60540-344","Regional":"SER 5","INEP":23065265,"CODSGE":135,"6 mees":"NÃO","1 ano":"NÃO","2 anos":"NÃO","3 anos":"NÃO","4 anos":"NÃO","5 anos":"NÃO","6 anos":"NÃO","7 anos":"NÃO","8 anos":"NÃO","9 anos":"NÃO","10 anos":"NÃO","11 anos":"SIM","12 anos":"SIM","13 anos":"SIM","14 anos":"SIM","Ano":2023,"Fonte":"Secretaria Municipal de Educação - SME","SRC da camada":"EPSG:4326 - WGS 84","Codificação":"UTF-8"}},{"type":"Feature","id":"vw_ParqueEscolarMunicipal_2023.fid-5656ca56_19a5f394e75_69a9","geometry":{"type":"Point","coordinates":[-38.62436921,-3.78171833]},"geometry_name":"geom","properties":{"id":240,"fid":241,"Tipo":"EMTP","Título":"ESCOLA MUNICIPAL","Nome":"MARIA DOLORES PETROLA DE MELO JORGE","Seriação":"I-4,5/F-1,2,3,4,5","Faixa etária":"4 A 10 ANOS","Distrito":5,"Endereço":"RUA PAULINO ROCHA, 1000","Bairro":"GRANJA LISBOA","Código do bairro":78,"CEP":"60540-576","Regional":"SER 5","INEP":23263121,"CODSGE":265,"6 mees":"NÃO","1 ano":"NÃO","2 anos":"NÃO","3 anos":"NÃO","4 anos":"SIM","5 anos":"SIM","6 anos":"SIM","7 anos":"SIM","8 anos":"SIM","9 anos":"SIM","10 anos":"SIM","11 anos":"NÃO","12 anos":"NÃO","13 anos":"NÃO","14 anos":"NÃO","Ano":2023,"Fonte":"Secretaria Municipal de Educação - SME","SRC da camada":"EPSG:4326 - WGS 84","Codificação":"UTF-8"}},{"type":"Feature","id":"vw_ParqueEscolarMunicipal_2023.fid-5656ca56_19a5f394e75_69aa","geometry":{"type":"Point","coordinates":[-38.61750146,-3.77692812]},"geometry_name":"geom","properties":{"id":241,"fid":242,"Tipo":"EMTP","Título":"ESCOLA MUNICIPAL","Nome":"FRANCISCO EDMILSON PINHEIRO","Seriação":"F-1,2,3,4,5","Faixa etária":"6 A 10 ANOS","Distrito":5,"Endereço":"AV. H, 2115","Bairro":"GRANJA LISBOA","Código do bairro":78,"CEP":"60533-667","Regional":"SER 5","INEP":23070030,"CODSGE":224,"6 mees":"NÃO","1 ano":"NÃO","2 anos":"NÃO","3 anos":"NÃO","4 anos":"NÃO","5 anos":"NÃO","6 anos":"SIM","7 anos":"SIM","8 anos":"SIM","9 anos":"SIM","10 anos":"SIM","11 anos":"NÃO","12 anos":"NÃO","13 anos":"NÃO","14 anos":"NÃO","Ano":2023,"Fonte":"Secretaria Municipal de Educação - SME","SRC da camada":"EPSG:4326 - WGS 84","Codificação":"UTF-8"}},{"type":"Feature","id":"vw_ParqueEscolarMunicipal_2023.fid-5656ca56_19a5f394e75_69ab","geometry":{"type":"Point","coordinates":[-38.59596692,-3.78349757]},"geometry_name":"geom","properties":{"id":242,"fid":243,"Tipo":"EMTP","Título":"ESCOLA MUNICIPAL","Nome":"JOSÉ CARLOS MATOS","Seriação":"I-4,5/F-1,2,3,4,5","Faixa etária":"4 A 10 ANOS","Distrito":5,"Endereço":"RUA ITAJAÍ, 802","Bairro":"GRANJA PORTUGAL","Código do bairro":79,"CEP":"60545-290","Regional":"SER 5","INEP":23256796,"CODSGE":143,"6 mees":"NÃO","1 ano":"NÃO","2 anos":"NÃO","3 anos":"NÃO","4 anos":"SIM","5 anos":"SIM","6 anos":"SIM","7 anos":"SIM","8 anos":"SIM","9 anos":"SIM","10 anos":"SIM","11 anos":"NÃO","12 anos":"NÃO","13 anos":"NÃO","14 anos":"NÃO","Ano":2023,"Fonte":"Secretaria Municipal de Educação - SME","SRC da camada":"EPSG:4326 - WGS 84","Codificação":"UTF-8"}},{"type":"Feature","id":"vw_ParqueEscolarMunicipal_2023.fid-5656ca56_19a5f394e75_69ac","geometry":{"type":"Point","coordinates":[-38.59377994,-3.78651443]},"geometry_name":"geom","properties":{"id":243,"fid":244,"Tipo":"EMTP","Título":"ESCOLA MUNICIPAL","Nome":"EDUCADOR PAULO FREIRE","Seriação":"I-1,2,3","Faixa etária":"1 A 14 ANOS","Distrito":5,"Endereço":"RUA CORONEL FABRICIANO, 452","Bairro":"GRANJA PORTUGAL","Código do bairro":79,"CEP":"60540-835","Regional":"SER 5","INEP":23214899,"CODSGE":348,"6 mees":"NÃO","1 ano":"SIM","2 anos":"SIM","3 anos":"SIM","4 anos":"SIM","5 anos":"SIM","6 anos":"SIM","7 anos":"SIM","8 anos":"SIM","9 anos":"SIM","10 anos":"SIM","11 anos":"SIM","12 anos":"SIM","13 anos":"SIM","14 anos":"SIM","Ano":2023,"Fonte":"Secretaria Municipal de Educação - SME","SRC da camada":"EPSG:4326 - WGS 84","Codificação":"UTF-8"}},{"type":"Feature","id":"vw_ParqueEscolarMunicipal_2023.fid-5656ca56_19a5f394e75_69ad","geometry":{"type":"Point","coordinates":[-38.60132581,-3.78106817]},"geometry_name":"geom","properties":{"id":244,"fid":245,"Tipo":"EMTP","Título":"ESCOLA MUNICIPAL","Nome":"REITOR ANTÔNIO MARTINS FILHO","Seriação":"F-1,2,3,4,5","Faixa etária":"6 A 10 ANOS","Distrito":5,"Endereço":"RUA TEODORO DE CASTRO, 1175","Bairro":"GRANJA PORTUGAL","Código do bairro":79,"CEP":"60541-192","Regional":"SER 5","INEP":23257342,"CODSGE":345,"6 mees":"NÃO","1 ano":"NÃO","2 anos":"NÃO","3 anos":"NÃO","4 anos":"NÃO","5 anos":"NÃO","6 anos":"SIM","7 anos":"SIM","8 anos":"SIM","9 anos":"SIM","10 anos":"SIM","11 anos":"NÃO","12 anos":"NÃO","13 anos":"NÃO","14 anos":"NÃO","Ano":2023,"Fonte":"Secretaria Municipal de Educação - SME","SRC da camada":"EPSG:4326 - WGS 84","Codificação":"UTF-8"}},{"type":"Feature","id":"vw_ParqueEscolarMunicipal_2023.fid-5656ca56_19a5f394e75_69ae","geometry":{"type":"Point","coordinates":[-38.6030103,-3.78149353]},"geometry_name":"geom","properties":{"id":245,"fid":246,"Tipo":"EMTP","Título":"ESCOLA MUNICIPAL","Nome":"CREUSA DO CARMO ROCHA","Seriação":"F-6,7,8,9","Faixa etária":"11 A 14 ANOS","Distrito":5,"Endereço":"RUA DUAS NAÇÕES, 1055","Bairro":"GRANJA PORTUGAL","Código do bairro":79,"CEP":"60545-242","Regional":"SER 5","INEP":23067543,"CODSGE":149,"6 mees":"NÃO","1 ano":"NÃO","2 anos":"NÃO","3 anos":"NÃO","4 anos":"NÃO","5 anos":"NÃO","6 anos":"NÃO","7 anos":"NÃO","8 anos":"NÃO","9 anos":"NÃO","10 anos":"NÃO","11 anos":"SIM","12 anos":"SIM","13 anos":"SIM","14 anos":"SIM","Ano":2023,"Fonte":"Secretaria Municipal de Educação - SME","SRC da camada":"EPSG:4326 - WGS 84","Codificação":"UTF-8"}},{"type":"Feature","id":"vw_ParqueEscolarMunicipal_2023.fid-5656ca56_19a5f394e75_69af","geometry":{"type":"Point","coordinates":[-38.60117727,-3.77732806]},"geometry_name":"geom","properties":{"id":246,"fid":247,"Tipo":"EMTP","Título":"ESCOLA MUNICIPAL","Nome":"IRMÃ ROCHA","Seriação":"I-4,5/F-1,2","Faixa etária":"4 A 7 ANOS","Distrito":5,"Endereço":"RUA EMÍLIO DE MENEZES, 2515","Bairro":"GRANJA PORTUGAL","Código do bairro":79,"CEP":"60541-424","Regional":"SER 5","INEP":23256966,"CODSGE":290,"6 mees":"NÃO","1 ano":"NÃO","2 anos":"NÃO","3 anos":"NÃO","4 anos":"SIM","5 anos":"SIM","6 anos":"SIM","7 anos":"SIM","8 anos":"NÃO","9 anos":"NÃO","10 anos":"NÃO","11 anos":"NÃO","12 anos":"NÃO","13 anos":"NÃO","14 anos":"NÃO","Ano":2023,"Fonte":"Secretaria Municipal de Educação - SME","SRC da camada":"EPSG:4326 - WGS 84","Codificação":"UTF-8"}},{"type":"Feature","id":"vw_ParqueEscolarMunicipal_2023.fid-5656ca56_19a5f394e75_69b0","geometry":{"type":"Point","coordinates":[-38.60181643,-3.77710256]},"geometry_name":"geom","properties":{"id":247,"fid":248,"Tipo":"EMTP","Título":"ESCOLA MUNICIPAL","Nome":"CONCEIÇÃO MOURÃO","Seriação":"F-6,7,8,9","Faixa etária":"11 A 14 ANOS","Distrito":5,"Endereço":"RUA DUAS NAÇÕES, 551","Bairro":"GRANJA PORTUGAL","Código do bairro":79,"CEP":"60545-241","Regional":"SER 5","INEP":23067390,"CODSGE":184,"6 mees":"NÃO","1 ano":"NÃO","2 anos":"NÃO","3 anos":"NÃO","4 anos":"NÃO","5 anos":"NÃO","6 anos":"NÃO","7 anos":"NÃO","8 anos":"NÃO","9 anos":"NÃO","10 anos":"NÃO","11 anos":"SIM","12 anos":"SIM","13 anos":"SIM","14 anos":"SIM","Ano":2023,"Fonte":"Secretaria Municipal de Educação - SME","SRC da camada":"EPSG:4326 - WGS 84","Codificação":"UTF-8"}},{"type":"Feature","id":"vw_ParqueEscolarMunicipal_2023.fid-5656ca56_19a5f394e75_69b1","geometry":{"type":"Point","coordinates":[-38.60791714,-3.77199131]},"geometry_name":"geom","properties":{"id":248,"fid":249,"Tipo":"EMTP","Título":"ESCOLA MUNICIPAL","Nome":"GOVERNADOR FAUSTINO DE ALBUQUERQUE","Seriação":"F-6,7,8,9","Faixa etária":"11 A 14 ANOS","Distrito":3,"Endereço":"RUA 143, 155","Bairro":"CONJUNTO CEARÁ II","Código do bairro":75,"CEP":"60530-210","Regional":"SER 11","INEP":23069945,"CODSGE":128,"6 mees":"NÃO","1 ano":"NÃO","2 anos":"NÃO","3 anos":"NÃO","4 anos":"NÃO","5 anos":"NÃO","6 anos":"NÃO","7 anos":"NÃO","8 anos":"NÃO","9 anos":"NÃO","10 anos":"NÃO","11 anos":"SIM","12 anos":"SIM","13 anos":"SIM","14 anos":"SIM","Ano":2023,"Fonte":"Secretaria Municipal de Educação - SME","SRC da camada":"EPSG:4326 - WGS 84","Codificação":"UTF-8"}},{"type":"Feature","id":"vw_ParqueEscolarMunicipal_2023.fid-5656ca56_19a5f394e75_69b2","geometry":{"type":"Point","coordinates":[-38.61373763,-3.77073774]},"geometry_name":"geom","properties":{"id":249,"fid":250,"Tipo":"EMTP","Título":"ESCOLA MUNICIPAL","Nome":"JOÃO PAULO II","Seriação":"F-1,2,3,4,5","Faixa etária":"6 A 10 ANOS","Distrito":3,"Endereço":"AV. C, 1381","Bairro":"CONJUNTO CEARÁ II","Código do bairro":75,"CEP":"60533-617","Regional":"SER 11","INEP":23257202,"CODSGE":267,"6 mees":"NÃO","1 ano":"NÃO","2 anos":"NÃO","3 anos":"NÃO","4 anos":"NÃO","5 anos":"NÃO","6 anos":"SIM","7 anos":"SIM","8 anos":"SIM","9 anos":"SIM","10 anos":"SIM","11 anos":"NÃO","12 anos":"NÃO","13 anos":"NÃO","14 anos":"NÃO","Ano":2023,"Fonte":"Secretaria Municipal de Educação - SME","SRC da camada":"EPSG:4326 - WGS 84","Codificação":"UTF-8"}},{"type":"Feature","id":"vw_ParqueEscolarMunicipal_2023.fid-5656ca56_19a5f394e75_69b3","geometry":{"type":"Point","coordinates":[-38.60488497,-3.76530019]},"geometry_name":"geom","properties":{"id":250,"fid":251,"Tipo":"EMTP","Título":"ESCOLA MUNICIPAL","Nome":"JOÃO NUNES PINHEIRO","Seriação":"F-1,2,3,4,5","Faixa etária":"6 A 10 ANOS","Distrito":3,"Endereço":"AV. F, 550","Bairro":"CONJUNTO CEARÁ I","Código do bairro":42,"CEP":"60533-644","Regional":"SER 11","INEP":23264160,"CODSGE":272,"6 mees":"NÃO","1 ano":"NÃO","2 anos":"NÃO","3 anos":"NÃO","4 anos":"NÃO","5 anos":"NÃO","6 anos":"SIM","7 anos":"SIM","8 anos":"SIM","9 anos":"SIM","10 anos":"SIM","11 anos":"NÃO","12 anos":"NÃO","13 anos":"NÃO","14 anos":"NÃO","Ano":2023,"Fonte":"Secretaria Municipal de Educação - SME","SRC da camada":"EPSG:4326 - WGS 84","Codificação":"UTF-8"}},{"type":"Feature","id":"vw_ParqueEscolarMunicipal_2023.fid-5656ca56_19a5f394e75_69b4","geometry":{"type":"Point","coordinates":[-38.61188623,-3.76257596]},"geometry_name":"geom","properties":{"id":251,"fid":252,"Tipo":"EMTI","Título":"ESCOLA MUNICIPAL DE TEMPO INTEGRAL","Nome":"PROFESSOR ADEMAR NUNES BATISTA","Seriação":"F-6,7,8,9","Faixa etária":"11 A 14 ANOS","Distrito":3,"Endereço":"RUA 1159 , 100","Bairro":"CONJUNTO CEARÁ I","Código do bairro":42,"CEP":"60533-540","Regional":"SER 11","INEP":23069015,"CODSGE":236,"6 mees":"NÃO","1 ano":"NÃO","2 anos":"NÃO","3 anos":"NÃO","4 anos":"NÃO","5 anos":"NÃO","6 anos":"NÃO","7 anos":"NÃO","8 anos":"NÃO","9 anos":"NÃO","10 anos":"NÃO","11 anos":"SIM","12 anos":"SIM","13 anos":"SIM","14 anos":"SIM","Ano":2023,"Fonte":"Secretaria Municipal de Educação - SME","SRC da camada":"EPSG:4326 - WGS 84","Codificação":"UTF-8"}},{"type":"Feature","id":"vw_ParqueEscolarMunicipal_2023.fid-5656ca56_19a5f394e75_69b5","geometry":{"type":"Point","coordinates":[-38.6104871,-3.75948258]},"geometry_name":"geom","properties":{"id":252,"fid":253,"Tipo":"EMTP","Título":"ESCOLA MUNICIPAL","Nome":"PROFESSOR JOSÉ MILITÃO DE ALBUQUERQUE","Seriação":"F-1,2,3,4,5,6,7,8,9","Faixa etária":"6 A 14 ANOS","Distrito":3,"Endereço":"RUA 1145, 14","Bairro":"CONJUNTO CEARÁ I","Código do bairro":42,"CEP":"60533-470","Regional":"SER 11","INEP":23069350,"CODSGE":248,"6 mees":"NÃO","1 ano":"NÃO","2 anos":"NÃO","3 anos":"NÃO","4 anos":"NÃO","5 anos":"NÃO","6 anos":"SIM","7 anos":"SIM","8 anos":"SIM","9 anos":"SIM","10 anos":"SIM","11 anos":"SIM","12 anos":"SIM","13 anos":"SIM","14 anos":"SIM","Ano":2023,"Fonte":"Secretaria Municipal de Educação - SME","SRC da camada":"EPSG:4326 - WGS 84","Codificação":"UTF-8"}},{"type":"Feature","id":"vw_ParqueEscolarMunicipal_2023.fid-5656ca56_19a5f394e75_69b6","geometry":{"type":"Point","coordinates":[-38.59786474,-3.81006467]},"geometry_name":"geom","properties":{"id":253,"fid":254,"Tipo":"CRP","Título":"CRECHE PARCEIRA","Nome":"MARIA PEQUENA","Seriação":"I-1,2,3","Faixa etária":"1 A 3 ANOS","Distrito":5,"Endereço":"RUA PARANAGUÁ, 255","Bairro":"CANINDEZINHO","Código do bairro":74,"CEP":"60734-155","Regional":"SER 10","INEP":23280565,"CODSGE":557,"6 mees":"NÃO","1 ano":"SIM","2 anos":"SIM","3 anos":"SIM","4 anos":"NÃO","5 anos":"NÃO","6 anos":"NÃO","7 anos":"NÃO","8 anos":"NÃO","9 anos":"NÃO","10 anos":"NÃO","11 anos":"NÃO","12 anos":"NÃO","13 anos":"NÃO","14 anos":"NÃO","Ano":2023,"Fonte":"Secretaria Municipal de Educação - SME","SRC da camada":"EPSG:4326 - WGS 84","Codificação":"UTF-8"}},{"type":"Feature","id":"vw_ParqueEscolarMunicipal_2023.fid-5656ca56_19a5f394e75_69b7","geometry":{"type":"Point","coordinates":[-38.59083129,-3.7983303]},"geometry_name":"geom","properties":{"id":254,"fid":255,"Tipo":"CRP","Título":"CRECHE PARCEIRA","Nome":"SANTO ANTÔNIO","Seriação":"I-1,2,3","Faixa etária":"1 A 3 ANOS","Distrito":5,"Endereço":"RUA JOÃO RAMALHO, 475","Bairro":"PARQUE SÃO JOSÉ","Código do bairro":86,"CEP":"60730-290","Regional":"SER 10","INEP":23280999,"CODSGE":550,"6 mees":"NÃO","1 ano":"SIM","2 anos":"SIM","3 anos":"SIM","4 anos":"NÃO","5 anos":"NÃO","6 anos":"NÃO","7 anos":"NÃO","8 anos":"NÃO","9 anos":"NÃO","10 anos":"NÃO","11 anos":"NÃO","12 anos":"NÃO","13 anos":"NÃO","14 anos":"NÃO","Ano":2023,"Fonte":"Secretaria Municipal de Educação - SME","SRC da camada":"EPSG:4326 - WGS 84","Codificação":"UTF-8"}},{"type":"Feature","id":"vw_ParqueEscolarMunicipal_2023.fid-5656ca56_19a5f394e75_69b8","geometry":{"type":"Point","coordinates":[-38.61935809,-3.78294214]},"geometry_name":"geom","properties":{"id":255,"fid":256,"Tipo":"CEI","Título":"CENTRO DE EDUCAÇÃO INFANTIL","Nome":"MARIA DOLORES PETROLA DE MELO JORGE","Seriação":"I-1,2,3","Faixa etária":"1 A 5 ANOS","Distrito":5,"Endereço":"RUA SARGENTO BARBOSA, 851","Bairro":"GRANJA LISBOA","Código do bairro":78,"CEP":"60540-491","Regional":"SER 5","INEP":23263121,"CODSGE":380,"6 mees":"NÃO","1 ano":"SIM","2 anos":"SIM","3 anos":"SIM","4 anos":"SIM","5 anos":"SIM","6 anos":"NÃO","7 anos":"NÃO","8 anos":"NÃO","9 anos":"NÃO","10 anos":"NÃO","11 anos":"NÃO","12 anos":"NÃO","13 anos":"NÃO","14 anos":"NÃO","Ano":2023,"Fonte":"Secretaria Municipal de Educação - SME","SRC da camada":"EPSG:4326 - WGS 84","Codificação":"UTF-8"}},{"type":"Feature","id":"vw_ParqueEscolarMunicipal_2023.fid-5656ca56_19a5f394e75_69b9","geometry":{"type":"Point","coordinates":[-38.62841127,-3.80211849]},"geometry_name":"geom","properties":{"id":256,"fid":257,"Tipo":"CRP","Título":"CRECHE PARCEIRA","Nome":"NOVO MUNDO PIONEIRO","Seriação":"I-1,2,3","Faixa etária":"1 A 3 ANOS","Distrito":5,"Endereço":"RUA 2 (LOT. PRQ. ITAIGARA), S/N","Bairro":"SIQUEIRA","Código do bairro":90,"CEP":"60732-412","Regional":"SER 5","INEP":23280093,"CODSGE":524,"6 mees":"NÃO","1 ano":"SIM","2 anos":"SIM","3 anos":"SIM","4 anos":"NÃO","5 anos":"NÃO","6 anos":"NÃO","7 anos":"NÃO","8 anos":"NÃO","9 anos":"NÃO","10 anos":"NÃO","11 anos":"NÃO","12 anos":"NÃO","13 anos":"NÃO","14 anos":"NÃO","Ano":2023,"Fonte":"Secretaria Municipal de Educação - SME","SRC da camada":"EPSG:4326 - WGS 84","Codificação":"UTF-8"}},{"type":"Feature","id":"vw_ParqueEscolarMunicipal_2023.fid-5656ca56_19a5f394e75_69ba","geometry":{"type":"Point","coordinates":[-38.60235592,-3.78479344]},"geometry_name":"geom","properties":{"id":257,"fid":258,"Tipo":"CRP","Título":"CRECHE PARCEIRA","Nome":"DONA EULÁLIA UCHOA ALVES","Seriação":"I-1,2,3","Faixa etária":"1 A 3 ANOS","Distrito":5,"Endereço":"RUA MATEUS LEMOS, 1190","Bairro":"GRANJA PORTUGAL","Código do bairro":79,"CEP":"60540-805","Regional":"SER 5","INEP":23280522,"CODSGE":578,"6 mees":"NÃO","1 ano":"SIM","2 anos":"SIM","3 anos":"SIM","4 anos":"NÃO","5 anos":"NÃO","6 anos":"NÃO","7 anos":"NÃO","8 anos":"NÃO","9 anos":"NÃO","10 anos":"NÃO","11 anos":"NÃO","12 anos":"NÃO","13 anos":"NÃO","14 anos":"NÃO","Ano":2023,"Fonte":"Secretaria Municipal de Educação - SME","SRC da camada":"EPSG:4326 - WGS 84","Codificação":"UTF-8"}},{"type":"Feature","id":"vw_ParqueEscolarMunicipal_2023.fid-5656ca56_19a5f394e75_69bb","geometry":{"type":"Point","coordinates":[-38.61701322,-3.77256168]},"geometry_name":"geom","properties":{"id":258,"fid":259,"Tipo":"CRP","Título":"CRECHE PARCEIRA","Nome":"IRMÃOS FIRMO","Seriação":"I-1,2,3","Faixa etária":"1 A 3 ANOS","Distrito":3,"Endereço":"RUA 1096, 34","Bairro":"CONJUNTO CEARÁ II","Código do bairro":75,"CEP":"60533-230","Regional":"SER 11","INEP":23280140,"CODSGE":536,"6 mees":"NÃO","1 ano":"SIM","2 anos":"SIM","3 anos":"SIM","4 anos":"NÃO","5 anos":"NÃO","6 anos":"NÃO","7 anos":"NÃO","8 anos":"NÃO","9 anos":"NÃO","10 anos":"NÃO","11 anos":"NÃO","12 anos":"NÃO","13 anos":"NÃO","14 anos":"NÃO","Ano":2023,"Fonte":"Secretaria Municipal de Educação - SME","SRC da camada":"EPSG:4326 - WGS 84","Codificação":"UTF-8"}},{"type":"Feature","id":"vw_ParqueEscolarMunicipal_2023.fid-5656ca56_19a5f394e75_69bc","geometry":{"type":"Point","coordinates":[-38.61193174,-3.76327363]},"geometry_name":"geom","properties":{"id":259,"fid":260,"Tipo":"CRP","Título":"CRECHE PARCEIRA","Nome":"NOSSA SENHORA DE FÁTIMA","Seriação":"I-1,2,3","Faixa etária":"1 A 3 ANOS","Distrito":3,"Endereço":"RUA 1107, S/N","Bairro":"CONJUNTO CEARÁ I","Código do bairro":42,"CEP":"60533-270","Regional":"SER 11","INEP":23280204,"CODSGE":531,"6 mees":"NÃO","1 ano":"SIM","2 anos":"SIM","3 anos":"SIM","4 anos":"NÃO","5 anos":"NÃO","6 anos":"NÃO","7 anos":"NÃO","8 anos":"NÃO","9 anos":"NÃO","10 anos":"NÃO","11 anos":"NÃO","12 anos":"NÃO","13 anos":"NÃO","14 anos":"NÃO","Ano":2023,"Fonte":"Secretaria Municipal de Educação - SME","SRC da camada":"EPSG:4326 - WGS 84","Codificação":"UTF-8"}},{"type":"Feature","id":"vw_ParqueEscolarMunicipal_2023.fid-5656ca56_19a5f394e75_69bd","geometry":{"type":"Point","coordinates":[-38.59126276,-3.81412335]},"geometry_name":"geom","properties":{"id":260,"fid":261,"Tipo":"CEI","Título":"CENTRO DE EDUCAÇÃO INFANTIL","Nome":"PADRE CÍCERO ROMÃO BATISTA","Seriação":"I-2,3,4","Faixa etária":"1 A 5 ANOS","Distrito":5,"Endereço":"RUA 106, 377","Bairro":"CONJUNTO ESPERANÇA","Código do bairro":76,"CEP":"60763-550","Regional":"SER 10","INEP":23257725,"CODSGE":504,"6 mees":"NÃO","1 ano":"NÃO","2 anos":"SIM","3 anos":"SIM","4 anos":"SIM","5 anos":"NÃO","6 anos":"NÃO","7 anos":"NÃO","8 anos":"NÃO","9 anos":"NÃO","10 anos":"NÃO","11 anos":"NÃO","12 anos":"NÃO","13 anos":"NÃO","14 anos":"NÃO","Ano":2023,"Fonte":"Secretaria Municipal de Educação - SME","SRC da camada":"EPSG:4326 - WGS 84","Codificação":"UTF-8"}},{"type":"Feature","id":"vw_ParqueEscolarMunicipal_2023.fid-5656ca56_19a5f394e75_69be","geometry":{"type":"Point","coordinates":[-38.60265494,-3.80694529]},"geometry_name":"geom","properties":{"id":261,"fid":262,"Tipo":"CEI","Título":"CENTRO DE EDUCAÇÃO INFANTIL","Nome":"FLORIVAL ALVES SERAINE","Seriação":"I-3,4","Faixa etária":"3 E 4 ANOS","Distrito":5,"Endereço":"RUA JOSÉ ASSIS DE OLIVEIRA, 1324","Bairro":"CANINDEZINHO","Código do bairro":74,"CEP":"60731-452","Regional":"SER 10","INEP":23256923,"CODSGE":466,"6 mees":"NÃO","1 ano":"NÃO","2 anos":"NÃO","3 anos":"SIM","4 anos":"SIM","5 anos":"NÃO","6 anos":"NÃO","7 anos":"NÃO","8 anos":"NÃO","9 anos":"NÃO","10 anos":"NÃO","11 anos":"NÃO","12 anos":"NÃO","13 anos":"NÃO","14 anos":"NÃO","Ano":2023,"Fonte":"Secretaria Municipal de Educação - SME","SRC da camada":"EPSG:4326 - WGS 84","Codificação":"UTF-8"}},{"type":"Feature","id":"vw_ParqueEscolarMunicipal_2023.fid-5656ca56_19a5f394e75_69bf","geometry":{"type":"Point","coordinates":[-38.59581645,-3.81360719]},"geometry_name":"geom","properties":{"id":262,"fid":263,"Tipo":"CEI","Título":"CENTRO DE EDUCAÇÃO INFANTIL","Nome":"ALAÍDE AUGUSTO DE OLIVEIRA","Seriação":"I-2,3,4","Faixa etária":"2 A 5 ANOS","Distrito":5,"Endereço":"RUA E, 187 (CONJUNTO IMPERIAL)","Bairro":"CONJUNTO ESPERANÇA","Código do bairro":76,"CEP":"60763-664","Regional":"SER 10","INEP":23263148,"CODSGE":437,"6 mees":"NÃO","1 ano":"NÃO","2 anos":"SIM","3 anos":"SIM","4 anos":"SIM","5 anos":"SIM","6 anos":"NÃO","7 anos":"NÃO","8 anos":"NÃO","9 anos":"NÃO","10 anos":"NÃO","11 anos":"NÃO","12 anos":"NÃO","13 anos":"NÃO","14 anos":"NÃO","Ano":2023,"Fonte":"Secretaria Municipal de Educação - SME","SRC da camada":"EPSG:4326 - WGS 84","Codificação":"UTF-8"}},{"type":"Feature","id":"vw_ParqueEscolarMunicipal_2023.fid-5656ca56_19a5f394e75_69c0","geometry":{"type":"Point","coordinates":[-38.60243953,-3.81753361]},"geometry_name":"geom","properties":{"id":263,"fid":264,"Tipo":"CEI","Título":"CENTRO DE EDUCAÇÃO INFANTIL","Nome":"ZILDA ARNS NEUMANN","Seriação":"I-3,4,5","Faixa etária":"3 A 5 ANOS","Distrito":5,"Endereço":"RUA PEDESTRE XIII, 25 (CONJ. JARDIM FLUMINENSE)","Bairro":"CANINDEZINHO","Código do bairro":74,"CEP":"60734-290","Regional":"SER 10","INEP":23184914,"CODSGE":438,"6 mees":"NÃO","1 ano":"NÃO","2 anos":"NÃO","3 anos":"SIM","4 anos":"SIM","5 anos":"SIM","6 anos":"NÃO","7 anos":"NÃO","8 anos":"NÃO","9 anos":"NÃO","10 anos":"NÃO","11 anos":"NÃO","12 anos":"NÃO","13 anos":"NÃO","14 anos":"NÃO","Ano":2023,"Fonte":"Secretaria Municipal de Educação - SME","SRC da camada":"EPSG:4326 - WGS 84","Codificação":"UTF-8"}},{"type":"Feature","id":"vw_ParqueEscolarMunicipal_2023.fid-5656ca56_19a5f394e75_69c1","geometry":{"type":"Point","coordinates":[-38.60827679,-3.82189918]},"geometry_name":"geom","properties":{"id":264,"fid":265,"Tipo":"CEI","Título":"CENTRO DE EDUCAÇÃO INFANTIL","Nome":"JORNALISTA DEMÓCRITO DUMMAR","Seriação":"I-1,2,3","Faixa etária":"1 A 5 ANOS","Distrito":5,"Endereço":"RUA JOSÉ DANTAS PEREIRA, 334","Bairro":"CANINDEZINHO","Código do bairro":74,"CEP":"60734-670","Regional":"SER 10","INEP":23245182,"CODSGE":369,"6 mees":"NÃO","1 ano":"NÃO","2 anos":"SIM","3 anos":"SIM","4 anos":"SIM","5 anos":"NÃO","6 anos":"NÃO","7 anos":"NÃO","8 anos":"NÃO","9 anos":"NÃO","10 anos":"NÃO","11 anos":"NÃO","12 anos":"NÃO","13 anos":"NÃO","14 anos":"NÃO","Ano":2023,"Fonte":"Secretaria Municipal de Educação - SME","SRC da camada":"EPSG:4326 - WGS 84","Codificação":"UTF-8"}},{"type":"Feature","id":"vw_ParqueEscolarMunicipal_2023.fid-5656ca56_19a5f394e75_69c2","geometry":{"type":"Point","coordinates":[-38.61181327,-3.80450603]},"geometry_name":"geom","properties":{"id":265,"fid":266,"Tipo":"CEI","Título":"CENTRO DE EDUCAÇÃO INFANTIL","Nome":"CHICO ANYSIO","Seriação":"I-1,2,3","Faixa etária":"1 A 5 ANOS","Distrito":5,"Endereço":"RUA ALVES BEZERRA, 788","Bairro":"SIQUEIRA","Código do bairro":90,"CEP":"60736-130","Regional":"SER 5","INEP":23257652,"CODSGE":431,"6 mees":"NÃO","1 ano":"SIM","2 anos":"SIM","3 anos":"SIM","4 anos":"SIM","5 anos":"SIM","6 anos":"NÃO","7 anos":"NÃO","8 anos":"NÃO","9 anos":"NÃO","10 anos":"NÃO","11 anos":"NÃO","12 anos":"NÃO","13 anos":"NÃO","14 anos":"NÃO","Ano":2023,"Fonte":"Secretaria Municipal de Educação - SME","SRC da camada":"EPSG:4326 - WGS 84","Codificação":"UTF-8"}},{"type":"Feature","id":"vw_ParqueEscolarMunicipal_2023.fid-5656ca56_19a5f394e75_69c3","geometry":{"type":"Point","coordinates":[-38.62274161,-3.80586929]},"geometry_name":"geom","properties":{"id":266,"fid":267,"Tipo":"CEI","Título":"CENTRO DE EDUCAÇÃO INFANTIL","Nome":"PROFESSOR JOSÉ CÍRIO PEREIRA FILHO","Seriação":"I-3,4","Faixa etária":"3 E 4 ANOS","Distrito":5,"Endereço":"RUA RUBI, 100","Bairro":"SIQUEIRA","Código do bairro":90,"CEP":"60732-495","Regional":"SER 5","INEP":23244283,"CODSGE":368,"6 mees":"NÃO","1 ano":"NÃO","2 anos":"NÃO","3 anos":"SIM","4 anos":"SIM","5 anos":"NÃO","6 anos":"NÃO","7 anos":"NÃO","8 anos":"NÃO","9 anos":"NÃO","10 anos":"NÃO","11 anos":"NÃO","12 anos":"NÃO","13 anos":"NÃO","14 anos":"NÃO","Ano":2023,"Fonte":"Secretaria Municipal de Educação - SME","SRC da camada":"EPSG:4326 - WGS 84","Codificação":"UTF-8"}},{"type":"Feature","id":"vw_ParqueEscolarMunicipal_2023.fid-5656ca56_19a5f394e75_69c4","geometry":{"type":"Point","coordinates":[-38.62516995,-3.79290202]},"geometry_name":"geom","properties":{"id":267,"fid":268,"Tipo":"CEI","Título":"CENTRO DE EDUCAÇÃO INFANTIL","Nome":"RACHEL VIANA MARTINS","Seriação":"I-1,2,3","Faixa etária":"1 A 3 ANOS","Distrito":5,"Endereço":"RUA TUCUNDUBA, 2703","Bairro":"GRANJA LISBOA","Código do bairro":78,"CEP":"60540-121","Regional":"SER 5","INEP":23076720,"CODSGE":390,"6 mees":"NÃO","1 ano":"SIM","2 anos":"SIM","3 anos":"SIM","4 anos":"NÃO","5 anos":"NÃO","6 anos":"NÃO","7 anos":"NÃO","8 anos":"NÃO","9 anos":"NÃO","10 anos":"NÃO","11 anos":"NÃO","12 anos":"NÃO","13 anos":"NÃO","14 anos":"NÃO","Ano":2023,"Fonte":"Secretaria Municipal de Educação - SME","SRC da camada":"EPSG:4326 - WGS 84","Codificação":"UTF-8"}},{"type":"Feature","id":"vw_ParqueEscolarMunicipal_2023.fid-5656ca56_19a5f394e75_69c5","geometry":{"type":"Point","coordinates":[-38.61385377,-3.79623585]},"geometry_name":"geom","properties":{"id":268,"fid":269,"Tipo":"CEI","Título":"CENTRO DE EDUCAÇÃO INFANTIL","Nome":"RAIMUNDO MOREIRA SENA","Seriação":"I-2,3,4","Faixa etária":"2 A 5 ANOS","Distrito":5,"Endereço":"RUA A, 106 (CONJUNTO NOVA RESIDÊNCIA)","Bairro":"GRANJA LISBOA","Código do bairro":78,"CEP":"60546-100","Regional":"SER 5","INEP":23256761,"CODSGE":389,"6 mees":"NÃO","1 ano":"NÃO","2 anos":"SIM","3 anos":"SIM","4 anos":"SIM","5 anos":"SIM","6 anos":"NÃO","7 anos":"NÃO","8 anos":"NÃO","9 anos":"NÃO","10 anos":"NÃO","11 anos":"NÃO","12 anos":"NÃO","13 anos":"NÃO","14 anos":"NÃO","Ano":2023,"Fonte":"Secretaria Municipal de Educação - SME","SRC da camada":"EPSG:4326 - WGS 84","Codificação":"UTF-8"}},{"type":"Feature","id":"vw_ParqueEscolarMunicipal_2023.fid-5656ca56_19a5f394e75_69c6","geometry":{"type":"Point","coordinates":[-38.60952166,-3.78812641]},"geometry_name":"geom","properties":{"id":269,"fid":270,"Tipo":"CEI","Título":"CENTRO DE EDUCAÇÃO INFANTIL","Nome":"PROFESSORA LIREDA FACÓ","Seriação":"I-4,5","Faixa etária":"3 A 5 ANOS","Distrito":5,"Endereço":"RUA TRÊS CORAÇÕES, 735","Bairro":"GRANJA LISBOA","Código do bairro":78,"CEP":"60540-441","Regional":"SER 5","INEP":23073144,"CODSGE":433,"6 mees":"NÃO","1 ano":"NÃO","2 anos":"NÃO","3 anos":"NÃO","4 anos":"SIM","5 anos":"SIM","6 anos":"NÃO","7 anos":"NÃO","8 anos":"NÃO","9 anos":"NÃO","10 anos":"NÃO","11 anos":"NÃO","12 anos":"NÃO","13 anos":"NÃO","14 anos":"NÃO","Ano":2023,"Fonte":"Secretaria Municipal de Educação - SME","SRC da camada":"EPSG:4326 - WGS 84","Codificação":"UTF-8"}},{"type":"Feature","id":"vw_ParqueEscolarMunicipal_2023.fid-5656ca56_19a5f394e75_69c7","geometry":{"type":"Point","coordinates":[-38.61899941,-3.79079908]},"geometry_name":"geom","properties":{"id":270,"fid":271,"Tipo":"CEI","Título":"CENTRO DE EDUCAÇÃO INFANTIL","Nome":"MANOEL MALVEIRA MAIA","Seriação":"I-1,2,3","Faixa etária":"1 A 3 ANOS","Distrito":5,"Endereço":"RUA DANDARA KETLEY, 2890A","Bairro":"GRANJA LISBOA","Código do bairro":78,"CEP":"60540-122","Regional":"SER 5","INEP":23256699,"CODSGE":388,"6 mees":"NÃO","1 ano":"SIM","2 anos":"SIM","3 anos":"SIM","4 anos":"NÃO","5 anos":"NÃO","6 anos":"NÃO","7 anos":"NÃO","8 anos":"NÃO","9 anos":"NÃO","10 anos":"NÃO","11 anos":"NÃO","12 anos":"NÃO","13 anos":"NÃO","14 anos":"NÃO","Ano":2023,"Fonte":"Secretaria Municipal de Educação - SME","SRC da camada":"EPSG:4326 - WGS 84","Codificação":"UTF-8"}},{"type":"Feature","id":"vw_ParqueEscolarMunicipal_2023.fid-5656ca56_19a5f394e75_69c8","geometry":{"type":"Point","coordinates":[-38.629868,-3.78919725]},"geometry_name":"geom","properties":{"id":271,"fid":272,"Tipo":"CEI","Título":"CENTRO DE EDUCAÇÃO INFANTIL","Nome":"JOÃO MENDES DE ANDRADE","Seriação":"I-2,3,4","Faixa etária":"1 A 5 ANOS","Distrito":5,"Endereço":"RUA DESCARTES BRAGA, 4222","Bairro":"GRANJA LISBOA","Código do bairro":78,"CEP":"60540-096","Regional":"SER 5","INEP":23071850,"CODSGE":440,"6 mees":"NÃO","1 ano":"NÃO","2 anos":"SIM","3 anos":"SIM","4 anos":"SIM","5 anos":"NÃO","6 anos":"NÃO","7 anos":"NÃO","8 anos":"NÃO","9 anos":"NÃO","10 anos":"NÃO","11 anos":"NÃO","12 anos":"NÃO","13 anos":"NÃO","14 anos":"NÃO","Ano":2023,"Fonte":"Secretaria Municipal de Educação - SME","SRC da camada":"EPSG:4326 - WGS 84","Codificação":"UTF-8"}},{"type":"Feature","id":"vw_ParqueEscolarMunicipal_2023.fid-5656ca56_19a5f394e75_69c9","geometry":{"type":"Point","coordinates":[-38.62718152,-3.7843583]},"geometry_name":"geom","properties":{"id":272,"fid":273,"Tipo":"CEI","Título":"CENTRO DE EDUCAÇÃO INFANTIL","Nome":"PROFESSORA ANTÔNIA MARIA DE LIMA","Seriação":"I-2,3,4","Faixa etária":"1 A 5 ANOS","Distrito":5,"Endereço":"RUA GERALDO BARBOSA, 3923","Bairro":"GRANJA LISBOA","Código do bairro":78,"CEP":"60540-344","Regional":"SER 5","INEP":23445645,"CODSGE":483,"6 mees":"NÃO","1 ano":"NÃO","2 anos":"SIM","3 anos":"SIM","4 anos":"SIM","5 anos":"NÃO","6 anos":"NÃO","7 anos":"NÃO","8 anos":"NÃO","9 anos":"NÃO","10 anos":"NÃO","11 anos":"NÃO","12 anos":"NÃO","13 anos":"NÃO","14 anos":"NÃO","Ano":2023,"Fonte":"Secretaria Municipal de Educação - SME","SRC da camada":"EPSG:4326 - WGS 84","Codificação":"UTF-8"}},{"type":"Feature","id":"vw_ParqueEscolarMunicipal_2023.fid-5656ca56_19a5f394e75_69ca","geometry":{"type":"Point","coordinates":[-38.60225124,-3.78187899]},"geometry_name":"geom","properties":{"id":273,"fid":274,"Tipo":"CEI","Título":"CENTRO DE EDUCAÇÃO INFANTIL","Nome":"REITOR ANTÔNIO MARTINS FILHO","Seriação":"I-2,3,4","Faixa etária":"1 A 5 ANOS","Distrito":5,"Endereço":"RUA HUMBERTO LOMEU, 1222","Bairro":"GRANJA PORTUGAL","Código do bairro":79,"CEP":"60541-112","Regional":"SER 5","INEP":23257342,"CODSGE":435,"6 mees":"NÃO","1 ano":"NÃO","2 anos":"SIM","3 anos":"SIM","4 anos":"SIM","5 anos":"NÃO","6 anos":"NÃO","7 anos":"NÃO","8 anos":"NÃO","9 anos":"NÃO","10 anos":"NÃO","11 anos":"NÃO","12 anos":"NÃO","13 anos":"NÃO","14 anos":"NÃO","Ano":2023,"Fonte":"Secretaria Municipal de Educação - SME","SRC da camada":"EPSG:4326 - WGS 84","Codificação":"UTF-8"}},{"type":"Feature","id":"vw_ParqueEscolarMunicipal_2023.fid-5656ca56_19a5f394e75_69cb","geometry":{"type":"Point","coordinates":[-38.60575714,-3.80444874]},"geometry_name":"geom","properties":{"id":274,"fid":275,"Tipo":"EMTP","Título":"ESCOLA MUNICIPAL","Nome":"TOMAZ MUNIZ","Seriação":"F-1,2,3,4,5","Faixa etária":"6 A 10 ANOS","Distrito":5,"Endereço":"RUA DOUTORA VANDA CIDADE, 185","Bairro":"SIQUEIRA","Código do bairro":90,"CEP":"60736-050","Regional":"SER 5","INEP":23257652,"CODSGE":430,"6 mees":"NÃO","1 ano":"NÃO","2 anos":"NÃO","3 anos":"NÃO","4 anos":"NÃO","5 anos":"NÃO","6 anos":"SIM","7 anos":"SIM","8 anos":"SIM","9 anos":"SIM","10 anos":"SIM","11 anos":"NÃO","12 anos":"NÃO","13 anos":"NÃO","14 anos":"NÃO","Ano":2023,"Fonte":"Secretaria Municipal de Educação - SME","SRC da camada":"EPSG:4326 - WGS 84","Codificação":"UTF-8"}},{"type":"Feature","id":"vw_ParqueEscolarMunicipal_2023.fid-5656ca56_19a5f394e75_69cc","geometry":{"type":"Point","coordinates":[-38.60387848,-3.78649285]},"geometry_name":"geom","properties":{"id":275,"fid":276,"Tipo":"ANE","Título":"ESCOLA MUNICIPAL","Nome":"PROFESSORA LIREDA FACÓ UNID II","Seriação":"F-1,2,3,4,5","Faixa etária":"6 A 10 ANOS","Distrito":5,"Endereço":"RUA JOÃO XXIII, 1454","Bairro":"GRANJA PORTUGAL","Código do bairro":79,"CEP":"60540-664","Regional":"SER 5","INEP":23073144,"CODSGE":432,"6 mees":"NÃO","1 ano":"NÃO","2 anos":"NÃO","3 anos":"NÃO","4 anos":"NÃO","5 anos":"NÃO","6 anos":"SIM","7 anos":"SIM","8 anos":"SIM","9 anos":"SIM","10 anos":"SIM","11 anos":"NÃO","12 anos":"NÃO","13 anos":"NÃO","14 anos":"NÃO","Ano":2023,"Fonte":"Secretaria Municipal de Educação - SME","SRC da camada":"EPSG:4326 - WGS 84","Codificação":"UTF-8"}},{"type":"Feature","id":"vw_ParqueEscolarMunicipal_2023.fid-5656ca56_19a5f394e75_69cd","geometry":{"type":"Point","coordinates":[-38.61771905,-3.80762429]},"geometry_name":"geom","properties":{"id":276,"fid":277,"Tipo":"EMTI","Título":"ESCOLA MUNICIPAL DE TEMPO INTEGRAL","Nome":"PROFESSOR EXPEDITO PARENTE","Seriação":"F-6,7,8,9","Faixa etária":"11 A 14 ANOS","Distrito":5,"Endereço":"RUA P, S/N (LOT. PARAÍSO VERDE)","Bairro":"SIQUEIRA","Código do bairro":90,"CEP":"60732-449","Regional":"SER 5","INEP":23275146,"CODSGE":944,"6 mees":"NÃO","1 ano":"NÃO","2 anos":"NÃO","3 anos":"NÃO","4 anos":"NÃO","5 anos":"NÃO","6 anos":"NÃO","7 anos":"NÃO","8 anos":"NÃO","9 anos":"NÃO","10 anos":"NÃO","11 anos":"SIM","12 anos":"SIM","13 anos":"SIM","14 anos":"SIM","Ano":2023,"Fonte":"Secretaria Municipal de Educação - SME","SRC da camada":"EPSG:4326 - WGS 84","Codificação":"UTF-8"}},{"type":"Feature","id":"vw_ParqueEscolarMunicipal_2023.fid-5656ca56_19a5f394e75_69ce","geometry":{"type":"Point","coordinates":[-38.60412321,-3.76672245]},"geometry_name":"geom","properties":{"id":277,"fid":278,"Tipo":"EMTI","Título":"ESCOLA MUNICIPAL DE TEMPO INTEGRAL","Nome":"PROFESSOR PRISCO BEZERRA","Seriação":"F-6,7,8,9","Faixa etária":"11 A 14 ANOS","Distrito":3,"Endereço":"AV. F, 702","Bairro":"CONJUNTO CEARÁ I","Código do bairro":42,"CEP":"60533-644","Regional":"SER 11","INEP":23274930,"CODSGE":945,"6 mees":"NÃO","1 ano":"NÃO","2 anos":"NÃO","3 anos":"NÃO","4 anos":"NÃO","5 anos":"NÃO","6 anos":"NÃO","7 anos":"NÃO","8 anos":"NÃO","9 anos":"NÃO","10 anos":"NÃO","11 anos":"SIM","12 anos":"SIM","13 anos":"SIM","14 anos":"SIM","Ano":2023,"Fonte":"Secretaria Municipal de Educação - SME","SRC da camada":"EPSG:4326 - WGS 84","Codificação":"UTF-8"}},{"type":"Feature","id":"vw_ParqueEscolarMunicipal_2023.fid-5656ca56_19a5f394e75_69cf","geometry":{"type":"Point","coordinates":[-38.59841053,-3.83020097]},"geometry_name":"geom","properties":{"id":278,"fid":279,"Tipo":"ANE","Título":"ESCOLA MUNICIPAL","Nome":"MARILENE LOPES RABELO UNID II","Seriação":"I-3,4,5","Faixa etária":"3 A 5 ANOS","Distrito":5,"Endereço":"RUA MARTINS DE LIMA, 391","Bairro":"PARQUE PRESIDENTE VARGAS","Código do bairro":85,"CEP":"60765-725","Regional":"SER 10","INEP":23206152,"CODSGE":943,"6 mees":"NÃO","1 ano":"NÃO","2 anos":"NÃO","3 anos":"SIM","4 anos":"SIM","5 anos":"SIM","6 anos":"NÃO","7 anos":"NÃO","8 anos":"NÃO","9 anos":"NÃO","10 anos":"NÃO","11 anos":"NÃO","12 anos":"NÃO","13 anos":"NÃO","14 anos":"NÃO","Ano":2023,"Fonte":"Secretaria Municipal de Educação - SME","SRC da camada":"EPSG:4326 - WGS 84","Codificação":"UTF-8"}},{"type":"Feature","id":"vw_ParqueEscolarMunicipal_2023.fid-5656ca56_19a5f394e75_69d0","geometry":{"type":"Point","coordinates":[-38.59792639,-3.83086309]},"geometry_name":"geom","properties":{"id":279,"fid":280,"Tipo":"EMTP","Título":"ESCOLA MUNICIPAL","Nome":"MARILENE LOPES RABELO","Seriação":"F-1,2,3,4,5","Faixa etária":"6 A 10 ANOS","Distrito":5,"Endereço":"RUA JACARANDÁ, 460","Bairro":"PARQUE PRESIDENTE VARGAS","Código do bairro":85,"CEP":"60765-551","Regional":"SER 10","INEP":23206152,"CODSGE":942,"6 mees":"NÃO","1 ano":"NÃO","2 anos":"NÃO","3 anos":"NÃO","4 anos":"NÃO","5 anos":"NÃO","6 anos":"SIM","7 anos":"SIM","8 anos":"SIM","9 anos":"SIM","10 anos":"SIM","11 anos":"NÃO","12 anos":"NÃO","13 anos":"NÃO","14 anos":"NÃO","Ano":2023,"Fonte":"Secretaria Municipal de Educação - SME","SRC da camada":"EPSG:4326 - WGS 84","Codificação":"UTF-8"}},{"type":"Feature","id":"vw_ParqueEscolarMunicipal_2023.fid-5656ca56_19a5f394e75_69d1","geometry":{"type":"Point","coordinates":[-38.59875574,-3.77612758]},"geometry_name":"geom","properties":{"id":280,"fid":281,"Tipo":"CRP","Título":"CRECHE PARCEIRA","Nome":"ENCANTOS DE CELESTE","Seriação":"I-1,2,3","Faixa etária":"1 A 3 ANOS","Distrito":5,"Endereço":"RUA CARLOS CHAGAS, 2080","Bairro":"GRANJA PORTUGAL","Código do bairro":79,"CEP":"60541-555","Regional":"SER 5","INEP":23280050,"CODSGE":940,"6 mees":"NÃO","1 ano":"SIM","2 anos":"SIM","3 anos":"SIM","4 anos":"NÃO","5 anos":"NÃO","6 anos":"NÃO","7 anos":"NÃO","8 anos":"NÃO","9 anos":"NÃO","10 anos":"NÃO","11 anos":"NÃO","12 anos":"NÃO","13 anos":"NÃO","14 anos":"NÃO","Ano":2023,"Fonte":"Secretaria Municipal de Educação - SME","SRC da camada":"EPSG:4326 - WGS 84","Codificação":"UTF-8"}},{"type":"Feature","id":"vw_ParqueEscolarMunicipal_2023.fid-5656ca56_19a5f394e75_69d2","geometry":{"type":"Point","coordinates":[-38.59640471,-3.82123428]},"geometry_name":"geom","properties":{"id":281,"fid":282,"Tipo":"CRP","Título":"CRECHE PARCEIRA","Nome":"MEU MUNDO AZUL","Seriação":"I-1,2,3","Faixa etária":"1 A 3 ANOS","Distrito":5,"Endereço":"RUA PROFESSOR CABRAL, 888","Bairro":"PARQUE SANTA ROSA","Código do bairro":87,"CEP":"60762-775","Regional":"SER 10","INEP":23280573,"CODSGE":939,"6 mees":"NÃO","1 ano":"SIM","2 anos":"SIM","3 anos":"SIM","4 anos":"NÃO","5 anos":"NÃO","6 anos":"NÃO","7 anos":"NÃO","8 anos":"NÃO","9 anos":"NÃO","10 anos":"NÃO","11 anos":"NÃO","12 anos":"NÃO","13 anos":"NÃO","14 anos":"NÃO","Ano":2023,"Fonte":"Secretaria Municipal de Educação - SME","SRC da camada":"EPSG:4326 - WGS 84","Codificação":"UTF-8"}},{"type":"Feature","id":"vw_ParqueEscolarMunicipal_2023.fid-5656ca56_19a5f394e75_69d3","geometry":{"type":"Point","coordinates":[-38.58327311,-3.83118148]},"geometry_name":"geom","properties":{"id":282,"fid":283,"Tipo":"CRP","Título":"CRECHE PARCEIRA","Nome":"PEQUENOS HERÓIS","Seriação":"I-2,3","Faixa etária":"2 E 3 ANOS","Distrito":5,"Endereço":"RUA DR. PROCÓPIO, 205","Bairro":"ARACAPÉ","Código do bairro":124,"CEP":"60764-605","Regional":"SER 10","INEP":23280328,"CODSGE":645,"6 mees":"NÃO","1 ano":"NÃO","2 anos":"SIM","3 anos":"SIM","4 anos":"NÃO","5 anos":"NÃO","6 anos":"NÃO","7 anos":"NÃO","8 anos":"NÃO","9 anos":"NÃO","10 anos":"NÃO","11 anos":"NÃO","12 anos":"NÃO","13 anos":"NÃO","14 anos":"NÃO","Ano":2023,"Fonte":"Secretaria Municipal de Educação - SME","SRC da camada":"EPSG:4326 - WGS 84","Codificação":"UTF-8"}},{"type":"Feature","id":"vw_ParqueEscolarMunicipal_2023.fid-5656ca56_19a5f394e75_69d4","geometry":{"type":"Point","coordinates":[-38.5653931,-3.78078331]},"geometry_name":"geom","properties":{"id":283,"fid":284,"Tipo":"CEI","Título":"CENTRO DE EDUCAÇÃO INFANTIL","Nome":"PROFESSOR JOSÉ VALDEVINO DE CARVALHO","Seriação":"I-2,3","Faixa etária":"2 E 3 ANOS","Distrito":4,"Endereço":"AV. GODOFREDO MACIEL, 522","Bairro":"PARANGABA","Código do bairro":105,"CEP":"60710-000","Regional":"SER 4","INEP":23072563,"CODSGE":393,"6 mees":"NÃO","1 ano":"NÃO","2 anos":"SIM","3 anos":"SIM","4 anos":"NÃO","5 anos":"NÃO","6 anos":"NÃO","7 anos":"NÃO","8 anos":"NÃO","9 anos":"NÃO","10 anos":"NÃO","11 anos":"NÃO","12 anos":"NÃO","13 anos":"NÃO","14 anos":"NÃO","Ano":2023,"Fonte":"Secretaria Municipal de Educação - SME","SRC da camada":"EPSG:4326 - WGS 84","Codificação":"UTF-8"}},{"type":"Feature","id":"vw_ParqueEscolarMunicipal_2023.fid-5656ca56_19a5f394e75_69d5","geometry":{"type":"Point","coordinates":[-38.55206584,-3.83901505]},"geometry_name":"geom","properties":{"id":284,"fid":285,"Tipo":"CEI","Título":"CENTRO DE EDUCAÇÃO INFANTIL","Nome":"PEDRO BOCA RICA","Seriação":"I-1,2,3","Faixa etária":"1 A 5 ANOS","Distrito":4,"Endereço":"RUA D, 235 (LOT. PARQUE MONTENEGRO II)","Bairro":"PREFEITO JOSÉ WALTER","Código do bairro":89,"CEP":"60751-265","Regional":"SER 8","INEP":23234172,"CODSGE":457,"6 mees":"NÃO","1 ano":"SIM","2 anos":"SIM","3 anos":"SIM","4 anos":"SIM","5 anos":"SIM","6 anos":"NÃO","7 anos":"NÃO","8 anos":"NÃO","9 anos":"NÃO","10 anos":"NÃO","11 anos":"NÃO","12 anos":"NÃO","13 anos":"NÃO","14 anos":"NÃO","Ano":2023,"Fonte":"Secretaria Municipal de Educação - SME","SRC da camada":"EPSG:4326 - WGS 84","Codificação":"UTF-8"}},{"type":"Feature","id":"vw_ParqueEscolarMunicipal_2023.fid-5656ca56_19a5f394e75_69d6","geometry":{"type":"Point","coordinates":[-38.53327716,-3.76847508]},"geometry_name":"geom","properties":{"id":285,"fid":286,"Tipo":"EMTP","Título":"ESCOLA MUNICIPAL","Nome":"GENERAL MANOEL CORDEIRO NETO","Seriação":"F-6,7,8,9","Faixa etária":"11 A 14 ANOS","Distrito":4,"Endereço":"RUA JORGE ACÚRCIO, 900","Bairro":"VILA UNIÃO","Código do bairro":109,"CEP":"60410-802","Regional":"SER 4","INEP":23073870,"CODSGE":110,"6 mees":"NÃO","1 ano":"NÃO","2 anos":"NÃO","3 anos":"NÃO","4 anos":"NÃO","5 anos":"NÃO","6 anos":"NÃO","7 anos":"NÃO","8 anos":"NÃO","9 anos":"NÃO","10 anos":"NÃO","11 anos":"SIM","12 anos":"SIM","13 anos":"SIM","14 anos":"SIM","Ano":2023,"Fonte":"Secretaria Municipal de Educação - SME","SRC da camada":"EPSG:4326 - WGS 84","Codificação":"UTF-8"}},{"type":"Feature","id":"vw_ParqueEscolarMunicipal_2023.fid-5656ca56_19a5f394e75_69d7","geometry":{"type":"Point","coordinates":[-38.59114496,-3.8300037]},"geometry_name":"geom","properties":{"id":286,"fid":287,"Tipo":"CEI","Título":"CENTRO DE EDUCAÇÃO INFANTIL","Nome":"JOÃO HILDO DE CARVALHO FURTADO UNID II","Seriação":"I-4,5","Faixa etária":"3 A 5 ANOS","Distrito":5,"Endereço":"RUA POLIANA, S/N","Bairro":"ARACAPÉ","Código do bairro":124,"CEP":"60764-600","Regional":"SER 10","INEP":23263130,"CODSGE":419,"6 mees":"NÃO","1 ano":"NÃO","2 anos":"NÃO","3 anos":"NÃO","4 anos":"SIM","5 anos":"SIM","6 anos":"NÃO","7 anos":"NÃO","8 anos":"NÃO","9 anos":"NÃO","10 anos":"NÃO","11 anos":"NÃO","12 anos":"NÃO","13 anos":"NÃO","14 anos":"NÃO","Ano":2023,"Fonte":"Secretaria Municipal de Educação - SME","SRC da camada":"EPSG:4326 - WGS 84","Codificação":"UTF-8"}},{"type":"Feature","id":"vw_ParqueEscolarMunicipal_2023.fid-5656ca56_19a5f394e75_69d8","geometry":{"type":"Point","coordinates":[-38.54972884,-3.78401798]},"geometry_name":"geom","properties":{"id":287,"fid":288,"Tipo":"EMTP","Título":"ESCOLA MUNICIPAL","Nome":"IRMÃ GIULIANA GALLI","Seriação":"F-1,2,3,4,5","Faixa etária":"6 A 10 ANOS","Distrito":4,"Endereço":"RUA ANTONIO BOTELHO, 715","Bairro":"SERRINHA","Código do bairro":107,"CEP":"60741-110","Regional":"SER 8","INEP":23244976,"CODSGE":97,"6 mees":"NÃO","1 ano":"NÃO","2 anos":"NÃO","3 anos":"NÃO","4 anos":"NÃO","5 anos":"NÃO","6 anos":"SIM","7 anos":"SIM","8 anos":"SIM","9 anos":"SIM","10 anos":"SIM","11 anos":"NÃO","12 anos":"NÃO","13 anos":"NÃO","14 anos":"NÃO","Ano":2023,"Fonte":"Secretaria Municipal de Educação - SME","SRC da camada":"EPSG:4326 - WGS 84","Codificação":"UTF-8"}},{"type":"Feature","id":"vw_ParqueEscolarMunicipal_2023.fid-5656ca56_19a5f394e75_69d9","geometry":{"type":"Point","coordinates":[-38.54958785,-3.78428966]},"geometry_name":"geom","properties":{"id":288,"fid":289,"Tipo":"CRP","Título":"CRECHE PARCEIRA","Nome":"GOTAS DE AMOR","Seriação":"I-3","Faixa etária":"3 ANOS","Distrito":4,"Endereço":"RUA ANTÔNIO BOTELHO, 715","Bairro":"SERRINHA","Código do bairro":107,"CEP":"60741-110","Regional":"SER 8","INEP":23277343,"CODSGE":882,"6 mees":"NÃO","1 ano":"NÃO","2 anos":"NÃO","3 anos":"SIM","4 anos":"NÃO","5 anos":"NÃO","6 anos":"NÃO","7 anos":"NÃO","8 anos":"NÃO","9 anos":"NÃO","10 anos":"NÃO","11 anos":"NÃO","12 anos":"NÃO","13 anos":"NÃO","14 anos":"NÃO","Ano":2023,"Fonte":"Secretaria Municipal de Educação - SME","SRC da camada":"EPSG:4326 - WGS 84","Codificação":"UTF-8"}},{"type":"Feature","id":"vw_ParqueEscolarMunicipal_2023.fid-5656ca56_19a5f394e75_69da","geometry":{"type":"Point","coordinates":[-38.56886485,-3.83419483]},"geometry_name":"geom","properties":{"id":289,"fid":290,"Tipo":"EMTI","Título":"ESCOLA MUNICIPAL DE TEMPO INTEGRAL","Nome":"LEONEL DE MOURA BRIZOLA","Seriação":"F-6,7,8,9","Faixa etária":"11 A 14 ANOS","Distrito":4,"Endereço":"RUA CORONEL DE QUEIROZ, 671\r\nRUA CORONEL DE QUEIROZ, 750","Bairro":"PLANALTO AYRTON SENNA","Código do bairro":116,"CEP":"60760-510","Regional":"SER 8","INEP":23275006,"CODSGE":937,"6 mees":"NÃO","1 ano":"NÃO","2 anos":"NÃO","3 anos":"NÃO","4 anos":"NÃO","5 anos":"NÃO","6 anos":"NÃO","7 anos":"NÃO","8 anos":"NÃO","9 anos":"NÃO","10 anos":"NÃO","11 anos":"SIM","12 anos":"SIM","13 anos":"SIM","14 anos":"SIM","Ano":2023,"Fonte":"Secretaria Municipal de Educação - SME","SRC da camada":"EPSG:4326 - WGS 84","Codificação":"UTF-8"}},{"type":"Feature","id":"vw_ParqueEscolarMunicipal_2023.fid-5656ca56_19a5f394e75_69db","geometry":{"type":"Point","coordinates":[-38.55862386,-3.83031851]},"geometry_name":"geom","properties":{"id":290,"fid":291,"Tipo":"ANE","Título":"ESCOLA MUNICIPAL","Nome":"PROFESSORA VÂNIA MARIA NEVES FACÓ BARROS UNID II","Seriação":"I-4,5","Faixa etária":"3 A 5 ANOS","Distrito":4,"Endereço":"RUA 65, 250","Bairro":"PREFEITO JOSÉ WALTER","Código do bairro":89,"CEP":"60750-790","Regional":"SER 8","INEP":23235365,"CODSGE":762,"6 mees":"NÃO","1 ano":"NÃO","2 anos":"NÃO","3 anos":"NÃO","4 anos":"SIM","5 anos":"SIM","6 anos":"NÃO","7 anos":"NÃO","8 anos":"NÃO","9 anos":"NÃO","10 anos":"NÃO","11 anos":"NÃO","12 anos":"NÃO","13 anos":"NÃO","14 anos":"NÃO","Ano":2023,"Fonte":"Secretaria Municipal de Educação - SME","SRC da camada":"EPSG:4326 - WGS 84","Codificação":"UTF-8"}},{"type":"Feature","id":"vw_ParqueEscolarMunicipal_2023.fid-5656ca56_19a5f394e75_69dc","geometry":{"type":"Point","coordinates":[-38.55830849,-3.83779473]},"geometry_name":"geom","properties":{"id":291,"fid":292,"Tipo":"EMTP","Título":"ESCOLA MUNICIPAL","Nome":"ROGACIANO LEITE","Seriação":"F-6,7,8,9","Faixa etária":"11 A 14 ANOS","Distrito":4,"Endereço":"RUA 45, S/N","Bairro":"PREFEITO JOSÉ WALTER","Código do bairro":89,"CEP":"60750-590","Regional":"SER 8","INEP":23077131,"CODSGE":264,"6 mees":"NÃO","1 ano":"NÃO","2 anos":"NÃO","3 anos":"NÃO","4 anos":"NÃO","5 anos":"NÃO","6 anos":"NÃO","7 anos":"NÃO","8 anos":"NÃO","9 anos":"NÃO","10 anos":"NÃO","11 anos":"SIM","12 anos":"SIM","13 anos":"SIM","14 anos":"SIM","Ano":2023,"Fonte":"Secretaria Municipal de Educação - SME","SRC da camada":"EPSG:4326 - WGS 84","Codificação":"UTF-8"}},{"type":"Feature","id":"vw_ParqueEscolarMunicipal_2023.fid-5656ca56_19a5f394e75_69dd","geometry":{"type":"Point","coordinates":[-38.55921501,-3.83249236]},"geometry_name":"geom","properties":{"id":292,"fid":293,"Tipo":"EMTP","Título":"ESCOLA MUNICIPAL","Nome":"MONTEIRO LOBATO","Seriação":"I-4,5/F-1,2,3,4,5","Faixa etária":"4 A 10 ANOS","Distrito":4,"Endereço":"RUA 83, 181","Bairro":"PREFEITO JOSÉ WALTER","Código do bairro":89,"CEP":"60751-050","Regional":"SER 8","INEP":23234172,"CODSGE":88,"6 mees":"NÃO","1 ano":"NÃO","2 anos":"NÃO","3 anos":"NÃO","4 anos":"SIM","5 anos":"SIM","6 anos":"SIM","7 anos":"SIM","8 anos":"SIM","9 anos":"SIM","10 anos":"SIM","11 anos":"NÃO","12 anos":"NÃO","13 anos":"NÃO","14 anos":"NÃO","Ano":2023,"Fonte":"Secretaria Municipal de Educação - SME","SRC da camada":"EPSG:4326 - WGS 84","Codificação":"UTF-8"}},{"type":"Feature","id":"vw_ParqueEscolarMunicipal_2023.fid-5656ca56_19a5f394e75_69de","geometry":{"type":"Point","coordinates":[-38.55599487,-3.83128631]},"geometry_name":"geom","properties":{"id":293,"fid":294,"Tipo":"EMTP","Título":"ESCOLA MUNICIPAL","Nome":"MINHA VIDA MEUS AMORES","Seriação":"I-4,5/F-1,2","Faixa etária":"4 A 7 ANOS","Distrito":4,"Endereço":"AV. D, 380 (2ª ETAPA)","Bairro":"PREFEITO JOSÉ WALTER","Código do bairro":89,"CEP":"60750-030","Regional":"SER 8","INEP":23257520,"CODSGE":318,"6 mees":"NÃO","1 ano":"NÃO","2 anos":"NÃO","3 anos":"NÃO","4 anos":"SIM","5 anos":"SIM","6 anos":"SIM","7 anos":"SIM","8 anos":"NÃO","9 anos":"NÃO","10 anos":"NÃO","11 anos":"NÃO","12 anos":"NÃO","13 anos":"NÃO","14 anos":"NÃO","Ano":2023,"Fonte":"Secretaria Municipal de Educação - SME","SRC da camada":"EPSG:4326 - WGS 84","Codificação":"UTF-8"}},{"type":"Feature","id":"vw_ParqueEscolarMunicipal_2023.fid-5656ca56_19a5f394e75_69df","geometry":{"type":"Point","coordinates":[-38.55575868,-3.82360404]},"geometry_name":"geom","properties":{"id":294,"fid":295,"Tipo":"EMTP","Título":"ESCOLA MUNICIPAL","Nome":"PROFESSORA VÂNIA MARIA NEVES FACÓ BARROS","Seriação":"F-1,2,3,4,5","Faixa etária":"6 A 10 ANOS","Distrito":4,"Endereço":"RUA 16, 30","Bairro":"PREFEITO JOSÉ WALTER","Código do bairro":89,"CEP":"60750-300","Regional":"SER 8","INEP":23235365,"CODSGE":261,"6 mees":"NÃO","1 ano":"NÃO","2 anos":"NÃO","3 anos":"NÃO","4 anos":"NÃO","5 anos":"NÃO","6 anos":"SIM","7 anos":"SIM","8 anos":"SIM","9 anos":"SIM","10 anos":"SIM","11 anos":"NÃO","12 anos":"NÃO","13 anos":"NÃO","14 anos":"NÃO","Ano":2023,"Fonte":"Secretaria Municipal de Educação - SME","SRC da camada":"EPSG:4326 - WGS 84","Codificação":"UTF-8"}},{"type":"Feature","id":"vw_ParqueEscolarMunicipal_2023.fid-5656ca56_19a5f394e75_69e0","geometry":{"type":"Point","coordinates":[-38.55692965,-3.82908648]},"geometry_name":"geom","properties":{"id":295,"fid":296,"Tipo":"EMTP","Título":"ESCOLA MUNICIPAL","Nome":"RACHEL DE QUEIROZ","Seriação":"F-1,2,3,4,5","Faixa etária":"6 A 10 ANOS","Distrito":4,"Endereço":"AV. C, 559","Bairro":"PREFEITO JOSÉ WALTER","Código do bairro":89,"CEP":"60750-020","Regional":"SER 8","INEP":23076798,"CODSGE":87,"6 mees":"NÃO","1 ano":"NÃO","2 anos":"NÃO","3 anos":"NÃO","4 anos":"NÃO","5 anos":"NÃO","6 anos":"SIM","7 anos":"SIM","8 anos":"SIM","9 anos":"SIM","10 anos":"SIM","11 anos":"NÃO","12 anos":"NÃO","13 anos":"NÃO","14 anos":"NÃO","Ano":2023,"Fonte":"Secretaria Municipal de Educação - SME","SRC da camada":"EPSG:4326 - WGS 84","Codificação":"UTF-8"}},{"type":"Feature","id":"vw_ParqueEscolarMunicipal_2023.fid-5656ca56_19a5f394e75_69e1","geometry":{"type":"Point","coordinates":[-38.55495438,-3.82663303]},"geometry_name":"geom","properties":{"id":296,"fid":297,"Tipo":"EMTI","Título":"ESCOLA MUNICIPAL DE TEMPO INTEGRAL","Nome":"DIOGO VITAL DE SIQUEIRA","Seriação":"F-6,7,8,9","Faixa etária":"11 A 14 ANOS","Distrito":4,"Endereço":"AV. L, S/N","Bairro":"PREFEITO JOSÉ WALTER","Código do bairro":89,"CEP":"60750-110","Regional":"SER 8","INEP":23078740,"CODSGE":150,"6 mees":"NÃO","1 ano":"NÃO","2 anos":"NÃO","3 anos":"NÃO","4 anos":"NÃO","5 anos":"NÃO","6 anos":"NÃO","7 anos":"NÃO","8 anos":"NÃO","9 anos":"NÃO","10 anos":"NÃO","11 anos":"SIM","12 anos":"SIM","13 anos":"SIM","14 anos":"SIM","Ano":2023,"Fonte":"Secretaria Municipal de Educação - SME","SRC da camada":"EPSG:4326 - WGS 84","Codificação":"UTF-8"}},{"type":"Feature","id":"vw_ParqueEscolarMunicipal_2023.fid-5656ca56_19a5f394e75_69e2","geometry":{"type":"Point","coordinates":[-38.55483528,-3.82264351]},"geometry_name":"geom","properties":{"id":297,"fid":298,"Tipo":"EMTP","Título":"ESCOLA MUNICIPAL","Nome":"FRANCISCO NUNES CAVALCANTE","Seriação":"I-4,5/F-1,2,3,4,5","Faixa etária":"4 A 10 ANOS","Distrito":4,"Endereço":"RUA POETA MÁRIO LINHARES, 561","Bairro":"PREFEITO JOSÉ WALTER","Código do bairro":89,"CEP":"60750-160","Regional":"SER 8","INEP":23070056,"CODSGE":179,"6 mees":"NÃO","1 ano":"NÃO","2 anos":"NÃO","3 anos":"NÃO","4 anos":"SIM","5 anos":"SIM","6 anos":"SIM","7 anos":"SIM","8 anos":"SIM","9 anos":"SIM","10 anos":"SIM","11 anos":"NÃO","12 anos":"NÃO","13 anos":"NÃO","14 anos":"NÃO","Ano":2023,"Fonte":"Secretaria Municipal de Educação - SME","SRC da camada":"EPSG:4326 - WGS 84","Codificação":"UTF-8"}},{"type":"Feature","id":"vw_ParqueEscolarMunicipal_2023.fid-5656ca56_19a5f394e75_69e3","geometry":{"type":"Point","coordinates":[-38.56862471,-3.83355965]},"geometry_name":"geom","properties":{"id":298,"fid":299,"Tipo":"CEI","Título":"CENTRO DE EDUCAÇÃO INFANTIL","Nome":"TEREZA D'ANA","Seriação":"I-4,5","Faixa etária":"3 A 5 ANOS","Distrito":4,"Endereço":"RUA CORONEL DE QUEIROZ, 750","Bairro":"PLANALTO AYRTON SENNA","Código do bairro":116,"CEP":"60760-510","Regional":"SER 8","INEP":23257679,"CODSGE":1168,"6 mees":"NÃO","1 ano":"NÃO","2 anos":"NÃO","3 anos":"NÃO","4 anos":"SIM","5 anos":"SIM","6 anos":"NÃO","7 anos":"NÃO","8 anos":"NÃO","9 anos":"NÃO","10 anos":"NÃO","11 anos":"NÃO","12 anos":"NÃO","13 anos":"NÃO","14 anos":"NÃO","Ano":2023,"Fonte":"Secretaria Municipal de Educação - SME","SRC da camada":"EPSG:4326 - WGS 84","Codificação":"UTF-8"}},{"type":"Feature","id":"vw_ParqueEscolarMunicipal_2023.fid-5656ca56_19a5f394e75_69e4","geometry":{"type":"Point","coordinates":[-38.57502625,-3.83534363]},"geometry_name":"geom","properties":{"id":299,"fid":300,"Tipo":"EMTP","Título":"ESCOLA MUNICIPAL","Nome":"ADALBERTO STUDART FILHO","Seriação":"F-1,2,3,4,5","Faixa etária":"6 A 10 ANOS","Distrito":4,"Endereço":"RUA DO CAMPO, 25","Bairro":"PLANALTO AYRTON SENNA","Código do bairro":116,"CEP":"60766-395","Regional":"SER 8","INEP":23264179,"CODSGE":259,"6 mees":"NÃO","1 ano":"NÃO","2 anos":"NÃO","3 anos":"NÃO","4 anos":"NÃO","5 anos":"NÃO","6 anos":"SIM","7 anos":"SIM","8 anos":"SIM","9 anos":"SIM","10 anos":"SIM","11 anos":"NÃO","12 anos":"NÃO","13 anos":"NÃO","14 anos":"NÃO","Ano":2023,"Fonte":"Secretaria Municipal de Educação - SME","SRC da camada":"EPSG:4326 - WGS 84","Codificação":"UTF-8"}},{"type":"Feature","id":"vw_ParqueEscolarMunicipal_2023.fid-5656ca56_19a5f394e75_69e5","geometry":{"type":"Point","coordinates":[-38.56613977,-3.83202996]},"geometry_name":"geom","properties":{"id":300,"fid":301,"Tipo":"EMTP","Título":"ESCOLA MUNICIPAL","Nome":"GEÍSA FIRMO GONÇALVES","Seriação":"F-1,2,3,4,5","Faixa etária":"6 A 10 ANOS","Distrito":4,"Endereço":"RUA ZULEICA PONTES, 1260","Bairro":"PLANALTO AYRTON SENNA","Código do bairro":116,"CEP":"60760-425","Regional":"SER 8","INEP":23257679,"CODSGE":120,"6 mees":"NÃO","1 ano":"NÃO","2 anos":"NÃO","3 anos":"NÃO","4 anos":"NÃO","5 anos":"NÃO","6 anos":"SIM","7 anos":"SIM","8 anos":"SIM","9 anos":"SIM","10 anos":"SIM","11 anos":"NÃO","12 anos":"NÃO","13 anos":"NÃO","14 anos":"NÃO","Ano":2023,"Fonte":"Secretaria Municipal de Educação - SME","SRC da camada":"EPSG:4326 - WGS 84","Codificação":"UTF-8"}},{"type":"Feature","id":"vw_ParqueEscolarMunicipal_2023.fid-5656ca56_19a5f394e75_69e6","geometry":{"type":"Point","coordinates":[-38.57070055,-3.8311285]},"geometry_name":"geom","properties":{"id":301,"fid":302,"Tipo":"EMTP","Título":"ESCOLA MUNICIPAL","Nome":"MARIA ZÉLIA CORREIA DE SOUZA","Seriação":"I-4,5/F-1,2,3,4,5","Faixa etária":"4 A 10 ANOS","Distrito":4,"Endereço":"RUA ANTÔNIO PEREIRA, 1495","Bairro":"PLANALTO AYRTON SENNA","Código do bairro":116,"CEP":"60766-295","Regional":"SER 8","INEP":23073772,"CODSGE":223,"6 mees":"NÃO","1 ano":"NÃO","2 anos":"NÃO","3 anos":"NÃO","4 anos":"SIM","5 anos":"SIM","6 anos":"SIM","7 anos":"SIM","8 anos":"SIM","9 anos":"SIM","10 anos":"SIM","11 anos":"NÃO","12 anos":"NÃO","13 anos":"NÃO","14 anos":"NÃO","Ano":2023,"Fonte":"Secretaria Municipal de Educação - SME","SRC da camada":"EPSG:4326 - WGS 84","Codificação":"UTF-8"}},{"type":"Feature","id":"vw_ParqueEscolarMunicipal_2023.fid-5656ca56_19a5f394e75_69e7","geometry":{"type":"Point","coordinates":[-38.55805614,-3.81879257]},"geometry_name":"geom","properties":{"id":302,"fid":303,"Tipo":"EMTP","Título":"ESCOLA MUNICIPAL","Nome":"CASIMIRO MONTENEGRO","Seriação":"I-4,5/F-1,2,3,4,5,6,7,8,9","Faixa etária":"4 A 14 ANOS","Distrito":5,"Endereço":"AV. BERNARDO MANUEL,11360","Bairro":"MONDUBIM","Código do bairro":83,"CEP":"60761-740","Regional":"SER 10","INEP":23078766,"CODSGE":180,"6 mees":"NÃO","1 ano":"NÃO","2 anos":"NÃO","3 anos":"NÃO","4 anos":"SIM","5 anos":"SIM","6 anos":"SIM","7 anos":"SIM","8 anos":"SIM","9 anos":"SIM","10 anos":"SIM","11 anos":"SIM","12 anos":"SIM","13 anos":"SIM","14 anos":"SIM","Ano":2023,"Fonte":"Secretaria Municipal de Educação - SME","SRC da camada":"EPSG:4326 - WGS 84","Codificação":"UTF-8"}},{"type":"Feature","id":"vw_ParqueEscolarMunicipal_2023.fid-5656ca56_19a5f394e75_69e8","geometry":{"type":"Point","coordinates":[-38.59047728,-3.8303666]},"geometry_name":"geom","properties":{"id":303,"fid":304,"Tipo":"EMTP","Título":"ESCOLA MUNICIPAL","Nome":"JOÃO HILDO DE CARVALHO FURTADO","Seriação":"I-5/F-1,2,3,4,5,6,7,8,9","Faixa etária":"5 A 14 ANOS","Distrito":5,"Endereço":"RUA JUVÊNCIO SALES, S/N","Bairro":"ARACAPÉ","Código do bairro":124,"CEP":"60764-600","Regional":"SER 10","INEP":23263130,"CODSGE":200,"6 mees":"NÃO","1 ano":"NÃO","2 anos":"NÃO","3 anos":"NÃO","4 anos":"NÃO","5 anos":"SIM","6 anos":"SIM","7 anos":"SIM","8 anos":"SIM","9 anos":"SIM","10 anos":"SIM","11 anos":"SIM","12 anos":"SIM","13 anos":"SIM","14 anos":"SIM","Ano":2023,"Fonte":"Secretaria Municipal de Educação - SME","SRC da camada":"EPSG:4326 - WGS 84","Codificação":"UTF-8"}},{"type":"Feature","id":"vw_ParqueEscolarMunicipal_2023.fid-5656ca56_19a5f394e75_69e9","geometry":{"type":"Point","coordinates":[-38.58093125,-3.82598204]},"geometry_name":"geom","properties":{"id":304,"fid":305,"Tipo":"EMTP","Título":"ESCOLA MUNICIPAL","Nome":"JONATHAN DA ROCHA ALCOFORADO","Seriação":"F-1,2,3,4,5,6,7,8,9","Faixa etária":"6 A 14 ANOS","Distrito":5,"Endereço":"RUA MARIA GOMES DE SÁ, 1030","Bairro":"MONDUBIM","Código do bairro":83,"CEP":"60765-173","Regional":"SER 10","INEP":23234067,"CODSGE":337,"6 mees":"NÃO","1 ano":"NÃO","2 anos":"NÃO","3 anos":"NÃO","4 anos":"NÃO","5 anos":"NÃO","6 anos":"SIM","7 anos":"SIM","8 anos":"SIM","9 anos":"SIM","10 anos":"SIM","11 anos":"SIM","12 anos":"SIM","13 anos":"SIM","14 anos":"SIM","Ano":2023,"Fonte":"Secretaria Municipal de Educação - SME","SRC da camada":"EPSG:4326 - WGS 84","Codificação":"UTF-8"}},{"type":"Feature","id":"vw_ParqueEscolarMunicipal_2023.fid-5656ca56_19a5f394e75_69ea","geometry":{"type":"Point","coordinates":[-38.57659019,-3.82567757]},"geometry_name":"geom","properties":{"id":305,"fid":306,"Tipo":"EMTP","Título":"ESCOLA MUNICIPAL","Nome":"PROFESSORA IRENE DE SOUZA PEREIRA","Seriação":"F-1,2,3,4,5,6,7,8,9","Faixa etária":"6 A 14 ANOS","Distrito":4,"Endereço":"RUA F, S/N (LOT. EDITH BARREIRA BRAGA)","Bairro":"PLANALTO AYRTON SENNA","Código do bairro":116,"CEP":"60766-045","Regional":"SER 8","INEP":23257059,"CODSGE":358,"6 mees":"NÃO","1 ano":"NÃO","2 anos":"NÃO","3 anos":"NÃO","4 anos":"NÃO","5 anos":"NÃO","6 anos":"SIM","7 anos":"SIM","8 anos":"SIM","9 anos":"SIM","10 anos":"SIM","11 anos":"SIM","12 anos":"SIM","13 anos":"SIM","14 anos":"SIM","Ano":2023,"Fonte":"Secretaria Municipal de Educação - SME","SRC da camada":"EPSG:4326 - WGS 84","Codificação":"UTF-8"}},{"type":"Feature","id":"vw_ParqueEscolarMunicipal_2023.fid-5656ca56_19a5f394e75_69eb","geometry":{"type":"Point","coordinates":[-38.56970429,-3.81720683]},"geometry_name":"geom","properties":{"id":306,"fid":307,"Tipo":"EMTP","Título":"ESCOLA MUNICIPAL","Nome":"PROFESSOR OSMÍRIO DE OLIVEIRA BARRETO","Seriação":"I-4,5/F-1,2,3,4,5","Faixa etária":"4 A 10 ANOS","Distrito":5,"Endereço":"RUA 10, S/N (CONJUNTO SÍTIO CORREGO)","Bairro":"MONDUBIM","Código do bairro":83,"CEP":"60752-110","Regional":"SER 10","INEP":23186690,"CODSGE":83,"6 mees":"NÃO","1 ano":"NÃO","2 anos":"NÃO","3 anos":"NÃO","4 anos":"SIM","5 anos":"SIM","6 anos":"SIM","7 anos":"SIM","8 anos":"SIM","9 anos":"SIM","10 anos":"SIM","11 anos":"NÃO","12 anos":"NÃO","13 anos":"NÃO","14 anos":"NÃO","Ano":2023,"Fonte":"Secretaria Municipal de Educação - SME","SRC da camada":"EPSG:4326 - WGS 84","Codificação":"UTF-8"}},{"type":"Feature","id":"vw_ParqueEscolarMunicipal_2023.fid-5656ca56_19a5f394e75_69ec","geometry":{"type":"Point","coordinates":[-38.56852273,-3.80639324]},"geometry_name":"geom","properties":{"id":307,"fid":308,"Tipo":"EMTP","Título":"ESCOLA MUNICIPAL","Nome":"PROFESSOR JACINTO BOTELHO","Seriação":"I-4,5/F-1,2,3,4,5,6,7,8,9","Faixa etária":"4 A 14 ANOS","Distrito":5,"Endereço":"RUA DOUTOR RODRIGO CODES SANDOVAL, 374","Bairro":"MONDUBIM","Código do bairro":83,"CEP":"60711-455","Regional":"SER 10","INEP":23071435,"CODSGE":181,"6 mees":"NÃO","1 ano":"NÃO","2 anos":"NÃO","3 anos":"NÃO","4 anos":"SIM","5 anos":"SIM","6 anos":"SIM","7 anos":"SIM","8 anos":"SIM","9 anos":"SIM","10 anos":"SIM","11 anos":"SIM","12 anos":"SIM","13 anos":"SIM","14 anos":"SIM","Ano":2023,"Fonte":"Secretaria Municipal de Educação - SME","SRC da camada":"EPSG:4326 - WGS 84","Codificação":"UTF-8"}},{"type":"Feature","id":"vw_ParqueEscolarMunicipal_2023.fid-5656ca56_19a5f394e75_69ed","geometry":{"type":"Point","coordinates":[-38.57950364,-3.78630503]},"geometry_name":"geom","properties":{"id":308,"fid":309,"Tipo":"EMTP","Título":"ESCOLA MUNICIPAL","Nome":"RAIMUNDO SOARES DE SOUZA","Seriação":"F-5,6,7,8,9","Faixa etária":"9 A 14 ANOS","Distrito":4,"Endereço":"RUA COSTA FREIRE, 550","Bairro":"VILA PERI","Código do bairro":108,"CEP":"60730-135","Regional":"SER 4","INEP":23184779,"CODSGE":278,"6 mees":"NÃO","1 ano":"NÃO","2 anos":"NÃO","3 anos":"NÃO","4 anos":"NÃO","5 anos":"NÃO","6 anos":"NÃO","7 anos":"NÃO","8 anos":"NÃO","9 anos":"NÃO","10 anos":"SIM","11 anos":"SIM","12 anos":"SIM","13 anos":"SIM","14 anos":"SIM","Ano":2023,"Fonte":"Secretaria Municipal de Educação - SME","SRC da camada":"EPSG:4326 - WGS 84","Codificação":"UTF-8"}},{"type":"Feature","id":"vw_ParqueEscolarMunicipal_2023.fid-5656ca56_19a5f394e75_69ee","geometry":{"type":"Point","coordinates":[-38.57634688,-3.78428316]},"geometry_name":"geom","properties":{"id":309,"fid":310,"Tipo":"EMTP","Título":"ESCOLA MUNICIPAL","Nome":"CATULO DA PAIXÃO CEARENSE","Seriação":"I-4,5/F-1,2,3,4","Faixa etária":"4 A 9 ANOS","Distrito":4,"Endereço":"RUA LEÃO DO NORTE, 300","Bairro":"VILA PERI","Código do bairro":108,"CEP":"60730-010","Regional":"SER 4","INEP":23066660,"CODSGE":242,"6 mees":"NÃO","1 ano":"NÃO","2 anos":"NÃO","3 anos":"NÃO","4 anos":"SIM","5 anos":"SIM","6 anos":"SIM","7 anos":"SIM","8 anos":"SIM","9 anos":"SIM","10 anos":"NÃO","11 anos":"NÃO","12 anos":"NÃO","13 anos":"NÃO","14 anos":"NÃO","Ano":2023,"Fonte":"Secretaria Municipal de Educação - SME","SRC da camada":"EPSG:4326 - WGS 84","Codificação":"UTF-8"}},{"type":"Feature","id":"vw_ParqueEscolarMunicipal_2023.fid-5656ca56_19a5f394e75_69ef","geometry":{"type":"Point","coordinates":[-38.56371092,-3.79512581]},"geometry_name":"geom","properties":{"id":310,"fid":311,"Tipo":"EMTP","Título":"ESCOLA MUNICIPAL","Nome":"SAGRADO CORAÇÃO","Seriação":"I-4,5/F-1,2","Faixa etária":"4 A 7 ANOS","Distrito":5,"Endereço":"RUA HOLANDA, 477","Bairro":"MARAPONGA","Código do bairro":82,"CEP":"60711-005","Regional":"SER 10","INEP":23256656,"CODSGE":339,"6 mees":"NÃO","1 ano":"NÃO","2 anos":"NÃO","3 anos":"NÃO","4 anos":"SIM","5 anos":"SIM","6 anos":"SIM","7 anos":"SIM","8 anos":"NÃO","9 anos":"NÃO","10 anos":"NÃO","11 anos":"NÃO","12 anos":"NÃO","13 anos":"NÃO","14 anos":"NÃO","Ano":2023,"Fonte":"Secretaria Municipal de Educação - SME","SRC da camada":"EPSG:4326 - WGS 84","Codificação":"UTF-8"}},{"type":"Feature","id":"vw_ParqueEscolarMunicipal_2023.fid-5656ca56_19a5f394e75_69f0","geometry":{"type":"Point","coordinates":[-38.56299886,-3.79926016]},"geometry_name":"geom","properties":{"id":311,"fid":312,"Tipo":"EMTP","Título":"ESCOLA MUNICIPAL","Nome":"JOÃO ESTANISLAU FAÇANHA","Seriação":"F-3,4,5,6,7,8,9","Faixa etária":"8 A 14 ANOS","Distrito":5,"Endereço":"RUA 11, S/N (CONJUNTO CAMPO DOS INGLESES)","Bairro":"JARDIM CEARENSE","Código do bairro":80,"CEP":"60712-300","Regional":"SER 10","INEP":23233842,"CODSGE":258,"6 mees":"NÃO","1 ano":"NÃO","2 anos":"NÃO","3 anos":"NÃO","4 anos":"NÃO","5 anos":"NÃO","6 anos":"NÃO","7 anos":"NÃO","8 anos":"SIM","9 anos":"SIM","10 anos":"SIM","11 anos":"SIM","12 anos":"SIM","13 anos":"SIM","14 anos":"SIM","Ano":2023,"Fonte":"Secretaria Municipal de Educação - SME","SRC da camada":"EPSG:4326 - WGS 84","Codificação":"UTF-8"}},{"type":"Feature","id":"vw_ParqueEscolarMunicipal_2023.fid-5656ca56_19a5f394e75_69f1","geometry":{"type":"Point","coordinates":[-38.5589327,-3.77572081]},"geometry_name":"geom","properties":{"id":312,"fid":313,"Tipo":"EMTP","Título":"ESCOLA MUNICIPAL","Nome":"PROFESSOR JOSÉ VALDEVINO DE CARVALHO","Seriação":"I-4,5/F-1,2,3,4,5","Faixa etária":"4 A 10 ANOS","Distrito":4,"Endereço":"RUA GUARÁ, S/N","Bairro":"PARANGABA","Código do bairro":105,"CEP":"60740-140","Regional":"SER 4","INEP":23072563,"CODSGE":116,"6 mees":"NÃO","1 ano":"NÃO","2 anos":"NÃO","3 anos":"NÃO","4 anos":"SIM","5 anos":"SIM","6 anos":"SIM","7 anos":"SIM","8 anos":"SIM","9 anos":"SIM","10 anos":"SIM","11 anos":"NÃO","12 anos":"NÃO","13 anos":"NÃO","14 anos":"NÃO","Ano":2023,"Fonte":"Secretaria Municipal de Educação - SME","SRC da camada":"EPSG:4326 - WGS 84","Codificação":"UTF-8"}},{"type":"Feature","id":"vw_ParqueEscolarMunicipal_2023.fid-5656ca56_19a5f394e75_69f2","geometry":{"type":"Point","coordinates":[-38.55852193,-3.77292736]},"geometry_name":"geom","properties":{"id":313,"fid":314,"Tipo":"EMTP","Título":"ESCOLA MUNICIPAL","Nome":"CLÁUDIO MARTINS","Seriação":"F-6,7,8,9","Faixa etária":"11 A 14 ANOS","Distrito":4,"Endereço":"RUA BARÃO DE CANINDÉ, S/N","Bairro":"ITAOCA","Código do bairro":99,"CEP":"60421-106","Regional":"SER 4","INEP":23075155,"CODSGE":279,"6 mees":"NÃO","1 ano":"NÃO","2 anos":"NÃO","3 anos":"NÃO","4 anos":"NÃO","5 anos":"NÃO","6 anos":"NÃO","7 anos":"NÃO","8 anos":"NÃO","9 anos":"NÃO","10 anos":"NÃO","11 anos":"SIM","12 anos":"SIM","13 anos":"SIM","14 anos":"SIM","Ano":2023,"Fonte":"Secretaria Municipal de Educação - SME","SRC da camada":"EPSG:4326 - WGS 84","Codificação":"UTF-8"}},{"type":"Feature","id":"vw_ParqueEscolarMunicipal_2023.fid-5656ca56_19a5f394e75_69f3","geometry":{"type":"Point","coordinates":[-38.55416214,-3.79449519]},"geometry_name":"geom","properties":{"id":314,"fid":315,"Tipo":"EMTP","Título":"ESCOLA MUNICIPAL","Nome":"PROJETO NASCENTE","Seriação":"I-4,5/F-1,2,3,4,5,6,7,8,9","Faixa etária":"4 A 14 ANOS","Distrito":4,"Endereço":"RUA BETEL, 1715","Bairro":"RACHEL DE QUEIROZ","Código do bairro":77,"CEP":"60714-612","Regional":"SER 8","INEP":23075074,"CODSGE":208,"6 mees":"NÃO","1 ano":"NÃO","2 anos":"NÃO","3 anos":"NÃO","4 anos":"SIM","5 anos":"SIM","6 anos":"SIM","7 anos":"SIM","8 anos":"SIM","9 anos":"SIM","10 anos":"SIM","11 anos":"SIM","12 anos":"SIM","13 anos":"SIM","14 anos":"SIM","Ano":2023,"Fonte":"Secretaria Municipal de Educação - SME","SRC da camada":"EPSG:4326 - WGS 84","Codificação":"UTF-8"}},{"type":"Feature","id":"vw_ParqueEscolarMunicipal_2023.fid-5656ca56_19a5f394e75_69f4","geometry":{"type":"Point","coordinates":[-38.56073366,-3.78478934]},"geometry_name":"geom","properties":{"id":315,"fid":316,"Tipo":"EMTP","Título":"ESCOLA MUNICIPAL","Nome":"THOMAZ POMPEU SOBRINHO","Seriação":"F-1,2,3,4,5,6,7,8,9","Faixa etária":"6 A 14 ANOS","Distrito":4,"Endereço":"RUA JOSÉ MENELEU, 531","Bairro":"ITAPERI","Código do bairro":100,"CEP":"60714-040","Regional":"SER 8","INEP":23078030,"CODSGE":183,"6 mees":"NÃO","1 ano":"NÃO","2 anos":"NÃO","3 anos":"NÃO","4 anos":"NÃO","5 anos":"NÃO","6 anos":"SIM","7 anos":"SIM","8 anos":"SIM","9 anos":"SIM","10 anos":"SIM","11 anos":"SIM","12 anos":"SIM","13 anos":"SIM","14 anos":"SIM","Ano":2023,"Fonte":"Secretaria Municipal de Educação - SME","SRC da camada":"EPSG:4326 - WGS 84","Codificação":"UTF-8"}},{"type":"Feature","id":"vw_ParqueEscolarMunicipal_2023.fid-5656ca56_19a5f394e75_69f5","geometry":{"type":"Point","coordinates":[-38.54396949,-3.79245605]},"geometry_name":"geom","properties":{"id":316,"fid":317,"Tipo":"EMTP","Título":"ESCOLA MUNICIPAL","Nome":"ZAÍRA MONTEIRO GONDIM","Seriação":"F-6,7,8,9","Faixa etária":"11 A 14 ANOS","Distrito":4,"Endereço":"RUA PEDRO AGUIAR, 315","Bairro":"ITAPERI","Código do bairro":100,"CEP":"60714-330","Regional":"SER 8","INEP":23078626,"CODSGE":172,"6 mees":"NÃO","1 ano":"NÃO","2 anos":"NÃO","3 anos":"NÃO","4 anos":"NÃO","5 anos":"NÃO","6 anos":"NÃO","7 anos":"NÃO","8 anos":"NÃO","9 anos":"NÃO","10 anos":"NÃO","11 anos":"SIM","12 anos":"SIM","13 anos":"SIM","14 anos":"SIM","Ano":2023,"Fonte":"Secretaria Municipal de Educação - SME","SRC da camada":"EPSG:4326 - WGS 84","Codificação":"UTF-8"}},{"type":"Feature","id":"vw_ParqueEscolarMunicipal_2023.fid-5656ca56_19a5f394e75_69f6","geometry":{"type":"Point","coordinates":[-38.53757783,-3.7917204]},"geometry_name":"geom","properties":{"id":317,"fid":318,"Tipo":"EMTP","Título":"ESCOLA MUNICIPAL","Nome":"MARIA DE CARVALHO MARTINS","Seriação":"I-4,5/F-1,2,3,4,5","Faixa etária":"4 A 10 ANOS","Distrito":4,"Endereço":"AV. DOUTOR SILAS MUNGUBA, 4300","Bairro":"ITAPERI","Código do bairro":100,"CEP":"60714-502","Regional":"SER 8","INEP":23234423,"CODSGE":173,"6 mees":"NÃO","1 ano":"NÃO","2 anos":"NÃO","3 anos":"NÃO","4 anos":"SIM","5 anos":"SIM","6 anos":"SIM","7 anos":"SIM","8 anos":"SIM","9 anos":"SIM","10 anos":"SIM","11 anos":"NÃO","12 anos":"NÃO","13 anos":"NÃO","14 anos":"NÃO","Ano":2023,"Fonte":"Secretaria Municipal de Educação - SME","SRC da camada":"EPSG:4326 - WGS 84","Codificação":"UTF-8"}},{"type":"Feature","id":"vw_ParqueEscolarMunicipal_2023.fid-5656ca56_19a5f394e75_69f7","geometry":{"type":"Point","coordinates":[-38.54261153,-3.78305345]},"geometry_name":"geom","properties":{"id":318,"fid":319,"Tipo":"EMTP","Título":"ESCOLA MUNICIPAL","Nome":"MARCOS VALENTIM PEREIRA DE SOUZA","Seriação":"I-4,5/F-1,2,3,4,5","Faixa etária":"4 A 10 ANOS","Distrito":4,"Endereço":"RUA FREIRE ALEMÃO, 91","Bairro":"SERRINHA","Código do bairro":107,"CEP":"60742-110","Regional":"SER 8","INEP":23198486,"CODSGE":171,"6 mees":"NÃO","1 ano":"NÃO","2 anos":"NÃO","3 anos":"NÃO","4 anos":"SIM","5 anos":"SIM","6 anos":"SIM","7 anos":"SIM","8 anos":"SIM","9 anos":"SIM","10 anos":"SIM","11 anos":"NÃO","12 anos":"NÃO","13 anos":"NÃO","14 anos":"NÃO","Ano":2023,"Fonte":"Secretaria Municipal de Educação - SME","SRC da camada":"EPSG:4326 - WGS 84","Codificação":"UTF-8"}},{"type":"Feature","id":"vw_ParqueEscolarMunicipal_2023.fid-5656ca56_19a5f394e75_69f8","geometry":{"type":"Point","coordinates":[-38.54906426,-3.77846474]},"geometry_name":"geom","properties":{"id":319,"fid":320,"Tipo":"EMTP","Título":"ESCOLA MUNICIPAL","Nome":"WALDEMAR BARROSO","Seriação":"F-6,7,8,9","Faixa etária":"11 A 14 ANOS","Distrito":4,"Endereço":"RUA CÔNEGO LIMA SUCUPIRA, 410","Bairro":"SERRINHA","Código do bairro":107,"CEP":"60741-255","Regional":"SER 8","INEP":23078553,"CODSGE":133,"6 mees":"NÃO","1 ano":"NÃO","2 anos":"NÃO","3 anos":"NÃO","4 anos":"NÃO","5 anos":"NÃO","6 anos":"NÃO","7 anos":"NÃO","8 anos":"NÃO","9 anos":"NÃO","10 anos":"NÃO","11 anos":"SIM","12 anos":"SIM","13 anos":"SIM","14 anos":"SIM","Ano":2023,"Fonte":"Secretaria Municipal de Educação - SME","SRC da camada":"EPSG:4326 - WGS 84","Codificação":"UTF-8"}},{"type":"Feature","id":"vw_ParqueEscolarMunicipal_2023.fid-5656ca56_19a5f394e75_69f9","geometry":{"type":"Point","coordinates":[-38.55889022,-3.77265262]},"geometry_name":"geom","properties":{"id":320,"fid":321,"Tipo":"EMTI","Título":"ESCOLA MUNICIPAL DE TEMPO INTEGRAL","Nome":"CAROLINO SUCUPIRA","Seriação":"F-1,2,3,4,5","Faixa etária":"6 A 10 ANOS","Distrito":4,"Endereço":"RUA MUNDICA PAULA, 670","Bairro":"ITAOCA","Código do bairro":99,"CEP":"60421-410","Regional":"SER 4","INEP":23324244,"CODSGE":101,"6 mees":"NÃO","1 ano":"NÃO","2 anos":"NÃO","3 anos":"NÃO","4 anos":"NÃO","5 anos":"NÃO","6 anos":"SIM","7 anos":"SIM","8 anos":"SIM","9 anos":"SIM","10 anos":"SIM","11 anos":"NÃO","12 anos":"NÃO","13 anos":"NÃO","14 anos":"NÃO","Ano":2023,"Fonte":"Secretaria Municipal de Educação - SME","SRC da camada":"EPSG:4326 - WGS 84","Codificação":"UTF-8"}},{"type":"Feature","id":"vw_ParqueEscolarMunicipal_2023.fid-5656ca56_19a5f394e75_69fa","geometry":{"type":"Point","coordinates":[-38.56317146,-3.76396872]},"geometry_name":"geom","properties":{"id":321,"fid":322,"Tipo":"EMTP","Título":"ESCOLA MUNICIPAL","Nome":"PAULO SARASATE","Seriação":"I-4,5/F-1,2,3,4,5","Faixa etária":"4 A 10 ANOS","Distrito":3,"Endereço":"RUA PEDRO MUNIZ, 250","Bairro":"DEMÓCRITO ROCHA","Código do bairro":96,"CEP":"60440-060","Regional":"SER 11","INEP":23075856,"CODSGE":115,"6 mees":"NÃO","1 ano":"NÃO","2 anos":"NÃO","3 anos":"NÃO","4 anos":"SIM","5 anos":"SIM","6 anos":"SIM","7 anos":"SIM","8 anos":"SIM","9 anos":"SIM","10 anos":"SIM","11 anos":"NÃO","12 anos":"NÃO","13 anos":"NÃO","14 anos":"NÃO","Ano":2023,"Fonte":"Secretaria Municipal de Educação - SME","SRC da camada":"EPSG:4326 - WGS 84","Codificação":"UTF-8"}},{"type":"Feature","id":"vw_ParqueEscolarMunicipal_2023.fid-5656ca56_19a5f394e75_69fb","geometry":{"type":"Point","coordinates":[-38.56533931,-3.75731913]},"geometry_name":"geom","properties":{"id":322,"fid":323,"Tipo":"EMTP","Título":"ESCOLA MUNICIPAL","Nome":"JOSÉ BATISTA DE OLIVEIRA","Seriação":"I-4,5/F-1,2,3,4,5","Faixa etária":"4 A 10 ANOS","Distrito":3,"Endereço":"RUA GOIÁS, S/N","Bairro":"PANAMERICANO","Código do bairro":104,"CEP":"60441-005","Regional":"SER 11","INEP":23234407,"CODSGE":197,"6 mees":"NÃO","1 ano":"NÃO","2 anos":"NÃO","3 anos":"NÃO","4 anos":"SIM","5 anos":"SIM","6 anos":"SIM","7 anos":"SIM","8 anos":"SIM","9 anos":"SIM","10 anos":"SIM","11 anos":"NÃO","12 anos":"NÃO","13 anos":"NÃO","14 anos":"NÃO","Ano":2023,"Fonte":"Secretaria Municipal de Educação - SME","SRC da camada":"EPSG:4326 - WGS 84","Codificação":"UTF-8"}},{"type":"Feature","id":"vw_ParqueEscolarMunicipal_2023.fid-5656ca56_19a5f394e75_69fc","geometry":{"type":"Point","coordinates":[-38.55476185,-3.76141936]},"geometry_name":"geom","properties":{"id":323,"fid":324,"Tipo":"EMTP","Título":"ESCOLA MUNICIPAL","Nome":"VICENTE FIALHO","Seriação":"I-4,5/F-1,2,3,4,5,6,7,8,9","Faixa etária":"4 A 14 ANOS","Distrito":4,"Endereço":"RUA IRMÃ BAZET, 193","Bairro":"MONTESE","Código do bairro":103,"CEP":"60420-670","Regional":"SER 4","INEP":23078413,"CODSGE":245,"6 mees":"NÃO","1 ano":"NÃO","2 anos":"NÃO","3 anos":"NÃO","4 anos":"SIM","5 anos":"SIM","6 anos":"SIM","7 anos":"SIM","8 anos":"SIM","9 anos":"SIM","10 anos":"SIM","11 anos":"SIM","12 anos":"SIM","13 anos":"SIM","14 anos":"SIM","Ano":2023,"Fonte":"Secretaria Municipal de Educação - SME","SRC da camada":"EPSG:4326 - WGS 84","Codificação":"UTF-8"}},{"type":"Feature","id":"vw_ParqueEscolarMunicipal_2023.fid-5656ca56_19a5f394e75_69fd","geometry":{"type":"Point","coordinates":[-38.52810036,-3.77323134]},"geometry_name":"geom","properties":{"id":324,"fid":325,"Tipo":"EMTP","Título":"ESCOLA MUNICIPAL","Nome":"HAROLDO JORGE BRAUN VIEIRA","Seriação":"I-4,5/F-1,2,3,4,5,6,7,8","Faixa etária":"4 A 13 ANOS","Distrito":4,"Endereço":"AV. LAURO VIEIRA CHAVES, 55","Bairro":"AEROPORTO","Código do bairro":92,"CEP":"60422-700","Regional":"SER 4","INEP":23262605,"CODSGE":270,"6 mees":"NÃO","1 ano":"NÃO","2 anos":"NÃO","3 anos":"NÃO","4 anos":"SIM","5 anos":"SIM","6 anos":"SIM","7 anos":"SIM","8 anos":"SIM","9 anos":"SIM","10 anos":"SIM","11 anos":"SIM","12 anos":"SIM","13 anos":"SIM","14 anos":"NÃO","Ano":2023,"Fonte":"Secretaria Municipal de Educação - SME","SRC da camada":"EPSG:4326 - WGS 84","Codificação":"UTF-8"}},{"type":"Feature","id":"vw_ParqueEscolarMunicipal_2023.fid-5656ca56_19a5f394e75_69fe","geometry":{"type":"Point","coordinates":[-38.53398532,-3.763587]},"geometry_name":"geom","properties":{"id":325,"fid":326,"Tipo":"EMTP","Título":"ESCOLA MUNICIPAL","Nome":"PAPA JOÃO XXIII","Seriação":"I-4,5/F-1,2,3,4,5","Faixa etária":"4 A 10 ANOS","Distrito":4,"Endereço":"RUA TREZE DE ABRIL, 545","Bairro":"VILA UNIÃO","Código do bairro":109,"CEP":"60411-055","Regional":"SER 4","INEP":23071990,"CODSGE":198,"6 mees":"NÃO","1 ano":"NÃO","2 anos":"NÃO","3 anos":"NÃO","4 anos":"SIM","5 anos":"SIM","6 anos":"SIM","7 anos":"SIM","8 anos":"SIM","9 anos":"SIM","10 anos":"SIM","11 anos":"NÃO","12 anos":"NÃO","13 anos":"NÃO","14 anos":"NÃO","Ano":2023,"Fonte":"Secretaria Municipal de Educação - SME","SRC da camada":"EPSG:4326 - WGS 84","Codificação":"UTF-8"}},{"type":"Feature","id":"vw_ParqueEscolarMunicipal_2023.fid-5656ca56_19a5f394e75_69ff","geometry":{"type":"Point","coordinates":[-38.52192283,-3.74973922]},"geometry_name":"geom","properties":{"id":326,"fid":327,"Tipo":"EMTP","Título":"ESCOLA MUNICIPAL","Nome":"MADRE TERESA DE CALCUTÁ","Seriação":"I-4,5/F-1,2,3,4,5","Faixa etária":"4 A 10 ANOS","Distrito":4,"Endereço":"RUA GUILHERME MOREIRA, 75","Bairro":"FÁTIMA","Código do bairro":16,"CEP":"60040-490","Regional":"SER 4","INEP":23186950,"CODSGE":207,"6 mees":"NÃO","1 ano":"NÃO","2 anos":"NÃO","3 anos":"NÃO","4 anos":"SIM","5 anos":"SIM","6 anos":"SIM","7 anos":"SIM","8 anos":"SIM","9 anos":"SIM","10 anos":"SIM","11 anos":"NÃO","12 anos":"NÃO","13 anos":"NÃO","14 anos":"NÃO","Ano":2023,"Fonte":"Secretaria Municipal de Educação - SME","SRC da camada":"EPSG:4326 - WGS 84","Codificação":"UTF-8"}},{"type":"Feature","id":"vw_ParqueEscolarMunicipal_2023.fid-5656ca56_19a5f394e75_6a00","geometry":{"type":"Point","coordinates":[-38.54920104,-3.75708676]},"geometry_name":"geom","properties":{"id":327,"fid":328,"Tipo":"EMTP","Título":"ESCOLA MUNICIPAL","Nome":"PADRE FELICE PISTONE","Seriação":"I-4,5/F-1,2,3,4,5","Faixa etária":"4 A 10 ANOS","Distrito":4,"Endereço":"RUA JÚLIO CÉSAR, 1810","Bairro":"DAMAS","Código do bairro":13,"CEP":"60425-236","Regional":"SER 4","INEP":23256486,"CODSGE":294,"6 mees":"NÃO","1 ano":"NÃO","2 anos":"NÃO","3 anos":"NÃO","4 anos":"SIM","5 anos":"SIM","6 anos":"SIM","7 anos":"SIM","8 anos":"SIM","9 anos":"SIM","10 anos":"SIM","11 anos":"NÃO","12 anos":"NÃO","13 anos":"NÃO","14 anos":"NÃO","Ano":2023,"Fonte":"Secretaria Municipal de Educação - SME","SRC da camada":"EPSG:4326 - WGS 84","Codificação":"UTF-8"}},{"type":"Feature","id":"vw_ParqueEscolarMunicipal_2023.fid-5656ca56_19a5f394e75_6a01","geometry":{"type":"Point","coordinates":[-38.54517869,-3.75466918]},"geometry_name":"geom","properties":{"id":328,"fid":329,"Tipo":"EMTP","Título":"ESCOLA MUNICIPAL","Nome":"DOM MANOEL DA SILVA GOMES","Seriação":"F-6,7,8,9","Faixa etária":"11 A 14 ANOS","Distrito":4,"Endereço":"RUA SAMUEL UCHÔA, 550","Bairro":"JARDIM AMÉRICA","Código do bairro":19,"CEP":"60416-205","Regional":"SER 4","INEP":23073934,"CODSGE":127,"6 mees":"NÃO","1 ano":"NÃO","2 anos":"NÃO","3 anos":"NÃO","4 anos":"NÃO","5 anos":"NÃO","6 anos":"NÃO","7 anos":"NÃO","8 anos":"NÃO","9 anos":"NÃO","10 anos":"NÃO","11 anos":"SIM","12 anos":"SIM","13 anos":"SIM","14 anos":"SIM","Ano":2023,"Fonte":"Secretaria Municipal de Educação - SME","SRC da camada":"EPSG:4326 - WGS 84","Codificação":"UTF-8"}},{"type":"Feature","id":"vw_ParqueEscolarMunicipal_2023.fid-5656ca56_19a5f394e75_6a02","geometry":{"type":"Point","coordinates":[-38.53781319,-3.75253129]},"geometry_name":"geom","properties":{"id":329,"fid":330,"Tipo":"EMTI","Título":"ESCOLA MUNICIPAL DE TEMPO INTEGRAL","Nome":"FILGUEIRAS LIMA","Seriação":"F-6,7,8,9","Faixa etária":"11 A 14 ANOS","Distrito":4,"Endereço":"AV. DOS EXPEDICIONÁRIOS, 3910","Bairro":"JARDIM AMÉRICA","Código do bairro":19,"CEP":"60410-446","Regional":"SER 4","INEP":23070250,"CODSGE":148,"6 mees":"NÃO","1 ano":"NÃO","2 anos":"NÃO","3 anos":"NÃO","4 anos":"NÃO","5 anos":"NÃO","6 anos":"NÃO","7 anos":"NÃO","8 anos":"NÃO","9 anos":"NÃO","10 anos":"NÃO","11 anos":"SIM","12 anos":"SIM","13 anos":"SIM","14 anos":"SIM","Ano":2023,"Fonte":"Secretaria Municipal de Educação - SME","SRC da camada":"EPSG:4326 - WGS 84","Codificação":"UTF-8"}},{"type":"Feature","id":"vw_ParqueEscolarMunicipal_2023.fid-5656ca56_19a5f394e75_6a03","geometry":{"type":"Point","coordinates":[-38.56492874,-3.82652939]},"geometry_name":"geom","properties":{"id":330,"fid":331,"Tipo":"EMTP","Título":"ESCOLA MUNICIPAL","Nome":"NOVO RENASCER","Seriação":"I-4,5/F-1,2,3,4,5","Faixa etária":"4 A 10 ANOS","Distrito":5,"Endereço":"RUA LESTE OESTE, 140","Bairro":"MONDUBIM","Código do bairro":83,"CEP":"60762-397","Regional":"SER 10","INEP":23256737,"CODSGE":364,"6 mees":"NÃO","1 ano":"NÃO","2 anos":"NÃO","3 anos":"NÃO","4 anos":"SIM","5 anos":"SIM","6 anos":"SIM","7 anos":"SIM","8 anos":"SIM","9 anos":"SIM","10 anos":"SIM","11 anos":"NÃO","12 anos":"NÃO","13 anos":"NÃO","14 anos":"NÃO","Ano":2023,"Fonte":"Secretaria Municipal de Educação - SME","SRC da camada":"EPSG:4326 - WGS 84","Codificação":"UTF-8"}},{"type":"Feature","id":"vw_ParqueEscolarMunicipal_2023.fid-5656ca56_19a5f394e75_6a04","geometry":{"type":"Point","coordinates":[-38.55937594,-3.83391808]},"geometry_name":"geom","properties":{"id":331,"fid":332,"Tipo":"CRP","Título":"CRECHE PARCEIRA","Nome":"VÓ ESTEFÂNIA","Seriação":"I-1,2,3","Faixa etária":"1 A 3 ANOS","Distrito":4,"Endereço":"AV. E, 635","Bairro":"PREFEITO JOSÉ WALTER","Código do bairro":89,"CEP":"60750-040","Regional":"SER 8","INEP":23279605,"CODSGE":567,"6 mees":"NÃO","1 ano":"SIM","2 anos":"SIM","3 anos":"SIM","4 anos":"NÃO","5 anos":"NÃO","6 anos":"NÃO","7 anos":"NÃO","8 anos":"NÃO","9 anos":"NÃO","10 anos":"NÃO","11 anos":"NÃO","12 anos":"NÃO","13 anos":"NÃO","14 anos":"NÃO","Ano":2023,"Fonte":"Secretaria Municipal de Educação - SME","SRC da camada":"EPSG:4326 - WGS 84","Codificação":"UTF-8"}},{"type":"Feature","id":"vw_ParqueEscolarMunicipal_2023.fid-5656ca56_19a5f394e75_6a05","geometry":{"type":"Point","coordinates":[-38.58838925,-3.82771111]},"geometry_name":"geom","properties":{"id":332,"fid":333,"Tipo":"CRP","Título":"CRECHE PARCEIRA","Nome":"PEQUENOS BRILHANTES","Seriação":"I-1,2,3","Faixa etária":"1 A 3 ANOS","Distrito":5,"Endereço":"RUA OTÁVIO LIMA, 90","Bairro":"ARACAPÉ","Código do bairro":124,"CEP":"60764-545","Regional":"SER 10","INEP":23280255,"CODSGE":543,"6 mees":"NÃO","1 ano":"SIM","2 anos":"SIM","3 anos":"SIM","4 anos":"NÃO","5 anos":"NÃO","6 anos":"NÃO","7 anos":"NÃO","8 anos":"NÃO","9 anos":"NÃO","10 anos":"NÃO","11 anos":"NÃO","12 anos":"NÃO","13 anos":"NÃO","14 anos":"NÃO","Ano":2023,"Fonte":"Secretaria Municipal de Educação - SME","SRC da camada":"EPSG:4326 - WGS 84","Codificação":"UTF-8"}},{"type":"Feature","id":"vw_ParqueEscolarMunicipal_2023.fid-5656ca56_19a5f394e75_6a06","geometry":{"type":"Point","coordinates":[-38.57771414,-3.78559119]},"geometry_name":"geom","properties":{"id":333,"fid":334,"Tipo":"CRP","Título":"CRECHE PARCEIRA","Nome":"PARAÍSO DA CRIANÇA","Seriação":"I-2,3","Faixa etária":"2 E 3 ANOS","Distrito":4,"Endereço":"RUA EINSTEIN, 6","Bairro":"VILA PERI","Código do bairro":108,"CEP":"60730-145","Regional":"SER 4","INEP":23279583,"CODSGE":546,"6 mees":"NÃO","1 ano":"NÃO","2 anos":"SIM","3 anos":"SIM","4 anos":"NÃO","5 anos":"NÃO","6 anos":"NÃO","7 anos":"NÃO","8 anos":"NÃO","9 anos":"NÃO","10 anos":"NÃO","11 anos":"NÃO","12 anos":"NÃO","13 anos":"NÃO","14 anos":"NÃO","Ano":2023,"Fonte":"Secretaria Municipal de Educação - SME","SRC da camada":"EPSG:4326 - WGS 84","Codificação":"UTF-8"}},{"type":"Feature","id":"vw_ParqueEscolarMunicipal_2023.fid-5656ca56_19a5f394e75_6a07","geometry":{"type":"Point","coordinates":[-38.56470355,-3.79992516]},"geometry_name":"geom","properties":{"id":334,"fid":335,"Tipo":"CRP","Título":"CRECHE PARCEIRA","Nome":"SONHO DE CRIANÇA","Seriação":"I-1,2,3","Faixa etária":"1 A 3 ANOS","Distrito":5,"Endereço":"RUA VIDAL DE NEGREIROS, 359","Bairro":"JARDIM CEARENSE","Código do bairro":80,"CEP":"60712-108","Regional":"SER 10","INEP":23280018,"CODSGE":527,"6 mees":"NÃO","1 ano":"SIM","2 anos":"SIM","3 anos":"SIM","4 anos":"NÃO","5 anos":"NÃO","6 anos":"NÃO","7 anos":"NÃO","8 anos":"NÃO","9 anos":"NÃO","10 anos":"NÃO","11 anos":"NÃO","12 anos":"NÃO","13 anos":"NÃO","14 anos":"NÃO","Ano":2023,"Fonte":"Secretaria Municipal de Educação - SME","SRC da camada":"EPSG:4326 - WGS 84","Codificação":"UTF-8"}},{"type":"Feature","id":"vw_ParqueEscolarMunicipal_2023.fid-5656ca56_19a5f394e75_6a08","geometry":{"type":"Point","coordinates":[-38.55012182,-3.78265997]},"geometry_name":"geom","properties":{"id":335,"fid":336,"Tipo":"CRP","Título":"CRECHE PARCEIRA","Nome":"IRMÃ GIULIANA GALLI","Seriação":"I-1,2","Faixa etária":"1 E 2 ANOS","Distrito":4,"Endereço":"RUA PADRE NÓBREGA, S/N","Bairro":"SERRINHA","Código do bairro":107,"CEP":"60741-410","Regional":"SER 8","INEP":23075341,"CODSGE":522,"6 mees":"NÃO","1 ano":"SIM","2 anos":"SIM","3 anos":"NÃO","4 anos":"NÃO","5 anos":"NÃO","6 anos":"NÃO","7 anos":"NÃO","8 anos":"NÃO","9 anos":"NÃO","10 anos":"NÃO","11 anos":"NÃO","12 anos":"NÃO","13 anos":"NÃO","14 anos":"NÃO","Ano":2023,"Fonte":"Secretaria Municipal de Educação - SME","SRC da camada":"EPSG:4326 - WGS 84","Codificação":"UTF-8"}},{"type":"Feature","id":"vw_ParqueEscolarMunicipal_2023.fid-5656ca56_19a5f394e75_6a09","geometry":{"type":"Point","coordinates":[-38.55817235,-3.83811734]},"geometry_name":"geom","properties":{"id":336,"fid":337,"Tipo":"CEI","Título":"CENTRO DE EDUCAÇÃO INFANTIL","Nome":"ROGACIANO LEITE","Seriação":"I-1,2,3","Faixa etária":"1 A 3 ANOS","Distrito":4,"Endereço":"AV. J, 1488","Bairro":"PREFEITO JOSÉ WALTER","Código do bairro":89,"CEP":"60750-090","Regional":"SER 8","INEP":23077131,"CODSGE":381,"6 mees":"NÃO","1 ano":"SIM","2 anos":"SIM","3 anos":"SIM","4 anos":"NÃO","5 anos":"NÃO","6 anos":"NÃO","7 anos":"NÃO","8 anos":"NÃO","9 anos":"NÃO","10 anos":"NÃO","11 anos":"NÃO","12 anos":"NÃO","13 anos":"NÃO","14 anos":"NÃO","Ano":2023,"Fonte":"Secretaria Municipal de Educação - SME","SRC da camada":"EPSG:4326 - WGS 84","Codificação":"UTF-8"}},{"type":"Feature","id":"vw_ParqueEscolarMunicipal_2023.fid-5656ca56_19a5f394e75_6a0a","geometry":{"type":"Point","coordinates":[-38.55718281,-3.8295692]},"geometry_name":"geom","properties":{"id":337,"fid":338,"Tipo":"CEI","Título":"CENTRO DE EDUCAÇÃO INFANTIL","Nome":"RACHEL DE QUEIROZ","Seriação":"I-1,2,3","Faixa etária":"1 A 3 ANOS","Distrito":4,"Endereço":"RUA 41, S/N","Bairro":"PREFEITO JOSÉ WALTER","Código do bairro":89,"CEP":"60750-550","Regional":"SER 8","INEP":23076798,"CODSGE":458,"6 mees":"NÃO","1 ano":"SIM","2 anos":"SIM","3 anos":"SIM","4 anos":"NÃO","5 anos":"NÃO","6 anos":"NÃO","7 anos":"NÃO","8 anos":"NÃO","9 anos":"NÃO","10 anos":"NÃO","11 anos":"NÃO","12 anos":"NÃO","13 anos":"NÃO","14 anos":"NÃO","Ano":2023,"Fonte":"Secretaria Municipal de Educação - SME","SRC da camada":"EPSG:4326 - WGS 84","Codificação":"UTF-8"}},{"type":"Feature","id":"vw_ParqueEscolarMunicipal_2023.fid-5656ca56_19a5f394e75_6a0b","geometry":{"type":"Point","coordinates":[-38.57036453,-3.83119685]},"geometry_name":"geom","properties":{"id":338,"fid":339,"Tipo":"CEI","Título":"CENTRO DE EDUCAÇÃO INFANTIL","Nome":"MARIA ZÉLIA CORREIA DE SOUZA","Seriação":"I-1,2,3","Faixa etária":"1 A 3 ANOS","Distrito":4,"Endereço":"RUA ANTÔNIO PEREIRA, 1495","Bairro":"PLANALTO AYRTON SENNA","Código do bairro":116,"CEP":"60766-295","Regional":"SER 8","INEP":23073772,"CODSGE":406,"6 mees":"NÃO","1 ano":"SIM","2 anos":"SIM","3 anos":"SIM","4 anos":"NÃO","5 anos":"NÃO","6 anos":"NÃO","7 anos":"NÃO","8 anos":"NÃO","9 anos":"NÃO","10 anos":"NÃO","11 anos":"NÃO","12 anos":"NÃO","13 anos":"NÃO","14 anos":"NÃO","Ano":2023,"Fonte":"Secretaria Municipal de Educação - SME","SRC da camada":"EPSG:4326 - WGS 84","Codificação":"UTF-8"}},{"type":"Feature","id":"vw_ParqueEscolarMunicipal_2023.fid-5656ca56_19a5f394e75_6a0c","geometry":{"type":"Point","coordinates":[-38.59022489,-3.82935371]},"geometry_name":"geom","properties":{"id":339,"fid":340,"Tipo":"CEI","Título":"CENTRO DE EDUCAÇÃO INFANTIL","Nome":"JOÃO HILDO DE CARVALHO FURTADO","Seriação":"I-1,2,3","Faixa etária":"1 A 3 ANOS","Distrito":5,"Endereço":"AV. C, S/N (CONJUNTO ARACAPÉ)","Bairro":"ARACAPÉ","Código do bairro":124,"CEP":"60765-052","Regional":"SER 10","INEP":23263130,"CODSGE":420,"6 mees":"NÃO","1 ano":"SIM","2 anos":"SIM","3 anos":"SIM","4 anos":"NÃO","5 anos":"NÃO","6 anos":"NÃO","7 anos":"NÃO","8 anos":"NÃO","9 anos":"NÃO","10 anos":"NÃO","11 anos":"NÃO","12 anos":"NÃO","13 anos":"NÃO","14 anos":"NÃO","Ano":2023,"Fonte":"Secretaria Municipal de Educação - SME","SRC da camada":"EPSG:4326 - WGS 84","Codificação":"UTF-8"}},{"type":"Feature","id":"vw_ParqueEscolarMunicipal_2023.fid-5656ca56_19a5f394e75_6a0d","geometry":{"type":"Point","coordinates":[-38.58106349,-3.82566951]},"geometry_name":"geom","properties":{"id":340,"fid":341,"Tipo":"CEI","Título":"CENTRO DE EDUCAÇÃO INFANTIL","Nome":"JONATHAN DA ROCHA ALCOFORADO","Seriação":"I-4,5","Faixa etária":"3 A 5 ANOS","Distrito":5,"Endereço":"RUA JACANAUBA, 89","Bairro":"MONDUBIM","Código do bairro":83,"CEP":"60764-492","Regional":"SER 10","INEP":23234067,"CODSGE":439,"6 mees":"NÃO","1 ano":"NÃO","2 anos":"NÃO","3 anos":"NÃO","4 anos":"SIM","5 anos":"SIM","6 anos":"NÃO","7 anos":"NÃO","8 anos":"NÃO","9 anos":"NÃO","10 anos":"NÃO","11 anos":"NÃO","12 anos":"NÃO","13 anos":"NÃO","14 anos":"NÃO","Ano":2023,"Fonte":"Secretaria Municipal de Educação - SME","SRC da camada":"EPSG:4326 - WGS 84","Codificação":"UTF-8"}},{"type":"Feature","id":"vw_ParqueEscolarMunicipal_2023.fid-5656ca56_19a5f394e75_6a0e","geometry":{"type":"Point","coordinates":[-38.56975589,-3.81759498]},"geometry_name":"geom","properties":{"id":341,"fid":342,"Tipo":"CEI","Título":"CENTRO DE EDUCAÇÃO INFANTIL","Nome":"PROFESSOR OSMÍRIO DE OLIVEIRA BARRETO","Seriação":"I-2,3,4","Faixa etária":"1 A 5 ANOS","Distrito":5,"Endereço":"RUA 10, S/N (CONJUNTO SÍTIO CÓRREGO)","Bairro":"MONDUBIM","Código do bairro":83,"CEP":"60752-110","Regional":"SER 10","INEP":23186690,"CODSGE":461,"6 mees":"NÃO","1 ano":"NÃO","2 anos":"SIM","3 anos":"SIM","4 anos":"SIM","5 anos":"NÃO","6 anos":"NÃO","7 anos":"NÃO","8 anos":"NÃO","9 anos":"NÃO","10 anos":"NÃO","11 anos":"NÃO","12 anos":"NÃO","13 anos":"NÃO","14 anos":"NÃO","Ano":2023,"Fonte":"Secretaria Municipal de Educação - SME","SRC da camada":"EPSG:4326 - WGS 84","Codificação":"UTF-8"}},{"type":"Feature","id":"vw_ParqueEscolarMunicipal_2023.fid-5656ca56_19a5f394e75_6a0f","geometry":{"type":"Point","coordinates":[-38.5805342,-3.81336204]},"geometry_name":"geom","properties":{"id":342,"fid":343,"Tipo":"CEI","Título":"CENTRO DE EDUCAÇÃO INFANTIL","Nome":"MARIA HERCÍLIA EVANGELISTA MARTINS","Seriação":"I-2,3,4","Faixa etária":"2 A 5 ANOS","Distrito":5,"Endereço":"RUA 03, 300 (LOTEAMENTO PARQUE SANTANA I)","Bairro":"MONDUBIM","Código do bairro":83,"CEP":"60767-630","Regional":"SER 10","INEP":23256990,"CODSGE":402,"6 mees":"NÃO","1 ano":"NÃO","2 anos":"SIM","3 anos":"SIM","4 anos":"SIM","5 anos":"SIM","6 anos":"NÃO","7 anos":"NÃO","8 anos":"NÃO","9 anos":"NÃO","10 anos":"NÃO","11 anos":"NÃO","12 anos":"NÃO","13 anos":"NÃO","14 anos":"NÃO","Ano":2023,"Fonte":"Secretaria Municipal de Educação - SME","SRC da camada":"EPSG:4326 - WGS 84","Codificação":"UTF-8"}},{"type":"Feature","id":"vw_ParqueEscolarMunicipal_2023.fid-5656ca56_19a5f394e75_6a10","geometry":{"type":"Point","coordinates":[-38.5692518,-3.80652965]},"geometry_name":"geom","properties":{"id":343,"fid":344,"Tipo":"CEI","Título":"CENTRO DE EDUCAÇÃO INFANTIL","Nome":"PROFESSOR JACINTO BOTELHO","Seriação":"I-2,3","Faixa etária":"2 E 3 ANOS","Distrito":5,"Endereço":"RUA CEL. MANOEL ALBANO, 288","Bairro":"MONDUBIM","Código do bairro":83,"CEP":"60711-465","Regional":"SER 10","INEP":23071435,"CODSGE":492,"6 mees":"NÃO","1 ano":"NÃO","2 anos":"SIM","3 anos":"SIM","4 anos":"NÃO","5 anos":"NÃO","6 anos":"NÃO","7 anos":"NÃO","8 anos":"NÃO","9 anos":"NÃO","10 anos":"NÃO","11 anos":"NÃO","12 anos":"NÃO","13 anos":"NÃO","14 anos":"NÃO","Ano":2023,"Fonte":"Secretaria Municipal de Educação - SME","SRC da camada":"EPSG:4326 - WGS 84","Codificação":"UTF-8"}},{"type":"Feature","id":"vw_ParqueEscolarMunicipal_2023.fid-5656ca56_19a5f394e75_6a11","geometry":{"type":"Point","coordinates":[-38.56212703,-3.79927383]},"geometry_name":"geom","properties":{"id":344,"fid":345,"Tipo":"CEI","Título":"CENTRO DE EDUCAÇÃO INFANTIL","Nome":"JOÃO ESTANISLAU FAÇANHA","Seriação":"I-2,3,4","Faixa etária":"1 A 5 ANOS","Distrito":5,"Endereço":"RUA HOLANDA, 870","Bairro":"JARDIM CEARENSE","Código do bairro":80,"CEP":"60712-165","Regional":"SER 10","INEP":23233842,"CODSGE":384,"6 mees":"NÃO","1 ano":"NÃO","2 anos":"SIM","3 anos":"SIM","4 anos":"SIM","5 anos":"NÃO","6 anos":"NÃO","7 anos":"NÃO","8 anos":"NÃO","9 anos":"NÃO","10 anos":"NÃO","11 anos":"NÃO","12 anos":"NÃO","13 anos":"NÃO","14 anos":"NÃO","Ano":2023,"Fonte":"Secretaria Municipal de Educação - SME","SRC da camada":"EPSG:4326 - WGS 84","Codificação":"UTF-8"}},{"type":"Feature","id":"vw_ParqueEscolarMunicipal_2023.fid-5656ca56_19a5f394e75_6a12","geometry":{"type":"Point","coordinates":[-38.55950657,-3.77771381]},"geometry_name":"geom","properties":{"id":345,"fid":346,"Tipo":"CEI","Título":"CENTRO DE EDUCAÇÃO INFANTIL","Nome":"ALGODÃO DOCE","Seriação":"I-2,3","Faixa etária":"2 E 3 ANOS","Distrito":4,"Endereço":"RUA JOSÉ QUEIROZ PORTO, 25","Bairro":"PARANGABA","Código do bairro":105,"CEP":"60740-120","Regional":"SER 4","INEP":23072563,"CODSGE":394,"6 mees":"NÃO","1 ano":"NÃO","2 anos":"SIM","3 anos":"SIM","4 anos":"NÃO","5 anos":"NÃO","6 anos":"NÃO","7 anos":"NÃO","8 anos":"NÃO","9 anos":"NÃO","10 anos":"NÃO","11 anos":"NÃO","12 anos":"NÃO","13 anos":"NÃO","14 anos":"NÃO","Ano":2023,"Fonte":"Secretaria Municipal de Educação - SME","SRC da camada":"EPSG:4326 - WGS 84","Codificação":"UTF-8"}},{"type":"Feature","id":"vw_ParqueEscolarMunicipal_2023.fid-5656ca56_19a5f394e75_6a13","geometry":{"type":"Point","coordinates":[-38.55384355,-3.79419792]},"geometry_name":"geom","properties":{"id":346,"fid":347,"Tipo":"CEI","Título":"CENTRO DE EDUCAÇÃO INFANTIL","Nome":"PROJETO NASCENTE","Seriação":"I-1,2,3","Faixa etária":"1 A 3 ANOS","Distrito":4,"Endereço":"RUA BETEL, S/N","Bairro":"RACHEL DE QUEIROZ","Código do bairro":77,"CEP":"60714-612","Regional":"SER 8","INEP":23075074,"CODSGE":413,"6 mees":"NÃO","1 ano":"SIM","2 anos":"SIM","3 anos":"SIM","4 anos":"NÃO","5 anos":"NÃO","6 anos":"NÃO","7 anos":"NÃO","8 anos":"NÃO","9 anos":"NÃO","10 anos":"NÃO","11 anos":"NÃO","12 anos":"NÃO","13 anos":"NÃO","14 anos":"NÃO","Ano":2023,"Fonte":"Secretaria Municipal de Educação - SME","SRC da camada":"EPSG:4326 - WGS 84","Codificação":"UTF-8"}},{"type":"Feature","id":"vw_ParqueEscolarMunicipal_2023.fid-5656ca56_19a5f394e75_6a14","geometry":{"type":"Point","coordinates":[-38.56152296,-3.78236418]},"geometry_name":"geom","properties":{"id":347,"fid":348,"Tipo":"CEI","Título":"CENTRO DE EDUCAÇÃO INFANTIL","Nome":"PADRE MARCELINO ZANELLA","Seriação":"I-2,3,4","Faixa etária":"2 A 5 ANOS","Distrito":4,"Endereço":"RUA INGLATERRA, 222","Bairro":"ITAPERI","Código do bairro":100,"CEP":"60714-150","Regional":"SER 8","INEP":23078030,"CODSGE":491,"6 mees":"NÃO","1 ano":"NÃO","2 anos":"SIM","3 anos":"SIM","4 anos":"SIM","5 anos":"SIM","6 anos":"NÃO","7 anos":"NÃO","8 anos":"NÃO","9 anos":"NÃO","10 anos":"NÃO","11 anos":"NÃO","12 anos":"NÃO","13 anos":"NÃO","14 anos":"NÃO","Ano":2023,"Fonte":"Secretaria Municipal de Educação - SME","SRC da camada":"EPSG:4326 - WGS 84","Codificação":"UTF-8"}},{"type":"Feature","id":"vw_ParqueEscolarMunicipal_2023.fid-5656ca56_19a5f394e75_6a15","geometry":{"type":"Point","coordinates":[-38.53791578,-3.79209876]},"geometry_name":"geom","properties":{"id":348,"fid":349,"Tipo":"CEI","Título":"CENTRO DE EDUCAÇÃO INFANTIL","Nome":"MARIA DE CARVALHO MARTINS","Seriação":"I-2,3","Faixa etária":"2 E 3 ANOS","Distrito":4,"Endereço":"RUA GIRASSOL, 649","Bairro":"ITAPERI","Código do bairro":100,"CEP":"60714-445","Regional":"SER 8","INEP":23234423,"CODSGE":464,"6 mees":"NÃO","1 ano":"NÃO","2 anos":"SIM","3 anos":"SIM","4 anos":"NÃO","5 anos":"NÃO","6 anos":"NÃO","7 anos":"NÃO","8 anos":"NÃO","9 anos":"NÃO","10 anos":"NÃO","11 anos":"NÃO","12 anos":"NÃO","13 anos":"NÃO","14 anos":"NÃO","Ano":2023,"Fonte":"Secretaria Municipal de Educação - SME","SRC da camada":"EPSG:4326 - WGS 84","Codificação":"UTF-8"}},{"type":"Feature","id":"vw_ParqueEscolarMunicipal_2023.fid-5656ca56_19a5f394e75_6a16","geometry":{"type":"Point","coordinates":[-38.54261848,-3.78269906]},"geometry_name":"geom","properties":{"id":349,"fid":350,"Tipo":"CEI","Título":"CENTRO DE EDUCAÇÃO INFANTIL","Nome":"MARCOS VALENTIM PEREIRA DE SOUZA","Seriação":"I-2,3","Faixa etária":"2 E 3 ANOS","Distrito":4,"Endereço":"RUA FREIRE ALEMÃO, 91","Bairro":"SERRINHA","Código do bairro":107,"CEP":"60742-110","Regional":"SER 8","INEP":23198486,"CODSGE":465,"6 mees":"NÃO","1 ano":"NÃO","2 anos":"SIM","3 anos":"SIM","4 anos":"NÃO","5 anos":"NÃO","6 anos":"NÃO","7 anos":"NÃO","8 anos":"NÃO","9 anos":"NÃO","10 anos":"NÃO","11 anos":"NÃO","12 anos":"NÃO","13 anos":"NÃO","14 anos":"NÃO","Ano":2023,"Fonte":"Secretaria Municipal de Educação - SME","SRC da camada":"EPSG:4326 - WGS 84","Codificação":"UTF-8"}},{"type":"Feature","id":"vw_ParqueEscolarMunicipal_2023.fid-5656ca56_19a5f394e75_6a17","geometry":{"type":"Point","coordinates":[-38.56313899,-3.76440194]},"geometry_name":"geom","properties":{"id":350,"fid":351,"Tipo":"CEI","Título":"CENTRO DE EDUCAÇÃO INFANTIL","Nome":"PAULO SARASATE","Seriação":"I-2,3","Faixa etária":"2 E 3 ANOS","Distrito":3,"Endereço":"RUA PEDRO MUNIZ, 250","Bairro":"DEMÓCRITO ROCHA","Código do bairro":96,"CEP":"60440-060","Regional":"SER 11","INEP":23075856,"CODSGE":395,"6 mees":"NÃO","1 ano":"NÃO","2 anos":"SIM","3 anos":"SIM","4 anos":"NÃO","5 anos":"NÃO","6 anos":"NÃO","7 anos":"NÃO","8 anos":"NÃO","9 anos":"NÃO","10 anos":"NÃO","11 anos":"NÃO","12 anos":"NÃO","13 anos":"NÃO","14 anos":"NÃO","Ano":2023,"Fonte":"Secretaria Municipal de Educação - SME","SRC da camada":"EPSG:4326 - WGS 84","Codificação":"UTF-8"}},{"type":"Feature","id":"vw_ParqueEscolarMunicipal_2023.fid-5656ca56_19a5f394e75_6a18","geometry":{"type":"Point","coordinates":[-38.56573764,-3.75748077]},"geometry_name":"geom","properties":{"id":351,"fid":352,"Tipo":"CEI","Título":"CENTRO DE EDUCAÇÃO INFANTIL","Nome":"JOSÉ BATISTA DE OLIVEIRA","Seriação":"I-2,3","Faixa etária":"2 E 3 ANOS","Distrito":3,"Endereço":"RUA MINAS GERAIS, S/N","Bairro":"PANAMERICANO","Código do bairro":104,"CEP":"60441-035","Regional":"SER 11","INEP":23234407,"CODSGE":423,"6 mees":"NÃO","1 ano":"NÃO","2 anos":"SIM","3 anos":"SIM","4 anos":"NÃO","5 anos":"NÃO","6 anos":"NÃO","7 anos":"NÃO","8 anos":"NÃO","9 anos":"NÃO","10 anos":"NÃO","11 anos":"NÃO","12 anos":"NÃO","13 anos":"NÃO","14 anos":"NÃO","Ano":2023,"Fonte":"Secretaria Municipal de Educação - SME","SRC da camada":"EPSG:4326 - WGS 84","Codificação":"UTF-8"}},{"type":"Feature","id":"vw_ParqueEscolarMunicipal_2023.fid-5656ca56_19a5f394e75_6a19","geometry":{"type":"Point","coordinates":[-38.55491794,-3.76186721]},"geometry_name":"geom","properties":{"id":352,"fid":353,"Tipo":"CEI","Título":"CENTRO DE EDUCAÇÃO INFANTIL","Nome":"VICENTE FIALHO","Seriação":"I-2,3","Faixa etária":"2 E 3 ANOS","Distrito":4,"Endereço":"RUA IRMÃ BAZET, 193","Bairro":"MONTESE","Código do bairro":103,"CEP":"60420-670","Regional":"SER 4","INEP":23078413,"CODSGE":424,"6 mees":"NÃO","1 ano":"NÃO","2 anos":"SIM","3 anos":"SIM","4 anos":"NÃO","5 anos":"NÃO","6 anos":"NÃO","7 anos":"NÃO","8 anos":"NÃO","9 anos":"NÃO","10 anos":"NÃO","11 anos":"NÃO","12 anos":"NÃO","13 anos":"NÃO","14 anos":"NÃO","Ano":2023,"Fonte":"Secretaria Municipal de Educação - SME","SRC da camada":"EPSG:4326 - WGS 84","Codificação":"UTF-8"}},{"type":"Feature","id":"vw_ParqueEscolarMunicipal_2023.fid-5656ca56_19a5f394e75_6a1a","geometry":{"type":"Point","coordinates":[-38.53617295,-3.7664316]},"geometry_name":"geom","properties":{"id":353,"fid":354,"Tipo":"CEI","Título":"CENTRO DE EDUCAÇÃO INFANTIL","Nome":"TEODORICO BARROSO","Seriação":"I-1,2,3","Faixa etária":"1 A 3 ANOS","Distrito":4,"Endereço":"RUA HELVÉCIO MONTE, 751","Bairro":"VILA UNIÃO","Código do bairro":109,"CEP":"60420-040","Regional":"SER 4","INEP":23071990,"CODSGE":421,"6 mees":"NÃO","1 ano":"SIM","2 anos":"SIM","3 anos":"SIM","4 anos":"NÃO","5 anos":"NÃO","6 anos":"NÃO","7 anos":"NÃO","8 anos":"NÃO","9 anos":"NÃO","10 anos":"NÃO","11 anos":"NÃO","12 anos":"NÃO","13 anos":"NÃO","14 anos":"NÃO","Ano":2023,"Fonte":"Secretaria Municipal de Educação - SME","SRC da camada":"EPSG:4326 - WGS 84","Codificação":"UTF-8"}},{"type":"Feature","id":"vw_ParqueEscolarMunicipal_2023.fid-5656ca56_19a5f394e75_6a1b","geometry":{"type":"Point","coordinates":[-38.53447068,-3.7633539]},"geometry_name":"geom","properties":{"id":354,"fid":355,"Tipo":"CEI","Título":"CENTRO DE EDUCAÇÃO INFANTIL","Nome":"PAPA JOÃO XXIII","Seriação":"I-1,2,3","Faixa etária":"1 A 3 ANOS","Distrito":4,"Endereço":"RUA TREZE DE ABRIL, 595 A","Bairro":"VILA UNIÃO","Código do bairro":109,"CEP":"60411-055","Regional":"SER 4","INEP":23071990,"CODSGE":422,"6 mees":"NÃO","1 ano":"SIM","2 anos":"SIM","3 anos":"SIM","4 anos":"NÃO","5 anos":"NÃO","6 anos":"NÃO","7 anos":"NÃO","8 anos":"NÃO","9 anos":"NÃO","10 anos":"NÃO","11 anos":"NÃO","12 anos":"NÃO","13 anos":"NÃO","14 anos":"NÃO","Ano":2023,"Fonte":"Secretaria Municipal de Educação - SME","SRC da camada":"EPSG:4326 - WGS 84","Codificação":"UTF-8"}},{"type":"Feature","id":"vw_ParqueEscolarMunicipal_2023.fid-5656ca56_19a5f394e75_6a1c","geometry":{"type":"Point","coordinates":[-38.52092556,-3.7593987]},"geometry_name":"geom","properties":{"id":355,"fid":356,"Tipo":"CEI","Título":"CENTRO DE EDUCAÇÃO INFANTIL","Nome":"MADRE TERESA DE CALCUTÁ","Seriação":"I-1,2,3","Faixa etária":"1 A 5 ANOS","Distrito":4,"Endereço":"RUA CAPITÃO BATISTA, S/N","Bairro":"FÁTIMA","Código do bairro":16,"CEP":"60415-255","Regional":"SER 4","INEP":23186950,"CODSGE":415,"6 mees":"NÃO","1 ano":"SIM","2 anos":"SIM","3 anos":"SIM","4 anos":"SIM","5 anos":"SIM","6 anos":"NÃO","7 anos":"NÃO","8 anos":"NÃO","9 anos":"NÃO","10 anos":"NÃO","11 anos":"NÃO","12 anos":"NÃO","13 anos":"NÃO","14 anos":"NÃO","Ano":2023,"Fonte":"Secretaria Municipal de Educação - SME","SRC da camada":"EPSG:4326 - WGS 84","Codificação":"UTF-8"}},{"type":"Feature","id":"vw_ParqueEscolarMunicipal_2023.fid-5656ca56_19a5f394e75_6a1d","geometry":{"type":"Point","coordinates":[-38.5386399,-3.75258105]},"geometry_name":"geom","properties":{"id":356,"fid":357,"Tipo":"CEI","Título":"CENTRO DE EDUCAÇÃO INFANTIL","Nome":"FILGUEIRAS LIMA","Seriação":"I-1,2,3","Faixa etária":"1 A 3 ANOS","Distrito":4,"Endereço":"RUA MAJOR WEYNE, 100","Bairro":"JARDIM AMÉRICA","Código do bairro":19,"CEP":"60415-730","Regional":"SER 4","INEP":23070250,"CODSGE":476,"6 mees":"NÃO","1 ano":"SIM","2 anos":"SIM","3 anos":"SIM","4 anos":"NÃO","5 anos":"NÃO","6 anos":"NÃO","7 anos":"NÃO","8 anos":"NÃO","9 anos":"NÃO","10 anos":"NÃO","11 anos":"NÃO","12 anos":"NÃO","13 anos":"NÃO","14 anos":"NÃO","Ano":2023,"Fonte":"Secretaria Municipal de Educação - SME","SRC da camada":"EPSG:4326 - WGS 84","Codificação":"UTF-8"}},{"type":"Feature","id":"vw_ParqueEscolarMunicipal_2023.fid-5656ca56_19a5f394e75_6a1e","geometry":{"type":"Point","coordinates":[-38.5786454,-3.81428881]},"geometry_name":"geom","properties":{"id":357,"fid":358,"Tipo":"ANE","Título":"ESCOLA MUNICIPAL","Nome":"ROSA AMARO CAVALCANTE UNID II","Seriação":"I-5/F-1,2,3","Faixa etária":"5 A 8 ANOS","Distrito":5,"Endereço":"RUA 01, 1169 (PARQUE SANTANA I)","Bairro":"MONDUBIM","Código do bairro":83,"CEP":"60767-725","Regional":"SER 10","INEP":23256990,"CODSGE":403,"6 mees":"NÃO","1 ano":"NÃO","2 anos":"NÃO","3 anos":"NÃO","4 anos":"NÃO","5 anos":"SIM","6 anos":"SIM","7 anos":"SIM","8 anos":"SIM","9 anos":"NÃO","10 anos":"NÃO","11 anos":"NÃO","12 anos":"NÃO","13 anos":"NÃO","14 anos":"NÃO","Ano":2023,"Fonte":"Secretaria Municipal de Educação - SME","SRC da camada":"EPSG:4326 - WGS 84","Codificação":"UTF-8"}},{"type":"Feature","id":"vw_ParqueEscolarMunicipal_2023.fid-5656ca56_19a5f394e75_6a1f","geometry":{"type":"Point","coordinates":[-38.52316329,-3.758959]},"geometry_name":"geom","properties":{"id":358,"fid":359,"Tipo":"ANE","Título":"ESCOLA MUNICIPAL","Nome":"DOM MANOEL DA SILVA GOMES UNID II","Seriação":"F-1,2,3,4,5,6","Faixa etária":"6 A 11 ANOS","Distrito":4,"Endereço":"AV. AGUANAMBI, 2479","Bairro":"AEROPORTO","Código do bairro":92,"CEP":"60415-390","Regional":"SER 4","INEP":23073934,"CODSGE":386,"6 mees":"NÃO","1 ano":"NÃO","2 anos":"NÃO","3 anos":"NÃO","4 anos":"NÃO","5 anos":"NÃO","6 anos":"SIM","7 anos":"SIM","8 anos":"SIM","9 anos":"SIM","10 anos":"SIM","11 anos":"SIM","12 anos":"NÃO","13 anos":"NÃO","14 anos":"NÃO","Ano":2023,"Fonte":"Secretaria Municipal de Educação - SME","SRC da camada":"EPSG:4326 - WGS 84","Codificação":"UTF-8"}},{"type":"Feature","id":"vw_ParqueEscolarMunicipal_2023.fid-5656ca56_19a5f394e75_6a20","geometry":{"type":"Point","coordinates":[-38.56005563,-3.80162873]},"geometry_name":"geom","properties":{"id":359,"fid":360,"Tipo":"CEI","Título":"CENTRO DE EDUCAÇÃO INFANTIL","Nome":"AUGUSTO PONTES","Seriação":"I-1,2,3","Faixa etária":"1 A 5 ANOS","Distrito":4,"Endereço":"RUA HOLANDA, S/N","Bairro":"RACHEL DE QUEIROZ","Código do bairro":77,"CEP":"60712-165","Regional":"SER 8","INEP":23075074,"CODSGE":833,"6 mees":"NÃO","1 ano":"SIM","2 anos":"SIM","3 anos":"SIM","4 anos":"SIM","5 anos":"SIM","6 anos":"NÃO","7 anos":"NÃO","8 anos":"NÃO","9 anos":"NÃO","10 anos":"NÃO","11 anos":"NÃO","12 anos":"NÃO","13 anos":"NÃO","14 anos":"NÃO","Ano":2023,"Fonte":"Secretaria Municipal de Educação - SME","SRC da camada":"EPSG:4326 - WGS 84","Codificação":"UTF-8"}},{"type":"Feature","id":"vw_ParqueEscolarMunicipal_2023.fid-5656ca56_19a5f394e75_6a21","geometry":{"type":"Point","coordinates":[-38.56174777,-3.81250901]},"geometry_name":"geom","properties":{"id":360,"fid":169,"Tipo":"CRP","Título":"CRECHE PARCEIRA","Nome":"CRIANÇA FELIZ II","Seriação":"I-1,2,3","Faixa etária":"1 A 3 ANOS","Distrito":5,"Endereço":"RUA FRIÉZIO BARROSO, 800","Bairro":"MONDUBIM","Código do bairro":83,"CEP":"60761-570","Regional":"SER 10","INEP":23280301,"CODSGE":786,"6 mees":"NÃO","1 ano":"SIM","2 anos":"SIM","3 anos":"SIM","4 anos":"NÃO","5 anos":"NÃO","6 anos":"NÃO","7 anos":"NÃO","8 anos":"NÃO","9 anos":"NÃO","10 anos":"NÃO","11 anos":"NÃO","12 anos":"NÃO","13 anos":"NÃO","14 anos":"NÃO","Ano":2023,"Fonte":"Secretaria Municipal de Educação - SME","SRC da camada":"EPSG:4326 - WGS 84","Codificação":"UTF-8"}},{"type":"Feature","id":"vw_ParqueEscolarMunicipal_2023.fid-5656ca56_19a5f394e75_6a22","geometry":{"type":"Point","coordinates":[-38.53783061,-3.75089842]},"geometry_name":"geom","properties":{"id":361,"fid":361,"Tipo":"CEI","Título":"CENTRO DE EDUCAÇÃO INFANTIL","Nome":"FILGUEIRAS LIMA UNID II","Seriação":"I-1,2,3","Faixa etária":"1 A 4 ANOS","Distrito":4,"Endereço":"TRAV. NOVA AURORA, 96","Bairro":"JARDIM AMÉRICA","Código do bairro":19,"CEP":"60410-470","Regional":"SER 4","INEP":23070250,"CODSGE":782,"6 mees":"NÃO","1 ano":"SIM","2 anos":"SIM","3 anos":"SIM","4 anos":"SIM","5 anos":"NÃO","6 anos":"NÃO","7 anos":"NÃO","8 anos":"NÃO","9 anos":"NÃO","10 anos":"NÃO","11 anos":"NÃO","12 anos":"NÃO","13 anos":"NÃO","14 anos":"NÃO","Ano":2023,"Fonte":"Secretaria Municipal de Educação - SME","SRC da camada":"EPSG:4326 - WGS 84","Codificação":"UTF-8"}},{"type":"Feature","id":"vw_ParqueEscolarMunicipal_2023.fid-5656ca56_19a5f394e75_6a23","geometry":{"type":"Point","coordinates":[-38.571368,-3.83957331]},"geometry_name":"geom","properties":{"id":362,"fid":362,"Tipo":"EMTI","Título":"ESCOLA MUNICIPAL DE TEMPO INTEGRAL","Nome":"PROFESSOR EDGAR LINHARES LIMA","Seriação":"F-6,7,8,9","Faixa etária":"11 A 14 ANOS","Distrito":4,"Endereço":"RUA SANTA RITA, S/N","Bairro":"PLANALTO AYRTON SENNA","Código do bairro":116,"CEP":"60760-675","Regional":"SER 8","INEP":23259540,"CODSGE":768,"6 mees":"NÃO","1 ano":"NÃO","2 anos":"NÃO","3 anos":"NÃO","4 anos":"NÃO","5 anos":"NÃO","6 anos":"NÃO","7 anos":"NÃO","8 anos":"NÃO","9 anos":"NÃO","10 anos":"NÃO","11 anos":"SIM","12 anos":"SIM","13 anos":"SIM","14 anos":"SIM","Ano":2023,"Fonte":"Secretaria Municipal de Educação - SME","SRC da camada":"EPSG:4326 - WGS 84","Codificação":"UTF-8"}},{"type":"Feature","id":"vw_ParqueEscolarMunicipal_2023.fid-5656ca56_19a5f394e75_6a24","geometry":{"type":"Point","coordinates":[-38.55934956,-3.84086703]},"geometry_name":"geom","properties":{"id":363,"fid":363,"Tipo":"EMTP","Título":"ESCOLA MUNICIPAL","Nome":"ARI DE SÁ CAVALCANTE","Seriação":"F-1,2,3,4,5,6,7,8,9","Faixa etária":"6 A 14 ANOS","Distrito":4,"Endereço":"AV. H, 430","Bairro":"PREFEITO JOSÉ WALTER","Código do bairro":89,"CEP":"60750-070","Regional":"SER 8","INEP":23065621,"CODSGE":178,"6 mees":"NÃO","1 ano":"NÃO","2 anos":"NÃO","3 anos":"NÃO","4 anos":"NÃO","5 anos":"NÃO","6 anos":"SIM","7 anos":"SIM","8 anos":"SIM","9 anos":"SIM","10 anos":"SIM","11 anos":"SIM","12 anos":"SIM","13 anos":"SIM","14 anos":"SIM","Ano":2023,"Fonte":"Secretaria Municipal de Educação - SME","SRC da camada":"EPSG:4326 - WGS 84","Codificação":"UTF-8"}},{"type":"Feature","id":"vw_ParqueEscolarMunicipal_2023.fid-5656ca56_19a5f394e75_6a25","geometry":{"type":"Point","coordinates":[-38.55401144,-3.82333876]},"geometry_name":"geom","properties":{"id":364,"fid":364,"Tipo":"CRP","Título":"CRECHE PARCEIRA","Nome":"AMANHECER FELIZ","Seriação":"I-1,2,3","Faixa etária":"1 A 3 ANOS","Distrito":4,"Endereço":"AV. K, 50","Bairro":"PREFEITO JOSÉ WALTER","Código do bairro":89,"CEP":"60750-100","Regional":"SER 8","INEP":23279826,"CODSGE":748,"6 mees":"NÃO","1 ano":"SIM","2 anos":"SIM","3 anos":"SIM","4 anos":"NÃO","5 anos":"NÃO","6 anos":"NÃO","7 anos":"NÃO","8 anos":"NÃO","9 anos":"NÃO","10 anos":"NÃO","11 anos":"NÃO","12 anos":"NÃO","13 anos":"NÃO","14 anos":"NÃO","Ano":2023,"Fonte":"Secretaria Municipal de Educação - SME","SRC da camada":"EPSG:4326 - WGS 84","Codificação":"UTF-8"}},{"type":"Feature","id":"vw_ParqueEscolarMunicipal_2023.fid-5656ca56_19a5f394e75_6a26","geometry":{"type":"Point","coordinates":[-38.58784409,-3.80884393]},"geometry_name":"geom","properties":{"id":365,"fid":365,"Tipo":"CRP","Título":"CRECHE PARCEIRA","Nome":"FELIZ AMANHECER","Seriação":"I-1,2,3","Faixa etária":"1 A 3 ANOS","Distrito":5,"Endereço":"RUA 106, 100","Bairro":"NOVO MONDUBIM","Código do bairro":121,"CEP":"60764-290","Regional":"SER 10","INEP":23279869,"CODSGE":749,"6 mees":"NÃO","1 ano":"SIM","2 anos":"SIM","3 anos":"SIM","4 anos":"NÃO","5 anos":"NÃO","6 anos":"NÃO","7 anos":"NÃO","8 anos":"NÃO","9 anos":"NÃO","10 anos":"NÃO","11 anos":"NÃO","12 anos":"NÃO","13 anos":"NÃO","14 anos":"NÃO","Ano":2023,"Fonte":"Secretaria Municipal de Educação - SME","SRC da camada":"EPSG:4326 - WGS 84","Codificação":"UTF-8"}},{"type":"Feature","id":"vw_ParqueEscolarMunicipal_2023.fid-5656ca56_19a5f394e75_6a27","geometry":{"type":"Point","coordinates":[-38.53481727,-3.79039691]},"geometry_name":"geom","properties":{"id":366,"fid":366,"Tipo":"CEI","Título":"CENTRO DE EDUCAÇÃO INFANTIL","Nome":"MARIA DE CARVALHO MARTINS UNID II","Seriação":"I-1,2,3","Faixa etária":"1 A 3 ANOS","Distrito":4,"Endereço":"RUA VI, S/N (CONJUNTO OITO DE SETEMBRO)","Bairro":"SERRINHA","Código do bairro":107,"CEP":"60744-870","Regional":"SER 8","INEP":23234423,"CODSGE":622,"6 mees":"NÃO","1 ano":"SIM","2 anos":"SIM","3 anos":"SIM","4 anos":"NÃO","5 anos":"NÃO","6 anos":"NÃO","7 anos":"NÃO","8 anos":"NÃO","9 anos":"NÃO","10 anos":"NÃO","11 anos":"NÃO","12 anos":"NÃO","13 anos":"NÃO","14 anos":"NÃO","Ano":2023,"Fonte":"Secretaria Municipal de Educação - SME","SRC da camada":"EPSG:4326 - WGS 84","Codificação":"UTF-8"}},{"type":"Feature","id":"vw_ParqueEscolarMunicipal_2023.fid-5656ca56_19a5f394e75_6a28","geometry":{"type":"Point","coordinates":[-38.59322877,-3.8068093]},"geometry_name":"geom","properties":{"id":367,"fid":367,"Tipo":"EMTP","Título":"ESCOLA MUNICIPAL","Nome":"MARIETA GUEDES MARTINS","Seriação":"F-6,7,8,9","Faixa etária":"11 A 14 ANOS","Distrito":5,"Endereço":"AV. CÔNEGO DE CASTRO, 4701","Bairro":"NOVO MONDUBIM","Código do bairro":121,"CEP":"60764-205","Regional":"SER 10","INEP":23074086,"CODSGE":323,"6 mees":"NÃO","1 ano":"NÃO","2 anos":"NÃO","3 anos":"NÃO","4 anos":"NÃO","5 anos":"NÃO","6 anos":"NÃO","7 anos":"NÃO","8 anos":"NÃO","9 anos":"NÃO","10 anos":"NÃO","11 anos":"SIM","12 anos":"SIM","13 anos":"SIM","14 anos":"SIM","Ano":2023,"Fonte":"Secretaria Municipal de Educação - SME","SRC da camada":"EPSG:4326 - WGS 84","Codificação":"UTF-8"}},{"type":"Feature","id":"vw_ParqueEscolarMunicipal_2023.fid-5656ca56_19a5f394e75_6a29","geometry":{"type":"Point","coordinates":[-38.58757947,-3.80767446]},"geometry_name":"geom","properties":{"id":368,"fid":368,"Tipo":"EMTP","Título":"ESCOLA MUNICIPAL","Nome":"MARIA BEZERRA QUEVEDO","Seriação":"I-5/F-1,2,3,4,5","Faixa etária":"5 A 10 ANOS","Distrito":5,"Endereço":"RUA 103, 28 (CONJUNTO NOVO MONDUBIM)","Bairro":"NOVO MONDUBIM","Código do bairro":121,"CEP":"60764-260","Regional":"SER 10","INEP":23257300,"CODSGE":266,"6 mees":"NÃO","1 ano":"NÃO","2 anos":"NÃO","3 anos":"NÃO","4 anos":"NÃO","5 anos":"SIM","6 anos":"SIM","7 anos":"SIM","8 anos":"SIM","9 anos":"SIM","10 anos":"SIM","11 anos":"NÃO","12 anos":"NÃO","13 anos":"NÃO","14 anos":"NÃO","Ano":2023,"Fonte":"Secretaria Municipal de Educação - SME","SRC da camada":"EPSG:4326 - WGS 84","Codificação":"UTF-8"}},{"type":"Feature","id":"vw_ParqueEscolarMunicipal_2023.fid-5656ca56_19a5f394e75_6a2a","geometry":{"type":"Point","coordinates":[-38.58560019,-3.80390674]},"geometry_name":"geom","properties":{"id":369,"fid":369,"Tipo":"EMTP","Título":"ESCOLA MUNICIPAL","Nome":"HILZA DIOGO CALS","Seriação":"I-4,5/F-1,2","Faixa etária":"4 A 7 ANOS","Distrito":5,"Endereço":"AV. WALDIR DIOGO, 850","Bairro":"NOVO MONDUBIM","Código do bairro":121,"CEP":"60764-020","Regional":"SER 10","INEP":23257105,"CODSGE":211,"6 mees":"NÃO","1 ano":"NÃO","2 anos":"NÃO","3 anos":"NÃO","4 anos":"SIM","5 anos":"SIM","6 anos":"SIM","7 anos":"SIM","8 anos":"NÃO","9 anos":"NÃO","10 anos":"NÃO","11 anos":"NÃO","12 anos":"NÃO","13 anos":"NÃO","14 anos":"NÃO","Ano":2023,"Fonte":"Secretaria Municipal de Educação - SME","SRC da camada":"EPSG:4326 - WGS 84","Codificação":"UTF-8"}},{"type":"Feature","id":"vw_ParqueEscolarMunicipal_2023.fid-5656ca56_19a5f394e75_6a2b","geometry":{"type":"Point","coordinates":[-38.58456211,-3.81106905]},"geometry_name":"geom","properties":{"id":370,"fid":370,"Tipo":"EMTP","Título":"ESCOLA MUNICIPAL","Nome":"ROSA AMARO CAVALCANTE","Seriação":"F-1,2,3,4","Faixa etária":"6 A 9 ANOS","Distrito":5,"Endereço":"RUA ALFREDO MAMEDE, 1064","Bairro":"NOVO MONDUBIM","Código do bairro":121,"CEP":"60763-425","Regional":"SER 10","INEP":23256990,"CODSGE":247,"6 mees":"NÃO","1 ano":"NÃO","2 anos":"NÃO","3 anos":"NÃO","4 anos":"NÃO","5 anos":"NÃO","6 anos":"SIM","7 anos":"SIM","8 anos":"SIM","9 anos":"SIM","10 anos":"NÃO","11 anos":"NÃO","12 anos":"NÃO","13 anos":"NÃO","14 anos":"NÃO","Ano":2023,"Fonte":"Secretaria Municipal de Educação - SME","SRC da camada":"EPSG:4326 - WGS 84","Codificação":"UTF-8"}},{"type":"Feature","id":"vw_ParqueEscolarMunicipal_2023.fid-5656ca56_19a5f394e75_6a2c","geometry":{"type":"Point","coordinates":[-38.58406555,-3.81095202]},"geometry_name":"geom","properties":{"id":371,"fid":371,"Tipo":"EMTP","Título":"ESCOLA MUNICIPAL","Nome":"JOSÉ AYRTON TEIXEIRA","Seriação":"F-6,7,8,9","Faixa etária":"11 A 14 ANOS","Distrito":5,"Endereço":"RUA ALFREDO MAMEDE, S/N","Bairro":"NOVO MONDUBIM","Código do bairro":121,"CEP":"60763-806","Regional":"SER 10","INEP":23072202,"CODSGE":227,"6 mees":"NÃO","1 ano":"NÃO","2 anos":"NÃO","3 anos":"NÃO","4 anos":"NÃO","5 anos":"NÃO","6 anos":"NÃO","7 anos":"NÃO","8 anos":"NÃO","9 anos":"NÃO","10 anos":"NÃO","11 anos":"SIM","12 anos":"SIM","13 anos":"SIM","14 anos":"SIM","Ano":2023,"Fonte":"Secretaria Municipal de Educação - SME","SRC da camada":"EPSG:4326 - WGS 84","Codificação":"UTF-8"}},{"type":"Feature","id":"vw_ParqueEscolarMunicipal_2023.fid-5656ca56_19a5f394e75_6a2d","geometry":{"type":"Point","coordinates":[-38.58767934,-3.808954]},"geometry_name":"geom","properties":{"id":372,"fid":372,"Tipo":"CEI","Título":"CENTRO DE EDUCAÇÃO INFANTIL","Nome":"MARIA BEZERRA QUEVEDO","Seriação":"I-3,4","Faixa etária":"3 E 4 ANOS","Distrito":5,"Endereço":"RUA 106, 114 (CONJUNTO NOVO MONDUBIM)","Bairro":"NOVO MONDUBIM","Código do bairro":121,"CEP":"60764-290","Regional":"SER 10","INEP":23257300,"CODSGE":378,"6 mees":"NÃO","1 ano":"NÃO","2 anos":"NÃO","3 anos":"SIM","4 anos":"SIM","5 anos":"NÃO","6 anos":"NÃO","7 anos":"NÃO","8 anos":"NÃO","9 anos":"NÃO","10 anos":"NÃO","11 anos":"NÃO","12 anos":"NÃO","13 anos":"NÃO","14 anos":"NÃO","Ano":2023,"Fonte":"Secretaria Municipal de Educação - SME","SRC da camada":"EPSG:4326 - WGS 84","Codificação":"UTF-8"}},{"type":"Feature","id":"vw_ParqueEscolarMunicipal_2023.fid-5656ca56_19a5f394e75_6a2e","geometry":{"type":"Point","coordinates":[-38.58546852,-3.80354118]},"geometry_name":"geom","properties":{"id":373,"fid":373,"Tipo":"CEI","Título":"CENTRO DE EDUCAÇÃO INFANTIL","Nome":"HILZA DIOGO CALS","Seriação":"I-2,3","Faixa etária":"2 E 3 ANOS","Distrito":5,"Endereço":"RUA SILVINO, 31","Bairro":"NOVO MONDUBIM","Código do bairro":121,"CEP":"60764-045","Regional":"SER 10","INEP":23257105,"CODSGE":411,"6 mees":"NÃO","1 ano":"NÃO","2 anos":"SIM","3 anos":"SIM","4 anos":"NÃO","5 anos":"NÃO","6 anos":"NÃO","7 anos":"NÃO","8 anos":"NÃO","9 anos":"NÃO","10 anos":"NÃO","11 anos":"NÃO","12 anos":"NÃO","13 anos":"NÃO","14 anos":"NÃO","Ano":2023,"Fonte":"Secretaria Municipal de Educação - SME","SRC da camada":"EPSG:4326 - WGS 84","Codificação":"UTF-8"}},{"type":"Feature","id":"vw_ParqueEscolarMunicipal_2023.fid-5656ca56_19a5f394e75_6a2f","geometry":{"type":"Point","coordinates":[-38.55373377,-3.80518032]},"geometry_name":"geom","properties":{"id":374,"fid":374,"Tipo":"EMTI","Título":"ESCOLA MUNICIPAL DE TEMPO INTEGRAL E EDUCAÇÃO BILÍNGUE","Nome":"FRANCISCO SUDERLAND BASTOS MOTA","Seriação":"F-1,2,3,4,5","Faixa etária":"6 A 10 ANOS","Distrito":4,"Endereço":"AV. BERNARDO MANUEL, 9970A","Bairro":"RACHEL DE QUEIROZ","Código do bairro":77,"CEP":"60761-282","Regional":"SER 8","INEP":23259566,"CODSGE":702,"6 mees":"NÃO","1 ano":"NÃO","2 anos":"NÃO","3 anos":"NÃO","4 anos":"NÃO","5 anos":"NÃO","6 anos":"SIM","7 anos":"SIM","8 anos":"SIM","9 anos":"SIM","10 anos":"SIM","11 anos":"NÃO","12 anos":"NÃO","13 anos":"NÃO","14 anos":"NÃO","Ano":2023,"Fonte":"Secretaria Municipal de Educação - SME","SRC da camada":"EPSG:4326 - WGS 84","Codificação":"UTF-8"}},{"type":"Feature","id":"vw_ParqueEscolarMunicipal_2023.fid-5656ca56_19a5f394e75_6a30","geometry":{"type":"Point","coordinates":[-38.55237583,-3.84291994]},"geometry_name":"geom","properties":{"id":375,"fid":375,"Tipo":"CEI","Título":"CENTRO DE EDUCAÇÃO INFANTIL","Nome":"PROFESSOR CARLOS ROBERTO MARTINS RODRIGUES","Seriação":"I-1,2,3","Faixa etária":"1 A 5 ANOS","Distrito":4,"Endereço":"RUA 16C, S/N","Bairro":"PREFEITO JOSÉ WALTER","Código do bairro":89,"CEP":"60748-445","Regional":"SER 8","INEP":23070056,"CODSGE":917,"6 mees":"NÃO","1 ano":"SIM","2 anos":"SIM","3 anos":"SIM","4 anos":"SIM","5 anos":"SIM","6 anos":"NÃO","7 anos":"NÃO","8 anos":"NÃO","9 anos":"NÃO","10 anos":"NÃO","11 anos":"NÃO","12 anos":"NÃO","13 anos":"NÃO","14 anos":"NÃO","Ano":2023,"Fonte":"Secretaria Municipal de Educação - SME","SRC da camada":"EPSG:4326 - WGS 84","Codificação":"UTF-8"}},{"type":"Feature","id":"vw_ParqueEscolarMunicipal_2023.fid-5656ca56_19a5f394e75_6a31","geometry":{"type":"Point","coordinates":[-38.55479668,-3.84299657]},"geometry_name":"geom","properties":{"id":376,"fid":376,"Tipo":"CEI","Título":"CENTRO DE EDUCAÇÃO INFANTIL","Nome":"MARIA LETÍCIA MOTA MOREIRA","Seriação":"I-1,2,3","Faixa etária":"1 A 5 ANOS","Distrito":4,"Endereço":"RUA 15C, S/N","Bairro":"PREFEITO JOSÉ WALTER","Código do bairro":89,"CEP":"60748-444","Regional":"SER 8","INEP":23257520,"CODSGE":916,"6 mees":"NÃO","1 ano":"SIM","2 anos":"SIM","3 anos":"SIM","4 anos":"SIM","5 anos":"SIM","6 anos":"NÃO","7 anos":"NÃO","8 anos":"NÃO","9 anos":"NÃO","10 anos":"NÃO","11 anos":"NÃO","12 anos":"NÃO","13 anos":"NÃO","14 anos":"NÃO","Ano":2023,"Fonte":"Secretaria Municipal de Educação - SME","SRC da camada":"EPSG:4326 - WGS 84","Codificação":"UTF-8"}},{"type":"Feature","id":"vw_ParqueEscolarMunicipal_2023.fid-5656ca56_19a5f394e75_6a32","geometry":{"type":"Point","coordinates":[-38.5605363,-3.81323733]},"geometry_name":"geom","properties":{"id":377,"fid":377,"Tipo":"CRP","Título":"CRECHE PARCEIRA","Nome":"TIA LELEU","Seriação":"I-1,2,3","Faixa etária":"1 A 3 ANOS","Distrito":5,"Endereço":"RUA FRIÉZIO BARROSO, 326","Bairro":"MONDUBIM","Código do bairro":83,"CEP":"60761-570","Regional":"SER 10","INEP":23280115,"CODSGE":897,"6 mees":"NÃO","1 ano":"SIM","2 anos":"SIM","3 anos":"SIM","4 anos":"NÃO","5 anos":"NÃO","6 anos":"NÃO","7 anos":"NÃO","8 anos":"NÃO","9 anos":"NÃO","10 anos":"NÃO","11 anos":"NÃO","12 anos":"NÃO","13 anos":"NÃO","14 anos":"NÃO","Ano":2023,"Fonte":"Secretaria Municipal de Educação - SME","SRC da camada":"EPSG:4326 - WGS 84","Codificação":"UTF-8"}},{"type":"Feature","id":"vw_ParqueEscolarMunicipal_2023.fid-5656ca56_19a5f394e75_6a33","geometry":{"type":"Point","coordinates":[-38.5759992,-3.83637409]},"geometry_name":"geom","properties":{"id":378,"fid":378,"Tipo":"EMTP","Título":"ESCOLA MUNICIPAL","Nome":"MARIA MARQUES CEDRO","Seriação":"I-4,5/F-1,2","Faixa etária":"4 A 7 ANOS","Distrito":4,"Endereço":"RUA DO SOL, 285","Bairro":"PLANALTO AYRTON SENNA","Código do bairro":116,"CEP":"60766-160","Regional":"SER 8","INEP":23330015,"CODSGE":891,"6 mees":"NÃO","1 ano":"NÃO","2 anos":"NÃO","3 anos":"NÃO","4 anos":"SIM","5 anos":"SIM","6 anos":"SIM","7 anos":"SIM","8 anos":"NÃO","9 anos":"NÃO","10 anos":"NÃO","11 anos":"NÃO","12 anos":"NÃO","13 anos":"NÃO","14 anos":"NÃO","Ano":2023,"Fonte":"Secretaria Municipal de Educação - SME","SRC da camada":"EPSG:4326 - WGS 84","Codificação":"UTF-8"}},{"type":"Feature","id":"vw_ParqueEscolarMunicipal_2023.fid-5656ca56_19a5f394e75_6a34","geometry":{"type":"Point","coordinates":[-38.57837428,-3.83866013]},"geometry_name":"geom","properties":{"id":379,"fid":379,"Tipo":"EMTP","Título":"ESCOLA MUNICIPAL","Nome":"MARIA ROCHELLE DA SILVA","Seriação":"F-3,4,5,6,7,8,9","Faixa etária":"8 A 14 ANOS","Distrito":4,"Endereço":"RUA DELMIRO JÚNIOR, 50","Bairro":"PLANALTO AYRTON SENNA","Código do bairro":116,"CEP":"60766-455","Regional":"SER 8","INEP":23213140,"CODSGE":890,"6 mees":"NÃO","1 ano":"NÃO","2 anos":"NÃO","3 anos":"NÃO","4 anos":"NÃO","5 anos":"NÃO","6 anos":"NÃO","7 anos":"NÃO","8 anos":"SIM","9 anos":"SIM","10 anos":"SIM","11 anos":"SIM","12 anos":"SIM","13 anos":"SIM","14 anos":"SIM","Ano":2023,"Fonte":"Secretaria Municipal de Educação - SME","SRC da camada":"EPSG:4326 - WGS 84","Codificação":"UTF-8"}},{"type":"Feature","id":"vw_ParqueEscolarMunicipal_2023.fid-5656ca56_19a5f394e75_6a35","geometry":{"type":"Point","coordinates":[-38.57790422,-3.83534623]},"geometry_name":"geom","properties":{"id":380,"fid":380,"Tipo":"EMTP","Título":"ESCOLA MUNICIPAL","Nome":"JORNALISTA DURVAL AIRES","Seriação":"F-6,7,8,9","Faixa etária":"11 A 14 ANOS","Distrito":4,"Endereço":"RUA DO SOL, 522","Bairro":"PLANALTO AYRTON SENNA","Código do bairro":116,"CEP":"60766-160","Regional":"SER 8","INEP":23080124,"CODSGE":888,"6 mees":"NÃO","1 ano":"NÃO","2 anos":"NÃO","3 anos":"NÃO","4 anos":"NÃO","5 anos":"NÃO","6 anos":"NÃO","7 anos":"NÃO","8 anos":"NÃO","9 anos":"NÃO","10 anos":"NÃO","11 anos":"SIM","12 anos":"SIM","13 anos":"SIM","14 anos":"SIM","Ano":2023,"Fonte":"Secretaria Municipal de Educação - SME","SRC da camada":"EPSG:4326 - WGS 84","Codificação":"UTF-8"}},{"type":"Feature","id":"vw_ParqueEscolarMunicipal_2023.fid-5656ca56_19a5f394e75_6a36","geometry":{"type":"Point","coordinates":[-38.58060402,-3.83807028]},"geometry_name":"geom","properties":{"id":381,"fid":381,"Tipo":"EMTP","Título":"ESCOLA MUNICIPAL","Nome":"HEITOR VILLA LOBOS","Seriação":"F-1,2,3,4,5","Faixa etária":"6 A 10 ANOS","Distrito":4,"Endereço":"AV. NOVA FORTALEZA, 1635","Bairro":"PLANALTO AYRTON SENNA","Código do bairro":116,"CEP":"60766-680","Regional":"SER 8","INEP":23222964,"CODSGE":887,"6 mees":"NÃO","1 ano":"NÃO","2 anos":"NÃO","3 anos":"NÃO","4 anos":"NÃO","5 anos":"NÃO","6 anos":"SIM","7 anos":"SIM","8 anos":"SIM","9 anos":"SIM","10 anos":"SIM","11 anos":"NÃO","12 anos":"NÃO","13 anos":"NÃO","14 anos":"NÃO","Ano":2023,"Fonte":"Secretaria Municipal de Educação - SME","SRC da camada":"EPSG:4326 - WGS 84","Codificação":"UTF-8"}},{"type":"Feature","id":"vw_ParqueEscolarMunicipal_2023.fid-5656ca56_19a5f394e75_6a37","geometry":{"type":"Point","coordinates":[-38.55541928,-3.82941785]},"geometry_name":"geom","properties":{"id":382,"fid":382,"Tipo":"EMTP","Título":"ESCOLA MUNICIPAL","Nome":"NELSON MANDELA","Seriação":"F-6,7,8,9","Faixa etária":"11 A 14 ANOS","Distrito":4,"Endereço":"AV. C, 435","Bairro":"PREFEITO JOSÉ WALTER","Código do bairro":89,"CEP":"60750-020","Regional":"SER 8","INEP":23273755,"CODSGE":874,"6 mees":"NÃO","1 ano":"NÃO","2 anos":"NÃO","3 anos":"NÃO","4 anos":"NÃO","5 anos":"NÃO","6 anos":"NÃO","7 anos":"NÃO","8 anos":"NÃO","9 anos":"NÃO","10 anos":"NÃO","11 anos":"SIM","12 anos":"SIM","13 anos":"SIM","14 anos":"SIM","Ano":2023,"Fonte":"Secretaria Municipal de Educação - SME","SRC da camada":"EPSG:4326 - WGS 84","Codificação":"UTF-8"}},{"type":"Feature","id":"vw_ParqueEscolarMunicipal_2023.fid-5656ca56_19a5f394e75_6a38","geometry":{"type":"Point","coordinates":[-38.56575934,-3.82275533]},"geometry_name":"geom","properties":{"id":383,"fid":383,"Tipo":"EMTI","Título":"ESCOLA MUNICIPAL DE TEMPO INTEGRAL","Nome":"HILDETE BRASIL DE SÁ CAVALCANTE","Seriação":"F-6,7,8,9","Faixa etária":"11 A 14 ANOS","Distrito":5,"Endereço":"RUA E, S/N (RES. MARCOS FREIRE)","Bairro":"MONDUBIM","Código do bairro":83,"CEP":"60762-595","Regional":"SER 10","INEP":23273747,"CODSGE":871,"6 mees":"NÃO","1 ano":"NÃO","2 anos":"NÃO","3 anos":"NÃO","4 anos":"NÃO","5 anos":"NÃO","6 anos":"NÃO","7 anos":"NÃO","8 anos":"NÃO","9 anos":"NÃO","10 anos":"NÃO","11 anos":"SIM","12 anos":"SIM","13 anos":"SIM","14 anos":"SIM","Ano":2023,"Fonte":"Secretaria Municipal de Educação - SME","SRC da camada":"EPSG:4326 - WGS 84","Codificação":"UTF-8"}},{"type":"Feature","id":"vw_ParqueEscolarMunicipal_2023.fid-5656ca56_19a5f394e75_6a39","geometry":{"type":"Point","coordinates":[-38.56178154,-3.81479265]},"geometry_name":"geom","properties":{"id":384,"fid":384,"Tipo":"CRP","Título":"CRECHE PARCEIRA","Nome":"ALEGRIA DE CRIANÇA","Seriação":"I-1,2,3","Faixa etária":"1 A 3 ANOS","Distrito":5,"Endereço":"RUA DR. RAIMUNDO MAIA, 433","Bairro":"MONDUBIM","Código do bairro":83,"CEP":"60761-520","Regional":"SER 10","INEP":23280387,"CODSGE":847,"6 mees":"NÃO","1 ano":"SIM","2 anos":"SIM","3 anos":"SIM","4 anos":"NÃO","5 anos":"NÃO","6 anos":"NÃO","7 anos":"NÃO","8 anos":"NÃO","9 anos":"NÃO","10 anos":"NÃO","11 anos":"NÃO","12 anos":"NÃO","13 anos":"NÃO","14 anos":"NÃO","Ano":2023,"Fonte":"Secretaria Municipal de Educação - SME","SRC da camada":"EPSG:4326 - WGS 84","Codificação":"UTF-8"}},{"type":"Feature","id":"vw_ParqueEscolarMunicipal_2023.fid-5656ca56_19a5f394e75_6a3a","geometry":{"type":"Point","coordinates":[-38.57531352,-3.83652111]},"geometry_name":"geom","properties":{"id":385,"fid":385,"Tipo":"CRP","Título":"CRECHE PARCEIRA","Nome":"CRIANÇA ESPERANÇA II","Seriação":"I-1,2,3","Faixa etária":"1 A 3 ANOS","Distrito":4,"Endereço":"RUA DO SOL, 205","Bairro":"PLANALTO AYRTON SENNA","Código do bairro":116,"CEP":"60766-160","Regional":"SER 8","INEP":23280344,"CODSGE":846,"6 mees":"NÃO","1 ano":"SIM","2 anos":"SIM","3 anos":"SIM","4 anos":"NÃO","5 anos":"NÃO","6 anos":"NÃO","7 anos":"NÃO","8 anos":"NÃO","9 anos":"NÃO","10 anos":"NÃO","11 anos":"NÃO","12 anos":"NÃO","13 anos":"NÃO","14 anos":"NÃO","Ano":2023,"Fonte":"Secretaria Municipal de Educação - SME","SRC da camada":"EPSG:4326 - WGS 84","Codificação":"UTF-8"}},{"type":"Feature","id":"vw_ParqueEscolarMunicipal_2023.fid-5656ca56_19a5f394e75_6a3b","geometry":{"type":"Point","coordinates":[-38.53909015,-3.78472879]},"geometry_name":"geom","properties":{"id":386,"fid":386,"Tipo":"CEI","Título":"CENTRO DE EDUCAÇÃO INFANTIL","Nome":"PROFESSORA HELEY DE ABREU SILVA BATISTA","Seriação":"I-1,2,3","Faixa etária":"1 A 3 ANOS","Distrito":4,"Endereço":"RUA PARAGUAÇU, S/N","Bairro":"SERRINHA","Código do bairro":107,"CEP":"60742-755","Regional":"SER 8","INEP":23198486,"CODSGE":839,"6 mees":"NÃO","1 ano":"SIM","2 anos":"SIM","3 anos":"SIM","4 anos":"NÃO","5 anos":"NÃO","6 anos":"NÃO","7 anos":"NÃO","8 anos":"NÃO","9 anos":"NÃO","10 anos":"NÃO","11 anos":"NÃO","12 anos":"NÃO","13 anos":"NÃO","14 anos":"NÃO","Ano":2023,"Fonte":"Secretaria Municipal de Educação - SME","SRC da camada":"EPSG:4326 - WGS 84","Codificação":"UTF-8"}},{"type":"Feature","id":"vw_ParqueEscolarMunicipal_2023.fid-5656ca56_19a5f394e75_6a3c","geometry":{"type":"Point","coordinates":[-38.58376926,-3.75650555]},"geometry_name":"geom","properties":{"id":387,"fid":387,"Tipo":"CRP","Título":"CRECHE PARCEIRA","Nome":"MARIA DA HORA","Seriação":"I-1,2,3","Faixa etária":"1 A 3 ANOS","Distrito":3,"Endereço":"AV. CEL. DE MATOS DOURADO, 397","Bairro":"HENRIQUE JORGE","Código do bairro":45,"CEP":"60521-063","Regional":"SER 11","INEP":23279419,"CODSGE":553,"6 mees":"NÃO","1 ano":"SIM","2 anos":"SIM","3 anos":"SIM","4 anos":"NÃO","5 anos":"NÃO","6 anos":"NÃO","7 anos":"NÃO","8 anos":"NÃO","9 anos":"NÃO","10 anos":"NÃO","11 anos":"NÃO","12 anos":"NÃO","13 anos":"NÃO","14 anos":"NÃO","Ano":2023,"Fonte":"Secretaria Municipal de Educação - SME","SRC da camada":"EPSG:4326 - WGS 84","Codificação":"UTF-8"}},{"type":"Feature","id":"vw_ParqueEscolarMunicipal_2023.fid-5656ca56_19a5f394e75_6a3d","geometry":{"type":"Point","coordinates":[-38.56985986,-3.72952832]},"geometry_name":"geom","properties":{"id":388,"fid":388,"Tipo":"CRP","Título":"CRECHE PARCEIRA","Nome":"VÓ MARIA DA PENHA","Seriação":"I-2,3","Faixa etária":"2 E 3 ANOS","Distrito":3,"Endereço":"QUADRA E, 136 (CONJUNTO CASTELO BRANCO)","Bairro":"PRESIDENTE KENNEDY","Código do bairro":33,"CEP":"60357-240","Regional":"SER 3","INEP":23279842,"CODSGE":881,"6 mees":"NÃO","1 ano":"NÃO","2 anos":"SIM","3 anos":"SIM","4 anos":"NÃO","5 anos":"NÃO","6 anos":"NÃO","7 anos":"NÃO","8 anos":"NÃO","9 anos":"NÃO","10 anos":"NÃO","11 anos":"NÃO","12 anos":"NÃO","13 anos":"NÃO","14 anos":"NÃO","Ano":2023,"Fonte":"Secretaria Municipal de Educação - SME","SRC da camada":"EPSG:4326 - WGS 84","Codificação":"UTF-8"}},{"type":"Feature","id":"vw_ParqueEscolarMunicipal_2023.fid-5656ca56_19a5f394e75_6a3e","geometry":{"type":"Point","coordinates":[-38.59545382,-3.74514916]},"geometry_name":"geom","properties":{"id":389,"fid":389,"Tipo":"CRP","Título":"CRECHE PARCEIRA","Nome":"SEMEANDO O SABER","Seriação":"I-1,2,3","Faixa etária":"1 A 3 ANOS","Distrito":3,"Endereço":"RUA MAJOR CELESTINO, 1040","Bairro":"ANTÔNIO BEZERRA","Código do bairro":40,"CEP":"60361-030","Regional":"SER 3","INEP":23279443,"CODSGE":844,"6 mees":"NÃO","1 ano":"SIM","2 anos":"SIM","3 anos":"SIM","4 anos":"NÃO","5 anos":"NÃO","6 anos":"NÃO","7 anos":"NÃO","8 anos":"NÃO","9 anos":"NÃO","10 anos":"NÃO","11 anos":"NÃO","12 anos":"NÃO","13 anos":"NÃO","14 anos":"NÃO","Ano":2023,"Fonte":"Secretaria Municipal de Educação - SME","SRC da camada":"EPSG:4326 - WGS 84","Codificação":"UTF-8"}},{"type":"Feature","id":"vw_ParqueEscolarMunicipal_2023.fid-5656ca56_19a5f394e75_6a3f","geometry":{"type":"Point","coordinates":[-38.58158077,-3.73984277]},"geometry_name":"geom","properties":{"id":390,"fid":390,"Tipo":"CEI","Título":"CENTRO DE EDUCAÇÃO INFANTIL","Nome":"ALTAMIR FERNANDES CORREA LEITE","Seriação":"I-1,2,3","Faixa etária":"1 A 3 ANOS","Distrito":3,"Endereço":"TRAV. QUÊNIA, 50","Bairro":"PADRE ANDRADE","Código do bairro":47,"CEP":"60360-436","Regional":"SER 3","INEP":23075058,"CODSGE":827,"6 mees":"NÃO","1 ano":"SIM","2 anos":"SIM","3 anos":"SIM","4 anos":"NÃO","5 anos":"NÃO","6 anos":"NÃO","7 anos":"NÃO","8 anos":"NÃO","9 anos":"NÃO","10 anos":"NÃO","11 anos":"NÃO","12 anos":"NÃO","13 anos":"NÃO","14 anos":"NÃO","Ano":2023,"Fonte":"Secretaria Municipal de Educação - SME","SRC da camada":"EPSG:4326 - WGS 84","Codificação":"UTF-8"}},{"type":"Feature","id":"vw_ParqueEscolarMunicipal_2023.fid-5656ca56_19a5f394e75_6a40","geometry":{"type":"Point","coordinates":[-38.59675763,-3.76816014]},"geometry_name":"geom","properties":{"id":391,"fid":391,"Tipo":"CEI","Título":"CENTRO DE EDUCAÇÃO INFANTIL","Nome":"MARIA TEREZINHA DE CARVALHO HOLANDA","Seriação":"I-3,4,5","Faixa etária":"3 A 5 ANOS","Distrito":3,"Endereço":"AV I, S/N","Bairro":"GENIBAÚ","Código do bairro":44,"CEP":"60534-193","Regional":"SER 11","INEP":23233834,"CODSGE":766,"6 mees":"NÃO","1 ano":"NÃO","2 anos":"NÃO","3 anos":"SIM","4 anos":"SIM","5 anos":"SIM","6 anos":"NÃO","7 anos":"NÃO","8 anos":"NÃO","9 anos":"NÃO","10 anos":"NÃO","11 anos":"NÃO","12 anos":"NÃO","13 anos":"NÃO","14 anos":"NÃO","Ano":2023,"Fonte":"Secretaria Municipal de Educação - SME","SRC da camada":"EPSG:4326 - WGS 84","Codificação":"UTF-8"}},{"type":"Feature","id":"vw_ParqueEscolarMunicipal_2023.fid-5656ca56_19a5f394e75_6a41","geometry":{"type":"Point","coordinates":[-38.60320598,-3.7608472]},"geometry_name":"geom","properties":{"id":392,"fid":392,"Tipo":"EMTP","Título":"ESCOLA MUNICIPAL","Nome":"IRMÃ MARIA EVANETE","Seriação":"I-4,5/F-1,2,3,4,5","Faixa etária":"4 A 10 ANOS","Distrito":3,"Endereço":"AV. D, 1015","Bairro":"GENIBAÚ","Código do bairro":44,"CEP":"60533-621","Regional":"SER 11","INEP":23233834,"CODSGE":328,"6 mees":"NÃO","1 ano":"NÃO","2 anos":"NÃO","3 anos":"NÃO","4 anos":"SIM","5 anos":"SIM","6 anos":"SIM","7 anos":"SIM","8 anos":"SIM","9 anos":"SIM","10 anos":"SIM","11 anos":"NÃO","12 anos":"NÃO","13 anos":"NÃO","14 anos":"NÃO","Ano":2023,"Fonte":"Secretaria Municipal de Educação - SME","SRC da camada":"EPSG:4326 - WGS 84","Codificação":"UTF-8"}},{"type":"Feature","id":"vw_ParqueEscolarMunicipal_2023.fid-5656ca56_19a5f394e75_6a42","geometry":{"type":"Point","coordinates":[-38.59988042,-3.76273181]},"geometry_name":"geom","properties":{"id":393,"fid":393,"Tipo":"EMTP","Título":"ESCOLA MUNICIPAL","Nome":"PROFESSOR AMÉRICO BARREIRA","Seriação":"F-6,7,8,9","Faixa etária":"11 A 14 ANOS","Distrito":3,"Endereço":"RUA RICARDO PONTES, 529","Bairro":"GENIBAÚ","Código do bairro":44,"CEP":"60534-020","Regional":"SER 11","INEP":23065125,"CODSGE":275,"6 mees":"NÃO","1 ano":"NÃO","2 anos":"NÃO","3 anos":"NÃO","4 anos":"NÃO","5 anos":"NÃO","6 anos":"NÃO","7 anos":"NÃO","8 anos":"NÃO","9 anos":"NÃO","10 anos":"NÃO","11 anos":"SIM","12 anos":"SIM","13 anos":"SIM","14 anos":"SIM","Ano":2023,"Fonte":"Secretaria Municipal de Educação - SME","SRC da camada":"EPSG:4326 - WGS 84","Codificação":"UTF-8"}},{"type":"Feature","id":"vw_ParqueEscolarMunicipal_2023.fid-5656ca56_19a5f394e75_6a43","geometry":{"type":"Point","coordinates":[-38.59634154,-3.76269726]},"geometry_name":"geom","properties":{"id":394,"fid":394,"Tipo":"EMTP","Título":"ESCOLA MUNICIPAL","Nome":"MANOEL CAETANO DE SOUZA","Seriação":"I-4,5/F-1,2,3,4,5","Faixa etária":"4 A 10 ANOS","Distrito":3,"Endereço":"RUA SANTA LÚCIA, 211","Bairro":"GENIBAÚ","Código do bairro":44,"CEP":"60534-255","Regional":"SER 11","INEP":23271531,"CODSGE":124,"6 mees":"NÃO","1 ano":"NÃO","2 anos":"NÃO","3 anos":"NÃO","4 anos":"SIM","5 anos":"SIM","6 anos":"SIM","7 anos":"SIM","8 anos":"SIM","9 anos":"SIM","10 anos":"SIM","11 anos":"NÃO","12 anos":"NÃO","13 anos":"NÃO","14 anos":"NÃO","Ano":2023,"Fonte":"Secretaria Municipal de Educação - SME","SRC da camada":"EPSG:4326 - WGS 84","Codificação":"UTF-8"}},{"type":"Feature","id":"vw_ParqueEscolarMunicipal_2023.fid-5656ca56_19a5f394e75_6a44","geometry":{"type":"Point","coordinates":[-38.60302163,-3.75489681]},"geometry_name":"geom","properties":{"id":395,"fid":395,"Tipo":"EMTP","Título":"ESCOLA MUNICIPAL","Nome":"MURILO AGUIAR","Seriação":"I-5/F-1,2,3,4,5","Faixa etária":"5 A 10 ANOS","Distrito":3,"Endereço":"RUA 24 DE OUTUBRO, 655","Bairro":"GENIBAÚ","Código do bairro":44,"CEP":"60534-130","Regional":"SER 11","INEP":23075015,"CODSGE":185,"6 mees":"NÃO","1 ano":"NÃO","2 anos":"NÃO","3 anos":"NÃO","4 anos":"NÃO","5 anos":"SIM","6 anos":"SIM","7 anos":"SIM","8 anos":"SIM","9 anos":"SIM","10 anos":"SIM","11 anos":"NÃO","12 anos":"NÃO","13 anos":"NÃO","14 anos":"NÃO","Ano":2023,"Fonte":"Secretaria Municipal de Educação - SME","SRC da camada":"EPSG:4326 - WGS 84","Codificação":"UTF-8"}},{"type":"Feature","id":"vw_ParqueEscolarMunicipal_2023.fid-5656ca56_19a5f394e75_6a45","geometry":{"type":"Point","coordinates":[-38.6012467,-3.75358829]},"geometry_name":"geom","properties":{"id":396,"fid":396,"Tipo":"EMTP","Título":"ESCOLA MUNICIPAL","Nome":"JOÃO FREDERICO FERREIRA GOMES","Seriação":"I-4,5/F-1,2,3,4,5","Faixa etária":"4 A 10 ANOS","Distrito":3,"Endereço":"RUA JOSÉ MENDONÇA, 1150","Bairro":"GENIBAÚ","Código do bairro":44,"CEP":"60534-090","Regional":"SER 11","INEP":23257172,"CODSGE":305,"6 mees":"NÃO","1 ano":"NÃO","2 anos":"NÃO","3 anos":"NÃO","4 anos":"SIM","5 anos":"SIM","6 anos":"SIM","7 anos":"SIM","8 anos":"SIM","9 anos":"SIM","10 anos":"SIM","11 anos":"NÃO","12 anos":"NÃO","13 anos":"NÃO","14 anos":"NÃO","Ano":2023,"Fonte":"Secretaria Municipal de Educação - SME","SRC da camada":"EPSG:4326 - WGS 84","Codificação":"UTF-8"}},{"type":"Feature","id":"vw_ParqueEscolarMunicipal_2023.fid-5656ca56_19a5f394e75_6a46","geometry":{"type":"Point","coordinates":[-38.60042267,-3.74992355]},"geometry_name":"geom","properties":{"id":397,"fid":397,"Tipo":"CRP","Título":"CRECHE PARCEIRA","Nome":"SEMENTE DA LIBERDADE","Seriação":"I-2,3","Faixa etária":"2 E 3 ANOS","Distrito":3,"Endereço":"RUA MESTRE ANDRÉ, 155","Bairro":"GENIBAÚ","Código do bairro":44,"CEP":"60534-440","Regional":"SER 11","INEP":23279451,"CODSGE":563,"6 mees":"NÃO","1 ano":"NÃO","2 anos":"SIM","3 anos":"SIM","4 anos":"NÃO","5 anos":"NÃO","6 anos":"NÃO","7 anos":"NÃO","8 anos":"NÃO","9 anos":"NÃO","10 anos":"NÃO","11 anos":"NÃO","12 anos":"NÃO","13 anos":"NÃO","14 anos":"NÃO","Ano":2023,"Fonte":"Secretaria Municipal de Educação - SME","SRC da camada":"EPSG:4326 - WGS 84","Codificação":"UTF-8"}},{"type":"Feature","id":"vw_ParqueEscolarMunicipal_2023.fid-5656ca56_19a5f394e75_6a47","geometry":{"type":"Point","coordinates":[-38.60324962,-3.75602265]},"geometry_name":"geom","properties":{"id":398,"fid":398,"Tipo":"CEI","Título":"CENTRO DE EDUCAÇÃO INFANTIL","Nome":"MURILO AGUIAR","Seriação":"I-3,4,5","Faixa etária":"3 A 5 ANOS","Distrito":3,"Endereço":"RUA 24 DE OUTUBRO, 1063","Bairro":"GENIBAÚ","Código do bairro":44,"CEP":"60534-130","Regional":"SER 11","INEP":23075015,"CODSGE":490,"6 mees":"NÃO","1 ano":"NÃO","2 anos":"NÃO","3 anos":"SIM","4 anos":"SIM","5 anos":"SIM","6 anos":"NÃO","7 anos":"NÃO","8 anos":"NÃO","9 anos":"NÃO","10 anos":"NÃO","11 anos":"NÃO","12 anos":"NÃO","13 anos":"NÃO","14 anos":"NÃO","Ano":2023,"Fonte":"Secretaria Municipal de Educação - SME","SRC da camada":"EPSG:4326 - WGS 84","Codificação":"UTF-8"}},{"type":"Feature","id":"vw_ParqueEscolarMunicipal_2023.fid-5656ca56_19a5f394e75_6a48","geometry":{"type":"Point","coordinates":[-38.5622215,-3.75006399]},"geometry_name":"geom","properties":{"id":399,"fid":399,"Tipo":"EMTI","Título":"ESCOLA MUNICIPAL DE TEMPO INTEGRAL","Nome":"PROFESSOR JOSÉ JÚLIO DA PONTE","Seriação":"F-6,7,8,9","Faixa etária":"11 A 14 ANOS","Distrito":3,"Endereço":"RUA MÁRIO DE ANDRADE, S/N","Bairro":"BELA VISTA","Código do bairro":94,"CEP":"60442-132","Regional":"SER 11","INEP":23264780,"CODSGE":783,"6 mees":"NÃO","1 ano":"NÃO","2 anos":"NÃO","3 anos":"NÃO","4 anos":"NÃO","5 anos":"NÃO","6 anos":"NÃO","7 anos":"NÃO","8 anos":"NÃO","9 anos":"NÃO","10 anos":"NÃO","11 anos":"SIM","12 anos":"SIM","13 anos":"SIM","14 anos":"SIM","Ano":2023,"Fonte":"Secretaria Municipal de Educação - SME","SRC da camada":"EPSG:4326 - WGS 84","Codificação":"UTF-8"}},{"type":"Feature","id":"vw_ParqueEscolarMunicipal_2023.fid-5656ca56_19a5f394e75_6a49","geometry":{"type":"Point","coordinates":[-38.59201268,-3.75586521]},"geometry_name":"geom","properties":{"id":400,"fid":400,"Tipo":"CEI","Título":"CENTRO DE EDUCAÇÃO INFANTIL","Nome":"BERGSON GURJÃO FARIAS","Seriação":"I-4,5","Faixa etária":"3 A 5 ANOS","Distrito":3,"Endereço":"AV. SENADOR FERNANDES TÁVORA, 2500","Bairro":"DOM LUSTOSA","Código do bairro":43,"CEP":"60526-642","Regional":"SER 11","INEP":23546026,"CODSGE":779,"6 mees":"NÃO","1 ano":"NÃO","2 anos":"NÃO","3 anos":"NÃO","4 anos":"SIM","5 anos":"SIM","6 anos":"NÃO","7 anos":"NÃO","8 anos":"NÃO","9 anos":"NÃO","10 anos":"NÃO","11 anos":"NÃO","12 anos":"NÃO","13 anos":"NÃO","14 anos":"NÃO","Ano":2023,"Fonte":"Secretaria Municipal de Educação - SME","SRC da camada":"EPSG:4326 - WGS 84","Codificação":"UTF-8"}},{"type":"Feature","id":"vw_ParqueEscolarMunicipal_2023.fid-5656ca56_19a5f394e75_6a4a","geometry":{"type":"Point","coordinates":[-38.59522459,-3.75008114]},"geometry_name":"geom","properties":{"id":401,"fid":401,"Tipo":"CRP","Título":"CRECHE PARCEIRA","Nome":"ESPAÇO DA SABEDORIA","Seriação":"I-1,2,3","Faixa etária":"1 A 3 ANOS","Distrito":3,"Endereço":"RUA TOMÁS CAVALCANTE, 72","Bairro":"AUTRAN NUNES","Código do bairro":41,"CEP":"60526-550","Regional":"SER 11","INEP":23279788,"CODSGE":747,"6 mees":"NÃO","1 ano":"SIM","2 anos":"SIM","3 anos":"SIM","4 anos":"NÃO","5 anos":"NÃO","6 anos":"NÃO","7 anos":"NÃO","8 anos":"NÃO","9 anos":"NÃO","10 anos":"NÃO","11 anos":"NÃO","12 anos":"NÃO","13 anos":"NÃO","14 anos":"NÃO","Ano":2023,"Fonte":"Secretaria Municipal de Educação - SME","SRC da camada":"EPSG:4326 - WGS 84","Codificação":"UTF-8"}},{"type":"Feature","id":"vw_ParqueEscolarMunicipal_2023.fid-5656ca56_19a5f394e75_6a4b","geometry":{"type":"Point","coordinates":[-38.60203506,-3.73248077]},"geometry_name":"geom","properties":{"id":402,"fid":402,"Tipo":"CEI","Título":"CENTRO DE EDUCAÇÃO INFANTIL","Nome":"SÃO CARLOS","Seriação":"I-2,3,4","Faixa etária":"2 A 5 ANOS","Distrito":3,"Endereço":"RUA DOS PESCADORES, 188","Bairro":"QUINTINO CUNHA","Código do bairro":48,"CEP":"60352-640","Regional":"SER 3","INEP":23257075,"CODSGE":475,"6 mees":"NÃO","1 ano":"NÃO","2 anos":"SIM","3 anos":"SIM","4 anos":"SIM","5 anos":"SIM","6 anos":"NÃO","7 anos":"NÃO","8 anos":"NÃO","9 anos":"NÃO","10 anos":"NÃO","11 anos":"NÃO","12 anos":"NÃO","13 anos":"NÃO","14 anos":"NÃO","Ano":2023,"Fonte":"Secretaria Municipal de Educação - SME","SRC da camada":"EPSG:4326 - WGS 84","Codificação":"UTF-8"}},{"type":"Feature","id":"vw_ParqueEscolarMunicipal_2023.fid-5656ca56_19a5f394e75_6a4c","geometry":{"type":"Point","coordinates":[-38.57029864,-3.75054718]},"geometry_name":"geom","properties":{"id":403,"fid":403,"Tipo":"CRP","Título":"CRECHE PARCEIRA","Nome":"TIA MARIQUINHA","Seriação":"I-1,2,3","Faixa etária":"1 A 3 ANOS","Distrito":3,"Endereço":"RUA LORENA, 220","Bairro":"PICI","Código do bairro":106,"CEP":"60440-540","Regional":"SER 11","INEP":23280441,"CODSGE":575,"6 mees":"NÃO","1 ano":"SIM","2 anos":"SIM","3 anos":"SIM","4 anos":"NÃO","5 anos":"NÃO","6 anos":"NÃO","7 anos":"NÃO","8 anos":"NÃO","9 anos":"NÃO","10 anos":"NÃO","11 anos":"NÃO","12 anos":"NÃO","13 anos":"NÃO","14 anos":"NÃO","Ano":2023,"Fonte":"Secretaria Municipal de Educação - SME","SRC da camada":"EPSG:4326 - WGS 84","Codificação":"UTF-8"}},{"type":"Feature","id":"vw_ParqueEscolarMunicipal_2023.fid-5656ca56_19a5f394e75_6a4d","geometry":{"type":"Point","coordinates":[-38.58819426,-3.76480188]},"geometry_name":"geom","properties":{"id":404,"fid":404,"Tipo":"CEI","Título":"CENTRO DE EDUCAÇÃO INFANTIL","Nome":"SANTA MARIA","Seriação":"I-4,5","Faixa etária":"3 A 5 ANOS","Distrito":3,"Endereço":"RUA CUIABÁ, 1465","Bairro":"HENRIQUE JORGE","Código do bairro":45,"CEP":"60510-182","Regional":"SER 11","INEP":23187778,"CODSGE":489,"6 mees":"NÃO","1 ano":"NÃO","2 anos":"NÃO","3 anos":"NÃO","4 anos":"SIM","5 anos":"SIM","6 anos":"NÃO","7 anos":"NÃO","8 anos":"NÃO","9 anos":"NÃO","10 anos":"NÃO","11 anos":"NÃO","12 anos":"NÃO","13 anos":"NÃO","14 anos":"NÃO","Ano":2023,"Fonte":"Secretaria Municipal de Educação - SME","SRC da camada":"EPSG:4326 - WGS 84","Codificação":"UTF-8"}},{"type":"Feature","id":"vw_ParqueEscolarMunicipal_2023.fid-5656ca56_19a5f394e75_6a4e","geometry":{"type":"Point","coordinates":[-38.57997218,-3.73925122]},"geometry_name":"geom","properties":{"id":405,"fid":405,"Tipo":"EMTP","Título":"ESCOLA MUNICIPAL","Nome":"NARCISA BORGES","Seriação":"I-4,5/F-1,2,3,4,5","Faixa etária":"4 A 10 ANOS","Distrito":3,"Endereço":"TRAV. COSTA RICA, S/N","Bairro":"PADRE ANDRADE","Código do bairro":47,"CEP":"60360-490","Regional":"SER 3","INEP":23075058,"CODSGE":104,"6 mees":"NÃO","1 ano":"NÃO","2 anos":"NÃO","3 anos":"NÃO","4 anos":"SIM","5 anos":"SIM","6 anos":"SIM","7 anos":"SIM","8 anos":"SIM","9 anos":"SIM","10 anos":"SIM","11 anos":"NÃO","12 anos":"NÃO","13 anos":"NÃO","14 anos":"NÃO","Ano":2023,"Fonte":"Secretaria Municipal de Educação - SME","SRC da camada":"EPSG:4326 - WGS 84","Codificação":"UTF-8"}},{"type":"Feature","id":"vw_ParqueEscolarMunicipal_2023.fid-5656ca56_19a5f394e75_6a4f","geometry":{"type":"Point","coordinates":[-38.57777915,-3.77664697]},"geometry_name":"geom","properties":{"id":406,"fid":406,"Tipo":"EMTP","Título":"ESCOLA MUNICIPAL","Nome":"JOÃO PAULO I","Seriação":"I-4,5/F-1,2,3,4,5","Faixa etária":"4 A 10 ANOS","Distrito":5,"Endereço":"RUA LUÍS DE CASTRO, 254","Bairro":"BONSUCESSO","Código do bairro":73,"CEP":"60520-485","Regional":"SER 5","INEP":23272759,"CODSGE":283,"6 mees":"NÃO","1 ano":"NÃO","2 anos":"NÃO","3 anos":"NÃO","4 anos":"SIM","5 anos":"SIM","6 anos":"SIM","7 anos":"SIM","8 anos":"SIM","9 anos":"SIM","10 anos":"SIM","11 anos":"NÃO","12 anos":"NÃO","13 anos":"NÃO","14 anos":"NÃO","Ano":2023,"Fonte":"Secretaria Municipal de Educação - SME","SRC da camada":"EPSG:4326 - WGS 84","Codificação":"UTF-8"}},{"type":"Feature","id":"vw_ParqueEscolarMunicipal_2023.fid-5656ca56_19a5f394e75_6a50","geometry":{"type":"Point","coordinates":[-38.58936575,-3.78823771]},"geometry_name":"geom","properties":{"id":407,"fid":407,"Tipo":"EMTI","Título":"ESCOLA MUNICIPAL DE TEMPO INTEGRAL","Nome":"MARIA DO SOCORRO ALVES CARNEIRO","Seriação":"F-6,7,8,9","Faixa etária":"11 A 14 ANOS","Distrito":5,"Endereço":"AV. LUIZ VIEIRA, 1020","Bairro":"BONSUCESSO","Código do bairro":73,"CEP":"60730-230","Regional":"SER 5","INEP":23262613,"CODSGE":112,"6 mees":"NÃO","1 ano":"NÃO","2 anos":"NÃO","3 anos":"NÃO","4 anos":"NÃO","5 anos":"NÃO","6 anos":"NÃO","7 anos":"NÃO","8 anos":"NÃO","9 anos":"NÃO","10 anos":"NÃO","11 anos":"SIM","12 anos":"SIM","13 anos":"SIM","14 anos":"SIM","Ano":2023,"Fonte":"Secretaria Municipal de Educação - SME","SRC da camada":"EPSG:4326 - WGS 84","Codificação":"UTF-8"}},{"type":"Feature","id":"vw_ParqueEscolarMunicipal_2023.fid-5656ca56_19a5f394e75_6a51","geometry":{"type":"Point","coordinates":[-38.58782432,-3.78414052]},"geometry_name":"geom","properties":{"id":408,"fid":408,"Tipo":"EMTP","Título":"ESCOLA MUNICIPAL","Nome":"ANTÔNIO DIOGO DE SIQUEIRA","Seriação":"I-4,5/F-1,2,3,4,5","Faixa etária":"4 A 10 ANOS","Distrito":5,"Endereço":"RUA ANSELMO NOGUEIRA, 655","Bairro":"BONSUCESSO","Código do bairro":73,"CEP":"60545-360","Regional":"SER 5","INEP":23065311,"CODSGE":213,"6 mees":"NÃO","1 ano":"NÃO","2 anos":"NÃO","3 anos":"NÃO","4 anos":"SIM","5 anos":"SIM","6 anos":"SIM","7 anos":"SIM","8 anos":"SIM","9 anos":"SIM","10 anos":"SIM","11 anos":"NÃO","12 anos":"NÃO","13 anos":"NÃO","14 anos":"NÃO","Ano":2023,"Fonte":"Secretaria Municipal de Educação - SME","SRC da camada":"EPSG:4326 - WGS 84","Codificação":"UTF-8"}},{"type":"Feature","id":"vw_ParqueEscolarMunicipal_2023.fid-5656ca56_19a5f394e75_6a52","geometry":{"type":"Point","coordinates":[-38.58980099,-3.78008186]},"geometry_name":"geom","properties":{"id":409,"fid":409,"Tipo":"EMTI","Título":"ESCOLA MUNICIPAL DE TEMPO INTEGRAL","Nome":"FRANCISCA FERNANDES MAGALHÃES","Seriação":"F-1,2,3,4,5","Faixa etária":"6 A 10 ANOS","Distrito":5,"Endereço":"RUA VITAL BRASIL, 1020","Bairro":"BONSUCESSO","Código do bairro":73,"CEP":"60541-705","Regional":"SER 5","INEP":23234440,"CODSGE":144,"6 mees":"NÃO","1 ano":"NÃO","2 anos":"NÃO","3 anos":"NÃO","4 anos":"NÃO","5 anos":"NÃO","6 anos":"SIM","7 anos":"SIM","8 anos":"SIM","9 anos":"SIM","10 anos":"SIM","11 anos":"NÃO","12 anos":"NÃO","13 anos":"NÃO","14 anos":"NÃO","Ano":2023,"Fonte":"Secretaria Municipal de Educação - SME","SRC da camada":"EPSG:4326 - WGS 84","Codificação":"UTF-8"}},{"type":"Feature","id":"vw_ParqueEscolarMunicipal_2023.fid-5656ca56_19a5f394e75_6a53","geometry":{"type":"Point","coordinates":[-38.59440339,-3.77633987]},"geometry_name":"geom","properties":{"id":410,"fid":410,"Tipo":"CEI","Título":"CENTRO DE EDUCAÇÃO INFANTIL","Nome":"ANTÔNIO DIOGO DE SIQUEIRA","Seriação":"I-3,4,5","Faixa etária":"3 A 5 ANOS","Distrito":5,"Endereço":"RUA MANUEL ANTÔNIO LEITE, 703","Bairro":"BONSUCESSO","Código do bairro":73,"CEP":"60545-300","Regional":"SER 5","INEP":23065311,"CODSGE":478,"6 mees":"NÃO","1 ano":"NÃO","2 anos":"NÃO","3 anos":"SIM","4 anos":"SIM","5 anos":"SIM","6 anos":"NÃO","7 anos":"NÃO","8 anos":"NÃO","9 anos":"NÃO","10 anos":"NÃO","11 anos":"NÃO","12 anos":"NÃO","13 anos":"NÃO","14 anos":"NÃO","Ano":2023,"Fonte":"Secretaria Municipal de Educação - SME","SRC da camada":"EPSG:4326 - WGS 84","Codificação":"UTF-8"}},{"type":"Feature","id":"vw_ParqueEscolarMunicipal_2023.fid-5656ca56_19a5f394e75_6a54","geometry":{"type":"Point","coordinates":[-38.58816724,-3.77563082]},"geometry_name":"geom","properties":{"id":411,"fid":411,"Tipo":"EMTP","Título":"ESCOLA MUNICIPAL","Nome":"PROFESSOR LUIZ RECAMONDE CAPELO","Seriação":"F-6,7,8,9","Faixa etária":"11 A 14 ANOS","Distrito":5,"Endereço":"RUA MARIA QUINTELA, 706","Bairro":"BONSUCESSO","Código do bairro":73,"CEP":"60520-790","Regional":"SER 5","INEP":23212543,"CODSGE":156,"6 mees":"NÃO","1 ano":"NÃO","2 anos":"NÃO","3 anos":"NÃO","4 anos":"NÃO","5 anos":"NÃO","6 anos":"NÃO","7 anos":"NÃO","8 anos":"NÃO","9 anos":"NÃO","10 anos":"NÃO","11 anos":"SIM","12 anos":"SIM","13 anos":"SIM","14 anos":"SIM","Ano":2023,"Fonte":"Secretaria Municipal de Educação - SME","SRC da camada":"EPSG:4326 - WGS 84","Codificação":"UTF-8"}},{"type":"Feature","id":"vw_ParqueEscolarMunicipal_2023.fid-5656ca56_19a5f394e75_6a55","geometry":{"type":"Point","coordinates":[-38.58618637,-3.77466421]},"geometry_name":"geom","properties":{"id":412,"fid":412,"Tipo":"EMTP","Título":"ESCOLA MUNICIPAL","Nome":"15 DE OUTUBRO","Seriação":"I-4,5/F-1,2,3,4,5","Faixa etária":"4 A 10 ANOS","Distrito":5,"Endereço":"RUA GUARANI, 2030","Bairro":"BONSUCESSO","Código do bairro":73,"CEP":"60520-494","Regional":"SER 5","INEP":23272740,"CODSGE":293,"6 mees":"NÃO","1 ano":"NÃO","2 anos":"NÃO","3 anos":"NÃO","4 anos":"SIM","5 anos":"SIM","6 anos":"SIM","7 anos":"SIM","8 anos":"SIM","9 anos":"SIM","10 anos":"SIM","11 anos":"NÃO","12 anos":"NÃO","13 anos":"NÃO","14 anos":"NÃO","Ano":2023,"Fonte":"Secretaria Municipal de Educação - SME","SRC da camada":"EPSG:4326 - WGS 84","Codificação":"UTF-8"}},{"type":"Feature","id":"vw_ParqueEscolarMunicipal_2023.fid-5656ca56_19a5f394e75_6a56","geometry":{"type":"Point","coordinates":[-38.5890204,-3.73150251]},"geometry_name":"geom","properties":{"id":413,"fid":413,"Tipo":"EMTP","Título":"ESCOLA MUNICIPAL","Nome":"PROFESSOR DENIZARD MACÊDO DE ALCÂNTARA","Seriação":"I-4,5/F-1,2,3,4,5","Faixa etária":"4 A 10 ANOS","Distrito":3,"Endereço":"RUA MATOSO FILHO, 450","Bairro":"OLAVO OLIVEIRA","Código do bairro":122,"CEP":"60351-365","Regional":"SER 3","INEP":23184680,"CODSGE":307,"6 mees":"NÃO","1 ano":"NÃO","2 anos":"NÃO","3 anos":"NÃO","4 anos":"SIM","5 anos":"SIM","6 anos":"SIM","7 anos":"SIM","8 anos":"SIM","9 anos":"SIM","10 anos":"SIM","11 anos":"NÃO","12 anos":"NÃO","13 anos":"NÃO","14 anos":"NÃO","Ano":2023,"Fonte":"Secretaria Municipal de Educação - SME","SRC da camada":"EPSG:4326 - WGS 84","Codificação":"UTF-8"}},{"type":"Feature","id":"vw_ParqueEscolarMunicipal_2023.fid-5656ca56_19a5f394e75_6a57","geometry":{"type":"Point","coordinates":[-38.59585923,-3.7494065]},"geometry_name":"geom","properties":{"id":414,"fid":414,"Tipo":"EMTP","Título":"ESCOLA MUNICIPAL","Nome":"AUTRAN NUNES","Seriação":"I-4,5/F-1,2,3,4,5","Faixa etária":"4 A 10 ANOS","Distrito":3,"Endereço":"RUA VIRGÍLIO BRANDÃO, S/N","Bairro":"AUTRAN NUNES","Código do bairro":41,"CEP":"60526-640","Regional":"SER 11","INEP":23065680,"CODSGE":90,"6 mees":"NÃO","1 ano":"NÃO","2 anos":"NÃO","3 anos":"NÃO","4 anos":"SIM","5 anos":"SIM","6 anos":"SIM","7 anos":"SIM","8 anos":"SIM","9 anos":"SIM","10 anos":"SIM","11 anos":"NÃO","12 anos":"NÃO","13 anos":"NÃO","14 anos":"NÃO","Ano":2023,"Fonte":"Secretaria Municipal de Educação - SME","SRC da camada":"EPSG:4326 - WGS 84","Codificação":"UTF-8"}},{"type":"Feature","id":"vw_ParqueEscolarMunicipal_2023.fid-5656ca56_19a5f394e75_6a58","geometry":{"type":"Point","coordinates":[-38.59251266,-3.74965505]},"geometry_name":"geom","properties":{"id":415,"fid":415,"Tipo":"EMTP","Título":"ESCOLA MUNICIPAL","Nome":"DOLORES ALCÂNTARA","Seriação":"F-6,7,8,9","Faixa etária":"11 A 14 ANOS","Distrito":3,"Endereço":"RUA AZEVEDO BARRETO, 33","Bairro":"AUTRAN NUNES","Código do bairro":41,"CEP":"60527-050","Regional":"SER 11","INEP":23067977,"CODSGE":206,"6 mees":"NÃO","1 ano":"NÃO","2 anos":"NÃO","3 anos":"NÃO","4 anos":"NÃO","5 anos":"NÃO","6 anos":"NÃO","7 anos":"NÃO","8 anos":"NÃO","9 anos":"NÃO","10 anos":"NÃO","11 anos":"SIM","12 anos":"SIM","13 anos":"SIM","14 anos":"SIM","Ano":2023,"Fonte":"Secretaria Municipal de Educação - SME","SRC da camada":"EPSG:4326 - WGS 84","Codificação":"UTF-8"}},{"type":"Feature","id":"vw_ParqueEscolarMunicipal_2023.fid-5656ca56_19a5f394e75_6a59","geometry":{"type":"Point","coordinates":[-38.59099518,-3.74986523]},"geometry_name":"geom","properties":{"id":416,"fid":416,"Tipo":"EMTP","Título":"ESCOLA MUNICIPAL","Nome":"SANTA LUZIA","Seriação":"I-5/F-1,2,3,4,5","Faixa etária":"5 A 10 ANOS","Distrito":3,"Endereço":"RUA CORONEL FRANCISCO BENTO, 16","Bairro":"DOM LUSTOSA","Código do bairro":43,"CEP":"60526-328","Regional":"SER 11","INEP":23257695,"CODSGE":244,"6 mees":"NÃO","1 ano":"NÃO","2 anos":"NÃO","3 anos":"NÃO","4 anos":"NÃO","5 anos":"SIM","6 anos":"SIM","7 anos":"SIM","8 anos":"SIM","9 anos":"SIM","10 anos":"SIM","11 anos":"NÃO","12 anos":"NÃO","13 anos":"NÃO","14 anos":"NÃO","Ano":2023,"Fonte":"Secretaria Municipal de Educação - SME","SRC da camada":"EPSG:4326 - WGS 84","Codificação":"UTF-8"}},{"type":"Feature","id":"vw_ParqueEscolarMunicipal_2023.fid-5656ca56_19a5f394e75_6a5a","geometry":{"type":"Point","coordinates":[-38.58260823,-3.75234269]},"geometry_name":"geom","properties":{"id":417,"fid":417,"Tipo":"CEI","Título":"CENTRO DE EDUCAÇÃO INFANTIL","Nome":"MURILO SERPA","Seriação":"I-4,5","Faixa etária":"3 A 5 ANOS","Distrito":3,"Endereço":"AV. CORONEL MATOS DOURADO, S/N","Bairro":"PICI","Código do bairro":106,"CEP":"60511-745","Regional":"SER 11","INEP":23257237,"CODSGE":442,"6 mees":"NÃO","1 ano":"NÃO","2 anos":"NÃO","3 anos":"NÃO","4 anos":"SIM","5 anos":"SIM","6 anos":"NÃO","7 anos":"NÃO","8 anos":"NÃO","9 anos":"NÃO","10 anos":"NÃO","11 anos":"NÃO","12 anos":"NÃO","13 anos":"NÃO","14 anos":"NÃO","Ano":2023,"Fonte":"Secretaria Municipal de Educação - SME","SRC da camada":"EPSG:4326 - WGS 84","Codificação":"UTF-8"}},{"type":"Feature","id":"vw_ParqueEscolarMunicipal_2023.fid-5656ca56_19a5f394e75_6a5b","geometry":{"type":"Point","coordinates":[-38.58395056,-3.75588313]},"geometry_name":"geom","properties":{"id":418,"fid":418,"Tipo":"EMTP","Título":"ESCOLA MUNICIPAL","Nome":"MURILO SERPA","Seriação":"F-1,2,3,4,5","Faixa etária":"6 A 10 ANOS","Distrito":3,"Endereço":"RUA MONSENHOR HIPÓLITO BRASIL, 1400","Bairro":"DOM LUSTOSA","Código do bairro":43,"CEP":"60526-055","Regional":"SER 11","INEP":23257237,"CODSGE":332,"6 mees":"NÃO","1 ano":"NÃO","2 anos":"NÃO","3 anos":"NÃO","4 anos":"NÃO","5 anos":"NÃO","6 anos":"SIM","7 anos":"SIM","8 anos":"SIM","9 anos":"SIM","10 anos":"SIM","11 anos":"NÃO","12 anos":"NÃO","13 anos":"NÃO","14 anos":"NÃO","Ano":2023,"Fonte":"Secretaria Municipal de Educação - SME","SRC da camada":"EPSG:4326 - WGS 84","Codificação":"UTF-8"}},{"type":"Feature","id":"vw_ParqueEscolarMunicipal_2023.fid-5656ca56_19a5f394e75_6a5c","geometry":{"type":"Point","coordinates":[-38.57767779,-3.76816309]},"geometry_name":"geom","properties":{"id":419,"fid":419,"Tipo":"EMTP","Título":"ESCOLA MUNICIPAL","Nome":"PRESIDENTE KENNEDY","Seriação":"F-6,7,8,9","Faixa etária":"11 A 14 ANOS","Distrito":3,"Endereço":"AV. LINEU MACHADO, 811","Bairro":"JÓQUEI CLUBE","Código do bairro":101,"CEP":"60520-101","Regional":"SER 11","INEP":23072911,"CODSGE":132,"6 mees":"NÃO","1 ano":"NÃO","2 anos":"NÃO","3 anos":"NÃO","4 anos":"NÃO","5 anos":"NÃO","6 anos":"NÃO","7 anos":"NÃO","8 anos":"NÃO","9 anos":"NÃO","10 anos":"NÃO","11 anos":"SIM","12 anos":"SIM","13 anos":"SIM","14 anos":"SIM","Ano":2023,"Fonte":"Secretaria Municipal de Educação - SME","SRC da camada":"EPSG:4326 - WGS 84","Codificação":"UTF-8"}},{"type":"Feature","id":"vw_ParqueEscolarMunicipal_2023.fid-5656ca56_19a5f394e75_6a5d","geometry":{"type":"Point","coordinates":[-38.58780328,-3.76449427]},"geometry_name":"geom","properties":{"id":420,"fid":420,"Tipo":"EMTP","Título":"ESCOLA MUNICIPAL","Nome":"SANTA MARIA","Seriação":"F-6,7,8,9","Faixa etária":"11 A 14 ANOS","Distrito":3,"Endereço":"RUA CUIABÁ, 1465","Bairro":"HENRIQUE JORGE","Código do bairro":45,"CEP":"60510-182","Regional":"SER 11","INEP":23187778,"CODSGE":186,"6 mees":"NÃO","1 ano":"NÃO","2 anos":"NÃO","3 anos":"NÃO","4 anos":"NÃO","5 anos":"NÃO","6 anos":"NÃO","7 anos":"NÃO","8 anos":"NÃO","9 anos":"NÃO","10 anos":"NÃO","11 anos":"SIM","12 anos":"SIM","13 anos":"SIM","14 anos":"SIM","Ano":2023,"Fonte":"Secretaria Municipal de Educação - SME","SRC da camada":"EPSG:4326 - WGS 84","Codificação":"UTF-8"}},{"type":"Feature","id":"vw_ParqueEscolarMunicipal_2023.fid-5656ca56_19a5f394e75_6a5e","geometry":{"type":"Point","coordinates":[-38.57922539,-3.76484103]},"geometry_name":"geom","properties":{"id":421,"fid":421,"Tipo":"EMTP","Título":"ESCOLA MUNICIPAL","Nome":"PROFESSOR JOSÉ SOBREIRA DE AMORIM","Seriação":"I-5/F-1,2,3,4,5","Faixa etária":"5 A 10 ANOS","Distrito":3,"Endereço":"RUA ESTRADA DO PICI, 1083","Bairro":"HENRIQUE JORGE","Código do bairro":45,"CEP":"60510-206","Regional":"SER 11","INEP":23072156,"CODSGE":215,"6 mees":"NÃO","1 ano":"NÃO","2 anos":"NÃO","3 anos":"NÃO","4 anos":"NÃO","5 anos":"SIM","6 anos":"SIM","7 anos":"SIM","8 anos":"SIM","9 anos":"SIM","10 anos":"SIM","11 anos":"NÃO","12 anos":"NÃO","13 anos":"NÃO","14 anos":"NÃO","Ano":2023,"Fonte":"Secretaria Municipal de Educação - SME","SRC da camada":"EPSG:4326 - WGS 84","Codificação":"UTF-8"}},{"type":"Feature","id":"vw_ParqueEscolarMunicipal_2023.fid-5656ca56_19a5f394e75_6a5f","geometry":{"type":"Point","coordinates":[-38.58595451,-3.77434501]},"geometry_name":"geom","properties":{"id":422,"fid":422,"Tipo":"EMTP","Título":"ESCOLA MUNICIPAL","Nome":"JOSÉ ALCIDES PINTO","Seriação":"F-6,7,8,9","Faixa etária":"11 A 14 ANOS","Distrito":5,"Endereço":"RUA GUARANI, 2000","Bairro":"BONSUCESSO","Código do bairro":73,"CEP":"60520-494","Regional":"SER 5","INEP":23244305,"CODSGE":95,"6 mees":"NÃO","1 ano":"NÃO","2 anos":"NÃO","3 anos":"NÃO","4 anos":"NÃO","5 anos":"NÃO","6 anos":"NÃO","7 anos":"NÃO","8 anos":"NÃO","9 anos":"NÃO","10 anos":"NÃO","11 anos":"SIM","12 anos":"SIM","13 anos":"SIM","14 anos":"SIM","Ano":2023,"Fonte":"Secretaria Municipal de Educação - SME","SRC da camada":"EPSG:4326 - WGS 84","Codificação":"UTF-8"}},{"type":"Feature","id":"vw_ParqueEscolarMunicipal_2023.fid-5656ca56_19a5f394e75_6a60","geometry":{"type":"Point","coordinates":[-38.59031643,-3.76803068]},"geometry_name":"geom","properties":{"id":423,"fid":423,"Tipo":"EMTP","Título":"ESCOLA MUNICIPAL","Nome":"DONA DAGMAR GENTIL","Seriação":"F-1,2,3,4,5","Faixa etária":"6 A 10 ANOS","Distrito":3,"Endereço":"RUA VITÓRIA, 1740","Bairro":"JOÃO XXIII","Código do bairro":46,"CEP":"60525-455","Regional":"SER 11","INEP":23067764,"CODSGE":91,"6 mees":"NÃO","1 ano":"NÃO","2 anos":"NÃO","3 anos":"NÃO","4 anos":"NÃO","5 anos":"NÃO","6 anos":"SIM","7 anos":"SIM","8 anos":"SIM","9 anos":"SIM","10 anos":"SIM","11 anos":"NÃO","12 anos":"NÃO","13 anos":"NÃO","14 anos":"NÃO","Ano":2023,"Fonte":"Secretaria Municipal de Educação - SME","SRC da camada":"EPSG:4326 - WGS 84","Codificação":"UTF-8"}},{"type":"Feature","id":"vw_ParqueEscolarMunicipal_2023.fid-5656ca56_19a5f394e75_6a61","geometry":{"type":"Point","coordinates":[-38.59217843,-3.75643471]},"geometry_name":"geom","properties":{"id":424,"fid":424,"Tipo":"EMTP","Título":"ESCOLA MUNICIPAL","Nome":"BERGSON GURJÃO FARIAS","Seriação":"I-5/F-1,2,3,4,5","Faixa etária":"5 A 10 ANOS","Distrito":3,"Endereço":"AV. SENADOR FERNANDES TÁVORA, 2500","Bairro":"DOM LUSTOSA","Código do bairro":43,"CEP":"60526-642","Regional":"SER 11","INEP":23546026,"CODSGE":93,"6 mees":"NÃO","1 ano":"NÃO","2 anos":"NÃO","3 anos":"NÃO","4 anos":"NÃO","5 anos":"SIM","6 anos":"SIM","7 anos":"SIM","8 anos":"SIM","9 anos":"SIM","10 anos":"SIM","11 anos":"NÃO","12 anos":"NÃO","13 anos":"NÃO","14 anos":"NÃO","Ano":2023,"Fonte":"Secretaria Municipal de Educação - SME","SRC da camada":"EPSG:4326 - WGS 84","Codificação":"UTF-8"}},{"type":"Feature","id":"vw_ParqueEscolarMunicipal_2023.fid-5656ca56_19a5f394e75_6a62","geometry":{"type":"Point","coordinates":[-38.57178663,-3.75712945]},"geometry_name":"geom","properties":{"id":425,"fid":425,"Tipo":"EMTP","Título":"ESCOLA MUNICIPAL","Nome":"JOSÉ BONIFÁCIO DE SOUSA","Seriação":"F-6,7,8,9","Faixa etária":"11 A 14 ANOS","Distrito":3,"Endereço":"RUA PERNAMBUCO, 600","Bairro":"PICI","Código do bairro":106,"CEP":"60440-140","Regional":"SER 11","INEP":23072245,"CODSGE":126,"6 mees":"NÃO","1 ano":"NÃO","2 anos":"NÃO","3 anos":"NÃO","4 anos":"NÃO","5 anos":"NÃO","6 anos":"NÃO","7 anos":"NÃO","8 anos":"NÃO","9 anos":"NÃO","10 anos":"NÃO","11 anos":"SIM","12 anos":"SIM","13 anos":"SIM","14 anos":"SIM","Ano":2023,"Fonte":"Secretaria Municipal de Educação - SME","SRC da camada":"EPSG:4326 - WGS 84","Codificação":"UTF-8"}},{"type":"Feature","id":"vw_ParqueEscolarMunicipal_2023.fid-5656ca56_19a5f394e75_6a63","geometry":{"type":"Point","coordinates":[-38.56662551,-3.74971575]},"geometry_name":"geom","properties":{"id":426,"fid":426,"Tipo":"EMTP","Título":"ESCOLA MUNICIPAL","Nome":"JOSÉ NAURI BRAGA","Seriação":"F-2,3,4,5","Faixa etária":"7 A 10 ANOS","Distrito":3,"Endereço":"RUA LILIA ABREU, 231","Bairro":"PICI","Código do bairro":106,"CEP":"60442-525","Regional":"SER 11","INEP":23245212,"CODSGE":102,"6 mees":"NÃO","1 ano":"NÃO","2 anos":"NÃO","3 anos":"NÃO","4 anos":"NÃO","5 anos":"NÃO","6 anos":"NÃO","7 anos":"SIM","8 anos":"SIM","9 anos":"SIM","10 anos":"SIM","11 anos":"NÃO","12 anos":"NÃO","13 anos":"NÃO","14 anos":"NÃO","Ano":2023,"Fonte":"Secretaria Municipal de Educação - SME","SRC da camada":"EPSG:4326 - WGS 84","Codificação":"UTF-8"}},{"type":"Feature","id":"vw_ParqueEscolarMunicipal_2023.fid-5656ca56_19a5f394e75_6a64","geometry":{"type":"Point","coordinates":[-38.56172346,-3.74926819]},"geometry_name":"geom","properties":{"id":427,"fid":427,"Tipo":"EMTP","Título":"ESCOLA MUNICIPAL","Nome":"NILSON HOLANDA","Seriação":"F-6,7,8,9","Faixa etária":"11 A 14 ANOS","Distrito":3,"Endereço":"RUA VIRIATO RIBEIRO, 890","Bairro":"BELA VISTA","Código do bairro":94,"CEP":"60442-642","Regional":"SER 11","INEP":23075120,"CODSGE":243,"6 mees":"NÃO","1 ano":"NÃO","2 anos":"NÃO","3 anos":"NÃO","4 anos":"NÃO","5 anos":"NÃO","6 anos":"NÃO","7 anos":"NÃO","8 anos":"NÃO","9 anos":"NÃO","10 anos":"NÃO","11 anos":"SIM","12 anos":"SIM","13 anos":"SIM","14 anos":"SIM","Ano":2023,"Fonte":"Secretaria Municipal de Educação - SME","SRC da camada":"EPSG:4326 - WGS 84","Codificação":"UTF-8"}},{"type":"Feature","id":"vw_ParqueEscolarMunicipal_2023.fid-5656ca56_19a5f394e75_6a65","geometry":{"type":"Point","coordinates":[-38.59062804,-3.73628024]},"geometry_name":"geom","properties":{"id":428,"fid":428,"Tipo":"EMTP","Título":"ESCOLA MUNICIPAL","Nome":"DEPUTADO GERÔNCIO BEZERRA","Seriação":"I-4,5/F-1,2","Faixa etária":"4 A 7 ANOS","Distrito":3,"Endereço":"TV. MANUEL NUNES, 42","Bairro":"ANTÔNIO BEZERRA","Código do bairro":40,"CEP":"60356-845","Regional":"SER 3","INEP":23272732,"CODSGE":329,"6 mees":"NÃO","1 ano":"NÃO","2 anos":"NÃO","3 anos":"NÃO","4 anos":"SIM","5 anos":"SIM","6 anos":"SIM","7 anos":"SIM","8 anos":"NÃO","9 anos":"NÃO","10 anos":"NÃO","11 anos":"NÃO","12 anos":"NÃO","13 anos":"NÃO","14 anos":"NÃO","Ano":2023,"Fonte":"Secretaria Municipal de Educação - SME","SRC da camada":"EPSG:4326 - WGS 84","Codificação":"UTF-8"}},{"type":"Feature","id":"vw_ParqueEscolarMunicipal_2023.fid-5656ca56_19a5f394e75_6a66","geometry":{"type":"Point","coordinates":[-38.5623656,-3.7494679]},"geometry_name":"geom","properties":{"id":429,"fid":429,"Tipo":"EMTP","Título":"ESCOLA MUNICIPAL","Nome":"DOM JOSÉ TUPINAMBÁ DA FROTA","Seriação":"I-4,5/F-1,2,3,4,5","Faixa etária":"4 A 10 ANOS","Distrito":3,"Endereço":"RUA VIRIATO RIBEIRO, 1031","Bairro":"BELA VISTA","Código do bairro":94,"CEP":"60442-642","Regional":"SER 11","INEP":23072555,"CODSGE":155,"6 mees":"NÃO","1 ano":"NÃO","2 anos":"NÃO","3 anos":"NÃO","4 anos":"SIM","5 anos":"SIM","6 anos":"SIM","7 anos":"SIM","8 anos":"SIM","9 anos":"SIM","10 anos":"SIM","11 anos":"NÃO","12 anos":"NÃO","13 anos":"NÃO","14 anos":"NÃO","Ano":2023,"Fonte":"Secretaria Municipal de Educação - SME","SRC da camada":"EPSG:4326 - WGS 84","Codificação":"UTF-8"}},{"type":"Feature","id":"vw_ParqueEscolarMunicipal_2023.fid-5656ca56_19a5f394e75_6a67","geometry":{"type":"Point","coordinates":[-38.55440601,-3.74532593]},"geometry_name":"geom","properties":{"id":430,"fid":430,"Tipo":"EMTP","Título":"ESCOLA MUNICIPAL","Nome":"SÃO RAIMUNDO","Seriação":"I-4,5/F-1,2,3,4,5","Faixa etária":"4 A 10 ANOS","Distrito":3,"Endereço":"RUA ALEXANDRÉ BARAÚNA, 1450","Bairro":"RODOLFO TEÓFILO","Código do bairro":34,"CEP":"60430-160","Regional":"SER 3","INEP":23257750,"CODSGE":288,"6 mees":"NÃO","1 ano":"NÃO","2 anos":"NÃO","3 anos":"NÃO","4 anos":"SIM","5 anos":"SIM","6 anos":"SIM","7 anos":"SIM","8 anos":"SIM","9 anos":"SIM","10 anos":"SIM","11 anos":"NÃO","12 anos":"NÃO","13 anos":"NÃO","14 anos":"NÃO","Ano":2023,"Fonte":"Secretaria Municipal de Educação - SME","SRC da camada":"EPSG:4326 - WGS 84","Codificação":"UTF-8"}},{"type":"Feature","id":"vw_ParqueEscolarMunicipal_2023.fid-5656ca56_19a5f394e75_6a68","geometry":{"type":"Point","coordinates":[-38.55737462,-3.74843005]},"geometry_name":"geom","properties":{"id":431,"fid":431,"Tipo":"EMTP","Título":"ESCOLA MUNICIPAL","Nome":"ANTÔNIO SALES","Seriação":"I-4,5/F-1,2,3,4,5","Faixa etária":"4 A 10 ANOS","Distrito":3,"Endereço":"RUA TAVARES IRACEMA, 675","Bairro":"RODOLFO TEÓFILO","Código do bairro":34,"CEP":"60430-070","Regional":"SER 3","INEP":23065397,"CODSGE":89,"6 mees":"NÃO","1 ano":"NÃO","2 anos":"NÃO","3 anos":"NÃO","4 anos":"SIM","5 anos":"SIM","6 anos":"SIM","7 anos":"SIM","8 anos":"SIM","9 anos":"SIM","10 anos":"SIM","11 anos":"NÃO","12 anos":"NÃO","13 anos":"NÃO","14 anos":"NÃO","Ano":2023,"Fonte":"Secretaria Municipal de Educação - SME","SRC da camada":"EPSG:4326 - WGS 84","Codificação":"UTF-8"}},{"type":"Feature","id":"vw_ParqueEscolarMunicipal_2023.fid-5656ca56_19a5f394e75_6a69","geometry":{"type":"Point","coordinates":[-38.56008174,-3.74537371]},"geometry_name":"geom","properties":{"id":432,"fid":432,"Tipo":"EMTP","Título":"ESCOLA MUNICIPAL","Nome":"MONSENHOR LINHARES","Seriação":"F-6,7,8,9","Faixa etária":"11 A 14 ANOS","Distrito":3,"Endereço":"RUA PROFESSOR LINO ENCARNAÇÃO, 1130","Bairro":"AMADEU FURTADO","Código do bairro":4,"CEP":"60455-515","Regional":"SER 3","INEP":23073080,"CODSGE":216,"6 mees":"NÃO","1 ano":"NÃO","2 anos":"NÃO","3 anos":"NÃO","4 anos":"NÃO","5 anos":"NÃO","6 anos":"NÃO","7 anos":"NÃO","8 anos":"NÃO","9 anos":"NÃO","10 anos":"NÃO","11 anos":"SIM","12 anos":"SIM","13 anos":"SIM","14 anos":"SIM","Ano":2023,"Fonte":"Secretaria Municipal de Educação - SME","SRC da camada":"EPSG:4326 - WGS 84","Codificação":"UTF-8"}},{"type":"Feature","id":"vw_ParqueEscolarMunicipal_2023.fid-5656ca56_19a5f394e75_6a6a","geometry":{"type":"Point","coordinates":[-38.56981923,-3.74909144]},"geometry_name":"geom","properties":{"id":433,"fid":433,"Tipo":"EMTP","Título":"ESCOLA MUNICIPAL","Nome":"PROFESSORA MARIA LIDUÍNA CORRÊA LEITE","Seriação":"I-4,5/F-1,2,3","Faixa etária":"4 A 8 ANOS","Distrito":3,"Endereço":"RUA FERNÃO MAGALHÃES, 120","Bairro":"PICI","Código do bairro":106,"CEP":"60440-550","Regional":"SER 11","INEP":23189681,"CODSGE":136,"6 mees":"NÃO","1 ano":"NÃO","2 anos":"NÃO","3 anos":"NÃO","4 anos":"SIM","5 anos":"SIM","6 anos":"SIM","7 anos":"SIM","8 anos":"SIM","9 anos":"NÃO","10 anos":"NÃO","11 anos":"NÃO","12 anos":"NÃO","13 anos":"NÃO","14 anos":"NÃO","Ano":2023,"Fonte":"Secretaria Municipal de Educação - SME","SRC da camada":"EPSG:4326 - WGS 84","Codificação":"UTF-8"}},{"type":"Feature","id":"vw_ParqueEscolarMunicipal_2023.fid-5656ca56_19a5f394e75_6a6b","geometry":{"type":"Point","coordinates":[-38.57513737,-3.75562472]},"geometry_name":"geom","properties":{"id":434,"fid":434,"Tipo":"EMTP","Título":"ESCOLA MUNICIPAL","Nome":"ADROALDO TEIXEIRA CASTELO","Seriação":"I-4,5/F-1,2,3,4,5","Faixa etária":"4 A 10 ANOS","Distrito":3,"Endereço":"RUA ALAGOAS, 2267","Bairro":"PICI","Código do bairro":106,"CEP":"60440-387","Regional":"SER 11","INEP":23067934,"CODSGE":354,"6 mees":"NÃO","1 ano":"NÃO","2 anos":"NÃO","3 anos":"NÃO","4 anos":"SIM","5 anos":"SIM","6 anos":"SIM","7 anos":"SIM","8 anos":"SIM","9 anos":"SIM","10 anos":"SIM","11 anos":"NÃO","12 anos":"NÃO","13 anos":"NÃO","14 anos":"NÃO","Ano":2023,"Fonte":"Secretaria Municipal de Educação - SME","SRC da camada":"EPSG:4326 - WGS 84","Codificação":"UTF-8"}},{"type":"Feature","id":"vw_ParqueEscolarMunicipal_2023.fid-5656ca56_19a5f394e75_6a6c","geometry":{"type":"Point","coordinates":[-38.57064339,-3.72946433]},"geometry_name":"geom","properties":{"id":435,"fid":435,"Tipo":"EMTP","Título":"ESCOLA MUNICIPAL","Nome":"GABRIEL CAVALCANTE","Seriação":"I-4,5/F-1,2,3,4,5","Faixa etária":"4 A 10 ANOS","Distrito":3,"Endereço":"QUADRA F, 167 (CONJUNTO PRESIDENTE CASTELO BRANCO)","Bairro":"PRESIDENTE KENNEDY","Código do bairro":33,"CEP":"60357-250","Regional":"SER 3","INEP":23070471,"CODSGE":212,"6 mees":"NÃO","1 ano":"NÃO","2 anos":"NÃO","3 anos":"NÃO","4 anos":"SIM","5 anos":"SIM","6 anos":"SIM","7 anos":"SIM","8 anos":"SIM","9 anos":"SIM","10 anos":"SIM","11 anos":"NÃO","12 anos":"NÃO","13 anos":"NÃO","14 anos":"NÃO","Ano":2023,"Fonte":"Secretaria Municipal de Educação - SME","SRC da camada":"EPSG:4326 - WGS 84","Codificação":"UTF-8"}},{"type":"Feature","id":"vw_ParqueEscolarMunicipal_2023.fid-5656ca56_19a5f394e75_6a6d","geometry":{"type":"Point","coordinates":[-38.57057945,-3.7306739]},"geometry_name":"geom","properties":{"id":436,"fid":436,"Tipo":"EMTI","Título":"ESCOLA MUNICIPAL DE TEMPO INTEGRAL","Nome":"PROFESSOR JOAQUIM FRANCISCO DE SOUSA FILHO","Seriação":"F-6,7,8,9","Faixa etária":"11 A 14 ANOS","Distrito":3,"Endereço":"RUA JOAQUIM MARQUES, 13","Bairro":"PRESIDENTE KENNEDY","Código do bairro":33,"CEP":"60356-032","Regional":"SER 3","INEP":23331615,"CODSGE":191,"6 mees":"NÃO","1 ano":"NÃO","2 anos":"NÃO","3 anos":"NÃO","4 anos":"NÃO","5 anos":"NÃO","6 anos":"NÃO","7 anos":"NÃO","8 anos":"NÃO","9 anos":"NÃO","10 anos":"NÃO","11 anos":"SIM","12 anos":"SIM","13 anos":"SIM","14 anos":"SIM","Ano":2023,"Fonte":"Secretaria Municipal de Educação - SME","SRC da camada":"EPSG:4326 - WGS 84","Codificação":"UTF-8"}},{"type":"Feature","id":"vw_ParqueEscolarMunicipal_2023.fid-5656ca56_19a5f394e75_6a6e","geometry":{"type":"Point","coordinates":[-38.5812721,-3.73096054]},"geometry_name":"geom","properties":{"id":437,"fid":437,"Tipo":"EMTP","Título":"ESCOLA MUNICIPAL","Nome":"PROFESSOR CLODOALDO PINTO","Seriação":"F-1,2,3,4,5","Faixa etária":"6 A 10 ANOS","Distrito":3,"Endereço":"RUA BANVARTH BEZERRA, 100","Bairro":"PADRE ANDRADE","Código do bairro":47,"CEP":"60356-400","Regional":"SER 3","INEP":23188375,"CODSGE":86,"6 mees":"NÃO","1 ano":"NÃO","2 anos":"NÃO","3 anos":"NÃO","4 anos":"NÃO","5 anos":"NÃO","6 anos":"SIM","7 anos":"SIM","8 anos":"SIM","9 anos":"SIM","10 anos":"SIM","11 anos":"NÃO","12 anos":"NÃO","13 anos":"NÃO","14 anos":"NÃO","Ano":2023,"Fonte":"Secretaria Municipal de Educação - SME","SRC da camada":"EPSG:4326 - WGS 84","Codificação":"UTF-8"}},{"type":"Feature","id":"vw_ParqueEscolarMunicipal_2023.fid-5656ca56_19a5f394e75_6a6f","geometry":{"type":"Point","coordinates":[-38.58931874,-3.74219834]},"geometry_name":"geom","properties":{"id":438,"fid":438,"Tipo":"EMTP","Título":"ESCOLA MUNICIPAL","Nome":"PROFESSOR GERARDO MILTON DE SÁ","Seriação":"I-4,5/F1,2,3,4,5,6,7","Faixa etária":"4 A 12 ANOS","Distrito":3,"Endereço":"RUA DOUTOR VALE COSTA, 668","Bairro":"ANTÔNIO BEZERRA","Código do bairro":40,"CEP":"60360-720","Regional":"SER 3","INEP":23263040,"CODSGE":361,"6 mees":"NÃO","1 ano":"NÃO","2 anos":"NÃO","3 anos":"NÃO","4 anos":"SIM","5 anos":"SIM","6 anos":"SIM","7 anos":"SIM","8 anos":"SIM","9 anos":"SIM","10 anos":"SIM","11 anos":"SIM","12 anos":"SIM","13 anos":"NÃO","14 anos":"NÃO","Ano":2023,"Fonte":"Secretaria Municipal de Educação - SME","SRC da camada":"EPSG:4326 - WGS 84","Codificação":"UTF-8"}},{"type":"Feature","id":"vw_ParqueEscolarMunicipal_2023.fid-5656ca56_19a5f394e75_6a70","geometry":{"type":"Point","coordinates":[-38.58905965,-3.73380962]},"geometry_name":"geom","properties":{"id":439,"fid":439,"Tipo":"EMTP","Título":"ESCOLA MUNICIPAL","Nome":"PADRE JOSEFINO CABRAL","Seriação":"I-4,5/F-1,2,3,4,5","Faixa etária":"4 A 10 ANOS","Distrito":3,"Endereço":"AV. SARGENTO HERMÍNIO, 5598","Bairro":"ANTÔNIO BEZERRA","Código do bairro":40,"CEP":"60350-484","Regional":"SER 3","INEP":23068469,"CODSGE":85,"6 mees":"NÃO","1 ano":"NÃO","2 anos":"NÃO","3 anos":"NÃO","4 anos":"SIM","5 anos":"SIM","6 anos":"SIM","7 anos":"SIM","8 anos":"SIM","9 anos":"SIM","10 anos":"SIM","11 anos":"NÃO","12 anos":"NÃO","13 anos":"NÃO","14 anos":"NÃO","Ano":2023,"Fonte":"Secretaria Municipal de Educação - SME","SRC da camada":"EPSG:4326 - WGS 84","Codificação":"UTF-8"}},{"type":"Feature","id":"vw_ParqueEscolarMunicipal_2023.fid-5656ca56_19a5f394e75_6a71","geometry":{"type":"Point","coordinates":[-38.59849712,-3.73729468]},"geometry_name":"geom","properties":{"id":440,"fid":440,"Tipo":"EMTP","Título":"ESCOLA MUNICIPAL","Nome":"SÃO CARLOS","Seriação":"I-4,5/F-1,2,3,4","Faixa etária":"4 A 9 ANOS","Distrito":3,"Endereço":"TV. BRASIL, 120","Bairro":"QUINTINO CUNHA","Código do bairro":48,"CEP":"60352-480","Regional":"SER 3","INEP":23257075,"CODSGE":151,"6 mees":"NÃO","1 ano":"NÃO","2 anos":"NÃO","3 anos":"NÃO","4 anos":"SIM","5 anos":"SIM","6 anos":"SIM","7 anos":"SIM","8 anos":"SIM","9 anos":"SIM","10 anos":"NÃO","11 anos":"NÃO","12 anos":"NÃO","13 anos":"NÃO","14 anos":"NÃO","Ano":2023,"Fonte":"Secretaria Municipal de Educação - SME","SRC da camada":"EPSG:4326 - WGS 84","Codificação":"UTF-8"}},{"type":"Feature","id":"vw_ParqueEscolarMunicipal_2023.fid-5656ca56_19a5f394e75_6a72","geometry":{"type":"Point","coordinates":[-38.59925496,-3.73715683]},"geometry_name":"geom","properties":{"id":441,"fid":441,"Tipo":"EMTP","Título":"ESCOLA MUNICIPAL","Nome":"JOSÉ CARLOS DA COSTA RIBEIRO","Seriação":"F-1,2,3,4,5,6,7,8,9","Faixa etária":"6 A 14 ANOS","Distrito":3,"Endereço":"RUA PIO SARAIVA, 335","Bairro":"QUINTINO CUNHA","Código do bairro":48,"CEP":"60352-470","Regional":"SER 3","INEP":23270675,"CODSGE":230,"6 mees":"NÃO","1 ano":"NÃO","2 anos":"NÃO","3 anos":"NÃO","4 anos":"NÃO","5 anos":"NÃO","6 anos":"SIM","7 anos":"SIM","8 anos":"SIM","9 anos":"SIM","10 anos":"SIM","11 anos":"SIM","12 anos":"SIM","13 anos":"SIM","14 anos":"SIM","Ano":2023,"Fonte":"Secretaria Municipal de Educação - SME","SRC da camada":"EPSG:4326 - WGS 84","Codificação":"UTF-8"}},{"type":"Feature","id":"vw_ParqueEscolarMunicipal_2023.fid-5656ca56_19a5f394e75_6a73","geometry":{"type":"Point","coordinates":[-38.5984939,-3.7262243]},"geometry_name":"geom","properties":{"id":442,"fid":442,"Tipo":"EMTP","Título":"ESCOLA MUNICIPAL","Nome":"MARIA CARDOSO","Seriação":"F-1,2,3,4,5","Faixa etária":"6 A 10 ANOS","Distrito":3,"Endereço":"RUA FRANCISQUINHA PORTELA, 1151","Bairro":"QUINTINO CUNHA","Código do bairro":48,"CEP":"60351-840","Regional":"SER 3","INEP":23257644,"CODSGE":296,"6 mees":"NÃO","1 ano":"NÃO","2 anos":"NÃO","3 anos":"NÃO","4 anos":"NÃO","5 anos":"NÃO","6 anos":"SIM","7 anos":"SIM","8 anos":"SIM","9 anos":"SIM","10 anos":"SIM","11 anos":"NÃO","12 anos":"NÃO","13 anos":"NÃO","14 anos":"NÃO","Ano":2023,"Fonte":"Secretaria Municipal de Educação - SME","SRC da camada":"EPSG:4326 - WGS 84","Codificação":"UTF-8"}},{"type":"Feature","id":"vw_ParqueEscolarMunicipal_2023.fid-5656ca56_19a5f394e75_6a74","geometry":{"type":"Point","coordinates":[-38.56861331,-3.72460996]},"geometry_name":"geom","properties":{"id":443,"fid":443,"Tipo":"EMTP","Título":"ESCOLA MUNICIPAL","Nome":"SÃO JOSÉ","Seriação":"F-6,7,8,9","Faixa etária":"11 A 14 ANOS","Distrito":3,"Endereço":"AV. DOUTOR THEBERGE, 2288","Bairro":"PRESIDENTE KENNEDY","Código do bairro":33,"CEP":"60355-000","Regional":"SER 3","INEP":23256060,"CODSGE":210,"6 mees":"NÃO","1 ano":"NÃO","2 anos":"NÃO","3 anos":"NÃO","4 anos":"NÃO","5 anos":"NÃO","6 anos":"NÃO","7 anos":"NÃO","8 anos":"NÃO","9 anos":"NÃO","10 anos":"NÃO","11 anos":"SIM","12 anos":"SIM","13 anos":"SIM","14 anos":"SIM","Ano":2023,"Fonte":"Secretaria Municipal de Educação - SME","SRC da camada":"EPSG:4326 - WGS 84","Codificação":"UTF-8"}},{"type":"Feature","id":"vw_ParqueEscolarMunicipal_2023.fid-5656ca56_19a5f394e75_6a75","geometry":{"type":"Point","coordinates":[-38.59119151,-3.76831117]},"geometry_name":"geom","properties":{"id":444,"fid":444,"Tipo":"CRP","Título":"CRECHE PARCEIRA","Nome":"AQUARELA","Seriação":"I-1,2,3","Faixa etária":"1 A 3 ANOS","Distrito":3,"Endereço":"RUA DIOGO CORREIA, 684","Bairro":"JOÃO XXIII","Código do bairro":46,"CEP":"60525-580","Regional":"SER 11","INEP":23280085,"CODSGE":1120,"6 mees":"NÃO","1 ano":"SIM","2 anos":"SIM","3 anos":"SIM","4 anos":"NÃO","5 anos":"NÃO","6 anos":"NÃO","7 anos":"NÃO","8 anos":"NÃO","9 anos":"NÃO","10 anos":"NÃO","11 anos":"NÃO","12 anos":"NÃO","13 anos":"NÃO","14 anos":"NÃO","Ano":2023,"Fonte":"Secretaria Municipal de Educação - SME","SRC da camada":"EPSG:4326 - WGS 84","Codificação":"UTF-8"}},{"type":"Feature","id":"vw_ParqueEscolarMunicipal_2023.fid-5656ca56_19a5f394e75_6a76","geometry":{"type":"Point","coordinates":[-38.59142309,-3.76776342]},"geometry_name":"geom","properties":{"id":445,"fid":445,"Tipo":"CRP","Título":"CRECHE PARCEIRA","Nome":"TIA EURICE","Seriação":"I-1,2,3","Faixa etária":"1 A 3 ANOS","Distrito":3,"Endereço":"RUA DIOGO CORREIA, 1863","Bairro":"JOÃO XXIII","Código do bairro":46,"CEP":"60525-580","Regional":"SER 11","INEP":23280271,"CODSGE":565,"6 mees":"NÃO","1 ano":"SIM","2 anos":"SIM","3 anos":"SIM","4 anos":"NÃO","5 anos":"NÃO","6 anos":"NÃO","7 anos":"NÃO","8 anos":"NÃO","9 anos":"NÃO","10 anos":"NÃO","11 anos":"NÃO","12 anos":"NÃO","13 anos":"NÃO","14 anos":"NÃO","Ano":2023,"Fonte":"Secretaria Municipal de Educação - SME","SRC da camada":"EPSG:4326 - WGS 84","Codificação":"UTF-8"}},{"type":"Feature","id":"vw_ParqueEscolarMunicipal_2023.fid-5656ca56_19a5f394e75_6a77","geometry":{"type":"Point","coordinates":[-38.59347889,-3.76145573]},"geometry_name":"geom","properties":{"id":446,"fid":446,"Tipo":"CRP","Título":"CRECHE PARCEIRA","Nome":"ESTRELA DA MANHÃ","Seriação":"I-1,2,3","Faixa etária":"1 A 3 ANOS","Distrito":3,"Endereço":"RUA CUIABÁ, 2265","Bairro":"HENRIQUE JORGE","Código do bairro":45,"CEP":"60510-182","Regional":"SER 11","INEP":23279389,"CODSGE":525,"6 mees":"NÃO","1 ano":"SIM","2 anos":"SIM","3 anos":"SIM","4 anos":"NÃO","5 anos":"NÃO","6 anos":"NÃO","7 anos":"NÃO","8 anos":"NÃO","9 anos":"NÃO","10 anos":"NÃO","11 anos":"NÃO","12 anos":"NÃO","13 anos":"NÃO","14 anos":"NÃO","Ano":2023,"Fonte":"Secretaria Municipal de Educação - SME","SRC da camada":"EPSG:4326 - WGS 84","Codificação":"UTF-8"}},{"type":"Feature","id":"vw_ParqueEscolarMunicipal_2023.fid-5656ca56_19a5f394e75_6a78","geometry":{"type":"Point","coordinates":[-38.59989161,-3.7361095]},"geometry_name":"geom","properties":{"id":447,"fid":447,"Tipo":"CRP","Título":"CRECHE PARCEIRA","Nome":"CRIANÇA FELIZ","Seriação":"I-1,2,3","Faixa etária":"1 A 3 ANOS","Distrito":3,"Endereço":"RUA PIO SARAIVA, 168","Bairro":"QUINTINO CUNHA","Código do bairro":48,"CEP":"60352-470","Regional":"SER 3","INEP":23279532,"CODSGE":534,"6 mees":"NÃO","1 ano":"SIM","2 anos":"SIM","3 anos":"SIM","4 anos":"NÃO","5 anos":"NÃO","6 anos":"NÃO","7 anos":"NÃO","8 anos":"NÃO","9 anos":"NÃO","10 anos":"NÃO","11 anos":"NÃO","12 anos":"NÃO","13 anos":"NÃO","14 anos":"NÃO","Ano":2023,"Fonte":"Secretaria Municipal de Educação - SME","SRC da camada":"EPSG:4326 - WGS 84","Codificação":"UTF-8"}},{"type":"Feature","id":"vw_ParqueEscolarMunicipal_2023.fid-5656ca56_19a5f394e75_6a79","geometry":{"type":"Point","coordinates":[-38.59759547,-3.75266936]},"geometry_name":"geom","properties":{"id":448,"fid":448,"Tipo":"CRP","Título":"CRECHE PARCEIRA","Nome":"PEQUENA BIA","Seriação":"I-1,2,3","Faixa etária":"1 A 3 ANOS","Distrito":3,"Endereço":"RUA BARÃO DE COTEGIPE, 522","Bairro":"AUTRAN NUNES","Código do bairro":41,"CEP":"60526-730","Regional":"SER 11","INEP":23279940,"CODSGE":566,"6 mees":"NÃO","1 ano":"SIM","2 anos":"SIM","3 anos":"SIM","4 anos":"NÃO","5 anos":"NÃO","6 anos":"NÃO","7 anos":"NÃO","8 anos":"NÃO","9 anos":"NÃO","10 anos":"NÃO","11 anos":"NÃO","12 anos":"NÃO","13 anos":"NÃO","14 anos":"NÃO","Ano":2023,"Fonte":"Secretaria Municipal de Educação - SME","SRC da camada":"EPSG:4326 - WGS 84","Codificação":"UTF-8"}},{"type":"Feature","id":"vw_ParqueEscolarMunicipal_2023.fid-5656ca56_19a5f394e75_6a7a","geometry":{"type":"Point","coordinates":[-38.54876142,-3.74584271]},"geometry_name":"geom","properties":{"id":449,"fid":449,"Tipo":"CRP","Título":"CRECHE PARCEIRA","Nome":"APRISCO","Seriação":"I-1,2,3","Faixa etária":"1 A 3 ANOS","Distrito":3,"Endereço":"RUA MONSENHOR FURTADO, 759","Bairro":"RODOLFO TEÓFILO","Código do bairro":34,"CEP":"60430-355","Regional":"SER 3","INEP":23280263,"CODSGE":580,"6 mees":"NÃO","1 ano":"SIM","2 anos":"SIM","3 anos":"SIM","4 anos":"NÃO","5 anos":"NÃO","6 anos":"NÃO","7 anos":"NÃO","8 anos":"NÃO","9 anos":"NÃO","10 anos":"NÃO","11 anos":"NÃO","12 anos":"NÃO","13 anos":"NÃO","14 anos":"NÃO","Ano":2023,"Fonte":"Secretaria Municipal de Educação - SME","SRC da camada":"EPSG:4326 - WGS 84","Codificação":"UTF-8"}},{"type":"Feature","id":"vw_ParqueEscolarMunicipal_2023.fid-5656ca56_19a5f394e75_6a7b","geometry":{"type":"Point","coordinates":[-38.55463242,-3.74341749]},"geometry_name":"geom","properties":{"id":450,"fid":450,"Tipo":"CRP","Título":"CRECHE PARCEIRA","Nome":"NOVA VIDA","Seriação":"I-1,2,3","Faixa etária":"1 A 3 ANOS","Distrito":3,"Endereço":"AV. GONÇALVES DIAS, 449","Bairro":"RODOLFO TEÓFILO","Código do bairro":34,"CEP":"60431-145","Regional":"SER 3","INEP":23280166,"CODSGE":540,"6 mees":"NÃO","1 ano":"SIM","2 anos":"SIM","3 anos":"SIM","4 anos":"NÃO","5 anos":"NÃO","6 anos":"NÃO","7 anos":"NÃO","8 anos":"NÃO","9 anos":"NÃO","10 anos":"NÃO","11 anos":"NÃO","12 anos":"NÃO","13 anos":"NÃO","14 anos":"NÃO","Ano":2023,"Fonte":"Secretaria Municipal de Educação - SME","SRC da camada":"EPSG:4326 - WGS 84","Codificação":"UTF-8"}},{"type":"Feature","id":"vw_ParqueEscolarMunicipal_2023.fid-5656ca56_19a5f394e75_6a7c","geometry":{"type":"Point","coordinates":[-38.59313262,-3.74031255]},"geometry_name":"geom","properties":{"id":451,"fid":451,"Tipo":"CRP","Título":"CRECHE PARCEIRA","Nome":"GERALDA BERTINI","Seriação":"I-1,2,3","Faixa etária":"1 A 3 ANOS","Distrito":3,"Endereço":"AV. MISTER HULL, 5437","Bairro":"ANTÔNIO BEZERRA","Código do bairro":40,"CEP":"60356-675","Regional":"SER 3","INEP":23280379,"CODSGE":1140,"6 mees":"NÃO","1 ano":"SIM","2 anos":"SIM","3 anos":"SIM","4 anos":"NÃO","5 anos":"NÃO","6 anos":"NÃO","7 anos":"NÃO","8 anos":"NÃO","9 anos":"NÃO","10 anos":"NÃO","11 anos":"NÃO","12 anos":"NÃO","13 anos":"NÃO","14 anos":"NÃO","Ano":2023,"Fonte":"Secretaria Municipal de Educação - SME","SRC da camada":"EPSG:4326 - WGS 84","Codificação":"UTF-8"}},{"type":"Feature","id":"vw_ParqueEscolarMunicipal_2023.fid-5656ca56_19a5f394e75_6a7d","geometry":{"type":"Point","coordinates":[-38.58960355,-3.77982655]},"geometry_name":"geom","properties":{"id":452,"fid":452,"Tipo":"CEI","Título":"CENTRO DE EDUCAÇÃO INFANTIL","Nome":"FRANCISCA FERNANDES MAGALHÃES","Seriação":"I-2,3","Faixa etária":"2 E 3 ANOS","Distrito":5,"Endereço":"RUA TAQUARI, S/N","Bairro":"BONSUCESSO","Código do bairro":73,"CEP":"60541-706","Regional":"SER 5","INEP":23234440,"CODSGE":479,"6 mees":"NÃO","1 ano":"NÃO","2 anos":"SIM","3 anos":"SIM","4 anos":"NÃO","5 anos":"NÃO","6 anos":"NÃO","7 anos":"NÃO","8 anos":"NÃO","9 anos":"NÃO","10 anos":"NÃO","11 anos":"NÃO","12 anos":"NÃO","13 anos":"NÃO","14 anos":"NÃO","Ano":2023,"Fonte":"Secretaria Municipal de Educação - SME","SRC da camada":"EPSG:4326 - WGS 84","Codificação":"UTF-8"}},{"type":"Feature","id":"vw_ParqueEscolarMunicipal_2023.fid-5656ca56_19a5f394e75_6a7e","geometry":{"type":"Point","coordinates":[-38.58409751,-3.7737376]},"geometry_name":"geom","properties":{"id":453,"fid":453,"Tipo":"CEI","Título":"CENTRO DE EDUCAÇÃO INFANTIL","Nome":"15 DE OUTUBRO","Seriação":"I-1,2,3","Faixa etária":"1 A 3 ANOS","Distrito":5,"Endereço":"RUA MENINO JESUS DE PRAGA, 192","Bairro":"BONSUCESSO","Código do bairro":73,"CEP":"60520-600","Regional":"SER 5","INEP":23272740,"CODSGE":472,"6 mees":"NÃO","1 ano":"SIM","2 anos":"SIM","3 anos":"SIM","4 anos":"NÃO","5 anos":"NÃO","6 anos":"NÃO","7 anos":"NÃO","8 anos":"NÃO","9 anos":"NÃO","10 anos":"NÃO","11 anos":"NÃO","12 anos":"NÃO","13 anos":"NÃO","14 anos":"NÃO","Ano":2023,"Fonte":"Secretaria Municipal de Educação - SME","SRC da camada":"EPSG:4326 - WGS 84","Codificação":"UTF-8"}},{"type":"Feature","id":"vw_ParqueEscolarMunicipal_2023.fid-5656ca56_19a5f394e75_6a7f","geometry":{"type":"Point","coordinates":[-38.58235466,-3.75296178]},"geometry_name":"geom","properties":{"id":454,"fid":454,"Tipo":"CEI","Título":"CENTRO DE EDUCAÇÃO INFANTIL","Nome":"MURILO SERPA UNID II","Seriação":"I-2,3","Faixa etária":"2 E 3 ANOS","Distrito":3,"Endereço":"AV. CORONEL MATOS DOURADO, S/N","Bairro":"PICI","Código do bairro":106,"CEP":"60511-745","Regional":"SER 11","INEP":23257237,"CODSGE":443,"6 mees":"NÃO","1 ano":"NÃO","2 anos":"SIM","3 anos":"SIM","4 anos":"NÃO","5 anos":"NÃO","6 anos":"NÃO","7 anos":"NÃO","8 anos":"NÃO","9 anos":"NÃO","10 anos":"NÃO","11 anos":"NÃO","12 anos":"NÃO","13 anos":"NÃO","14 anos":"NÃO","Ano":2023,"Fonte":"Secretaria Municipal de Educação - SME","SRC da camada":"EPSG:4326 - WGS 84","Codificação":"UTF-8"}},{"type":"Feature","id":"vw_ParqueEscolarMunicipal_2023.fid-5656ca56_19a5f394e75_6a80","geometry":{"type":"Point","coordinates":[-38.5788976,-3.76492794]},"geometry_name":"geom","properties":{"id":455,"fid":455,"Tipo":"CEI","Título":"CENTRO DE EDUCAÇÃO INFANTIL","Nome":"PROFESSOR JOSÉ SOBREIRA DE AMORIM","Seriação":"I-3,4,5","Faixa etária":"3 A 5 ANOS","Distrito":3,"Endereço":"RUA ESTRADA DO PICI, 1083","Bairro":"HENRIQUE JORGE","Código do bairro":45,"CEP":"60510-206","Regional":"SER 11","INEP":23072156,"CODSGE":410,"6 mees":"NÃO","1 ano":"NÃO","2 anos":"NÃO","3 anos":"SIM","4 anos":"SIM","5 anos":"SIM","6 anos":"NÃO","7 anos":"NÃO","8 anos":"NÃO","9 anos":"NÃO","10 anos":"NÃO","11 anos":"NÃO","12 anos":"NÃO","13 anos":"NÃO","14 anos":"NÃO","Ano":2023,"Fonte":"Secretaria Municipal de Educação - SME","SRC da camada":"EPSG:4326 - WGS 84","Codificação":"UTF-8"}},{"type":"Feature","id":"vw_ParqueEscolarMunicipal_2023.fid-5656ca56_19a5f394e75_6a81","geometry":{"type":"Point","coordinates":[-38.56260837,-3.75038541]},"geometry_name":"geom","properties":{"id":456,"fid":456,"Tipo":"CEI","Título":"CENTRO DE EDUCAÇÃO INFANTIL","Nome":"DOM JOSÉ TUPINAMBÁ DA FROTA","Seriação":"I-1,2,3","Faixa etária":"1 A 3 ANOS","Distrito":3,"Endereço":"RUA RIO GRANDE DO SUL, S/N","Bairro":"BELA VISTA","Código do bairro":94,"CEP":"60441-145","Regional":"SER 11","INEP":23072555,"CODSGE":473,"6 mees":"NÃO","1 ano":"SIM","2 anos":"SIM","3 anos":"SIM","4 anos":"NÃO","5 anos":"NÃO","6 anos":"NÃO","7 anos":"NÃO","8 anos":"NÃO","9 anos":"NÃO","10 anos":"NÃO","11 anos":"NÃO","12 anos":"NÃO","13 anos":"NÃO","14 anos":"NÃO","Ano":2023,"Fonte":"Secretaria Municipal de Educação - SME","SRC da camada":"EPSG:4326 - WGS 84","Codificação":"UTF-8"}},{"type":"Feature","id":"vw_ParqueEscolarMunicipal_2023.fid-5656ca56_19a5f394e75_6a82","geometry":{"type":"Point","coordinates":[-38.58093005,-3.73074047]},"geometry_name":"geom","properties":{"id":457,"fid":457,"Tipo":"CEI","Título":"CENTRO DE EDUCAÇÃO INFANTIL","Nome":"PROFESSOR CLODOALDO PINTO","Seriação":"I-2,3,4","Faixa etária":"2 A 5 ANOS","Distrito":3,"Endereço":"RUA BARVARTH BEZERRA, 100","Bairro":"PADRE ANDRADE","Código do bairro":47,"CEP":"60356-400","Regional":"SER 3","INEP":23188375,"CODSGE":459,"6 mees":"NÃO","1 ano":"NÃO","2 anos":"SIM","3 anos":"SIM","4 anos":"SIM","5 anos":"SIM","6 anos":"NÃO","7 anos":"NÃO","8 anos":"NÃO","9 anos":"NÃO","10 anos":"NÃO","11 anos":"NÃO","12 anos":"NÃO","13 anos":"NÃO","14 anos":"NÃO","Ano":2023,"Fonte":"Secretaria Municipal de Educação - SME","SRC da camada":"EPSG:4326 - WGS 84","Codificação":"UTF-8"}},{"type":"Feature","id":"vw_ParqueEscolarMunicipal_2023.fid-5656ca56_19a5f394e75_6a83","geometry":{"type":"Point","coordinates":[-38.59884095,-3.73745342]},"geometry_name":"geom","properties":{"id":458,"fid":458,"Tipo":"CEI","Título":"CENTRO DE EDUCAÇÃO INFANTIL","Nome":"JOSÉ CARLOS DA COSTA RIBEIRO","Seriação":"I-2,3","Faixa etária":"2 E 3 ANOS","Distrito":3,"Endereço":"TV. BRASIL, 70","Bairro":"QUINTINO CUNHA","Código do bairro":48,"CEP":"60352-480","Regional":"SER 3","INEP":23270675,"CODSGE":401,"6 mees":"NÃO","1 ano":"NÃO","2 anos":"SIM","3 anos":"SIM","4 anos":"NÃO","5 anos":"NÃO","6 anos":"NÃO","7 anos":"NÃO","8 anos":"NÃO","9 anos":"NÃO","10 anos":"NÃO","11 anos":"NÃO","12 anos":"NÃO","13 anos":"NÃO","14 anos":"NÃO","Ano":2023,"Fonte":"Secretaria Municipal de Educação - SME","SRC da camada":"EPSG:4326 - WGS 84","Codificação":"UTF-8"}},{"type":"Feature","id":"vw_ParqueEscolarMunicipal_2023.fid-5656ca56_19a5f394e75_6a84","geometry":{"type":"Point","coordinates":[-38.59578837,-3.73867399]},"geometry_name":"geom","properties":{"id":459,"fid":459,"Tipo":"CEI","Título":"CENTRO DE EDUCAÇÃO INFANTIL","Nome":"JOAQUIM NOGUEIRA","Seriação":"I-1,2,3","Faixa etária":"1 A 3 ANOS","Distrito":3,"Endereço":"RUA SÃO VICENTE DE PAULA, 250A","Bairro":"ANTÔNIO BEZERRA","Código do bairro":40,"CEP":"60352-370","Regional":"SER 3","INEP":23184680,"CODSGE":460,"6 mees":"NÃO","1 ano":"SIM","2 anos":"SIM","3 anos":"SIM","4 anos":"NÃO","5 anos":"NÃO","6 anos":"NÃO","7 anos":"NÃO","8 anos":"NÃO","9 anos":"NÃO","10 anos":"NÃO","11 anos":"NÃO","12 anos":"NÃO","13 anos":"NÃO","14 anos":"NÃO","Ano":2023,"Fonte":"Secretaria Municipal de Educação - SME","SRC da camada":"EPSG:4326 - WGS 84","Codificação":"UTF-8"}},{"type":"Feature","id":"vw_ParqueEscolarMunicipal_2023.fid-5656ca56_19a5f394e75_6a85","geometry":{"type":"Point","coordinates":[-38.51595528,-3.770991]},"geometry_name":"geom","properties":{"id":460,"fid":460,"Tipo":"CEI","Título":"CENTRO DE EDUCAÇÃO INFANTIL","Nome":"PROFESSORA EDITH BRAGA","Seriação":"I-2,3,4","Faixa etária":"2 A 5 ANOS","Distrito":6,"Endereço":"RUA CAPITÃO VASCONCELOS, 1061","Bairro":"AEROLÂNDIA","Código do bairro":91,"CEP":"60850-680","Regional":"SER 6","INEP":23068175,"CODSGE":474,"6 mees":"NÃO","1 ano":"NÃO","2 anos":"SIM","3 anos":"SIM","4 anos":"SIM","5 anos":"SIM","6 anos":"NÃO","7 anos":"NÃO","8 anos":"NÃO","9 anos":"NÃO","10 anos":"NÃO","11 anos":"NÃO","12 anos":"NÃO","13 anos":"NÃO","14 anos":"NÃO","Ano":2023,"Fonte":"Secretaria Municipal de Educação - SME","SRC da camada":"EPSG:4326 - WGS 84","Codificação":"UTF-8"}},{"type":"Feature","id":"vw_ParqueEscolarMunicipal_2023.fid-5656ca56_19a5f394e75_6a86","geometry":{"type":"Point","coordinates":[-38.46525635,-3.71761583]},"geometry_name":"geom","properties":{"id":461,"fid":461,"Tipo":"CEI","Título":"CENTRO DE EDUCAÇÃO INFANTIL","Nome":"GODOFREDO DE CASTRO FILHO","Seriação":"I-2,3,4","Faixa etária":"2 A 5 ANOS","Distrito":2,"Endereço":"AV. JOSÉ SABÓIA, 905","Bairro":"CAIS DO PORTO","Código do bairro":110,"CEP":"60180-480","Regional":"SER 2","INEP":23257369,"CODSGE":477,"6 mees":"NÃO","1 ano":"NÃO","2 anos":"SIM","3 anos":"SIM","4 anos":"SIM","5 anos":"SIM","6 anos":"NÃO","7 anos":"NÃO","8 anos":"NÃO","9 anos":"NÃO","10 anos":"NÃO","11 anos":"NÃO","12 anos":"NÃO","13 anos":"NÃO","14 anos":"NÃO","Ano":2023,"Fonte":"Secretaria Municipal de Educação - SME","SRC da camada":"EPSG:4326 - WGS 84","Codificação":"UTF-8"}},{"type":"Feature","id":"vw_ParqueEscolarMunicipal_2023.fid-5656ca56_19a5f394e75_6a87","geometry":{"type":"Point","coordinates":[-38.47182736,-3.7223946]},"geometry_name":"geom","properties":{"id":462,"fid":462,"Tipo":"EMTP","Título":"ESCOLA MUNICIPAL","Nome":"MARIA FELÍCIO LOPES","Seriação":"F-1,2,3,4,5,6,7,8,9","Faixa etária":"6 A 14 ANOS","Distrito":2,"Endereço":"RUA ISMAEL PORDEUS, 70","Bairro":"CAIS DO PORTO","Código do bairro":110,"CEP":"60180-560","Regional":"SER 2","INEP":23198818,"CODSGE":105,"6 mees":"NÃO","1 ano":"NÃO","2 anos":"NÃO","3 anos":"NÃO","4 anos":"NÃO","5 anos":"NÃO","6 anos":"SIM","7 anos":"SIM","8 anos":"SIM","9 anos":"SIM","10 anos":"SIM","11 anos":"SIM","12 anos":"SIM","13 anos":"SIM","14 anos":"SIM","Ano":2023,"Fonte":"Secretaria Municipal de Educação - SME","SRC da camada":"EPSG:4326 - WGS 84","Codificação":"UTF-8"}},{"type":"Feature","id":"vw_ParqueEscolarMunicipal_2023.fid-5656ca56_19a5f394e75_6a88","geometry":{"type":"Point","coordinates":[-38.4853925,-3.72884205]},"geometry_name":"geom","properties":{"id":463,"fid":463,"Tipo":"EMTP","Título":"ESCOLA MUNICIPAL","Nome":"COLÔNIA Z8","Seriação":"I-4,5/F-1,2,3,4,5","Faixa etária":"4 A 10 ANOS","Distrito":2,"Endereço":"RUA MANUEL JESUINO, 370","Bairro":"MUCURIPE","Código do bairro":26,"CEP":"60175-270","Regional":"SER 2","INEP":23067330,"CODSGE":108,"6 mees":"NÃO","1 ano":"NÃO","2 anos":"NÃO","3 anos":"NÃO","4 anos":"SIM","5 anos":"SIM","6 anos":"SIM","7 anos":"SIM","8 anos":"SIM","9 anos":"SIM","10 anos":"SIM","11 anos":"NÃO","12 anos":"NÃO","13 anos":"NÃO","14 anos":"NÃO","Ano":2023,"Fonte":"Secretaria Municipal de Educação - SME","SRC da camada":"EPSG:4326 - WGS 84","Codificação":"UTF-8"}},{"type":"Feature","id":"vw_ParqueEscolarMunicipal_2023.fid-5656ca56_19a5f394e75_6a89","geometry":{"type":"Point","coordinates":[-38.53537377,-3.72149393]},"geometry_name":"geom","properties":{"id":464,"fid":464,"Tipo":"CEI","Título":"CENTRO DE EDUCAÇÃO INFANTIL","Nome":"NOSSA SENHORA APARECIDA","Seriação":"I-2,3","Faixa etária":"2 E 3 ANOS","Distrito":1,"Endereço":"RUA TERESA CRISTINA, 112","Bairro":"CENTRO","Código do bairro":10,"CEP":"60015-140","Regional":"SER 12","INEP":23245379,"CODSGE":503,"6 mees":"NÃO","1 ano":"NÃO","2 anos":"SIM","3 anos":"SIM","4 anos":"NÃO","5 anos":"NÃO","6 anos":"NÃO","7 anos":"NÃO","8 anos":"NÃO","9 anos":"NÃO","10 anos":"NÃO","11 anos":"NÃO","12 anos":"NÃO","13 anos":"NÃO","14 anos":"NÃO","Ano":2023,"Fonte":"Secretaria Municipal de Educação - SME","SRC da camada":"EPSG:4326 - WGS 84","Codificação":"UTF-8"}},{"type":"Feature","id":"vw_ParqueEscolarMunicipal_2023.fid-5656ca56_19a5f394e75_6a8a","geometry":{"type":"Point","coordinates":[-38.44872749,-3.78950736]},"geometry_name":"geom","properties":{"id":465,"fid":465,"Tipo":"EMTP","Título":"ESCOLA MUNICIPAL","Nome":"PROFESSOR MANUEL EDUARDO PINHEIRO CAMPOS","Seriação":"F-1,2,3,4,5,6,7,8,9","Faixa etária":"6 A 14 ANOS","Distrito":2,"Endereço":"RUA MIRIÚ, 500","Bairro":"EDSON QUEIROZ","Código do bairro":57,"CEP":"60836-050","Regional":"SER 7","INEP":23325216,"CODSGE":192,"6 mees":"NÃO","1 ano":"NÃO","2 anos":"NÃO","3 anos":"NÃO","4 anos":"NÃO","5 anos":"NÃO","6 anos":"SIM","7 anos":"SIM","8 anos":"SIM","9 anos":"SIM","10 anos":"SIM","11 anos":"SIM","12 anos":"SIM","13 anos":"SIM","14 anos":"SIM","Ano":2023,"Fonte":"Secretaria Municipal de Educação - SME","SRC da camada":"EPSG:4326 - WGS 84","Codificação":"UTF-8"}},{"type":"Feature","id":"vw_ParqueEscolarMunicipal_2023.fid-5656ca56_19a5f394e75_6a8b","geometry":{"type":"Point","coordinates":[-38.44970994,-3.8005587]},"geometry_name":"geom","properties":{"id":466,"fid":466,"Tipo":"EMTP","Título":"ESCOLA MUNICIPAL","Nome":"PROFESSORA JOSEFINA PARENTE DE ARAÚJO","Seriação":"I-4,5/F-1,2,3,4,5","Faixa etária":"4 A 10 ANOS","Distrito":2,"Endereço":"RUA PEDRO MAMEDE, 175","Bairro":"SABIAGUABA","Código do bairro":70,"CEP":"60836-075","Regional":"SER 7","INEP":23256559,"CODSGE":164,"6 mees":"NÃO","1 ano":"NÃO","2 anos":"NÃO","3 anos":"NÃO","4 anos":"SIM","5 anos":"SIM","6 anos":"SIM","7 anos":"SIM","8 anos":"SIM","9 anos":"SIM","10 anos":"SIM","11 anos":"NÃO","12 anos":"NÃO","13 anos":"NÃO","14 anos":"NÃO","Ano":2023,"Fonte":"Secretaria Municipal de Educação - SME","SRC da camada":"EPSG:4326 - WGS 84","Codificação":"UTF-8"}},{"type":"Feature","id":"vw_ParqueEscolarMunicipal_2023.fid-5656ca56_19a5f394e75_6a8c","geometry":{"type":"Point","coordinates":[-38.46726707,-3.79750276]},"geometry_name":"geom","properties":{"id":467,"fid":467,"Tipo":"EMTP","Título":"ESCOLA MUNICIPAL","Nome":"PROFESSOR MONTEIRO DE MORAES","Seriação":"I-4,5/F-1,2,3,4,5","Faixa etária":"4 A 10 ANOS","Distrito":2,"Endereço":"RUA EVILÁSIO ALMEIDA MIRANDA, 1608","Bairro":"SAPIRANGA/COITÉ","Código do bairro":64,"CEP":"60833-302","Regional":"SER 7","INEP":23074779,"CODSGE":314,"6 mees":"NÃO","1 ano":"NÃO","2 anos":"NÃO","3 anos":"NÃO","4 anos":"SIM","5 anos":"SIM","6 anos":"SIM","7 anos":"SIM","8 anos":"SIM","9 anos":"SIM","10 anos":"SIM","11 anos":"NÃO","12 anos":"NÃO","13 anos":"NÃO","14 anos":"NÃO","Ano":2023,"Fonte":"Secretaria Municipal de Educação - SME","SRC da camada":"EPSG:4326 - WGS 84","Codificação":"UTF-8"}},{"type":"Feature","id":"vw_ParqueEscolarMunicipal_2023.fid-5656ca56_19a5f394e75_6a8d","geometry":{"type":"Point","coordinates":[-38.46649347,-3.79052329]},"geometry_name":"geom","properties":{"id":468,"fid":468,"Tipo":"EMTP","Título":"ESCOLA MUNICIPAL","Nome":"PROFESSOR ERNESTO GURGEL","Seriação":"I-4,5/F-1,2,3,4,5,6,7,8,9","Faixa etária":"4 A 14 ANOS","Distrito":2,"Endereço":"RUA CORONEL OLEGÁRIO MEMÓRIA, 3105","Bairro":"SAPIRANGA/COITÉ","Código do bairro":64,"CEP":"60833-045","Regional":"SER 7","INEP":23250631,"CODSGE":295,"6 mees":"NÃO","1 ano":"NÃO","2 anos":"NÃO","3 anos":"NÃO","4 anos":"SIM","5 anos":"SIM","6 anos":"SIM","7 anos":"SIM","8 anos":"SIM","9 anos":"SIM","10 anos":"SIM","11 anos":"SIM","12 anos":"SIM","13 anos":"SIM","14 anos":"SIM","Ano":2023,"Fonte":"Secretaria Municipal de Educação - SME","SRC da camada":"EPSG:4326 - WGS 84","Codificação":"UTF-8"}},{"type":"Feature","id":"vw_ParqueEscolarMunicipal_2023.fid-5656ca56_19a5f394e75_6a8e","geometry":{"type":"Point","coordinates":[-38.47469847,-3.79195223]},"geometry_name":"geom","properties":{"id":469,"fid":469,"Tipo":"EMTP","Título":"ESCOLA MUNICIPAL","Nome":"ALVORADA","Seriação":"I-4,5/F-1,2","Faixa etária":"4 A 7 ANOS","Distrito":2,"Endereço":"RUA ANGRA DOS REIS, 234","Bairro":"SAPIRANGA/COITÉ","Código do bairro":64,"CEP":"60833-046","Regional":"SER 7","INEP":23065052,"CODSGE":263,"6 mees":"NÃO","1 ano":"NÃO","2 anos":"NÃO","3 anos":"NÃO","4 anos":"SIM","5 anos":"SIM","6 anos":"SIM","7 anos":"SIM","8 anos":"NÃO","9 anos":"NÃO","10 anos":"NÃO","11 anos":"NÃO","12 anos":"NÃO","13 anos":"NÃO","14 anos":"NÃO","Ano":2023,"Fonte":"Secretaria Municipal de Educação - SME","SRC da camada":"EPSG:4326 - WGS 84","Codificação":"UTF-8"}},{"type":"Feature","id":"vw_ParqueEscolarMunicipal_2023.fid-5656ca56_19a5f394e75_6a8f","geometry":{"type":"Point","coordinates":[-38.47653934,-3.79135593]},"geometry_name":"geom","properties":{"id":470,"fid":470,"Tipo":"EMTP","Título":"ESCOLA MUNICIPAL","Nome":"PROFESSORA ALDACI BARBOSA","Seriação":"F-6,7,8,9","Faixa etária":"11 A 14 ANOS","Distrito":2,"Endereço":"RUA CORONEL OLEGÁRIO MEMÓRIA, 1257","Bairro":"SAPIRANGA/COITÉ","Código do bairro":64,"CEP":"60833-045","Regional":"SER 7","INEP":23064927,"CODSGE":182,"6 mees":"NÃO","1 ano":"NÃO","2 anos":"NÃO","3 anos":"NÃO","4 anos":"NÃO","5 anos":"NÃO","6 anos":"NÃO","7 anos":"NÃO","8 anos":"NÃO","9 anos":"NÃO","10 anos":"NÃO","11 anos":"SIM","12 anos":"SIM","13 anos":"SIM","14 anos":"SIM","Ano":2023,"Fonte":"Secretaria Municipal de Educação - SME","SRC da camada":"EPSG:4326 - WGS 84","Codificação":"UTF-8"}},{"type":"Feature","id":"vw_ParqueEscolarMunicipal_2023.fid-5656ca56_19a5f394e75_6a90","geometry":{"type":"Point","coordinates":[-38.47547368,-3.79081751]},"geometry_name":"geom","properties":{"id":471,"fid":471,"Tipo":"EMTP","Título":"ESCOLA MUNICIPAL","Nome":"IRMÃ SIMAS","Seriação":"F-1,2,3,4,5","Faixa etária":"6 A 10 ANOS","Distrito":2,"Endereço":"RUA JOÃO MARIANO, 608","Bairro":"SAPIRANGA/COITÉ","Código do bairro":64,"CEP":"60833-052","Regional":"SER 7","INEP":23077611,"CODSGE":321,"6 mees":"NÃO","1 ano":"NÃO","2 anos":"NÃO","3 anos":"NÃO","4 anos":"NÃO","5 anos":"NÃO","6 anos":"SIM","7 anos":"SIM","8 anos":"SIM","9 anos":"SIM","10 anos":"SIM","11 anos":"NÃO","12 anos":"NÃO","13 anos":"NÃO","14 anos":"NÃO","Ano":2023,"Fonte":"Secretaria Municipal de Educação - SME","SRC da camada":"EPSG:4326 - WGS 84","Codificação":"UTF-8"}},{"type":"Feature","id":"vw_ParqueEscolarMunicipal_2023.fid-5656ca56_19a5f394e75_6a91","geometry":{"type":"Point","coordinates":[-38.47722619,-3.77801244]},"geometry_name":"geom","properties":{"id":472,"fid":472,"Tipo":"EMTP","Título":"ESCOLA MUNICIPAL","Nome":"WASHINGTON SOARES","Seriação":"F-6,7,8,9","Faixa etária":"11 A 14 ANOS","Distrito":2,"Endereço":"RUA DO CORRENTE, 400","Bairro":"EDSON QUEIROZ","Código do bairro":57,"CEP":"60812-290","Regional":"SER 7","INEP":23078596,"CODSGE":249,"6 mees":"NÃO","1 ano":"NÃO","2 anos":"NÃO","3 anos":"NÃO","4 anos":"NÃO","5 anos":"NÃO","6 anos":"NÃO","7 anos":"NÃO","8 anos":"NÃO","9 anos":"NÃO","10 anos":"NÃO","11 anos":"SIM","12 anos":"SIM","13 anos":"SIM","14 anos":"SIM","Ano":2023,"Fonte":"Secretaria Municipal de Educação - SME","SRC da camada":"EPSG:4326 - WGS 84","Codificação":"UTF-8"}},{"type":"Feature","id":"vw_ParqueEscolarMunicipal_2023.fid-5656ca56_19a5f394e75_6a92","geometry":{"type":"Point","coordinates":[-38.49389152,-3.76766623]},"geometry_name":"geom","properties":{"id":473,"fid":473,"Tipo":"EMTP","Título":"ESCOLA MUNICIPAL","Nome":"JOHNSON","Seriação":"F-6,7,8,9","Faixa etária":"11 A 14 ANOS","Distrito":2,"Endereço":"RUA DOUTORA SOCORRO AZEVEDO, 461","Bairro":"ENGENHEIRO LUCIANO CAVALCANTE","Código do bairro":58,"CEP":"60810-400","Regional":"SER 7","INEP":23274034,"CODSGE":879,"6 mees":"NÃO","1 ano":"NÃO","2 anos":"NÃO","3 anos":"NÃO","4 anos":"NÃO","5 anos":"NÃO","6 anos":"NÃO","7 anos":"NÃO","8 anos":"NÃO","9 anos":"NÃO","10 anos":"NÃO","11 anos":"SIM","12 anos":"SIM","13 anos":"SIM","14 anos":"SIM","Ano":2023,"Fonte":"Secretaria Municipal de Educação - SME","SRC da camada":"EPSG:4326 - WGS 84","Codificação":"UTF-8"}},{"type":"Feature","id":"vw_ParqueEscolarMunicipal_2023.fid-5656ca56_19a5f394e75_6a93","geometry":{"type":"Point","coordinates":[-38.46168978,-3.79776086]},"geometry_name":"geom","properties":{"id":474,"fid":474,"Tipo":"CRP","Título":"CRECHE PARCEIRA","Nome":"NOVIDADE DE VIDA","Seriação":"I-2,3","Faixa etária":"2 E 3 ANOS","Distrito":2,"Endereço":"RUA DR. WALDEMAR DE ALCÂNTARA, 2535","Bairro":"SAPIRANGA/COITÉ","Código do bairro":64,"CEP":"60833-241","Regional":"SER 7","INEP":23279893,"CODSGE":843,"6 mees":"NÃO","1 ano":"NÃO","2 anos":"SIM","3 anos":"SIM","4 anos":"NÃO","5 anos":"NÃO","6 anos":"NÃO","7 anos":"NÃO","8 anos":"NÃO","9 anos":"NÃO","10 anos":"NÃO","11 anos":"NÃO","12 anos":"NÃO","13 anos":"NÃO","14 anos":"NÃO","Ano":2023,"Fonte":"Secretaria Municipal de Educação - SME","SRC da camada":"EPSG:4326 - WGS 84","Codificação":"UTF-8"}},{"type":"Feature","id":"vw_ParqueEscolarMunicipal_2023.fid-5656ca56_19a5f394e75_6a94","geometry":{"type":"Point","coordinates":[-38.51044855,-3.76410337]},"geometry_name":"geom","properties":{"id":475,"fid":475,"Tipo":"CEI","Título":"CENTRO DE EDUCAÇÃO INFANTIL","Nome":"AIRTON JOSÉ VIDAL QUEIROZ","Seriação":"I-1,2,3","Faixa etária":"1 A 5 ANOS","Distrito":6,"Endereço":"RUA HERMÍNIO BARROSO, S/N","Bairro":"ALTO DA BALANÇA","Código do bairro":93,"CEP":"60851-640","Regional":"SER 6","INEP":23078600,"CODSGE":837,"6 mees":"NÃO","1 ano":"SIM","2 anos":"SIM","3 anos":"SIM","4 anos":"SIM","5 anos":"SIM","6 anos":"NÃO","7 anos":"NÃO","8 anos":"NÃO","9 anos":"NÃO","10 anos":"NÃO","11 anos":"NÃO","12 anos":"NÃO","13 anos":"NÃO","14 anos":"NÃO","Ano":2023,"Fonte":"Secretaria Municipal de Educação - SME","SRC da camada":"EPSG:4326 - WGS 84","Codificação":"UTF-8"}},{"type":"Feature","id":"vw_ParqueEscolarMunicipal_2023.fid-5656ca56_19a5f394e75_6a95","geometry":{"type":"Point","coordinates":[-38.52548245,-3.78756708]},"geometry_name":"geom","properties":{"id":476,"fid":476,"Tipo":"CEI","Título":"CENTRO DE EDUCAÇÃO INFANTIL","Nome":"AUDIFAX RIOS","Seriação":"I-1,2,3","Faixa etária":"1 A 5 ANOS","Distrito":4,"Endereço":"RUA CAPRICHO, S/N","Bairro":"DIAS MACÊDO","Código do bairro":98,"CEP":"60860-450","Regional":"SER 8","INEP":23071818,"CODSGE":836,"6 mees":"NÃO","1 ano":"SIM","2 anos":"SIM","3 anos":"SIM","4 anos":"SIM","5 anos":"SIM","6 anos":"NÃO","7 anos":"NÃO","8 anos":"NÃO","9 anos":"NÃO","10 anos":"NÃO","11 anos":"NÃO","12 anos":"NÃO","13 anos":"NÃO","14 anos":"NÃO","Ano":2023,"Fonte":"Secretaria Municipal de Educação - SME","SRC da camada":"EPSG:4326 - WGS 84","Codificação":"UTF-8"}},{"type":"Feature","id":"vw_ParqueEscolarMunicipal_2023.fid-5656ca56_19a5f394e75_6a96","geometry":{"type":"Point","coordinates":[-38.46540364,-3.79784202]},"geometry_name":"geom","properties":{"id":477,"fid":477,"Tipo":"CRP","Título":"CRECHE PARCEIRA","Nome":"TIA KAROL","Seriação":"I-1,2,3","Faixa etária":"1 A 3 ANOS","Distrito":2,"Endereço":"RUA FIRMO ANANIAS CARDOSO, 2540","Bairro":"SAPIRANGA/COITÉ","Código do bairro":64,"CEP":"60833-331","Regional":"SER 7","INEP":23279931,"CODSGE":793,"6 mees":"NÃO","1 ano":"SIM","2 anos":"SIM","3 anos":"SIM","4 anos":"NÃO","5 anos":"NÃO","6 anos":"NÃO","7 anos":"NÃO","8 anos":"NÃO","9 anos":"NÃO","10 anos":"NÃO","11 anos":"NÃO","12 anos":"NÃO","13 anos":"NÃO","14 anos":"NÃO","Ano":2023,"Fonte":"Secretaria Municipal de Educação - SME","SRC da camada":"EPSG:4326 - WGS 84","Codificação":"UTF-8"}},{"type":"Feature","id":"vw_ParqueEscolarMunicipal_2023.fid-5656ca56_19a5f394e75_6a97","geometry":{"type":"Point","coordinates":[-38.50391427,-3.73188857]},"geometry_name":"geom","properties":{"id":478,"fid":478,"Tipo":"CEI","Título":"CENTRO DE EDUCAÇÃO INFANTIL","Nome":"JOSÉ DIAS MACÊDO","Seriação":"I-2,3,4","Faixa etária":"2 A 5 ANOS","Distrito":2,"Endereço":"RUA JAGUARIBE, 77","Bairro":"ALDEOTA","Código do bairro":2,"CEP":"60125-020","Regional":"SER 2","INEP":23072350,"CODSGE":789,"6 mees":"NÃO","1 ano":"NÃO","2 anos":"SIM","3 anos":"SIM","4 anos":"SIM","5 anos":"SIM","6 anos":"NÃO","7 anos":"NÃO","8 anos":"NÃO","9 anos":"NÃO","10 anos":"NÃO","11 anos":"NÃO","12 anos":"NÃO","13 anos":"NÃO","14 anos":"NÃO","Ano":2023,"Fonte":"Secretaria Municipal de Educação - SME","SRC da camada":"EPSG:4326 - WGS 84","Codificação":"UTF-8"}},{"type":"Feature","id":"vw_ParqueEscolarMunicipal_2023.fid-5656ca56_19a5f394e75_6a98","geometry":{"type":"Point","coordinates":[-38.4968749,-3.74488372]},"geometry_name":"geom","properties":{"id":479,"fid":479,"Tipo":"CEI","Título":"CENTRO DE EDUCAÇÃO INFANTIL","Nome":"SÃO VICENTE DE PAULO","Seriação":"I-1,2,3","Faixa etária":"1 A 3 ANOS","Distrito":2,"Endereço":"TRAV. DO ROSÁRIO, 24","Bairro":"ALDEOTA","Código do bairro":2,"CEP":"60135-310","Regional":"SER 2","INEP":23072350,"CODSGE":787,"6 mees":"NÃO","1 ano":"SIM","2 anos":"SIM","3 anos":"SIM","4 anos":"NÃO","5 anos":"NÃO","6 anos":"NÃO","7 anos":"NÃO","8 anos":"NÃO","9 anos":"NÃO","10 anos":"NÃO","11 anos":"NÃO","12 anos":"NÃO","13 anos":"NÃO","14 anos":"NÃO","Ano":2023,"Fonte":"Secretaria Municipal de Educação - SME","SRC da camada":"EPSG:4326 - WGS 84","Codificação":"UTF-8"}},{"type":"Feature","id":"vw_ParqueEscolarMunicipal_2023.fid-5656ca56_19a5f394e75_6a99","geometry":{"type":"Point","coordinates":[-38.5153777,-3.7946096]},"geometry_name":"geom","properties":{"id":480,"fid":480,"Tipo":"CEI","Título":"CENTRO DE EDUCAÇÃO INFANTIL","Nome":"TEODORA MARIA DA SILVA","Seriação":"I-1,2,3","Faixa etária":"1 A 5 ANOS","Distrito":4,"Endereço":"RUA QUATRO IRMÃOS, S/N","Bairro":"BOA VISTA/CASTELÃO","Código do bairro":125,"CEP":"60861-045","Regional":"SER 8","INEP":23073748,"CODSGE":781,"6 mees":"NÃO","1 ano":"SIM","2 anos":"SIM","3 anos":"SIM","4 anos":"SIM","5 anos":"SIM","6 anos":"NÃO","7 anos":"NÃO","8 anos":"NÃO","9 anos":"NÃO","10 anos":"NÃO","11 anos":"NÃO","12 anos":"NÃO","13 anos":"NÃO","14 anos":"NÃO","Ano":2023,"Fonte":"Secretaria Municipal de Educação - SME","SRC da camada":"EPSG:4326 - WGS 84","Codificação":"UTF-8"}},{"type":"Feature","id":"vw_ParqueEscolarMunicipal_2023.fid-5656ca56_19a5f394e75_6a9a","geometry":{"type":"Point","coordinates":[-38.46583156,-3.7299209]},"geometry_name":"geom","properties":{"id":481,"fid":481,"Tipo":"CRP","Título":"CRECHE PARCEIRA","Nome":"CASA DE AFONSO E MARIA","Seriação":"I-1,2,3","Faixa etária":"1 A 3 ANOS","Distrito":2,"Endereço":"RUA DOS ESTAFETAS, 10","Bairro":"VICENTE PINZÓN","Código do bairro":37,"CEP":"60182-105","Regional":"SER 2","INEP":23279575,"CODSGE":774,"6 mees":"NÃO","1 ano":"SIM","2 anos":"SIM","3 anos":"SIM","4 anos":"NÃO","5 anos":"NÃO","6 anos":"NÃO","7 anos":"NÃO","8 anos":"NÃO","9 anos":"NÃO","10 anos":"NÃO","11 anos":"NÃO","12 anos":"NÃO","13 anos":"NÃO","14 anos":"NÃO","Ano":2023,"Fonte":"Secretaria Municipal de Educação - SME","SRC da camada":"EPSG:4326 - WGS 84","Codificação":"UTF-8"}},{"type":"Feature","id":"vw_ParqueEscolarMunicipal_2023.fid-5656ca56_19a5f394e75_6a9b","geometry":{"type":"Point","coordinates":[-38.46591637,-3.7972934]},"geometry_name":"geom","properties":{"id":482,"fid":482,"Tipo":"CRP","Título":"CRECHE PARCEIRA","Nome":"SAMURA","Seriação":"I-1,2,3","Faixa etária":"1 A 3 ANOS","Distrito":2,"Endereço":"RUA EUCLIDES ONOFRE DE SOUSA, 1500","Bairro":"SAPIRANGA/COITÉ","Código do bairro":64,"CEP":"60833-252","Regional":"SER 7","INEP":23279460,"CODSGE":773,"6 mees":"NÃO","1 ano":"SIM","2 anos":"SIM","3 anos":"SIM","4 anos":"NÃO","5 anos":"NÃO","6 anos":"NÃO","7 anos":"NÃO","8 anos":"NÃO","9 anos":"NÃO","10 anos":"NÃO","11 anos":"NÃO","12 anos":"NÃO","13 anos":"NÃO","14 anos":"NÃO","Ano":2023,"Fonte":"Secretaria Municipal de Educação - SME","SRC da camada":"EPSG:4326 - WGS 84","Codificação":"UTF-8"}},{"type":"Feature","id":"vw_ParqueEscolarMunicipal_2023.fid-5656ca56_19a5f394e75_6a9c","geometry":{"type":"Point","coordinates":[-38.47852544,-3.72731909]},"geometry_name":"geom","properties":{"id":483,"fid":483,"Tipo":"CEI","Título":"CENTRO DE EDUCAÇÃO INFANTIL","Nome":"PADRE JOSÉ NILSON","Seriação":"I-3,4,5","Faixa etária":"3 A 5 ANOS","Distrito":2,"Endereço":"RUA AÍDA BALAIO, 100","Bairro":"VICENTE PINZÓN","Código do bairro":37,"CEP":"60181-274","Regional":"SER 2","INEP":23233729,"CODSGE":763,"6 mees":"NÃO","1 ano":"NÃO","2 anos":"NÃO","3 anos":"SIM","4 anos":"SIM","5 anos":"SIM","6 anos":"NÃO","7 anos":"NÃO","8 anos":"NÃO","9 anos":"NÃO","10 anos":"NÃO","11 anos":"NÃO","12 anos":"NÃO","13 anos":"NÃO","14 anos":"NÃO","Ano":2023,"Fonte":"Secretaria Municipal de Educação - SME","SRC da camada":"EPSG:4326 - WGS 84","Codificação":"UTF-8"}},{"type":"Feature","id":"vw_ParqueEscolarMunicipal_2023.fid-5656ca56_19a5f394e75_6a9d","geometry":{"type":"Point","coordinates":[-38.51838761,-3.74329012]},"geometry_name":"geom","properties":{"id":484,"fid":484,"Tipo":"CRP","Título":"CRECHE PARCEIRA","Nome":"FILIPPO SMALDONE","Seriação":"I-2,3","Faixa etária":"2 E 3 ANOS","Distrito":2,"Endereço":"RUA ADOLFO SIQUEIRA, 273","Bairro":"JOAQUIM TÁVORA","Código do bairro":22,"CEP":"60135-140","Regional":"SER 2","INEP":23190710,"CODSGE":643,"6 mees":"NÃO","1 ano":"NÃO","2 anos":"SIM","3 anos":"SIM","4 anos":"NÃO","5 anos":"NÃO","6 anos":"NÃO","7 anos":"NÃO","8 anos":"NÃO","9 anos":"NÃO","10 anos":"NÃO","11 anos":"NÃO","12 anos":"NÃO","13 anos":"NÃO","14 anos":"NÃO","Ano":2023,"Fonte":"Secretaria Municipal de Educação - SME","SRC da camada":"EPSG:4326 - WGS 84","Codificação":"UTF-8"}},{"type":"Feature","id":"vw_ParqueEscolarMunicipal_2023.fid-5656ca56_19a5f394e75_6a9e","geometry":{"type":"Point","coordinates":[-38.51504083,-3.75992336]},"geometry_name":"geom","properties":{"id":485,"fid":485,"Tipo":"CRP","Título":"CRECHE PARCEIRA","Nome":"SÃO GABRIEL","Seriação":"I-1,2,3","Faixa etária":"1 A 3 ANOS","Distrito":2,"Endereço":"RUA ANA GONÇALVES, 141","Bairro":"TAUAPE","Código do bairro":35,"CEP":"60130-490","Regional":"SER 2","INEP":23279591,"CODSGE":570,"6 mees":"NÃO","1 ano":"SIM","2 anos":"SIM","3 anos":"SIM","4 anos":"NÃO","5 anos":"NÃO","6 anos":"NÃO","7 anos":"NÃO","8 anos":"NÃO","9 anos":"NÃO","10 anos":"NÃO","11 anos":"NÃO","12 anos":"NÃO","13 anos":"NÃO","14 anos":"NÃO","Ano":2023,"Fonte":"Secretaria Municipal de Educação - SME","SRC da camada":"EPSG:4326 - WGS 84","Codificação":"UTF-8"}},{"type":"Feature","id":"vw_ParqueEscolarMunicipal_2023.fid-5656ca56_19a5f394e75_6a9f","geometry":{"type":"Point","coordinates":[-38.52784477,-3.78545972]},"geometry_name":"geom","properties":{"id":486,"fid":486,"Tipo":"CRP","Título":"CRECHE PARCEIRA","Nome":"SEMENTE DO AMANHÃ","Seriação":"I-1,2,3","Faixa etária":"1 A 3 ANOS","Distrito":4,"Endereço":"RUA CAPITÃO JOÃO FERREIRA, 954","Bairro":"DIAS MACÊDO","Código do bairro":98,"CEP":"60860-220","Regional":"SER 8","INEP":23281006,"CODSGE":544,"6 mees":"NÃO","1 ano":"SIM","2 anos":"SIM","3 anos":"SIM","4 anos":"NÃO","5 anos":"NÃO","6 anos":"NÃO","7 anos":"NÃO","8 anos":"NÃO","9 anos":"NÃO","10 anos":"NÃO","11 anos":"NÃO","12 anos":"NÃO","13 anos":"NÃO","14 anos":"NÃO","Ano":2023,"Fonte":"Secretaria Municipal de Educação - SME","SRC da camada":"EPSG:4326 - WGS 84","Codificação":"UTF-8"}},{"type":"Feature","id":"vw_ParqueEscolarMunicipal_2023.fid-5656ca56_19a5f394e75_6aa0","geometry":{"type":"Point","coordinates":[-38.51622122,-3.80979191]},"geometry_name":"geom","properties":{"id":487,"fid":487,"Tipo":"CEI","Título":"CENTRO DE EDUCAÇÃO INFANTIL","Nome":"JORNALISTA IVONETE MAIA","Seriação":"I-1,2,3","Faixa etária":"1 A 5 ANOS","Distrito":4,"Endereço":"RUA MANOEL DE AGUIAR PONTES, 1525","Bairro":"BOA VISTA/CASTELÃO","Código do bairro":125,"CEP":"60867-695","Regional":"SER 8","INEP":23073748,"CODSGE":407,"6 mees":"NÃO","1 ano":"SIM","2 anos":"SIM","3 anos":"SIM","4 anos":"SIM","5 anos":"SIM","6 anos":"NÃO","7 anos":"NÃO","8 anos":"NÃO","9 anos":"NÃO","10 anos":"NÃO","11 anos":"NÃO","12 anos":"NÃO","13 anos":"NÃO","14 anos":"NÃO","Ano":2023,"Fonte":"Secretaria Municipal de Educação - SME","SRC da camada":"EPSG:4326 - WGS 84","Codificação":"UTF-8"}},{"type":"Feature","id":"vw_ParqueEscolarMunicipal_2023.fid-5656ca56_19a5f394e75_6aa1","geometry":{"type":"Point","coordinates":[-38.47041237,-3.79979217]},"geometry_name":"geom","properties":{"id":488,"fid":488,"Tipo":"CRP","Título":"CRECHE PARCEIRA","Nome":"VIDA VIDEIRA","Seriação":"I-2,3","Faixa etária":"2 E 3 ANOS","Distrito":2,"Endereço":"RUA DR. ERNESTO MONTEIRO, 2990","Bairro":"SAPIRANGA/COITÉ","Código do bairro":64,"CEP":"60833-272","Regional":"SER 7","INEP":23279370,"CODSGE":560,"6 mees":"NÃO","1 ano":"NÃO","2 anos":"SIM","3 anos":"SIM","4 anos":"NÃO","5 anos":"NÃO","6 anos":"NÃO","7 anos":"NÃO","8 anos":"NÃO","9 anos":"NÃO","10 anos":"NÃO","11 anos":"NÃO","12 anos":"NÃO","13 anos":"NÃO","14 anos":"NÃO","Ano":2023,"Fonte":"Secretaria Municipal de Educação - SME","SRC da camada":"EPSG:4326 - WGS 84","Codificação":"UTF-8"}},{"type":"Feature","id":"vw_ParqueEscolarMunicipal_2023.fid-5656ca56_19a5f394e75_6aa2","geometry":{"type":"Point","coordinates":[-38.50691529,-3.7860222]},"geometry_name":"geom","properties":{"id":489,"fid":489,"Tipo":"CRP","Título":"CRECHE PARCEIRA","Nome":"BEM ESTAR COMUNITÁRIO","Seriação":"I-1,2,3","Faixa etária":"1 A 3 ANOS","Distrito":6,"Endereço":"RUA FREI CANECA, 299","Bairro":"JARDIM DAS OLIVEIRAS","Código do bairro":62,"CEP":"60820-000","Regional":"SER 6","INEP":23279524,"CODSGE":576,"6 mees":"NÃO","1 ano":"SIM","2 anos":"SIM","3 anos":"SIM","4 anos":"NÃO","5 anos":"NÃO","6 anos":"NÃO","7 anos":"NÃO","8 anos":"NÃO","9 anos":"NÃO","10 anos":"NÃO","11 anos":"NÃO","12 anos":"NÃO","13 anos":"NÃO","14 anos":"NÃO","Ano":2023,"Fonte":"Secretaria Municipal de Educação - SME","SRC da camada":"EPSG:4326 - WGS 84","Codificação":"UTF-8"}},{"type":"Feature","id":"vw_ParqueEscolarMunicipal_2023.fid-5656ca56_19a5f394e75_6aa3","geometry":{"type":"Point","coordinates":[-38.45653014,-3.73784227]},"geometry_name":"geom","properties":{"id":490,"fid":490,"Tipo":"CEI","Título":"CENTRO DE EDUCAÇÃO INFANTIL","Nome":"FREI AGOSTINHO FERNANDES","Seriação":"I-1,2,3","Faixa etária":"1 A 3 ANOS","Distrito":2,"Endereço":"AV. CÉSAR CALS, 2370","Bairro":"PRAIA DO FUTURO I","Código do bairro":113,"CEP":"60182-405","Regional":"SER 7","INEP":23250275,"CODSGE":396,"6 mees":"NÃO","1 ano":"SIM","2 anos":"SIM","3 anos":"SIM","4 anos":"NÃO","5 anos":"NÃO","6 anos":"NÃO","7 anos":"NÃO","8 anos":"NÃO","9 anos":"NÃO","10 anos":"NÃO","11 anos":"NÃO","12 anos":"NÃO","13 anos":"NÃO","14 anos":"NÃO","Ano":2023,"Fonte":"Secretaria Municipal de Educação - SME","SRC da camada":"EPSG:4326 - WGS 84","Codificação":"UTF-8"}},{"type":"Feature","id":"vw_ParqueEscolarMunicipal_2023.fid-5656ca56_19a5f394e75_6aa4","geometry":{"type":"Point","coordinates":[-38.44896452,-3.78935859]},"geometry_name":"geom","properties":{"id":491,"fid":491,"Tipo":"CEI","Título":"CENTRO DE EDUCAÇÃO INFANTIL","Nome":"PROFESSOR MANUEL EDUARDO PINHEIRO CAMPOS","Seriação":"I-1,2,3","Faixa etária":"1 A 5 ANOS","Distrito":2,"Endereço":"RUA MIRIÚ, 500","Bairro":"EDSON QUEIROZ","Código do bairro":57,"CEP":"60836-050","Regional":"SER 7","INEP":23325216,"CODSGE":375,"6 mees":"NÃO","1 ano":"SIM","2 anos":"SIM","3 anos":"SIM","4 anos":"SIM","5 anos":"SIM","6 anos":"NÃO","7 anos":"NÃO","8 anos":"NÃO","9 anos":"NÃO","10 anos":"NÃO","11 anos":"NÃO","12 anos":"NÃO","13 anos":"NÃO","14 anos":"NÃO","Ano":2023,"Fonte":"Secretaria Municipal de Educação - SME","SRC da camada":"EPSG:4326 - WGS 84","Codificação":"UTF-8"}},{"type":"Feature","id":"vw_ParqueEscolarMunicipal_2023.fid-5656ca56_19a5f394e75_6aa5","geometry":{"type":"Point","coordinates":[-38.4792144,-3.77233135]},"geometry_name":"geom","properties":{"id":492,"fid":492,"Tipo":"EMTP","Título":"ESCOLA MUNICIPAL","Nome":"PROFESSOR FRANCISCO MAURÍCIO DE MATTOS DOURADO","Seriação":"I-4,5/F-1,2,3,4,5","Faixa etária":"4 A 10 ANOS","Distrito":2,"Endereço":"RUA DES. FLORIANO BENEVIDES MAGALHÃES, 391","Bairro":"EDSON QUEIROZ","Código do bairro":57,"CEP":"60811-690","Regional":"SER 7","INEP":23070048,"CODSGE":313,"6 mees":"NÃO","1 ano":"NÃO","2 anos":"NÃO","3 anos":"NÃO","4 anos":"SIM","5 anos":"SIM","6 anos":"SIM","7 anos":"SIM","8 anos":"SIM","9 anos":"SIM","10 anos":"SIM","11 anos":"NÃO","12 anos":"NÃO","13 anos":"NÃO","14 anos":"NÃO","Ano":2023,"Fonte":"Secretaria Municipal de Educação - SME","SRC da camada":"EPSG:4326 - WGS 84","Codificação":"UTF-8"}},{"type":"Feature","id":"vw_ParqueEscolarMunicipal_2023.fid-5656ca56_19a5f394e75_6aa6","geometry":{"type":"Point","coordinates":[-38.50934891,-3.78757721]},"geometry_name":"geom","properties":{"id":493,"fid":493,"Tipo":"EMTP","Título":"ESCOLA MUNICIPAL","Nome":"MARIA DE LOURDES","Seriação":"I-4,5/F-1,2,3,4,5","Faixa etária":"4 A 10 ANOS","Distrito":6,"Endereço":"RUA LUIS MENDES, 174","Bairro":"CIDADE DOS FUNCIONÁRIOS","Código do bairro":54,"CEP":"60823-080","Regional":"SER 6","INEP":23256591,"CODSGE":190,"6 mees":"NÃO","1 ano":"NÃO","2 anos":"NÃO","3 anos":"NÃO","4 anos":"SIM","5 anos":"SIM","6 anos":"SIM","7 anos":"SIM","8 anos":"SIM","9 anos":"SIM","10 anos":"SIM","11 anos":"NÃO","12 anos":"NÃO","13 anos":"NÃO","14 anos":"NÃO","Ano":2023,"Fonte":"Secretaria Municipal de Educação - SME","SRC da camada":"EPSG:4326 - WGS 84","Codificação":"UTF-8"}},{"type":"Feature","id":"vw_ParqueEscolarMunicipal_2023.fid-5656ca56_19a5f394e75_6aa7","geometry":{"type":"Point","coordinates":[-38.51172627,-3.79774706]},"geometry_name":"geom","properties":{"id":494,"fid":494,"Tipo":"EMTP","Título":"ESCOLA MUNICIPAL","Nome":"JOSÉ SOBREIRA DE AMORIM","Seriação":"I-4,5/F-1,2,3,4,5","Faixa etária":"4 A 10 ANOS","Distrito":6,"Endereço":"RUA TENENTE TITO BARROS, 330","Bairro":"CAJAZEIRAS","Código do bairro":52,"CEP":"60864-300","Regional":"SER 9","INEP":23256478,"CODSGE":231,"6 mees":"NÃO","1 ano":"NÃO","2 anos":"NÃO","3 anos":"NÃO","4 anos":"SIM","5 anos":"SIM","6 anos":"SIM","7 anos":"SIM","8 anos":"SIM","9 anos":"SIM","10 anos":"SIM","11 anos":"NÃO","12 anos":"NÃO","13 anos":"NÃO","14 anos":"NÃO","Ano":2023,"Fonte":"Secretaria Municipal de Educação - SME","SRC da camada":"EPSG:4326 - WGS 84","Codificação":"UTF-8"}},{"type":"Feature","id":"vw_ParqueEscolarMunicipal_2023.fid-5656ca56_19a5f394e75_6aa8","geometry":{"type":"Point","coordinates":[-38.52855577,-3.79955689]},"geometry_name":"geom","properties":{"id":495,"fid":495,"Tipo":"EMTP","Título":"ESCOLA MUNICIPAL","Nome":"PROFESSORA MARIA STELLA COCHRANE SANTIAGO","Seriação":"I-4,5/F-1,2,3,4,5,6,7,8,9","Faixa etária":"4 A 14 ANOS","Distrito":4,"Endereço":"RUA ANTÔNIO FARIAS, 121","Bairro":"BOA VISTA/CASTELÃO","Código do bairro":125,"CEP":"60861-118","Regional":"SER 8","INEP":23073748,"CODSGE":222,"6 mees":"NÃO","1 ano":"NÃO","2 anos":"NÃO","3 anos":"NÃO","4 anos":"SIM","5 anos":"SIM","6 anos":"SIM","7 anos":"SIM","8 anos":"SIM","9 anos":"SIM","10 anos":"SIM","11 anos":"SIM","12 anos":"SIM","13 anos":"SIM","14 anos":"SIM","Ano":2023,"Fonte":"Secretaria Municipal de Educação - SME","SRC da camada":"EPSG:4326 - WGS 84","Codificação":"UTF-8"}},{"type":"Feature","id":"vw_ParqueEscolarMunicipal_2023.fid-5656ca56_19a5f394e75_6aa9","geometry":{"type":"Point","coordinates":[-38.51871521,-3.79282674]},"geometry_name":"geom","properties":{"id":496,"fid":496,"Tipo":"EMTP","Título":"ESCOLA MUNICIPAL","Nome":"ODILON GONZAGA BRAVEZA","Seriação":"F-1,2,3,4,5,6,7,8,9","Faixa etária":"6 A 14 ANOS","Distrito":4,"Endereço":"AV. ALBERTO CRAVEIRO, 1480C","Bairro":"BOA VISTA/CASTELÃO","Código do bairro":125,"CEP":"60861-212","Regional":"SER 8","INEP":23264209,"CODSGE":203,"6 mees":"NÃO","1 ano":"NÃO","2 anos":"NÃO","3 anos":"NÃO","4 anos":"NÃO","5 anos":"NÃO","6 anos":"SIM","7 anos":"SIM","8 anos":"SIM","9 anos":"SIM","10 anos":"SIM","11 anos":"SIM","12 anos":"SIM","13 anos":"SIM","14 anos":"SIM","Ano":2023,"Fonte":"Secretaria Municipal de Educação - SME","SRC da camada":"EPSG:4326 - WGS 84","Codificação":"UTF-8"}},{"type":"Feature","id":"vw_ParqueEscolarMunicipal_2023.fid-5656ca56_19a5f394e75_6aaa","geometry":{"type":"Point","coordinates":[-38.52707178,-3.7885652]},"geometry_name":"geom","properties":{"id":497,"fid":497,"Tipo":"EMTP","Título":"ESCOLA MUNICIPAL","Nome":"PROFESSOR JOÃO HIPPÓLYTO DE AZEVEDO E SÁ","Seriação":"I-4,5/F-1,2,3,4,5,6,7,8","Faixa etária":"4 A 13 ANOS","Distrito":4,"Endereço":"RUA 03, 88 (CONJUNTO NAPOLEÃO VIANA)","Bairro":"DIAS MACÊDO","Código do bairro":98,"CEP":"60860-490","Regional":"SER 8","INEP":23071818,"CODSGE":246,"6 mees":"NÃO","1 ano":"NÃO","2 anos":"NÃO","3 anos":"NÃO","4 anos":"SIM","5 anos":"SIM","6 anos":"SIM","7 anos":"SIM","8 anos":"SIM","9 anos":"SIM","10 anos":"SIM","11 anos":"SIM","12 anos":"SIM","13 anos":"SIM","14 anos":"NÃO","Ano":2023,"Fonte":"Secretaria Municipal de Educação - SME","SRC da camada":"EPSG:4326 - WGS 84","Codificação":"UTF-8"}},{"type":"Feature","id":"vw_ParqueEscolarMunicipal_2023.fid-5656ca56_19a5f394e75_6aab","geometry":{"type":"Point","coordinates":[-38.51575655,-3.77122351]},"geometry_name":"geom","properties":{"id":498,"fid":498,"Tipo":"EMTP","Título":"ESCOLA MUNICIPAL","Nome":"PROFESSORA EDITH BRAGA","Seriação":"F-1,2,3,4,5","Faixa etária":"6 A 10 ANOS","Distrito":6,"Endereço":"RUA CAPITÃO VASCONCELOS, 1061","Bairro":"AEROLÂNDIA","Código do bairro":91,"CEP":"60850-680","Regional":"SER 6","INEP":23068175,"CODSGE":152,"6 mees":"NÃO","1 ano":"NÃO","2 anos":"NÃO","3 anos":"NÃO","4 anos":"NÃO","5 anos":"NÃO","6 anos":"SIM","7 anos":"SIM","8 anos":"SIM","9 anos":"SIM","10 anos":"SIM","11 anos":"NÃO","12 anos":"NÃO","13 anos":"NÃO","14 anos":"NÃO","Ano":2023,"Fonte":"Secretaria Municipal de Educação - SME","SRC da camada":"EPSG:4326 - WGS 84","Codificação":"UTF-8"}},{"type":"Feature","id":"vw_ParqueEscolarMunicipal_2023.fid-5656ca56_19a5f394e75_6aac","geometry":{"type":"Point","coordinates":[-38.49854477,-3.7840595]},"geometry_name":"geom","properties":{"id":499,"fid":499,"Tipo":"EMTP","Título":"ESCOLA MUNICIPAL","Nome":"ISMAEL PORDEUS","Seriação":"F-1,2,3,4,5,6,7,8,9","Faixa etária":"6 A 14 ANOS","Distrito":6,"Endereço":"AV. DES. FAUSTINO ALBUQUERQUE, 511","Bairro":"JARDIM DAS OLIVEIRAS","Código do bairro":62,"CEP":"60821-440","Regional":"SER 6","INEP":23071427,"CODSGE":322,"6 mees":"NÃO","1 ano":"NÃO","2 anos":"NÃO","3 anos":"NÃO","4 anos":"NÃO","5 anos":"NÃO","6 anos":"SIM","7 anos":"SIM","8 anos":"SIM","9 anos":"SIM","10 anos":"SIM","11 anos":"SIM","12 anos":"SIM","13 anos":"SIM","14 anos":"SIM","Ano":2023,"Fonte":"Secretaria Municipal de Educação - SME","SRC da camada":"EPSG:4326 - WGS 84","Codificação":"UTF-8"}},{"type":"Feature","id":"vw_ParqueEscolarMunicipal_2023.fid-5656ca56_19a5f394e75_6aad","geometry":{"type":"Point","coordinates":[-38.50354486,-3.7840987]},"geometry_name":"geom","properties":{"id":500,"fid":500,"Tipo":"CEI","Título":"CENTRO DE EDUCAÇÃO INFANTIL","Nome":"MARIA DE LOURDES RIBEIRO JEREISSATI","Seriação":"I-3,4,5","Faixa etária":"3 A 5 ANOS","Distrito":6,"Endereço":"RUA 1 (LOT. VILA VERDE), 930","Bairro":"JARDIM DAS OLIVEIRAS","Código do bairro":62,"CEP":"60821-210","Regional":"SER 6","INEP":23073543,"CODSGE":505,"6 mees":"NÃO","1 ano":"NÃO","2 anos":"NÃO","3 anos":"SIM","4 anos":"SIM","5 anos":"SIM","6 anos":"NÃO","7 anos":"NÃO","8 anos":"NÃO","9 anos":"NÃO","10 anos":"NÃO","11 anos":"NÃO","12 anos":"NÃO","13 anos":"NÃO","14 anos":"NÃO","Ano":2023,"Fonte":"Secretaria Municipal de Educação - SME","SRC da camada":"EPSG:4326 - WGS 84","Codificação":"UTF-8"}},{"type":"Feature","id":"vw_ParqueEscolarMunicipal_2023.fid-5656ca56_19a5f394e75_6aae","geometry":{"type":"Point","coordinates":[-38.5028762,-3.78315615]},"geometry_name":"geom","properties":{"id":501,"fid":501,"Tipo":"EMTP","Título":"ESCOLA MUNICIPAL","Nome":"MARIA DE LOURDES RIBEIRO JEREISSATI","Seriação":"F-1,2,3,4,5,6,7,8,9","Faixa etária":"6 A 14 ANOS","Distrito":6,"Endereço":"RUA REINO UNIDO, 115","Bairro":"JARDIM DAS OLIVEIRAS","Código do bairro":62,"CEP":"60820-140","Regional":"SER 6","INEP":23073543,"CODSGE":274,"6 mees":"NÃO","1 ano":"NÃO","2 anos":"NÃO","3 anos":"NÃO","4 anos":"NÃO","5 anos":"NÃO","6 anos":"SIM","7 anos":"SIM","8 anos":"SIM","9 anos":"SIM","10 anos":"SIM","11 anos":"SIM","12 anos":"SIM","13 anos":"SIM","14 anos":"SIM","Ano":2023,"Fonte":"Secretaria Municipal de Educação - SME","SRC da camada":"EPSG:4326 - WGS 84","Codificação":"UTF-8"}},{"type":"Feature","id":"vw_ParqueEscolarMunicipal_2023.fid-5656ca56_19a5f394e75_6aaf","geometry":{"type":"Point","coordinates":[-38.49157384,-3.77337999]},"geometry_name":"geom","properties":{"id":502,"fid":502,"Tipo":"EMTP","Título":"ESCOLA MUNICIPAL","Nome":"JOSÉ CARLOS DE PINHO","Seriação":"F-1,2,3,4,5","Faixa etária":"6 A 10 ANOS","Distrito":2,"Endereço":"RUA LUÍZA MIRANDA COELHO, 595","Bairro":"ENGENHEIRO LUCIANO CAVALCANTE","Código do bairro":58,"CEP":"60811-110","Regional":"SER 7","INEP":23257482,"CODSGE":286,"6 mees":"NÃO","1 ano":"NÃO","2 anos":"NÃO","3 anos":"NÃO","4 anos":"NÃO","5 anos":"NÃO","6 anos":"SIM","7 anos":"SIM","8 anos":"SIM","9 anos":"SIM","10 anos":"SIM","11 anos":"NÃO","12 anos":"NÃO","13 anos":"NÃO","14 anos":"NÃO","Ano":2023,"Fonte":"Secretaria Municipal de Educação - SME","SRC da camada":"EPSG:4326 - WGS 84","Codificação":"UTF-8"}},{"type":"Feature","id":"vw_ParqueEscolarMunicipal_2023.fid-5656ca56_19a5f394e75_6ab0","geometry":{"type":"Point","coordinates":[-38.49585117,-3.76958181]},"geometry_name":"geom","properties":{"id":503,"fid":503,"Tipo":"EMTP","Título":"ESCOLA MUNICIPAL","Nome":"PROFESSOR LUÍS COSTA","Seriação":"I-4,5/F-1,2,3,4,5","Faixa etária":"4 A 10 ANOS","Distrito":2,"Endereço":"RUA JOSÉ GUILHERME DA COSTA, 156","Bairro":"ENGENHEIRO LUCIANO CAVALCANTE","Código do bairro":58,"CEP":"60811-300","Regional":"SER 7","INEP":23187840,"CODSGE":167,"6 mees":"NÃO","1 ano":"NÃO","2 anos":"NÃO","3 anos":"NÃO","4 anos":"SIM","5 anos":"SIM","6 anos":"SIM","7 anos":"SIM","8 anos":"SIM","9 anos":"SIM","10 anos":"SIM","11 anos":"NÃO","12 anos":"NÃO","13 anos":"NÃO","14 anos":"NÃO","Ano":2023,"Fonte":"Secretaria Municipal de Educação - SME","SRC da camada":"EPSG:4326 - WGS 84","Codificação":"UTF-8"}},{"type":"Feature","id":"vw_ParqueEscolarMunicipal_2023.fid-5656ca56_19a5f394e75_6ab1","geometry":{"type":"Point","coordinates":[-38.46795235,-3.75565769]},"geometry_name":"geom","properties":{"id":504,"fid":504,"Tipo":"EMTP","Título":"ESCOLA MUNICIPAL","Nome":"PROFESSORA MARIA ODNILRA CRUZ MOREIRA","Seriação":"I-4,5/F-1,2,3,4,5","Faixa etária":"4 A 10 ANOS","Distrito":2,"Endereço":"AV. DAS ADENANTERAS, 800","Bairro":"MANUEL DIAS BRANCO","Código do bairro":112,"CEP":"60190-560","Regional":"SER 7","INEP":23264152,"CODSGE":113,"6 mees":"NÃO","1 ano":"NÃO","2 anos":"NÃO","3 anos":"NÃO","4 anos":"SIM","5 anos":"SIM","6 anos":"SIM","7 anos":"SIM","8 anos":"SIM","9 anos":"SIM","10 anos":"SIM","11 anos":"NÃO","12 anos":"NÃO","13 anos":"NÃO","14 anos":"NÃO","Ano":2023,"Fonte":"Secretaria Municipal de Educação - SME","SRC da camada":"EPSG:4326 - WGS 84","Codificação":"UTF-8"}},{"type":"Feature","id":"vw_ParqueEscolarMunicipal_2023.fid-5656ca56_19a5f394e75_6ab2","geometry":{"type":"Point","coordinates":[-38.44086192,-3.76526262]},"geometry_name":"geom","properties":{"id":505,"fid":505,"Tipo":"EMTP","Título":"ESCOLA MUNICIPAL","Nome":"FREI TITO DE ALENCAR LIMA","Seriação":"I-5/F-1,2,3,4,5,6,7,8,9","Faixa etária":"5 A 14 ANOS","Distrito":2,"Endereço":"AV. DIOGUINHO, 5925","Bairro":"PRAIA DO FUTURO II","Código do bairro":114,"CEP":"60183-709","Regional":"SER 7","INEP":23186160,"CODSGE":118,"6 mees":"NÃO","1 ano":"NÃO","2 anos":"NÃO","3 anos":"NÃO","4 anos":"NÃO","5 anos":"SIM","6 anos":"SIM","7 anos":"SIM","8 anos":"SIM","9 anos":"SIM","10 anos":"SIM","11 anos":"SIM","12 anos":"SIM","13 anos":"SIM","14 anos":"SIM","Ano":2023,"Fonte":"Secretaria Municipal de Educação - SME","SRC da camada":"EPSG:4326 - WGS 84","Codificação":"UTF-8"}},{"type":"Feature","id":"vw_ParqueEscolarMunicipal_2023.fid-5656ca56_19a5f394e75_6ab3","geometry":{"type":"Point","coordinates":[-38.45474272,-3.74506094]},"geometry_name":"geom","properties":{"id":506,"fid":506,"Tipo":"EMTP","Título":"ESCOLA MUNICIPAL","Nome":"DOM ALOÍSIO LORSCHEIDER","Seriação":"F-1,2,3,4,5,6,7,8,9","Faixa etária":"6 A 14 ANOS","Distrito":2,"Endereço":"RUA JULIO SILVA, 400","Bairro":"PRAIA DO FUTURO I","Código do bairro":113,"CEP":"60177-385","Regional":"SER 7","INEP":23547995,"CODSGE":98,"6 mees":"NÃO","1 ano":"NÃO","2 anos":"NÃO","3 anos":"NÃO","4 anos":"NÃO","5 anos":"NÃO","6 anos":"SIM","7 anos":"SIM","8 anos":"SIM","9 anos":"SIM","10 anos":"SIM","11 anos":"SIM","12 anos":"SIM","13 anos":"SIM","14 anos":"SIM","Ano":2023,"Fonte":"Secretaria Municipal de Educação - SME","SRC da camada":"EPSG:4326 - WGS 84","Codificação":"UTF-8"}},{"type":"Feature","id":"vw_ParqueEscolarMunicipal_2023.fid-5656ca56_19a5f394e75_6ab4","geometry":{"type":"Point","coordinates":[-38.45651378,-3.73805477]},"geometry_name":"geom","properties":{"id":507,"fid":507,"Tipo":"EMTP","Título":"ESCOLA MUNICIPAL","Nome":"FREI AGOSTINHO FERNANDES","Seriação":"I-4,5/F-1,2,3,4,5","Faixa etária":"4 A 10 ANOS","Distrito":2,"Endereço":"AV. CÉSAR CALS, 2370","Bairro":"PRAIA DO FUTURO I","Código do bairro":113,"CEP":"60182-405","Regional":"SER 7","INEP":23250275,"CODSGE":114,"6 mees":"NÃO","1 ano":"NÃO","2 anos":"NÃO","3 anos":"NÃO","4 anos":"SIM","5 anos":"SIM","6 anos":"SIM","7 anos":"SIM","8 anos":"SIM","9 anos":"SIM","10 anos":"SIM","11 anos":"NÃO","12 anos":"NÃO","13 anos":"NÃO","14 anos":"NÃO","Ano":2023,"Fonte":"Secretaria Municipal de Educação - SME","SRC da camada":"EPSG:4326 - WGS 84","Codificação":"UTF-8"}},{"type":"Feature","id":"vw_ParqueEscolarMunicipal_2023.fid-5656ca56_19a5f394e75_6ab5","geometry":{"type":"Point","coordinates":[-38.47814941,-3.73742832]},"geometry_name":"geom","properties":{"id":508,"fid":508,"Tipo":"EMTP","Título":"ESCOLA MUNICIPAL","Nome":"PROFESSORA MARIA GONDIM DOS SANTOS","Seriação":"F-1,2,3,4,5,6,7,8,9","Faixa etária":"6 A 14 ANOS","Distrito":2,"Endereço":"TRAV. GUARANI, 620","Bairro":"PAPICU","Código do bairro":27,"CEP":"60175-790","Regional":"SER 2","INEP":23073608,"CODSGE":301,"6 mees":"NÃO","1 ano":"NÃO","2 anos":"NÃO","3 anos":"NÃO","4 anos":"NÃO","5 anos":"NÃO","6 anos":"SIM","7 anos":"SIM","8 anos":"SIM","9 anos":"SIM","10 anos":"SIM","11 anos":"SIM","12 anos":"SIM","13 anos":"SIM","14 anos":"SIM","Ano":2023,"Fonte":"Secretaria Municipal de Educação - SME","SRC da camada":"EPSG:4326 - WGS 84","Codificação":"UTF-8"}},{"type":"Feature","id":"vw_ParqueEscolarMunicipal_2023.fid-5656ca56_19a5f394e75_6ab6","geometry":{"type":"Point","coordinates":[-38.4833116,-3.73483457]},"geometry_name":"geom","properties":{"id":509,"fid":509,"Tipo":"EMTP","Título":"ESCOLA MUNICIPAL","Nome":"MARIA ALICE","Seriação":"I-4,5/F-1,2,3,4,5","Faixa etária":"4 A 10 ANOS","Distrito":2,"Endereço":"RUA RAIMUNDO OLIVEIRA FILHO, 95","Bairro":"PAPICU","Código do bairro":27,"CEP":"60175-175","Regional":"SER 2","INEP":23270560,"CODSGE":129,"6 mees":"NÃO","1 ano":"NÃO","2 anos":"NÃO","3 anos":"NÃO","4 anos":"SIM","5 anos":"SIM","6 anos":"SIM","7 anos":"SIM","8 anos":"SIM","9 anos":"SIM","10 anos":"SIM","11 anos":"NÃO","12 anos":"NÃO","13 anos":"NÃO","14 anos":"NÃO","Ano":2023,"Fonte":"Secretaria Municipal de Educação - SME","SRC da camada":"EPSG:4326 - WGS 84","Codificação":"UTF-8"}},{"type":"Feature","id":"vw_ParqueEscolarMunicipal_2023.fid-5656ca56_19a5f394e75_6ab7","geometry":{"type":"Point","coordinates":[-38.46571802,-3.7264863]},"geometry_name":"geom","properties":{"id":510,"fid":510,"Tipo":"EMTP","Título":"ESCOLA MUNICIPAL","Nome":"PROFESSORA AÍDA SANTOS E SILVA","Seriação":"I-4,5/F-1,2,3,4,5","Faixa etária":"4 A 10 ANOS","Distrito":2,"Endereço":"AV. TRAJANO DE MEDEIROS, 813","Bairro":"VICENTE PINZÓN","Código do bairro":37,"CEP":"60182-185","Regional":"SER 2","INEP":23064854,"CODSGE":82,"6 mees":"NÃO","1 ano":"NÃO","2 anos":"NÃO","3 anos":"NÃO","4 anos":"SIM","5 anos":"SIM","6 anos":"SIM","7 anos":"SIM","8 anos":"SIM","9 anos":"SIM","10 anos":"SIM","11 anos":"NÃO","12 anos":"NÃO","13 anos":"NÃO","14 anos":"NÃO","Ano":2023,"Fonte":"Secretaria Municipal de Educação - SME","SRC da camada":"EPSG:4326 - WGS 84","Codificação":"UTF-8"}},{"type":"Feature","id":"vw_ParqueEscolarMunicipal_2023.fid-5656ca56_19a5f394e75_6ab8","geometry":{"type":"Point","coordinates":[-38.46628537,-3.72521358]},"geometry_name":"geom","properties":{"id":511,"fid":511,"Tipo":"EMTP","Título":"ESCOLA MUNICIPAL","Nome":"PROFESSORA BELARMINA CAMPOS","Seriação":"F-1,2,3,4,5,6,7,8,9","Faixa etária":"6 A 14 ANOS","Distrito":2,"Endereço":"RUA DOUTOR MANOEL RODRIQUES MONTEIRO, 840","Bairro":"VICENTE PINZÓN","Código do bairro":37,"CEP":"60181-805","Regional":"SER 2","INEP":23065958,"CODSGE":175,"6 mees":"NÃO","1 ano":"NÃO","2 anos":"NÃO","3 anos":"NÃO","4 anos":"NÃO","5 anos":"NÃO","6 anos":"SIM","7 anos":"SIM","8 anos":"SIM","9 anos":"SIM","10 anos":"SIM","11 anos":"SIM","12 anos":"SIM","13 anos":"SIM","14 anos":"SIM","Ano":2023,"Fonte":"Secretaria Municipal de Educação - SME","SRC da camada":"EPSG:4326 - WGS 84","Codificação":"UTF-8"}},{"type":"Feature","id":"vw_ParqueEscolarMunicipal_2023.fid-5656ca56_19a5f394e75_6ab9","geometry":{"type":"Point","coordinates":[-38.4757242,-3.72232954]},"geometry_name":"geom","properties":{"id":512,"fid":512,"Tipo":"EMTP","Título":"ESCOLA MUNICIPAL","Nome":"ELEAZAR DE CARVALHO","Seriação":"I-4,5/F-1,2,3,4,5","Faixa etária":"4 A 10 ANOS","Distrito":2,"Endereço":"RUA FRANCISCO ALVES PEREIRA, 349","Bairro":"CAIS DO PORTO","Código do bairro":110,"CEP":"60180-720","Regional":"SER 2","INEP":23068302,"CODSGE":170,"6 mees":"NÃO","1 ano":"NÃO","2 anos":"NÃO","3 anos":"NÃO","4 anos":"SIM","5 anos":"SIM","6 anos":"SIM","7 anos":"SIM","8 anos":"SIM","9 anos":"SIM","10 anos":"SIM","11 anos":"NÃO","12 anos":"NÃO","13 anos":"NÃO","14 anos":"NÃO","Ano":2023,"Fonte":"Secretaria Municipal de Educação - SME","SRC da camada":"EPSG:4326 - WGS 84","Codificação":"UTF-8"}},{"type":"Feature","id":"vw_ParqueEscolarMunicipal_2023.fid-5656ca56_19a5f394e75_6aba","geometry":{"type":"Point","coordinates":[-38.46536162,-3.71807201]},"geometry_name":"geom","properties":{"id":513,"fid":513,"Tipo":"EMTP","Título":"ESCOLA MUNICIPAL","Nome":"GODOFREDO DE CASTRO FILHO","Seriação":"F-1,2,3,4,5,6,7,8,9","Faixa etária":"6 A 14 ANOS","Distrito":2,"Endereço":"AV. JOSÉ SABÓIA, 905","Bairro":"CAIS DO PORTO","Código do bairro":110,"CEP":"60180-480","Regional":"SER 2","INEP":23257369,"CODSGE":147,"6 mees":"NÃO","1 ano":"NÃO","2 anos":"NÃO","3 anos":"NÃO","4 anos":"NÃO","5 anos":"NÃO","6 anos":"SIM","7 anos":"SIM","8 anos":"SIM","9 anos":"SIM","10 anos":"SIM","11 anos":"SIM","12 anos":"SIM","13 anos":"SIM","14 anos":"SIM","Ano":2023,"Fonte":"Secretaria Municipal de Educação - SME","SRC da camada":"EPSG:4326 - WGS 84","Codificação":"UTF-8"}},{"type":"Feature","id":"vw_ParqueEscolarMunicipal_2023.fid-5656ca56_19a5f394e75_6abb","geometry":{"type":"Point","coordinates":[-38.4639917,-3.71814943]},"geometry_name":"geom","properties":{"id":514,"fid":514,"Tipo":"EMTP","Título":"ESCOLA MUNICIPAL","Nome":"SÃO VICENTE DE PAULO","Seriação":"I-4,5/F-1,2,3,4,5","Faixa etária":"4 A 10 ANOS","Distrito":2,"Endereço":"AV.ZEZÉ DIOGO, 1247","Bairro":"CAIS DO PORTO","Código do bairro":110,"CEP":"60180-012","Regional":"SER 2","INEP":23257440,"CODSGE":360,"6 mees":"NÃO","1 ano":"NÃO","2 anos":"NÃO","3 anos":"NÃO","4 anos":"SIM","5 anos":"SIM","6 anos":"SIM","7 anos":"SIM","8 anos":"SIM","9 anos":"SIM","10 anos":"SIM","11 anos":"NÃO","12 anos":"NÃO","13 anos":"NÃO","14 anos":"NÃO","Ano":2023,"Fonte":"Secretaria Municipal de Educação - SME","SRC da camada":"EPSG:4326 - WGS 84","Codificação":"UTF-8"}},{"type":"Feature","id":"vw_ParqueEscolarMunicipal_2023.fid-5656ca56_19a5f394e75_6abc","geometry":{"type":"Point","coordinates":[-38.47173431,-3.71177191]},"geometry_name":"geom","properties":{"id":515,"fid":515,"Tipo":"EMTI","Título":"ESCOLA MUNICIPAL DE TEMPO INTEGRAL","Nome":"PROFESSOR ÁLVARO COSTA","Seriação":"F-6,7,8,9","Faixa etária":"11 A 14 ANOS","Distrito":2,"Endereço":"AV. VICENTE DE CASTRO, 6074","Bairro":"CAIS DO PORTO","Código do bairro":110,"CEP":"60180-410","Regional":"SER 2","INEP":23065028,"CODSGE":355,"6 mees":"NÃO","1 ano":"NÃO","2 anos":"NÃO","3 anos":"NÃO","4 anos":"NÃO","5 anos":"NÃO","6 anos":"NÃO","7 anos":"NÃO","8 anos":"NÃO","9 anos":"NÃO","10 anos":"NÃO","11 anos":"SIM","12 anos":"SIM","13 anos":"SIM","14 anos":"SIM","Ano":2023,"Fonte":"Secretaria Municipal de Educação - SME","SRC da camada":"EPSG:4326 - WGS 84","Codificação":"UTF-8"}},{"type":"Feature","id":"vw_ParqueEscolarMunicipal_2023.fid-5656ca56_19a5f394e75_6abd","geometry":{"type":"Point","coordinates":[-38.47708212,-3.72387939]},"geometry_name":"geom","properties":{"id":516,"fid":516,"Tipo":"EMTP","Título":"ESCOLA MUNICIPAL","Nome":"PROFESSORA CONSUELO AMORA","Seriação":"F-1,2,3,4,5","Faixa etária":"6 A 10 ANOS","Distrito":2,"Endereço":"AV. DOS JANGADEIROS, 577","Bairro":"VICENTE PINZÓN","Código do bairro":37,"CEP":"60175-440","Regional":"SER 2","INEP":23067462,"CODSGE":302,"6 mees":"NÃO","1 ano":"NÃO","2 anos":"NÃO","3 anos":"NÃO","4 anos":"NÃO","5 anos":"NÃO","6 anos":"SIM","7 anos":"SIM","8 anos":"SIM","9 anos":"SIM","10 anos":"SIM","11 anos":"NÃO","12 anos":"NÃO","13 anos":"NÃO","14 anos":"NÃO","Ano":2023,"Fonte":"Secretaria Municipal de Educação - SME","SRC da camada":"EPSG:4326 - WGS 84","Codificação":"UTF-8"}},{"type":"Feature","id":"vw_ParqueEscolarMunicipal_2023.fid-5656ca56_19a5f394e75_6abe","geometry":{"type":"Point","coordinates":[-38.47698965,-3.72652628]},"geometry_name":"geom","properties":{"id":517,"fid":517,"Tipo":"EMTP","Título":"ESCOLA MUNICIPAL","Nome":"LUIS ÂNGELO PEREIRA","Seriação":"I-4,5/F-1,2","Faixa etária":"4 A 7 ANOS","Distrito":2,"Endereço":"RUA OSMUNDO CAVALCANTE DE OLIVEIRA, 90","Bairro":"VICENTE PINZÓN","Código do bairro":37,"CEP":"60175-552","Regional":"SER 2","INEP":23233729,"CODSGE":117,"6 mees":"NÃO","1 ano":"NÃO","2 anos":"NÃO","3 anos":"NÃO","4 anos":"SIM","5 anos":"SIM","6 anos":"SIM","7 anos":"SIM","8 anos":"NÃO","9 anos":"NÃO","10 anos":"NÃO","11 anos":"NÃO","12 anos":"NÃO","13 anos":"NÃO","14 anos":"NÃO","Ano":2023,"Fonte":"Secretaria Municipal de Educação - SME","SRC da camada":"EPSG:4326 - WGS 84","Codificação":"UTF-8"}},{"type":"Feature","id":"vw_ParqueEscolarMunicipal_2023.fid-5656ca56_19a5f394e75_6abf","geometry":{"type":"Point","coordinates":[-38.48383124,-3.7256629]},"geometry_name":"geom","properties":{"id":518,"fid":518,"Tipo":"EMTP","Título":"ESCOLA MUNICIPAL","Nome":"JOSÉ RAMOS TORRES DE MELO","Seriação":"F-6,7,8,9","Faixa etária":"11 A 14 ANOS","Distrito":2,"Endereço":"AV. DA ABOLIÇÃO, 3984","Bairro":"MUCURIPE","Código do bairro":26,"CEP":"60165-082","Regional":"SER 2","INEP":23072512,"CODSGE":174,"6 mees":"NÃO","1 ano":"NÃO","2 anos":"NÃO","3 anos":"NÃO","4 anos":"NÃO","5 anos":"NÃO","6 anos":"NÃO","7 anos":"NÃO","8 anos":"NÃO","9 anos":"NÃO","10 anos":"NÃO","11 anos":"SIM","12 anos":"SIM","13 anos":"SIM","14 anos":"SIM","Ano":2023,"Fonte":"Secretaria Municipal de Educação - SME","SRC da camada":"EPSG:4326 - WGS 84","Codificação":"UTF-8"}},{"type":"Feature","id":"vw_ParqueEscolarMunicipal_2023.fid-5656ca56_19a5f394e75_6ac0","geometry":{"type":"Point","coordinates":[-38.50976683,-3.76455608]},"geometry_name":"geom","properties":{"id":519,"fid":519,"Tipo":"EMTP","Título":"ESCOLA MUNICIPAL","Nome":"YOLANDA QUEIROZ","Seriação":"F-1,2,3,4,5,6,7,8,9","Faixa etária":"6 A 14 ANOS","Distrito":6,"Endereço":"RUA CAPITÃO ARAGÃO, 864","Bairro":"ALTO DA BALANÇA","Código do bairro":93,"CEP":"60851-150","Regional":"SER 6","INEP":23078600,"CODSGE":250,"6 mees":"NÃO","1 ano":"NÃO","2 anos":"NÃO","3 anos":"NÃO","4 anos":"NÃO","5 anos":"NÃO","6 anos":"SIM","7 anos":"SIM","8 anos":"SIM","9 anos":"SIM","10 anos":"SIM","11 anos":"SIM","12 anos":"SIM","13 anos":"SIM","14 anos":"SIM","Ano":2023,"Fonte":"Secretaria Municipal de Educação - SME","SRC da camada":"EPSG:4326 - WGS 84","Codificação":"UTF-8"}},{"type":"Feature","id":"vw_ParqueEscolarMunicipal_2023.fid-5656ca56_19a5f394e75_6ac1","geometry":{"type":"Point","coordinates":[-38.5168002,-3.75963717]},"geometry_name":"geom","properties":{"id":520,"fid":520,"Tipo":"EMTP","Título":"ESCOLA MUNICIPAL","Nome":"NOSSA SENHORA DO SAGRADO CORAÇÃO","Seriação":"I-4,5/F-1,2,3,4,5","Faixa etária":"4 A 10 ANOS","Distrito":2,"Endereço":"RUA ANA GONÇALVES, 1","Bairro":"TAUAPE","Código do bairro":35,"CEP":"60130-490","Regional":"SER 2","INEP":23257393,"CODSGE":138,"6 mees":"NÃO","1 ano":"NÃO","2 anos":"NÃO","3 anos":"NÃO","4 anos":"SIM","5 anos":"SIM","6 anos":"SIM","7 anos":"SIM","8 anos":"SIM","9 anos":"SIM","10 anos":"SIM","11 anos":"NÃO","12 anos":"NÃO","13 anos":"NÃO","14 anos":"NÃO","Ano":2023,"Fonte":"Secretaria Municipal de Educação - SME","SRC da camada":"EPSG:4326 - WGS 84","Codificação":"UTF-8"}},{"type":"Feature","id":"vw_ParqueEscolarMunicipal_2023.fid-5656ca56_19a5f394e75_6ac2","geometry":{"type":"Point","coordinates":[-38.50610484,-3.75877345]},"geometry_name":"geom","properties":{"id":521,"fid":521,"Tipo":"EMTP","Título":"ESCOLA MUNICIPAL","Nome":"ALMERINDA DE ALBUQUERQUE","Seriação":"I-4,5/F-1,2,3,4,5","Faixa etária":"4 A 10 ANOS","Distrito":2,"Endereço":"RUA ANA GONÇALVES, 1105","Bairro":"TAUAPE","Código do bairro":35,"CEP":"60130-490","Regional":"SER 2","INEP":23064994,"CODSGE":166,"6 mees":"NÃO","1 ano":"NÃO","2 anos":"NÃO","3 anos":"NÃO","4 anos":"SIM","5 anos":"SIM","6 anos":"SIM","7 anos":"SIM","8 anos":"SIM","9 anos":"SIM","10 anos":"SIM","11 anos":"NÃO","12 anos":"NÃO","13 anos":"NÃO","14 anos":"NÃO","Ano":2023,"Fonte":"Secretaria Municipal de Educação - SME","SRC da camada":"EPSG:4326 - WGS 84","Codificação":"UTF-8"}},{"type":"Feature","id":"vw_ParqueEscolarMunicipal_2023.fid-5656ca56_19a5f394e75_6ac3","geometry":{"type":"Point","coordinates":[-38.50616552,-3.75568283]},"geometry_name":"geom","properties":{"id":522,"fid":522,"Tipo":"EMTI","Título":"ESCOLA MUNICIPAL DE TEMPO INTEGRAL","Nome":"PROFESSORA ANTONIETA CALS","Seriação":"F-6,7,8,9","Faixa etária":"11 A 14 ANOS","Distrito":2,"Endereço":"RUA MONSENHOR SALAZAR, 1480","Bairro":"TAUAPE","Código do bairro":35,"CEP":"60130-731","Regional":"SER 2","INEP":23069317,"CODSGE":356,"6 mees":"NÃO","1 ano":"NÃO","2 anos":"NÃO","3 anos":"NÃO","4 anos":"NÃO","5 anos":"NÃO","6 anos":"NÃO","7 anos":"NÃO","8 anos":"NÃO","9 anos":"NÃO","10 anos":"NÃO","11 anos":"SIM","12 anos":"SIM","13 anos":"SIM","14 anos":"SIM","Ano":2023,"Fonte":"Secretaria Municipal de Educação - SME","SRC da camada":"EPSG:4326 - WGS 84","Codificação":"UTF-8"}},{"type":"Feature","id":"vw_ParqueEscolarMunicipal_2023.fid-5656ca56_19a5f394e75_6ac4","geometry":{"type":"Point","coordinates":[-38.50200822,-3.73161814]},"geometry_name":"geom","properties":{"id":523,"fid":523,"Tipo":"EMTP","Título":"ESCOLA MUNICIPAL","Nome":"JOSÉ DIAS MACÊDO","Seriação":"F-1,2,3,4,5","Faixa etária":"6 A 10 ANOS","Distrito":2,"Endereço":"RUA NUNES VALENTE, 809","Bairro":"MEIRELES","Código do bairro":24,"CEP":"60125-070","Regional":"SER 2","INEP":23072350,"CODSGE":257,"6 mees":"NÃO","1 ano":"NÃO","2 anos":"NÃO","3 anos":"NÃO","4 anos":"NÃO","5 anos":"NÃO","6 anos":"SIM","7 anos":"SIM","8 anos":"SIM","9 anos":"SIM","10 anos":"SIM","11 anos":"NÃO","12 anos":"NÃO","13 anos":"NÃO","14 anos":"NÃO","Ano":2023,"Fonte":"Secretaria Municipal de Educação - SME","SRC da camada":"EPSG:4326 - WGS 84","Codificação":"UTF-8"}},{"type":"Feature","id":"vw_ParqueEscolarMunicipal_2023.fid-5656ca56_19a5f394e75_6ac5","geometry":{"type":"Point","coordinates":[-38.51779077,-3.71933176]},"geometry_name":"geom","properties":{"id":524,"fid":524,"Tipo":"EMTP","Título":"ESCOLA MUNICIPAL","Nome":"SÃO RAFAEL","Seriação":"F-1,2,3,4,5,6,7,8,9","Faixa etária":"6 A 14 ANOS","Distrito":1,"Endereço":"RUA DOS TABAJARAS, 244","Bairro":"PRAIA DE IRACEMA","Código do bairro":32,"CEP":"60060-510","Regional":"SER 12","INEP":23269170,"CODSGE":238,"6 mees":"NÃO","1 ano":"NÃO","2 anos":"NÃO","3 anos":"NÃO","4 anos":"NÃO","5 anos":"NÃO","6 anos":"SIM","7 anos":"SIM","8 anos":"SIM","9 anos":"SIM","10 anos":"SIM","11 anos":"SIM","12 anos":"SIM","13 anos":"SIM","14 anos":"SIM","Ano":2023,"Fonte":"Secretaria Municipal de Educação - SME","SRC da camada":"EPSG:4326 - WGS 84","Codificação":"UTF-8"}},{"type":"Feature","id":"vw_ParqueEscolarMunicipal_2023.fid-5656ca56_19a5f394e75_6ac6","geometry":{"type":"Point","coordinates":[-38.52263372,-3.73198309]},"geometry_name":"geom","properties":{"id":525,"fid":525,"Tipo":"EMTP","Título":"ESCOLA MUNICIPAL","Nome":"ALBA FROTA","Seriação":"I-3,4,5/F-1,2,3,4,5","Faixa etária":"3 A 12 ANOS","Distrito":1,"Endereço":"AV. DOM MANUEL, 914","Bairro":"CENTRO","Código do bairro":10,"CEP":"60060-090","Regional":"SER 12","INEP":23064870,"CODSGE":81,"6 mees":"NÃO","1 ano":"NÃO","2 anos":"NÃO","3 anos":"SIM","4 anos":"SIM","5 anos":"SIM","6 anos":"SIM","7 anos":"SIM","8 anos":"SIM","9 anos":"SIM","10 anos":"SIM","11 anos":"NÃO","12 anos":"NÃO","13 anos":"NÃO","14 anos":"NÃO","Ano":2023,"Fonte":"Secretaria Municipal de Educação - SME","SRC da camada":"EPSG:4326 - WGS 84","Codificação":"UTF-8"}},{"type":"Feature","id":"vw_ParqueEscolarMunicipal_2023.fid-5656ca56_19a5f394e75_6ac7","geometry":{"type":"Point","coordinates":[-38.53537129,-3.72161282]},"geometry_name":"geom","properties":{"id":526,"fid":526,"Tipo":"EMTP","Título":"ESCOLA MUNICIPAL","Nome":"NOSSA SENHORA APARECIDA","Seriação":"I-4,5/F-1,2,3,4,5","Faixa etária":"4 A 10 ANOS","Distrito":1,"Endereço":"RUA TERESA CRISTINA, 112","Bairro":"CENTRO","Código do bairro":10,"CEP":"60015-140","Regional":"SER 12","INEP":23245379,"CODSGE":282,"6 mees":"NÃO","1 ano":"NÃO","2 anos":"NÃO","3 anos":"NÃO","4 anos":"SIM","5 anos":"SIM","6 anos":"SIM","7 anos":"SIM","8 anos":"SIM","9 anos":"SIM","10 anos":"SIM","11 anos":"NÃO","12 anos":"NÃO","13 anos":"NÃO","14 anos":"NÃO","Ano":2023,"Fonte":"Secretaria Municipal de Educação - SME","SRC da camada":"EPSG:4326 - WGS 84","Codificação":"UTF-8"}},{"type":"Feature","id":"vw_ParqueEscolarMunicipal_2023.fid-5656ca56_19a5f394e75_6ac8","geometry":{"type":"Point","coordinates":[-38.52157232,-3.78973673]},"geometry_name":"geom","properties":{"id":527,"fid":527,"Tipo":"CRP","Título":"CRECHE PARCEIRA","Nome":"RAINHA DA PAZ","Seriação":"I-1,2,3","Faixa etária":"1 A 3 ANOS","Distrito":4,"Endereço":"RUA TORRES DE MELO, 689","Bairro":"DIAS MACÊDO","Código do bairro":98,"CEP":"60860-370","Regional":"SER 8","INEP":23272368,"CODSGE":545,"6 mees":"NÃO","1 ano":"SIM","2 anos":"SIM","3 anos":"SIM","4 anos":"NÃO","5 anos":"NÃO","6 anos":"NÃO","7 anos":"NÃO","8 anos":"NÃO","9 anos":"NÃO","10 anos":"NÃO","11 anos":"NÃO","12 anos":"NÃO","13 anos":"NÃO","14 anos":"NÃO","Ano":2023,"Fonte":"Secretaria Municipal de Educação - SME","SRC da camada":"EPSG:4326 - WGS 84","Codificação":"UTF-8"}},{"type":"Feature","id":"vw_ParqueEscolarMunicipal_2023.fid-5656ca56_19a5f394e75_6ac9","geometry":{"type":"Point","coordinates":[-38.52425661,-3.79911318]},"geometry_name":"geom","properties":{"id":528,"fid":528,"Tipo":"CRP","Título":"CRECHE PARCEIRA","Nome":"RENASCER","Seriação":"I-1,2,3","Faixa etária":"1 A 3 ANOS","Distrito":4,"Endereço":"AV. ALBERTO CRAVEIRO, 2222","Bairro":"BOA VISTA/CASTELÃO","Código do bairro":125,"CEP":"60861-212","Regional":"SER 8","INEP":23280360,"CODSGE":537,"6 mees":"NÃO","1 ano":"SIM","2 anos":"SIM","3 anos":"SIM","4 anos":"NÃO","5 anos":"NÃO","6 anos":"NÃO","7 anos":"NÃO","8 anos":"NÃO","9 anos":"NÃO","10 anos":"NÃO","11 anos":"NÃO","12 anos":"NÃO","13 anos":"NÃO","14 anos":"NÃO","Ano":2023,"Fonte":"Secretaria Municipal de Educação - SME","SRC da camada":"EPSG:4326 - WGS 84","Codificação":"UTF-8"}},{"type":"Feature","id":"vw_ParqueEscolarMunicipal_2023.fid-5656ca56_19a5f394e75_6aca","geometry":{"type":"Point","coordinates":[-38.5043274,-3.78230709]},"geometry_name":"geom","properties":{"id":529,"fid":529,"Tipo":"CRP","Título":"CRECHE PARCEIRA","Nome":"CANTINHO FELIZ II","Seriação":"I-1,2,3","Faixa etária":"1 A 3 ANOS","Distrito":6,"Endereço":"RUA DA ESPERANÇA, 340","Bairro":"JARDIM DAS OLIVEIRAS","Código do bairro":62,"CEP":"60821-060","Regional":"SER 6","INEP":23279516,"CODSGE":558,"6 mees":"NÃO","1 ano":"SIM","2 anos":"SIM","3 anos":"SIM","4 anos":"NÃO","5 anos":"NÃO","6 anos":"NÃO","7 anos":"NÃO","8 anos":"NÃO","9 anos":"NÃO","10 anos":"NÃO","11 anos":"NÃO","12 anos":"NÃO","13 anos":"NÃO","14 anos":"NÃO","Ano":2023,"Fonte":"Secretaria Municipal de Educação - SME","SRC da camada":"EPSG:4326 - WGS 84","Codificação":"UTF-8"}},{"type":"Feature","id":"vw_ParqueEscolarMunicipal_2023.fid-5656ca56_19a5f394e75_6acb","geometry":{"type":"Point","coordinates":[-38.47139314,-3.72220156]},"geometry_name":"geom","properties":{"id":530,"fid":530,"Tipo":"CEI","Título":"CENTRO DE EDUCAÇÃO INFANTIL","Nome":"MARIA FELÍCIO LOPES","Seriação":"I-3,4,5","Faixa etária":"3 A 5 ANOS","Distrito":2,"Endereço":"RUA ISMAEL PORDEUS, 70","Bairro":"CAIS DO PORTO","Código do bairro":110,"CEP":"60180-560","Regional":"SER 2","INEP":23198818,"CODSGE":367,"6 mees":"NÃO","1 ano":"NÃO","2 anos":"NÃO","3 anos":"SIM","4 anos":"SIM","5 anos":"SIM","6 anos":"NÃO","7 anos":"NÃO","8 anos":"NÃO","9 anos":"NÃO","10 anos":"NÃO","11 anos":"NÃO","12 anos":"NÃO","13 anos":"NÃO","14 anos":"NÃO","Ano":2023,"Fonte":"Secretaria Municipal de Educação - SME","SRC da camada":"EPSG:4326 - WGS 84","Codificação":"UTF-8"}},{"type":"Feature","id":"vw_ParqueEscolarMunicipal_2023.fid-5656ca56_19a5f394e75_6acc","geometry":{"type":"Point","coordinates":[-38.47498984,-3.72731369]},"geometry_name":"geom","properties":{"id":531,"fid":531,"Tipo":"CRP","Título":"CRECHE PARCEIRA","Nome":"SONHO INFANTIL","Seriação":"I-1,2,3","Faixa etária":"1 A 3 ANOS","Distrito":2,"Endereço":"RUA ESTRELA DO ORIENTE, 151","Bairro":"VICENTE PINZÓN","Código do bairro":37,"CEP":"60181-140","Regional":"SER 2","INEP":23279338,"CODSGE":569,"6 mees":"NÃO","1 ano":"SIM","2 anos":"SIM","3 anos":"SIM","4 anos":"NÃO","5 anos":"NÃO","6 anos":"NÃO","7 anos":"NÃO","8 anos":"NÃO","9 anos":"NÃO","10 anos":"NÃO","11 anos":"NÃO","12 anos":"NÃO","13 anos":"NÃO","14 anos":"NÃO","Ano":2023,"Fonte":"Secretaria Municipal de Educação - SME","SRC da camada":"EPSG:4326 - WGS 84","Codificação":"UTF-8"}},{"type":"Feature","id":"vw_ParqueEscolarMunicipal_2023.fid-5656ca56_19a5f394e75_6acd","geometry":{"type":"Point","coordinates":[-38.50327386,-3.81501522]},"geometry_name":"geom","properties":{"id":532,"fid":532,"Tipo":"CEI","Título":"CENTRO DE EDUCAÇÃO INFANTIL","Nome":"NOSSA SENHORA DE GUADALUPE","Seriação":"I-3,4,5","Faixa etária":"3 A 5 ANOS","Distrito":6,"Endereço":"RUA LÚCIA HELENA DO NASCIMENTO, 207","Bairro":"CAJAZEIRAS","Código do bairro":52,"CEP":"60864-685","Regional":"SER 9","INEP":23078723,"CODSGE":372,"6 mees":"NÃO","1 ano":"NÃO","2 anos":"NÃO","3 anos":"SIM","4 anos":"SIM","5 anos":"SIM","6 anos":"NÃO","7 anos":"NÃO","8 anos":"NÃO","9 anos":"NÃO","10 anos":"NÃO","11 anos":"NÃO","12 anos":"NÃO","13 anos":"NÃO","14 anos":"NÃO","Ano":2023,"Fonte":"Secretaria Municipal de Educação - SME","SRC da camada":"EPSG:4326 - WGS 84","Codificação":"UTF-8"}},{"type":"Feature","id":"vw_ParqueEscolarMunicipal_2023.fid-5656ca56_19a5f394e75_6ace","geometry":{"type":"Point","coordinates":[-38.47950119,-3.77201328]},"geometry_name":"geom","properties":{"id":533,"fid":534,"Tipo":"CEI","Título":"CENTRO DE EDUCAÇÃO INFANTIL","Nome":"PROFESSOR FRANCISCO MAURÍCIO DE MATTOS DOURADO","Seriação":"I-1,2,3","Faixa etária":"1 A 3 ANOS","Distrito":2,"Endereço":"RUA B, 50 (LOTEAMENTO PARQUE AMARALINA)","Bairro":"EDSON QUEIROZ","Código do bairro":57,"CEP":"60813-020","Regional":"SER 7","INEP":23070048,"CODSGE":450,"6 mees":"NÃO","1 ano":"SIM","2 anos":"SIM","3 anos":"SIM","4 anos":"NÃO","5 anos":"NÃO","6 anos":"NÃO","7 anos":"NÃO","8 anos":"NÃO","9 anos":"NÃO","10 anos":"NÃO","11 anos":"NÃO","12 anos":"NÃO","13 anos":"NÃO","14 anos":"NÃO","Ano":2023,"Fonte":"Secretaria Municipal de Educação - SME","SRC da camada":"EPSG:4326 - WGS 84","Codificação":"UTF-8"}},{"type":"Feature","id":"vw_ParqueEscolarMunicipal_2023.fid-5656ca56_19a5f394e75_6acf","geometry":{"type":"Point","coordinates":[-38.51801606,-3.80087598]},"geometry_name":"geom","properties":{"id":534,"fid":535,"Tipo":"CEI","Título":"CENTRO DE EDUCAÇÃO INFANTIL","Nome":"ODILON GONZAGA BRAVEZA UNID II","Seriação":"I-1,2,3","Faixa etária":"1 A 5 ANOS","Distrito":4,"Endereço":"RUA MAESTRO NÉO MIRANDA, 220","Bairro":"BOA VISTA/CASTELÃO","Código do bairro":125,"CEP":"60867-530","Regional":"SER 8","INEP":23264209,"CODSGE":418,"6 mees":"NÃO","1 ano":"SIM","2 anos":"SIM","3 anos":"SIM","4 anos":"SIM","5 anos":"SIM","6 anos":"NÃO","7 anos":"NÃO","8 anos":"NÃO","9 anos":"NÃO","10 anos":"NÃO","11 anos":"NÃO","12 anos":"NÃO","13 anos":"NÃO","14 anos":"NÃO","Ano":2023,"Fonte":"Secretaria Municipal de Educação - SME","SRC da camada":"EPSG:4326 - WGS 84","Codificação":"UTF-8"}},{"type":"Feature","id":"vw_ParqueEscolarMunicipal_2023.fid-5656ca56_19a5f394e75_6ad0","geometry":{"type":"Point","coordinates":[-38.51828275,-3.79286958]},"geometry_name":"geom","properties":{"id":535,"fid":536,"Tipo":"CEI","Título":"CENTRO DE EDUCAÇÃO INFANTIL","Nome":"ODILON GONZAGA BRAVEZA","Seriação":"I-2,3,4","Faixa etária":"2 A 5 ANOS","Distrito":4,"Endereço":"AV. ALBERTO CRAVEIRO, 1480B","Bairro":"BOA VISTA/CASTELÃO","Código do bairro":125,"CEP":"60861-212","Regional":"SER 8","INEP":23264209,"CODSGE":417,"6 mees":"NÃO","1 ano":"NÃO","2 anos":"SIM","3 anos":"SIM","4 anos":"SIM","5 anos":"SIM","6 anos":"NÃO","7 anos":"NÃO","8 anos":"NÃO","9 anos":"NÃO","10 anos":"NÃO","11 anos":"NÃO","12 anos":"NÃO","13 anos":"NÃO","14 anos":"NÃO","Ano":2023,"Fonte":"Secretaria Municipal de Educação - SME","SRC da camada":"EPSG:4326 - WGS 84","Codificação":"UTF-8"}},{"type":"Feature","id":"vw_ParqueEscolarMunicipal_2023.fid-5656ca56_19a5f394e75_6ad1","geometry":{"type":"Point","coordinates":[-38.46848566,-3.75655193]},"geometry_name":"geom","properties":{"id":536,"fid":537,"Tipo":"CEI","Título":"CENTRO DE EDUCAÇÃO INFANTIL","Nome":"PROFESSORA MARIA ODNILRA CRUZ MOREIRA","Seriação":"I-2,3,4","Faixa etária":"1 A 5 ANOS","Distrito":2,"Endereço":"RUA VITÓRIA DA CONQUISTA, 1441","Bairro":"MANUEL DIAS BRANCO","Código do bairro":112,"CEP":"60191-670","Regional":"SER 7","INEP":23264152,"CODSGE":397,"6 mees":"NÃO","1 ano":"NÃO","2 anos":"SIM","3 anos":"SIM","4 anos":"SIM","5 anos":"NÃO","6 anos":"NÃO","7 anos":"NÃO","8 anos":"NÃO","9 anos":"NÃO","10 anos":"NÃO","11 anos":"NÃO","12 anos":"NÃO","13 anos":"NÃO","14 anos":"NÃO","Ano":2023,"Fonte":"Secretaria Municipal de Educação - SME","SRC da camada":"EPSG:4326 - WGS 84","Codificação":"UTF-8"}},{"type":"Feature","id":"vw_ParqueEscolarMunicipal_2023.fid-5656ca56_19a5f394e75_6ad2","geometry":{"type":"Point","coordinates":[-38.44021718,-3.76495543]},"geometry_name":"geom","properties":{"id":537,"fid":538,"Tipo":"CEI","Título":"CENTRO DE EDUCAÇÃO INFANTIL","Nome":"FREI TITO DE ALENCAR LIMA","Seriação":"I-2,3,4","Faixa etária":"1 A 5 ANOS","Distrito":2,"Endereço":"AV. CLÓVIS ARRAIS MAIA, 6470","Bairro":"PRAIA DO FUTURO II","Código do bairro":114,"CEP":"60183-696","Regional":"SER 7","INEP":23186160,"CODSGE":391,"6 mees":"NÃO","1 ano":"NÃO","2 anos":"SIM","3 anos":"SIM","4 anos":"SIM","5 anos":"NÃO","6 anos":"NÃO","7 anos":"NÃO","8 anos":"NÃO","9 anos":"NÃO","10 anos":"NÃO","11 anos":"NÃO","12 anos":"NÃO","13 anos":"NÃO","14 anos":"NÃO","Ano":2023,"Fonte":"Secretaria Municipal de Educação - SME","SRC da camada":"EPSG:4326 - WGS 84","Codificação":"UTF-8"}},{"type":"Feature","id":"vw_ParqueEscolarMunicipal_2023.fid-5656ca56_19a5f394e75_6ad3","geometry":{"type":"Point","coordinates":[-38.45498035,-3.74457868]},"geometry_name":"geom","properties":{"id":538,"fid":539,"Tipo":"CEI","Título":"CENTRO DE EDUCAÇÃO INFANTIL","Nome":"DOM ALOÍSIO LORSCHEIDER","Seriação":"I-2,3,4","Faixa etária":"2 A 5 ANOS","Distrito":2,"Endereço":"AV. SENADOR CARLOS JEREISSATI, 395","Bairro":"PRAIA DO FUTURO I","Código do bairro":113,"CEP":"60182-425","Regional":"SER 7","INEP":23547995,"CODSGE":370,"6 mees":"NÃO","1 ano":"NÃO","2 anos":"SIM","3 anos":"SIM","4 anos":"SIM","5 anos":"SIM","6 anos":"NÃO","7 anos":"NÃO","8 anos":"NÃO","9 anos":"NÃO","10 anos":"NÃO","11 anos":"NÃO","12 anos":"NÃO","13 anos":"NÃO","14 anos":"NÃO","Ano":2023,"Fonte":"Secretaria Municipal de Educação - SME","SRC da camada":"EPSG:4326 - WGS 84","Codificação":"UTF-8"}},{"type":"Feature","id":"vw_ParqueEscolarMunicipal_2023.fid-5656ca56_19a5f394e75_6ad4","geometry":{"type":"Point","coordinates":[-38.48281995,-3.73086216]},"geometry_name":"geom","properties":{"id":539,"fid":540,"Tipo":"CEI","Título":"CENTRO DE EDUCAÇÃO INFANTIL","Nome":"MENINO MALUQUINHO","Seriação":"I-1,2,3","Faixa etária":"1 A 3 ANOS","Distrito":2,"Endereço":"RUA DOUTOR JOSÉ LINO, 980","Bairro":"VARJOTA","Código do bairro":36,"CEP":"60175-426","Regional":"SER 2","INEP":23270560,"CODSGE":486,"6 mees":"NÃO","1 ano":"SIM","2 anos":"SIM","3 anos":"SIM","4 anos":"NÃO","5 anos":"NÃO","6 anos":"NÃO","7 anos":"NÃO","8 anos":"NÃO","9 anos":"NÃO","10 anos":"NÃO","11 anos":"NÃO","12 anos":"NÃO","13 anos":"NÃO","14 anos":"NÃO","Ano":2023,"Fonte":"Secretaria Municipal de Educação - SME","SRC da camada":"EPSG:4326 - WGS 84","Codificação":"UTF-8"}},{"type":"Feature","id":"vw_ParqueEscolarMunicipal_2023.fid-5656ca56_19a5f394e75_6ad5","geometry":{"type":"Point","coordinates":[-38.47840288,-3.73292579]},"geometry_name":"geom","properties":{"id":540,"fid":541,"Tipo":"CEI","Título":"CENTRO DE EDUCAÇÃO INFANTIL","Nome":"DARCY RIBEIRO","Seriação":"I-1,2,3","Faixa etária":"1 A 5 ANOS","Distrito":2,"Endereço":"RUA FAUSTO CABRAL, 357","Bairro":"VICENTE PINZÓN","Código do bairro":37,"CEP":"60175-415","Regional":"SER 2","INEP":23073608,"CODSGE":496,"6 mees":"NÃO","1 ano":"SIM","2 anos":"SIM","3 anos":"SIM","4 anos":"SIM","5 anos":"SIM","6 anos":"NÃO","7 anos":"NÃO","8 anos":"NÃO","9 anos":"NÃO","10 anos":"NÃO","11 anos":"NÃO","12 anos":"NÃO","13 anos":"NÃO","14 anos":"NÃO","Ano":2023,"Fonte":"Secretaria Municipal de Educação - SME","SRC da camada":"EPSG:4326 - WGS 84","Codificação":"UTF-8"}},{"type":"Feature","id":"vw_ParqueEscolarMunicipal_2023.fid-5656ca56_19a5f394e75_6ad6","geometry":{"type":"Point","coordinates":[-38.46667531,-3.72569051]},"geometry_name":"geom","properties":{"id":541,"fid":542,"Tipo":"CEI","Título":"CENTRO DE EDUCAÇÃO INFANTIL","Nome":"PROFESSORA BELARMINA CAMPOS","Seriação":"I-2,3,4","Faixa etária":"2 A 5 ANOS","Distrito":2,"Endereço":"RUA DOUTOR MANOEL RODRIGUES MONTEIRO, 840","Bairro":"VICENTE PINZÓN","Código do bairro":37,"CEP":"60181-805","Regional":"SER 2","INEP":23065958,"CODSGE":495,"6 mees":"NÃO","1 ano":"NÃO","2 anos":"SIM","3 anos":"SIM","4 anos":"SIM","5 anos":"SIM","6 anos":"NÃO","7 anos":"NÃO","8 anos":"NÃO","9 anos":"NÃO","10 anos":"NÃO","11 anos":"NÃO","12 anos":"NÃO","13 anos":"NÃO","14 anos":"NÃO","Ano":2023,"Fonte":"Secretaria Municipal de Educação - SME","SRC da camada":"EPSG:4326 - WGS 84","Codificação":"UTF-8"}},{"type":"Feature","id":"vw_ParqueEscolarMunicipal_2023.fid-5656ca56_19a5f394e75_6ad7","geometry":{"type":"Point","coordinates":[-38.51370857,-3.76126906]},"geometry_name":"geom","properties":{"id":542,"fid":543,"Tipo":"CEI","Título":"CENTRO DE EDUCAÇÃO INFANTIL","Nome":"ALMERINDA DE ALBUQUERQUE","Seriação":"I-1,2,3","Faixa etária":"1 A 3 ANOS","Distrito":2,"Endereço":"TRAV. LIBERTADORES, 57","Bairro":"TAUAPE","Código do bairro":35,"CEP":"60130-720","Regional":"SER 2","INEP":23064994,"CODSGE":467,"6 mees":"NÃO","1 ano":"SIM","2 anos":"SIM","3 anos":"SIM","4 anos":"NÃO","5 anos":"NÃO","6 anos":"NÃO","7 anos":"NÃO","8 anos":"NÃO","9 anos":"NÃO","10 anos":"NÃO","11 anos":"NÃO","12 anos":"NÃO","13 anos":"NÃO","14 anos":"NÃO","Ano":2023,"Fonte":"Secretaria Municipal de Educação - SME","SRC da camada":"EPSG:4326 - WGS 84","Codificação":"UTF-8"}},{"type":"Feature","id":"vw_ParqueEscolarMunicipal_2023.fid-5656ca56_19a5f394e75_6ad8","geometry":{"type":"Point","coordinates":[-38.5066083,-3.75601494]},"geometry_name":"geom","properties":{"id":543,"fid":544,"Tipo":"CEI","Título":"CENTRO DE EDUCAÇÃO INFANTIL","Nome":"PROFESSORA ANTONIETA CALS","Seriação":"I-1,2,3","Faixa etária":"1 A 4 ANOS","Distrito":2,"Endereço":"RUA JÚLIA VASCONCELOS, 67","Bairro":"TAUAPE","Código do bairro":35,"CEP":"60120-320","Regional":"SER 2","INEP":23069317,"CODSGE":426,"6 mees":"NÃO","1 ano":"SIM","2 anos":"SIM","3 anos":"SIM","4 anos":"SIM","5 anos":"NÃO","6 anos":"NÃO","7 anos":"NÃO","8 anos":"NÃO","9 anos":"NÃO","10 anos":"NÃO","11 anos":"NÃO","12 anos":"NÃO","13 anos":"NÃO","14 anos":"NÃO","Ano":2023,"Fonte":"Secretaria Municipal de Educação - SME","SRC da camada":"EPSG:4326 - WGS 84","Codificação":"UTF-8"}},{"type":"Feature","id":"vw_ParqueEscolarMunicipal_2023.fid-5656ca56_19a5f394e75_6ad9","geometry":{"type":"Point","coordinates":[-38.51552322,-3.7196243]},"geometry_name":"geom","properties":{"id":544,"fid":545,"Tipo":"CEI","Título":"CENTRO DE EDUCAÇÃO INFANTIL","Nome":"SÃO RAFAEL","Seriação":"I-2,3,4","Faixa etária":"2 A 5 ANOS","Distrito":1,"Endereço":"RUA DOS TABAJARAS, 480","Bairro":"PRAIA DE IRACEMA","Código do bairro":32,"CEP":"60060-510","Regional":"SER 12","INEP":23269170,"CODSGE":398,"6 mees":"NÃO","1 ano":"NÃO","2 anos":"SIM","3 anos":"SIM","4 anos":"SIM","5 anos":"SIM","6 anos":"NÃO","7 anos":"NÃO","8 anos":"NÃO","9 anos":"NÃO","10 anos":"NÃO","11 anos":"NÃO","12 anos":"NÃO","13 anos":"NÃO","14 anos":"NÃO","Ano":2023,"Fonte":"Secretaria Municipal de Educação - SME","SRC da camada":"EPSG:4326 - WGS 84","Codificação":"UTF-8"}},{"type":"Feature","id":"vw_ParqueEscolarMunicipal_2023.fid-5656ca56_19a5f394e75_6ada","geometry":{"type":"Point","coordinates":[-38.50234001,-3.75616834]},"geometry_name":"geom","properties":{"id":545,"fid":546,"Tipo":"EMTI","Título":"ESCOLA MUNICIPAL DE TEMPO INTEGRAL AMBIENTAL","Nome":"DRA. FRANCISCA DE ASSIS CANITO DA FROTA","Seriação":"F-1,2,3,4,5","Faixa etária":"6 A 10 ANOS","Distrito":2,"Endereço":"RUA MONSENHOR SALAZAR, 2432","Bairro":"TAUAPE","Código do bairro":35,"CEP":"60130-371","Regional":"SER 2","INEP":23264810,"CODSGE":784,"6 mees":"NÃO","1 ano":"NÃO","2 anos":"NÃO","3 anos":"NÃO","4 anos":"NÃO","5 anos":"NÃO","6 anos":"SIM","7 anos":"SIM","8 anos":"SIM","9 anos":"SIM","10 anos":"SIM","11 anos":"NÃO","12 anos":"NÃO","13 anos":"NÃO","14 anos":"NÃO","Ano":2023,"Fonte":"Secretaria Municipal de Educação - SME","SRC da camada":"EPSG:4326 - WGS 84","Codificação":"UTF-8"}},{"type":"Feature","id":"vw_ParqueEscolarMunicipal_2023.fid-5656ca56_19a5f394e75_6adb","geometry":{"type":"Point","coordinates":[-38.60055025,-3.71354897]},"geometry_name":"geom","properties":{"id":546,"fid":547,"Tipo":"CEI","Título":"CENTRO DE EDUCAÇÃO INFANTIL","Nome":"MARISTELA DA FROTA CAVALCANTE","Seriação":"I-1,2,3","Faixa etária":"1 A 5 ANOS","Distrito":1,"Endereço":"AV. L, 1000","Bairro":"VILA VELHA","Código do bairro":39,"CEP":"60348-540","Regional":"SER 1","INEP":23257873,"CODSGE":829,"6 mees":"NÃO","1 ano":"SIM","2 anos":"SIM","3 anos":"SIM","4 anos":"SIM","5 anos":"SIM","6 anos":"NÃO","7 anos":"NÃO","8 anos":"NÃO","9 anos":"NÃO","10 anos":"NÃO","11 anos":"NÃO","12 anos":"NÃO","13 anos":"NÃO","14 anos":"NÃO","Ano":2023,"Fonte":"Secretaria Municipal de Educação - SME","SRC da camada":"EPSG:4326 - WGS 84","Codificação":"UTF-8"}},{"type":"Feature","id":"vw_ParqueEscolarMunicipal_2023.fid-5656ca56_19a5f394e75_6adc","geometry":{"type":"Point","coordinates":[-38.57286455,-3.72020926]},"geometry_name":"geom","properties":{"id":547,"fid":548,"Tipo":"CEI","Título":"CENTRO DE EDUCAÇÃO INFANTIL","Nome":"JOÃO MARÇAL MESQUITA","Seriação":"I-1,2,3","Faixa etária":"1 A 5 ANOS","Distrito":1,"Endereço":"RUA ROCHA POMBO, S/N","Bairro":"FLORESTA","Código do bairro":17,"CEP":"60336-200","Regional":"SER 1","INEP":23190787,"CODSGE":826,"6 mees":"NÃO","1 ano":"SIM","2 anos":"SIM","3 anos":"SIM","4 anos":"SIM","5 anos":"SIM","6 anos":"NÃO","7 anos":"NÃO","8 anos":"NÃO","9 anos":"NÃO","10 anos":"NÃO","11 anos":"NÃO","12 anos":"NÃO","13 anos":"NÃO","14 anos":"NÃO","Ano":2023,"Fonte":"Secretaria Municipal de Educação - SME","SRC da camada":"EPSG:4326 - WGS 84","Codificação":"UTF-8"}},{"type":"Feature","id":"vw_ParqueEscolarMunicipal_2023.fid-5656ca56_19a5f394e75_6add","geometry":{"type":"Point","coordinates":[-38.58193684,-3.69499629]},"geometry_name":"geom","properties":{"id":548,"fid":549,"Tipo":"CEI","Título":"CENTRO DE EDUCAÇÃO INFANTIL","Nome":"VILA DO MAR","Seriação":"I-2,3,4","Faixa etária":"2 A 5 ANOS","Distrito":1,"Endereço":"RUA DR. JOSÉ ROBERTO SALES, S/N","Bairro":"BARRA DO CEARÁ","Código do bairro":6,"CEP":"60332-810","Regional":"SER 1","INEP":23263296,"CODSGE":788,"6 mees":"NÃO","1 ano":"NÃO","2 anos":"SIM","3 anos":"SIM","4 anos":"SIM","5 anos":"SIM","6 anos":"NÃO","7 anos":"NÃO","8 anos":"NÃO","9 anos":"NÃO","10 anos":"NÃO","11 anos":"NÃO","12 anos":"NÃO","13 anos":"NÃO","14 anos":"NÃO","Ano":2023,"Fonte":"Secretaria Municipal de Educação - SME","SRC da camada":"EPSG:4326 - WGS 84","Codificação":"UTF-8"}},{"type":"Feature","id":"vw_ParqueEscolarMunicipal_2023.fid-5656ca56_19a5f394e75_6ade","geometry":{"type":"Point","coordinates":[-38.58448349,-3.73031183]},"geometry_name":"geom","properties":{"id":549,"fid":550,"Tipo":"EMTP","Título":"ESCOLA MUNICIPAL","Nome":"11 DE AGOSTO","Seriação":"F-6,7,8,9","Faixa etária":"11 A 14 ANOS","Distrito":1,"Endereço":"AV. CORONEL CARVALHO, 3121","Bairro":"JARDIM IRACEMA","Código do bairro":21,"CEP":"60341-641","Regional":"SER 1","INEP":23259418,"CODSGE":581,"6 mees":"NÃO","1 ano":"NÃO","2 anos":"NÃO","3 anos":"NÃO","4 anos":"NÃO","5 anos":"NÃO","6 anos":"NÃO","7 anos":"NÃO","8 anos":"NÃO","9 anos":"NÃO","10 anos":"NÃO","11 anos":"SIM","12 anos":"SIM","13 anos":"SIM","14 anos":"SIM","Ano":2023,"Fonte":"Secretaria Municipal de Educação - SME","SRC da camada":"EPSG:4326 - WGS 84","Codificação":"UTF-8"}},{"type":"Feature","id":"vw_ParqueEscolarMunicipal_2023.fid-5656ca56_19a5f394e75_6adf","geometry":{"type":"Point","coordinates":[-38.56868809,-3.70449117]},"geometry_name":"geom","properties":{"id":550,"fid":551,"Tipo":"CRP","Título":"CRECHE PARCEIRA","Nome":"ANJOS DE DEUS","Seriação":"I-1,2,3","Faixa etária":"1 A 3 ANOS","Distrito":1,"Endereço":"RUA DONA MENDINHA, 191","Bairro":"CRISTO REDENTOR","Código do bairro":12,"CEP":"60337-385","Regional":"SER 1","INEP":23280158,"CODSGE":647,"6 mees":"NÃO","1 ano":"SIM","2 anos":"SIM","3 anos":"SIM","4 anos":"NÃO","5 anos":"NÃO","6 anos":"NÃO","7 anos":"NÃO","8 anos":"NÃO","9 anos":"NÃO","10 anos":"NÃO","11 anos":"NÃO","12 anos":"NÃO","13 anos":"NÃO","14 anos":"NÃO","Ano":2023,"Fonte":"Secretaria Municipal de Educação - SME","SRC da camada":"EPSG:4326 - WGS 84","Codificação":"UTF-8"}},{"type":"Feature","id":"vw_ParqueEscolarMunicipal_2023.fid-5656ca56_19a5f394e75_6ae0","geometry":{"type":"Point","coordinates":[-38.57063112,-3.70654723]},"geometry_name":"geom","properties":{"id":551,"fid":552,"Tipo":"CEI","Título":"CENTRO DE EDUCAÇÃO INFANTIL","Nome":"RACHEL DE QUEIROZ","Seriação":"I-3,4,5","Faixa etária":"3 A 5 ANOS","Distrito":1,"Endereço":"TRAV. AURÉLIO LAVÔR, 99","Bairro":"BARRA DO CEARÁ","Código do bairro":6,"CEP":"60312-180","Regional":"SER 1","INEP":23255960,"CODSGE":500,"6 mees":"NÃO","1 ano":"NÃO","2 anos":"NÃO","3 anos":"SIM","4 anos":"SIM","5 anos":"SIM","6 anos":"NÃO","7 anos":"NÃO","8 anos":"NÃO","9 anos":"NÃO","10 anos":"NÃO","11 anos":"NÃO","12 anos":"NÃO","13 anos":"NÃO","14 anos":"NÃO","Ano":2023,"Fonte":"Secretaria Municipal de Educação - SME","SRC da camada":"EPSG:4326 - WGS 84","Codificação":"UTF-8"}},{"type":"Feature","id":"vw_ParqueEscolarMunicipal_2023.fid-5656ca56_19a5f394e75_6ae1","geometry":{"type":"Point","coordinates":[-38.5634555,-3.70611476]},"geometry_name":"geom","properties":{"id":552,"fid":553,"Tipo":"EMTP","Título":"ESCOLA MUNICIPAL","Nome":"SANTA TEREZA","Seriação":"F-1,2,3,4,5,6","Faixa etária":"6 A 11 ANOS","Distrito":1,"Endereço":"AV. MONSENHOR HÉLIO CAMPOS, 92","Bairro":"CRISTO REDENTOR","Código do bairro":12,"CEP":"60336-800","Regional":"SER 1","INEP":23069198,"CODSGE":255,"6 mees":"NÃO","1 ano":"NÃO","2 anos":"NÃO","3 anos":"NÃO","4 anos":"NÃO","5 anos":"NÃO","6 anos":"SIM","7 anos":"SIM","8 anos":"SIM","9 anos":"SIM","10 anos":"SIM","11 anos":"SIM","12 anos":"NÃO","13 anos":"NÃO","14 anos":"NÃO","Ano":2023,"Fonte":"Secretaria Municipal de Educação - SME","SRC da camada":"EPSG:4326 - WGS 84","Codificação":"UTF-8"}},{"type":"Feature","id":"vw_ParqueEscolarMunicipal_2023.fid-5656ca56_19a5f394e75_6ae2","geometry":{"type":"Point","coordinates":[-38.56991596,-3.70868844]},"geometry_name":"geom","properties":{"id":553,"fid":554,"Tipo":"EMTP","Título":"ESCOLA MUNICIPAL","Nome":"ANTÔNIO MENDES","Seriação":"F-3,4,5","Faixa etária":"8 A 10 ANOS","Distrito":1,"Endereço":"RUA DONA MENDINHA, 682","Bairro":"CRISTO REDENTOR","Código do bairro":12,"CEP":"60337-385","Regional":"SER 1","INEP":23184221,"CODSGE":311,"6 mees":"NÃO","1 ano":"NÃO","2 anos":"NÃO","3 anos":"NÃO","4 anos":"NÃO","5 anos":"NÃO","6 anos":"NÃO","7 anos":"NÃO","8 anos":"SIM","9 anos":"SIM","10 anos":"SIM","11 anos":"NÃO","12 anos":"NÃO","13 anos":"NÃO","14 anos":"NÃO","Ano":2023,"Fonte":"Secretaria Municipal de Educação - SME","SRC da camada":"EPSG:4326 - WGS 84","Codificação":"UTF-8"}},{"type":"Feature","id":"vw_ParqueEscolarMunicipal_2023.fid-5656ca56_19a5f394e75_6ae3","geometry":{"type":"Point","coordinates":[-38.56736325,-3.71128058]},"geometry_name":"geom","properties":{"id":554,"fid":533,"Tipo":"EMTP","Título":"ESCOLA MUNICIPAL","Nome":"ALDEÍDES RÉGIS","Seriação":"I-4,5/F-1,2,3","Faixa etária":"4 A 8 ANOS","Distrito":1,"Endereço":"RUA IRINEU DE SOUSA, 183","Bairro":"ÁLVARO WEYNE","Código do bairro":3,"CEP":"60337-180","Regional":"SER 1","INEP":23264144,"CODSGE":233,"6 mees":"NÃO","1 ano":"NÃO","2 anos":"NÃO","3 anos":"NÃO","4 anos":"SIM","5 anos":"SIM","6 anos":"SIM","7 anos":"SIM","8 anos":"SIM","9 anos":"NÃO","10 anos":"NÃO","11 anos":"NÃO","12 anos":"NÃO","13 anos":"NÃO","14 anos":"NÃO","Ano":2023,"Fonte":"Secretaria Municipal de Educação - SME","SRC da camada":"EPSG:4326 - WGS 84","Codificação":"UTF-8"}},{"type":"Feature","id":"vw_ParqueEscolarMunicipal_2023.fid-5656ca56_19a5f394e75_6ae4","geometry":{"type":"Point","coordinates":[-38.56199768,-3.71528198]},"geometry_name":"geom","properties":{"id":555,"fid":555,"Tipo":"EMTP","Título":"ESCOLA MUNICIPAL","Nome":"PATATIVA DO ASSARÉ","Seriação":"I-4,5/F-1,2,3,4,5","Faixa etária":"4 A 10 ANOS","Distrito":1,"Endereço":"RUA FREI TEOBALDO, 646","Bairro":"ÁLVARO WEYNE","Código do bairro":3,"CEP":"60335-220","Regional":"SER 1","INEP":23272716,"CODSGE":239,"6 mees":"NÃO","1 ano":"NÃO","2 anos":"NÃO","3 anos":"NÃO","4 anos":"SIM","5 anos":"SIM","6 anos":"SIM","7 anos":"SIM","8 anos":"SIM","9 anos":"SIM","10 anos":"SIM","11 anos":"NÃO","12 anos":"NÃO","13 anos":"NÃO","14 anos":"NÃO","Ano":2023,"Fonte":"Secretaria Municipal de Educação - SME","SRC da camada":"EPSG:4326 - WGS 84","Codificação":"UTF-8"}},{"type":"Feature","id":"vw_ParqueEscolarMunicipal_2023.fid-5656ca56_19a5f394e75_6ae5","geometry":{"type":"Point","coordinates":[-38.56168429,-3.71673013]},"geometry_name":"geom","properties":{"id":556,"fid":556,"Tipo":"EMTP","Título":"ESCOLA MUNICIPAL","Nome":"NOSSA SENHORA DO PERPÉTUO SOCORRO","Seriação":"F-6,7,8,9","Faixa etária":"11 A 14 ANOS","Distrito":1,"Endereço":"RUA CÔNSUL GOUVEIA, 57","Bairro":"ÁLVARO WEYNE","Código do bairro":3,"CEP":"60335-390","Regional":"SER 1","INEP":23255889,"CODSGE":291,"6 mees":"NÃO","1 ano":"NÃO","2 anos":"NÃO","3 anos":"NÃO","4 anos":"NÃO","5 anos":"NÃO","6 anos":"NÃO","7 anos":"NÃO","8 anos":"NÃO","9 anos":"NÃO","10 anos":"NÃO","11 anos":"SIM","12 anos":"SIM","13 anos":"SIM","14 anos":"SIM","Ano":2023,"Fonte":"Secretaria Municipal de Educação - SME","SRC da camada":"EPSG:4326 - WGS 84","Codificação":"UTF-8"}},{"type":"Feature","id":"vw_ParqueEscolarMunicipal_2023.fid-5656ca56_19a5f394e75_6ae6","geometry":{"type":"Point","coordinates":[-38.57292841,-3.72569607]},"geometry_name":"geom","properties":{"id":557,"fid":557,"Tipo":"EMTP","Título":"ESCOLA MUNICIPAL","Nome":"DOM HELDER CÂMARA","Seriação":"I-4,5/F-1,2,3,4,5","Faixa etária":"4 A 10 ANOS","Distrito":1,"Endereço":"RUA FREI ODILON, 623B","Bairro":"FLORESTA","Código do bairro":17,"CEP":"60336-190","Regional":"SER 1","INEP":23234300,"CODSGE":333,"6 mees":"NÃO","1 ano":"NÃO","2 anos":"NÃO","3 anos":"NÃO","4 anos":"SIM","5 anos":"SIM","6 anos":"SIM","7 anos":"SIM","8 anos":"SIM","9 anos":"SIM","10 anos":"SIM","11 anos":"NÃO","12 anos":"NÃO","13 anos":"NÃO","14 anos":"NÃO","Ano":2023,"Fonte":"Secretaria Municipal de Educação - SME","SRC da camada":"EPSG:4326 - WGS 84","Codificação":"UTF-8"}},{"type":"Feature","id":"vw_ParqueEscolarMunicipal_2023.fid-5656ca56_19a5f394e75_6ae7","geometry":{"type":"Point","coordinates":[-38.57222208,-3.72078391]},"geometry_name":"geom","properties":{"id":558,"fid":558,"Tipo":"EMTI","Título":"ESCOLA MUNICIPAL DE TEMPO INTEGRAL","Nome":"NOSSA SENHORA DE FÁTIMA","Seriação":"F-6,7,8,9","Faixa etária":"11 A 14 ANOS","Distrito":1,"Endereço":"RUA SILVIO ROMERO, 370","Bairro":"FLORESTA","Código do bairro":17,"CEP":"60336-100","Regional":"SER 1","INEP":23271493,"CODSGE":139,"6 mees":"NÃO","1 ano":"NÃO","2 anos":"NÃO","3 anos":"NÃO","4 anos":"NÃO","5 anos":"NÃO","6 anos":"NÃO","7 anos":"NÃO","8 anos":"NÃO","9 anos":"NÃO","10 anos":"NÃO","11 anos":"SIM","12 anos":"SIM","13 anos":"SIM","14 anos":"SIM","Ano":2023,"Fonte":"Secretaria Municipal de Educação - SME","SRC da camada":"EPSG:4326 - WGS 84","Codificação":"UTF-8"}},{"type":"Feature","id":"vw_ParqueEscolarMunicipal_2023.fid-5656ca56_19a5f394e75_6ae8","geometry":{"type":"Point","coordinates":[-38.57389717,-3.71717544]},"geometry_name":"geom","properties":{"id":559,"fid":559,"Tipo":"EMTP","Título":"ESCOLA MUNICIPAL","Nome":"MARIA ROSELI LIMA MESQUITA","Seriação":"F-1,2,3,4,5","Faixa etária":"6 A 10 ANOS","Distrito":1,"Endereço":"RUA FRANCISCO CALAÇA, 1791","Bairro":"ÁLVARO WEYNE","Código do bairro":3,"CEP":"60336-045","Regional":"SER 1","INEP":23190787,"CODSGE":241,"6 mees":"NÃO","1 ano":"NÃO","2 anos":"NÃO","3 anos":"NÃO","4 anos":"NÃO","5 anos":"NÃO","6 anos":"SIM","7 anos":"SIM","8 anos":"SIM","9 anos":"SIM","10 anos":"SIM","11 anos":"NÃO","12 anos":"NÃO","13 anos":"NÃO","14 anos":"NÃO","Ano":2023,"Fonte":"Secretaria Municipal de Educação - SME","SRC da camada":"EPSG:4326 - WGS 84","Codificação":"UTF-8"}},{"type":"Feature","id":"vw_ParqueEscolarMunicipal_2023.fid-5656ca56_19a5f394e75_6ae9","geometry":{"type":"Point","coordinates":[-38.58438949,-3.72535975]},"geometry_name":"geom","properties":{"id":560,"fid":560,"Tipo":"EMTP","Título":"ESCOLA MUNICIPAL","Nome":"MARIA DALVA SEVERINO MARREIRO","Seriação":"I-4,5/F-1,2","Faixa etária":"4 A 7 ANOS","Distrito":1,"Endereço":"RUA RIO PARAGUAI, 782","Bairro":"JARDIM IRACEMA","Código do bairro":21,"CEP":"60341-270","Regional":"SER 1","INEP":23255854,"CODSGE":145,"6 mees":"NÃO","1 ano":"NÃO","2 anos":"NÃO","3 anos":"NÃO","4 anos":"SIM","5 anos":"SIM","6 anos":"SIM","7 anos":"SIM","8 anos":"NÃO","9 anos":"NÃO","10 anos":"NÃO","11 anos":"NÃO","12 anos":"NÃO","13 anos":"NÃO","14 anos":"NÃO","Ano":2023,"Fonte":"Secretaria Municipal de Educação - SME","SRC da camada":"EPSG:4326 - WGS 84","Codificação":"UTF-8"}},{"type":"Feature","id":"vw_ParqueEscolarMunicipal_2023.fid-5656ca56_19a5f394e75_6aea","geometry":{"type":"Point","coordinates":[-38.58350102,-3.72285573]},"geometry_name":"geom","properties":{"id":561,"fid":561,"Tipo":"EMTP","Título":"ESCOLA MUNICIPAL","Nome":"RAIMUNDO DE SOUSA MANGUEIRA","Seriação":"F-1,2,3,4,5","Faixa etária":"6 A 10 ANOS","Distrito":1,"Endereço":"RUA ALBERTO FERREIRA, 624","Bairro":"JARDIM IRACEMA","Código do bairro":21,"CEP":"60341-140","Regional":"SER 1","INEP":23255951,"CODSGE":351,"6 mees":"NÃO","1 ano":"NÃO","2 anos":"NÃO","3 anos":"NÃO","4 anos":"NÃO","5 anos":"NÃO","6 anos":"SIM","7 anos":"SIM","8 anos":"SIM","9 anos":"SIM","10 anos":"SIM","11 anos":"NÃO","12 anos":"NÃO","13 anos":"NÃO","14 anos":"NÃO","Ano":2023,"Fonte":"Secretaria Municipal de Educação - SME","SRC da camada":"EPSG:4326 - WGS 84","Codificação":"UTF-8"}},{"type":"Feature","id":"vw_ParqueEscolarMunicipal_2023.fid-5656ca56_19a5f394e75_6aeb","geometry":{"type":"Point","coordinates":[-38.58337876,-3.71973636]},"geometry_name":"geom","properties":{"id":562,"fid":562,"Tipo":"EMTP","Título":"ESCOLA MUNICIPAL","Nome":"JOSÉ DE ALENCAR","Seriação":"F-6,7,8,9","Faixa etária":"11 A 14 ANOS","Distrito":1,"Endereço":"RUA ALBERTO FERREIRA, 248","Bairro":"JARDIM IRACEMA","Código do bairro":21,"CEP":"60341-140","Regional":"SER 1","INEP":23072270,"CODSGE":225,"6 mees":"NÃO","1 ano":"NÃO","2 anos":"NÃO","3 anos":"NÃO","4 anos":"NÃO","5 anos":"NÃO","6 anos":"NÃO","7 anos":"NÃO","8 anos":"NÃO","9 anos":"NÃO","10 anos":"NÃO","11 anos":"SIM","12 anos":"SIM","13 anos":"SIM","14 anos":"SIM","Ano":2023,"Fonte":"Secretaria Municipal de Educação - SME","SRC da camada":"EPSG:4326 - WGS 84","Codificação":"UTF-8"}},{"type":"Feature","id":"vw_ParqueEscolarMunicipal_2023.fid-5656ca56_19a5f394e75_6aec","geometry":{"type":"Point","coordinates":[-38.57974534,-3.71857609]},"geometry_name":"geom","properties":{"id":563,"fid":563,"Tipo":"EMTP","Título":"ESCOLA MUNICIPAL","Nome":"FRANCISCO SILVA CAVALCANTE","Seriação":"F-6,7,8,9","Faixa etária":"11 A 14 ANOS","Distrito":1,"Endereço":"AV. CONSELHEIRO LAFAYETTE, 205","Bairro":"FLORESTA","Código do bairro":17,"CEP":"60340-192","Regional":"SER 1","INEP":23071168,"CODSGE":153,"6 mees":"NÃO","1 ano":"NÃO","2 anos":"NÃO","3 anos":"NÃO","4 anos":"NÃO","5 anos":"NÃO","6 anos":"NÃO","7 anos":"NÃO","8 anos":"NÃO","9 anos":"NÃO","10 anos":"NÃO","11 anos":"SIM","12 anos":"SIM","13 anos":"SIM","14 anos":"SIM","Ano":2023,"Fonte":"Secretaria Municipal de Educação - SME","SRC da camada":"EPSG:4326 - WGS 84","Codificação":"UTF-8"}},{"type":"Feature","id":"vw_ParqueEscolarMunicipal_2023.fid-5656ca56_19a5f394e75_6aed","geometry":{"type":"Point","coordinates":[-38.58339469,-3.72191184]},"geometry_name":"geom","properties":{"id":564,"fid":564,"Tipo":"EMTP","Título":"ESCOLA MUNICIPAL","Nome":"JESUS CRISTO","Seriação":"I-4,5/F-1,2,3,4,5","Faixa etária":"4 A 10 ANOS","Distrito":1,"Endereço":"RUA ALBERTO FERREIRA, 564","Bairro":"JARDIM IRACEMA","Código do bairro":21,"CEP":"60341-140","Regional":"SER 1","INEP":23255749,"CODSGE":130,"6 mees":"NÃO","1 ano":"NÃO","2 anos":"NÃO","3 anos":"NÃO","4 anos":"SIM","5 anos":"SIM","6 anos":"SIM","7 anos":"SIM","8 anos":"SIM","9 anos":"SIM","10 anos":"SIM","11 anos":"NÃO","12 anos":"NÃO","13 anos":"NÃO","14 anos":"NÃO","Ano":2023,"Fonte":"Secretaria Municipal de Educação - SME","SRC da camada":"EPSG:4326 - WGS 84","Codificação":"UTF-8"}},{"type":"Feature","id":"vw_ParqueEscolarMunicipal_2023.fid-5656ca56_19a5f394e75_6aee","geometry":{"type":"Point","coordinates":[-38.59185653,-3.72464718]},"geometry_name":"geom","properties":{"id":565,"fid":565,"Tipo":"EMTP","Título":"ESCOLA MUNICIPAL","Nome":"QUINTINO CUNHA","Seriação":"F-1,2,3,4,5","Faixa etária":"6 A 10 ANOS","Distrito":1,"Endereço":"RUA MARIA CLARA, 1263","Bairro":"JARDIM GUANABARA","Código do bairro":20,"CEP":"60346-218","Regional":"SER 1","INEP":23076682,"CODSGE":154,"6 mees":"NÃO","1 ano":"NÃO","2 anos":"NÃO","3 anos":"NÃO","4 anos":"NÃO","5 anos":"NÃO","6 anos":"SIM","7 anos":"SIM","8 anos":"SIM","9 anos":"SIM","10 anos":"SIM","11 anos":"NÃO","12 anos":"NÃO","13 anos":"NÃO","14 anos":"NÃO","Ano":2023,"Fonte":"Secretaria Municipal de Educação - SME","SRC da camada":"EPSG:4326 - WGS 84","Codificação":"UTF-8"}},{"type":"Feature","id":"vw_ParqueEscolarMunicipal_2023.fid-5656ca56_19a5f394e75_6aef","geometry":{"type":"Point","coordinates":[-38.59145414,-3.72473106]},"geometry_name":"geom","properties":{"id":566,"fid":566,"Tipo":"EMTP","Título":"ESCOLA MUNICIPAL","Nome":"MANOEL RODRIGUES","Seriação":"F-6,7,8,9","Faixa etária":"11 A 14 ANOS","Distrito":1,"Endereço":"RUA MARIA CLARA, 1237","Bairro":"JARDIM GUANABARA","Código do bairro":20,"CEP":"60346-218","Regional":"SER 1","INEP":23255641,"CODSGE":137,"6 mees":"NÃO","1 ano":"NÃO","2 anos":"NÃO","3 anos":"NÃO","4 anos":"NÃO","5 anos":"NÃO","6 anos":"NÃO","7 anos":"NÃO","8 anos":"NÃO","9 anos":"NÃO","10 anos":"NÃO","11 anos":"SIM","12 anos":"SIM","13 anos":"SIM","14 anos":"SIM","Ano":2023,"Fonte":"Secretaria Municipal de Educação - SME","SRC da camada":"EPSG:4326 - WGS 84","Codificação":"UTF-8"}},{"type":"Feature","id":"vw_ParqueEscolarMunicipal_2023.fid-5656ca56_19a5f394e75_6af0","geometry":{"type":"Point","coordinates":[-38.58869279,-3.72330228]},"geometry_name":"geom","properties":{"id":567,"fid":567,"Tipo":"EMTP","Título":"ESCOLA MUNICIPAL","Nome":"PROFESSOR JOSÉ PARSIFAL BARROSO","Seriação":"F-6,7,8,9","Faixa etária":"11 A 14 ANOS","Distrito":1,"Endereço":"RUA MAJOR ASSIS, 1076","Bairro":"JARDIM GUANABARA","Código do bairro":20,"CEP":"60346-372","Regional":"SER 1","INEP":23072504,"CODSGE":256,"6 mees":"NÃO","1 ano":"NÃO","2 anos":"NÃO","3 anos":"NÃO","4 anos":"NÃO","5 anos":"NÃO","6 anos":"NÃO","7 anos":"NÃO","8 anos":"NÃO","9 anos":"NÃO","10 anos":"NÃO","11 anos":"SIM","12 anos":"SIM","13 anos":"SIM","14 anos":"SIM","Ano":2023,"Fonte":"Secretaria Municipal de Educação - SME","SRC da camada":"EPSG:4326 - WGS 84","Codificação":"UTF-8"}},{"type":"Feature","id":"vw_ParqueEscolarMunicipal_2023.fid-5656ca56_19a5f394e75_6af1","geometry":{"type":"Point","coordinates":[-38.59075927,-3.72220781]},"geometry_name":"geom","properties":{"id":568,"fid":568,"Tipo":"EMTP","Título":"ESCOLA MUNICIPAL","Nome":"PROFESSOR JOSÉ REBOUÇAS MACAMBIRA","Seriação":"F-1,2,3,4,5,6,7,8,9","Faixa etária":"6 A 14 ANOS","Distrito":1,"Endereço":"RUA CIDADE DE CARIÚS, 200","Bairro":"JARDIM GUANABARA","Código do bairro":20,"CEP":"60346-271","Regional":"SER 1","INEP":23072520,"CODSGE":331,"6 mees":"NÃO","1 ano":"NÃO","2 anos":"NÃO","3 anos":"NÃO","4 anos":"NÃO","5 anos":"NÃO","6 anos":"SIM","7 anos":"SIM","8 anos":"SIM","9 anos":"SIM","10 anos":"SIM","11 anos":"SIM","12 anos":"SIM","13 anos":"SIM","14 anos":"SIM","Ano":2023,"Fonte":"Secretaria Municipal de Educação - SME","SRC da camada":"EPSG:4326 - WGS 84","Codificação":"UTF-8"}},{"type":"Feature","id":"vw_ParqueEscolarMunicipal_2023.fid-5656ca56_19a5f394e75_6af2","geometry":{"type":"Point","coordinates":[-38.59136161,-3.72161434]},"geometry_name":"geom","properties":{"id":569,"fid":569,"Tipo":"EMTP","Título":"ESCOLA MUNICIPAL","Nome":"LORHAN MARQUES MEDEIROS","Seriação":"I-4,5/F-1,2","Faixa etária":"4 A 7 ANOS","Distrito":1,"Endereço":"RUA CREUZA ROCHA, 255","Bairro":"JARDIM GUANABARA","Código do bairro":20,"CEP":"60346-352","Regional":"SER 1","INEP":23263326,"CODSGE":199,"6 mees":"NÃO","1 ano":"NÃO","2 anos":"NÃO","3 anos":"NÃO","4 anos":"SIM","5 anos":"SIM","6 anos":"SIM","7 anos":"SIM","8 anos":"NÃO","9 anos":"NÃO","10 anos":"NÃO","11 anos":"NÃO","12 anos":"NÃO","13 anos":"NÃO","14 anos":"NÃO","Ano":2023,"Fonte":"Secretaria Municipal de Educação - SME","SRC da camada":"EPSG:4326 - WGS 84","Codificação":"UTF-8"}},{"type":"Feature","id":"vw_ParqueEscolarMunicipal_2023.fid-5656ca56_19a5f394e75_6af3","geometry":{"type":"Point","coordinates":[-38.60600137,-3.7198691]},"geometry_name":"geom","properties":{"id":570,"fid":570,"Tipo":"EMTP","Título":"ESCOLA MUNICIPAL","Nome":"MARIA MARIZA MENDES DE CARVALHO","Seriação":"I-4,5/F-1,2","Faixa etária":"4 A 7 ANOS","Distrito":1,"Endereço":"RUA RAIMUNDO CUNHA, 1174","Bairro":"VILA VELHA","Código do bairro":39,"CEP":"60345-151","Regional":"SER 1","INEP":23257881,"CODSGE":160,"6 mees":"NÃO","1 ano":"NÃO","2 anos":"NÃO","3 anos":"NÃO","4 anos":"SIM","5 anos":"SIM","6 anos":"SIM","7 anos":"SIM","8 anos":"NÃO","9 anos":"NÃO","10 anos":"NÃO","11 anos":"NÃO","12 anos":"NÃO","13 anos":"NÃO","14 anos":"NÃO","Ano":2023,"Fonte":"Secretaria Municipal de Educação - SME","SRC da camada":"EPSG:4326 - WGS 84","Codificação":"UTF-8"}},{"type":"Feature","id":"vw_ParqueEscolarMunicipal_2023.fid-5656ca56_19a5f394e75_6af4","geometry":{"type":"Point","coordinates":[-38.60302002,-3.71846862]},"geometry_name":"geom","properties":{"id":571,"fid":571,"Tipo":"EMTP","Título":"ESCOLA MUNICIPAL","Nome":"FRANCISCO EDILSON PINHEIRO","Seriação":"F-1,2,3,4,5","Faixa etária":"6 A 10 ANOS","Distrito":1,"Endereço":"RUA N, 35","Bairro":"VILA VELHA","Código do bairro":39,"CEP":"60349-160","Regional":"SER 1","INEP":23257873,"CODSGE":240,"6 mees":"NÃO","1 ano":"NÃO","2 anos":"NÃO","3 anos":"NÃO","4 anos":"NÃO","5 anos":"NÃO","6 anos":"SIM","7 anos":"SIM","8 anos":"SIM","9 anos":"SIM","10 anos":"SIM","11 anos":"NÃO","12 anos":"NÃO","13 anos":"NÃO","14 anos":"NÃO","Ano":2023,"Fonte":"Secretaria Municipal de Educação - SME","SRC da camada":"EPSG:4326 - WGS 84","Codificação":"UTF-8"}},{"type":"Feature","id":"vw_ParqueEscolarMunicipal_2023.fid-5656ca56_19a5f394e75_6af5","geometry":{"type":"Point","coordinates":[-38.60013563,-3.71802334]},"geometry_name":"geom","properties":{"id":572,"fid":572,"Tipo":"EMTP","Título":"ESCOLA MUNICIPAL","Nome":"CASTELO DE CASTRO","Seriação":"F-1,2,3,4,5","Faixa etária":"6 A 10 ANOS","Distrito":1,"Endereço":"RUA 43, 1531 (CONJUNTO DOS BANCÁRIOS)","Bairro":"VILA VELHA","Código do bairro":39,"CEP":"60348-340","Regional":"SER 1","INEP":23066628,"CODSGE":125,"6 mees":"NÃO","1 ano":"NÃO","2 anos":"NÃO","3 anos":"NÃO","4 anos":"NÃO","5 anos":"NÃO","6 anos":"SIM","7 anos":"SIM","8 anos":"SIM","9 anos":"SIM","10 anos":"SIM","11 anos":"NÃO","12 anos":"NÃO","13 anos":"NÃO","14 anos":"NÃO","Ano":2023,"Fonte":"Secretaria Municipal de Educação - SME","SRC da camada":"EPSG:4326 - WGS 84","Codificação":"UTF-8"}},{"type":"Feature","id":"vw_ParqueEscolarMunicipal_2023.fid-5656ca56_19a5f394e75_6af6","geometry":{"type":"Point","coordinates":[-38.5980841,-3.7159364]},"geometry_name":"geom","properties":{"id":573,"fid":573,"Tipo":"EMTP","Título":"ESCOLA MUNICIPAL","Nome":"HERONDINA LIMA CAVALCANTE","Seriação":"F-5,6,7,8,9","Faixa etária":"9 A 14 ANOS","Distrito":1,"Endereço":"AV. AMBIENTALISTA ARY THERS, 310","Bairro":"VILA VELHA","Código do bairro":39,"CEP":"60348-100","Regional":"SER 1","INEP":23234318,"CODSGE":334,"6 mees":"NÃO","1 ano":"NÃO","2 anos":"NÃO","3 anos":"NÃO","4 anos":"NÃO","5 anos":"NÃO","6 anos":"NÃO","7 anos":"NÃO","8 anos":"NÃO","9 anos":"NÃO","10 anos":"SIM","11 anos":"SIM","12 anos":"SIM","13 anos":"SIM","14 anos":"SIM","Ano":2023,"Fonte":"Secretaria Municipal de Educação - SME","SRC da camada":"EPSG:4326 - WGS 84","Codificação":"UTF-8"}},{"type":"Feature","id":"vw_ParqueEscolarMunicipal_2023.fid-5656ca56_19a5f394e75_6af7","geometry":{"type":"Point","coordinates":[-38.59206925,-3.71263366]},"geometry_name":"geom","properties":{"id":574,"fid":574,"Tipo":"EMTP","Título":"ESCOLA MUNICIPAL","Nome":"ANTÔNIO CORREIA LIMA","Seriação":"F-1,2,3,4,5,6,7,8,9","Faixa etária":"6 A 14 ANOS","Distrito":1,"Endereço":"RUA HERMES PARAÍBA, 934","Bairro":"VILA VELHA","Código do bairro":39,"CEP":"60347-155","Regional":"SER 1","INEP":23215267,"CODSGE":226,"6 mees":"NÃO","1 ano":"NÃO","2 anos":"NÃO","3 anos":"NÃO","4 anos":"NÃO","5 anos":"NÃO","6 anos":"SIM","7 anos":"SIM","8 anos":"SIM","9 anos":"SIM","10 anos":"SIM","11 anos":"SIM","12 anos":"SIM","13 anos":"SIM","14 anos":"SIM","Ano":2023,"Fonte":"Secretaria Municipal de Educação - SME","SRC da camada":"EPSG:4326 - WGS 84","Codificação":"UTF-8"}},{"type":"Feature","id":"vw_ParqueEscolarMunicipal_2023.fid-5656ca56_19a5f394e75_6af8","geometry":{"type":"Point","coordinates":[-38.58948054,-3.70465827]},"geometry_name":"geom","properties":{"id":575,"fid":575,"Tipo":"EMTP","Título":"ESCOLA MUNICIPAL","Nome":"DOM ANTÔNIO BATISTA DE FRAGOSO","Seriação":"F-6,7,8,9","Faixa etária":"11 A 14 ANOS","Distrito":1,"Endereço":"AV. FRANCISCO SÁ, 7945","Bairro":"BARRA DO CEARÁ","Código do bairro":6,"CEP":"60330-875","Regional":"SER 1","INEP":23255668,"CODSGE":310,"6 mees":"NÃO","1 ano":"NÃO","2 anos":"NÃO","3 anos":"NÃO","4 anos":"NÃO","5 anos":"NÃO","6 anos":"NÃO","7 anos":"NÃO","8 anos":"NÃO","9 anos":"NÃO","10 anos":"NÃO","11 anos":"SIM","12 anos":"SIM","13 anos":"SIM","14 anos":"SIM","Ano":2023,"Fonte":"Secretaria Municipal de Educação - SME","SRC da camada":"EPSG:4326 - WGS 84","Codificação":"UTF-8"}},{"type":"Feature","id":"vw_ParqueEscolarMunicipal_2023.fid-5656ca56_19a5f394e75_6af9","geometry":{"type":"Point","coordinates":[-38.57455662,-3.7068118]},"geometry_name":"geom","properties":{"id":576,"fid":576,"Tipo":"EMTP","Título":"ESCOLA MUNICIPAL","Nome":"FRANCISCO DOMINGOS DA SILVA","Seriação":"F-6,7,8,9","Faixa etária":"11 A 14 ANOS","Distrito":1,"Endereço":"AV. PRESIDENTE CASTELO BRANCO, 4707","Bairro":"BARRA DO CEARÁ","Código do bairro":6,"CEP":"60312-060","Regional":"SER 1","INEP":23070021,"CODSGE":276,"6 mees":"NÃO","1 ano":"NÃO","2 anos":"NÃO","3 anos":"NÃO","4 anos":"NÃO","5 anos":"NÃO","6 anos":"NÃO","7 anos":"NÃO","8 anos":"NÃO","9 anos":"NÃO","10 anos":"NÃO","11 anos":"SIM","12 anos":"SIM","13 anos":"SIM","14 anos":"SIM","Ano":2023,"Fonte":"Secretaria Municipal de Educação - SME","SRC da camada":"EPSG:4326 - WGS 84","Codificação":"UTF-8"}},{"type":"Feature","id":"vw_ParqueEscolarMunicipal_2023.fid-5656ca56_19a5f394e75_6afa","geometry":{"type":"Point","coordinates":[-38.57649333,-3.70494008]},"geometry_name":"geom","properties":{"id":577,"fid":577,"Tipo":"EMTP","Título":"ESCOLA MUNICIPAL","Nome":"RACHEL DE QUEIROZ","Seriação":"I-4,5/F-1,2,3,4,5","Faixa etária":"4 A 10 ANOS","Distrito":1,"Endereço":"AV. PRESIDENTE CASTELO BRANCO, 5010","Bairro":"BARRA DO CEARÁ","Código do bairro":6,"CEP":"60334-100","Regional":"SER 1","INEP":23255960,"CODSGE":289,"6 mees":"NÃO","1 ano":"NÃO","2 anos":"NÃO","3 anos":"NÃO","4 anos":"SIM","5 anos":"SIM","6 anos":"SIM","7 anos":"SIM","8 anos":"SIM","9 anos":"SIM","10 anos":"SIM","11 anos":"NÃO","12 anos":"NÃO","13 anos":"NÃO","14 anos":"NÃO","Ano":2023,"Fonte":"Secretaria Municipal de Educação - SME","SRC da camada":"EPSG:4326 - WGS 84","Codificação":"UTF-8"}},{"type":"Feature","id":"vw_ParqueEscolarMunicipal_2023.fid-5656ca56_19a5f394e75_6afb","geometry":{"type":"Point","coordinates":[-38.58040588,-3.70917193]},"geometry_name":"geom","properties":{"id":578,"fid":578,"Tipo":"EMTP","Título":"ESCOLA MUNICIPAL","Nome":"DOIS DE DEZEMBRO","Seriação":"I-5/F-1,2,3,4,5","Faixa etária":"5 A 10 ANOS","Distrito":1,"Endereço":"RUA ARAQUÉM, 860","Bairro":"BARRA DO CEARÁ","Código do bairro":6,"CEP":"60331-120","Regional":"SER 1","INEP":23271507,"CODSGE":234,"6 mees":"NÃO","1 ano":"NÃO","2 anos":"NÃO","3 anos":"NÃO","4 anos":"NÃO","5 anos":"SIM","6 anos":"SIM","7 anos":"SIM","8 anos":"SIM","9 anos":"SIM","10 anos":"SIM","11 anos":"NÃO","12 anos":"NÃO","13 anos":"NÃO","14 anos":"NÃO","Ano":2023,"Fonte":"Secretaria Municipal de Educação - SME","SRC da camada":"EPSG:4326 - WGS 84","Codificação":"UTF-8"}},{"type":"Feature","id":"vw_ParqueEscolarMunicipal_2023.fid-5656ca56_19a5f394e75_6afc","geometry":{"type":"Point","coordinates":[-38.58204178,-3.70938503]},"geometry_name":"geom","properties":{"id":579,"fid":579,"Tipo":"EMTP","Título":"ESCOLA MUNICIPAL","Nome":"CASIMIRO JOSÉ DE LIMA FILHO","Seriação":"I-4,5/F-1,2","Faixa etária":"4 A 7 ANOS","Distrito":1,"Endereço":"AV. FRANCISCO SÁ, 6449","Bairro":"BARRA DO CEARÁ","Código do bairro":6,"CEP":"60330-875","Regional":"SER 1","INEP":23066520,"CODSGE":353,"6 mees":"NÃO","1 ano":"NÃO","2 anos":"NÃO","3 anos":"NÃO","4 anos":"SIM","5 anos":"SIM","6 anos":"SIM","7 anos":"SIM","8 anos":"NÃO","9 anos":"NÃO","10 anos":"NÃO","11 anos":"NÃO","12 anos":"NÃO","13 anos":"NÃO","14 anos":"NÃO","Ano":2023,"Fonte":"Secretaria Municipal de Educação - SME","SRC da camada":"EPSG:4326 - WGS 84","Codificação":"UTF-8"}},{"type":"Feature","id":"vw_ParqueEscolarMunicipal_2023.fid-5656ca56_19a5f394e75_6afd","geometry":{"type":"Point","coordinates":[-38.58383951,-3.70821084]},"geometry_name":"geom","properties":{"id":580,"fid":580,"Tipo":"EMTP","Título":"ESCOLA MUNICIPAL","Nome":"REITOR PEDRO TEIXEIRA BARROSO","Seriação":"F-6,7,8,9","Faixa etária":"11 A 14 ANOS","Distrito":1,"Endereço":"AV. FLORÊNCIO DE ALENCAR, 900","Bairro":"BARRA DO CEARÁ","Código do bairro":6,"CEP":"60330-055","Regional":"SER 1","INEP":23263318,"CODSGE":201,"6 mees":"NÃO","1 ano":"NÃO","2 anos":"NÃO","3 anos":"NÃO","4 anos":"NÃO","5 anos":"NÃO","6 anos":"NÃO","7 anos":"NÃO","8 anos":"NÃO","9 anos":"NÃO","10 anos":"NÃO","11 anos":"SIM","12 anos":"SIM","13 anos":"SIM","14 anos":"SIM","Ano":2023,"Fonte":"Secretaria Municipal de Educação - SME","SRC da camada":"EPSG:4326 - WGS 84","Codificação":"UTF-8"}},{"type":"Feature","id":"vw_ParqueEscolarMunicipal_2023.fid-5656ca56_19a5f394e75_6afe","geometry":{"type":"Point","coordinates":[-38.58531156,-3.70647754]},"geometry_name":"geom","properties":{"id":581,"fid":581,"Tipo":"EMTI","Título":"ESCOLA MUNICIPAL DE TEMPO INTEGRAL","Nome":"ALDEMIR MARTINS","Seriação":"F-6,7,8,9","Faixa etária":"11 A 14 ANOS","Distrito":1,"Endereço":"AV. FRANCISCO SÁ, 7460","Bairro":"BARRA DO CEARÁ","Código do bairro":6,"CEP":"60330-878","Regional":"SER 1","INEP":23529989,"CODSGE":300,"6 mees":"NÃO","1 ano":"NÃO","2 anos":"NÃO","3 anos":"NÃO","4 anos":"NÃO","5 anos":"NÃO","6 anos":"NÃO","7 anos":"NÃO","8 anos":"NÃO","9 anos":"NÃO","10 anos":"NÃO","11 anos":"SIM","12 anos":"SIM","13 anos":"SIM","14 anos":"SIM","Ano":2023,"Fonte":"Secretaria Municipal de Educação - SME","SRC da camada":"EPSG:4326 - WGS 84","Codificação":"UTF-8"}},{"type":"Feature","id":"vw_ParqueEscolarMunicipal_2023.fid-5656ca56_19a5f394e75_6aff","geometry":{"type":"Point","coordinates":[-38.58979214,-3.70580073]},"geometry_name":"geom","properties":{"id":582,"fid":582,"Tipo":"EMTP","Título":"ESCOLA MUNICIPAL","Nome":"JADER DE FIGUEIREDO CORREIA","Seriação":"I-4,5/F-1,2,3,4,5","Faixa etária":"4 A 10 ANOS","Distrito":1,"Endereço":"RUA TOCANDIRA, 61","Bairro":"BARRA DO CEARÁ","Código do bairro":6,"CEP":"60330-155","Regional":"SER 1","INEP":23256036,"CODSGE":284,"6 mees":"NÃO","1 ano":"NÃO","2 anos":"NÃO","3 anos":"NÃO","4 anos":"SIM","5 anos":"SIM","6 anos":"SIM","7 anos":"SIM","8 anos":"SIM","9 anos":"SIM","10 anos":"SIM","11 anos":"NÃO","12 anos":"NÃO","13 anos":"NÃO","14 anos":"NÃO","Ano":2023,"Fonte":"Secretaria Municipal de Educação - SME","SRC da camada":"EPSG:4326 - WGS 84","Codificação":"UTF-8"}},{"type":"Feature","id":"vw_ParqueEscolarMunicipal_2023.fid-5656ca56_19a5f394e75_6b00","geometry":{"type":"Point","coordinates":[-38.5857898,-3.70049632]},"geometry_name":"geom","properties":{"id":583,"fid":583,"Tipo":"EMTP","Título":"ESCOLA MUNICIPAL","Nome":"AGOSTINHO MOREIRA E SILVA","Seriação":"I-5/F-1,2,3,4,5","Faixa etária":"5 A 10 ANOS","Distrito":1,"Endereço":"RUA PERI, 20","Bairro":"BARRA DO CEARÁ","Código do bairro":6,"CEP":"60331-270","Regional":"SER 1","INEP":23263296,"CODSGE":232,"6 mees":"NÃO","1 ano":"NÃO","2 anos":"NÃO","3 anos":"NÃO","4 anos":"NÃO","5 anos":"SIM","6 anos":"SIM","7 anos":"SIM","8 anos":"SIM","9 anos":"SIM","10 anos":"SIM","11 anos":"NÃO","12 anos":"NÃO","13 anos":"NÃO","14 anos":"NÃO","Ano":2023,"Fonte":"Secretaria Municipal de Educação - SME","SRC da camada":"EPSG:4326 - WGS 84","Codificação":"UTF-8"}},{"type":"Feature","id":"vw_ParqueEscolarMunicipal_2023.fid-5656ca56_19a5f394e75_6b01","geometry":{"type":"Point","coordinates":[-38.55950594,-3.72217381]},"geometry_name":"geom","properties":{"id":584,"fid":584,"Tipo":"CRP","Título":"CRECHE PARCEIRA","Nome":"FAVO DE MEL","Seriação":"I-1,2,3","Faixa etária":"1 A 3 ANOS","Distrito":3,"Endereço":"RUA DOUTOR ALMEIDA FILHO, 326","Bairro":"MONTE CASTELO","Código do bairro":25,"CEP":"60320-510","Regional":"SER 3","INEP":23280883,"CODSGE":577,"6 mees":"NÃO","1 ano":"SIM","2 anos":"SIM","3 anos":"SIM","4 anos":"NÃO","5 anos":"NÃO","6 anos":"NÃO","7 anos":"NÃO","8 anos":"NÃO","9 anos":"NÃO","10 anos":"NÃO","11 anos":"NÃO","12 anos":"NÃO","13 anos":"NÃO","14 anos":"NÃO","Ano":2023,"Fonte":"Secretaria Municipal de Educação - SME","SRC da camada":"EPSG:4326 - WGS 84","Codificação":"UTF-8"}},{"type":"Feature","id":"vw_ParqueEscolarMunicipal_2023.fid-5656ca56_19a5f394e75_6b02","geometry":{"type":"Point","coordinates":[-38.54248979,-3.72423239]},"geometry_name":"geom","properties":{"id":585,"fid":585,"Tipo":"CRP","Título":"CRECHE PARCEIRA","Nome":"AMADEU BARROS LEAL","Seriação":"I-1,2,3","Faixa etária":"1 A 3 ANOS","Distrito":1,"Endereço":"AV. FILOMENO GOMES, 110","Bairro":"JACARECANGA","Código do bairro":18,"CEP":"60010-280","Regional":"SER 1","INEP":23280247,"CODSGE":533,"6 mees":"NÃO","1 ano":"SIM","2 anos":"SIM","3 anos":"SIM","4 anos":"NÃO","5 anos":"NÃO","6 anos":"NÃO","7 anos":"NÃO","8 anos":"NÃO","9 anos":"NÃO","10 anos":"NÃO","11 anos":"NÃO","12 anos":"NÃO","13 anos":"NÃO","14 anos":"NÃO","Ano":2023,"Fonte":"Secretaria Municipal de Educação - SME","SRC da camada":"EPSG:4326 - WGS 84","Codificação":"UTF-8"}},{"type":"Feature","id":"vw_ParqueEscolarMunicipal_2023.fid-5656ca56_19a5f394e75_6b03","geometry":{"type":"Point","coordinates":[-38.57016195,-3.70339551]},"geometry_name":"geom","properties":{"id":586,"fid":586,"Tipo":"CRP","Título":"CRECHE PARCEIRA","Nome":"ARPOADOR","Seriação":"I-1,2,3","Faixa etária":"1 A 3 ANOS","Distrito":1,"Endereço":"RUA GRITO DE ALERTA, 136","Bairro":"BARRA DO CEARÁ","Código do bairro":6,"CEP":"60332-070","Regional":"SER 1","INEP":23280000,"CODSGE":532,"6 mees":"NÃO","1 ano":"SIM","2 anos":"SIM","3 anos":"SIM","4 anos":"NÃO","5 anos":"NÃO","6 anos":"NÃO","7 anos":"NÃO","8 anos":"NÃO","9 anos":"NÃO","10 anos":"NÃO","11 anos":"NÃO","12 anos":"NÃO","13 anos":"NÃO","14 anos":"NÃO","Ano":2023,"Fonte":"Secretaria Municipal de Educação - SME","SRC da camada":"EPSG:4326 - WGS 84","Codificação":"UTF-8"}},{"type":"Feature","id":"vw_ParqueEscolarMunicipal_2023.fid-5656ca56_19a5f394e75_6b04","geometry":{"type":"Point","coordinates":[-38.55932863,-3.72752366]},"geometry_name":"geom","properties":{"id":587,"fid":587,"Tipo":"CEI","Título":"CENTRO DE EDUCAÇÃO INFANTIL","Nome":"ROCHA LIMA","Seriação":"I-2,3,4","Faixa etária":"2 A 5 ANOS","Distrito":3,"Endereço":"RUA ERETIDES MARTINS, 977","Bairro":"SÃO GERARDO","Código do bairro":1,"CEP":"60320-350","Regional":"SER 3","INEP":23070870,"CODSGE":485,"6 mees":"NÃO","1 ano":"NÃO","2 anos":"SIM","3 anos":"SIM","4 anos":"SIM","5 anos":"SIM","6 anos":"NÃO","7 anos":"NÃO","8 anos":"NÃO","9 anos":"NÃO","10 anos":"NÃO","11 anos":"NÃO","12 anos":"NÃO","13 anos":"NÃO","14 anos":"NÃO","Ano":2023,"Fonte":"Secretaria Municipal de Educação - SME","SRC da camada":"EPSG:4326 - WGS 84","Codificação":"UTF-8"}},{"type":"Feature","id":"vw_ParqueEscolarMunicipal_2023.fid-5656ca56_19a5f394e75_6b05","geometry":{"type":"Point","coordinates":[-38.53512007,-3.71965958]},"geometry_name":"geom","properties":{"id":588,"fid":588,"Tipo":"CEI","Título":"CENTRO DE EDUCAÇÃO INFANTIL","Nome":"MOURA BRASIL","Seriação":"I-1,2,3","Faixa etária":"1 A 5 ANOS","Distrito":1,"Endereço":"RUA ADARIAS DE LIMA, 378","Bairro":"MOURA BRASIL","Código do bairro":5,"CEP":"60010-130","Regional":"SER 12","INEP":23074876,"CODSGE":371,"6 mees":"NÃO","1 ano":"SIM","2 anos":"SIM","3 anos":"SIM","4 anos":"SIM","5 anos":"SIM","6 anos":"NÃO","7 anos":"NÃO","8 anos":"NÃO","9 anos":"NÃO","10 anos":"NÃO","11 anos":"NÃO","12 anos":"NÃO","13 anos":"NÃO","14 anos":"NÃO","Ano":2023,"Fonte":"Secretaria Municipal de Educação - SME","SRC da camada":"EPSG:4326 - WGS 84","Codificação":"UTF-8"}},{"type":"Feature","id":"vw_ParqueEscolarMunicipal_2023.fid-5656ca56_19a5f394e75_6b06","geometry":{"type":"Point","coordinates":[-38.54702042,-3.71898608]},"geometry_name":"geom","properties":{"id":589,"fid":589,"Tipo":"CEI","Título":"CENTRO DE EDUCAÇÃO INFANTIL","Nome":"SECRETÁRIO PAULO PETROLA","Seriação":"I-1,2,3","Faixa etária":"1 A 3 ANOS","Distrito":1,"Endereço":"RUA JACINTO DE MATOS, 906","Bairro":"JACARECANGA","Código do bairro":18,"CEP":"60310-210","Regional":"SER 1","INEP":23547987,"CODSGE":481,"6 mees":"NÃO","1 ano":"SIM","2 anos":"SIM","3 anos":"SIM","4 anos":"NÃO","5 anos":"NÃO","6 anos":"NÃO","7 anos":"NÃO","8 anos":"NÃO","9 anos":"NÃO","10 anos":"NÃO","11 anos":"NÃO","12 anos":"NÃO","13 anos":"NÃO","14 anos":"NÃO","Ano":2023,"Fonte":"Secretaria Municipal de Educação - SME","SRC da camada":"EPSG:4326 - WGS 84","Codificação":"UTF-8"}},{"type":"Feature","id":"vw_ParqueEscolarMunicipal_2023.fid-5656ca56_19a5f394e75_6b07","geometry":{"type":"Point","coordinates":[-38.5572392,-3.72270679]},"geometry_name":"geom","properties":{"id":590,"fid":590,"Tipo":"CEI","Título":"CENTRO DE EDUCAÇÃO INFANTIL","Nome":"PROFESSOR MARTINZ DE AGUIAR","Seriação":"I-3,4,5","Faixa etária":"3 A 5 ANOS","Distrito":3,"Endereço":"RUA BERNARDO PORTO, 490","Bairro":"MONTE CASTELO","Código do bairro":25,"CEP":"60320-570","Regional":"SER 3","INEP":23074140,"CODSGE":445,"6 mees":"NÃO","1 ano":"NÃO","2 anos":"NÃO","3 anos":"SIM","4 anos":"SIM","5 anos":"SIM","6 anos":"NÃO","7 anos":"NÃO","8 anos":"NÃO","9 anos":"NÃO","10 anos":"NÃO","11 anos":"NÃO","12 anos":"NÃO","13 anos":"NÃO","14 anos":"NÃO","Ano":2023,"Fonte":"Secretaria Municipal de Educação - SME","SRC da camada":"EPSG:4326 - WGS 84","Codificação":"UTF-8"}},{"type":"Feature","id":"vw_ParqueEscolarMunicipal_2023.fid-5656ca56_19a5f394e75_6b08","geometry":{"type":"Point","coordinates":[-38.55449731,-3.71338581]},"geometry_name":"geom","properties":{"id":591,"fid":591,"Tipo":"CEI","Título":"CENTRO DE EDUCAÇÃO INFANTIL","Nome":"TERTULIANO CAMBRAIA","Seriação":"I-2,3","Faixa etária":"2 E 3 ANOS","Distrito":1,"Endereço":"RUA MONSENHOR ROSA, 947","Bairro":"CARLITO PAMPLONA","Código do bairro":9,"CEP":"60310-440","Regional":"SER 1","INEP":23311614,"CODSGE":499,"6 mees":"NÃO","1 ano":"NÃO","2 anos":"SIM","3 anos":"SIM","4 anos":"NÃO","5 anos":"NÃO","6 anos":"NÃO","7 anos":"NÃO","8 anos":"NÃO","9 anos":"NÃO","10 anos":"NÃO","11 anos":"NÃO","12 anos":"NÃO","13 anos":"NÃO","14 anos":"NÃO","Ano":2023,"Fonte":"Secretaria Municipal de Educação - SME","SRC da camada":"EPSG:4326 - WGS 84","Codificação":"UTF-8"}},{"type":"Feature","id":"vw_ParqueEscolarMunicipal_2023.fid-5656ca56_19a5f394e75_6b09","geometry":{"type":"Point","coordinates":[-38.56357319,-3.7054101]},"geometry_name":"geom","properties":{"id":592,"fid":592,"Tipo":"CEI","Título":"CENTRO DE EDUCAÇÃO INFANTIL","Nome":"VIRGÍLIO TÁVORA","Seriação":"I-1,2,3","Faixa etária":"1 A 3 ANOS","Distrito":1,"Endereço":"AV. MONSENHOR HÉLIO CAMPOS, S/N","Bairro":"CRISTO REDENTOR","Código do bairro":12,"CEP":"60336-800","Regional":"SER 1","INEP":23256044,"CODSGE":412,"6 mees":"NÃO","1 ano":"SIM","2 anos":"SIM","3 anos":"SIM","4 anos":"NÃO","5 anos":"NÃO","6 anos":"NÃO","7 anos":"NÃO","8 anos":"NÃO","9 anos":"NÃO","10 anos":"NÃO","11 anos":"NÃO","12 anos":"NÃO","13 anos":"NÃO","14 anos":"NÃO","Ano":2023,"Fonte":"Secretaria Municipal de Educação - SME","SRC da camada":"EPSG:4326 - WGS 84","Codificação":"UTF-8"}},{"type":"Feature","id":"vw_ParqueEscolarMunicipal_2023.fid-5656ca56_19a5f394e75_6b0a","geometry":{"type":"Point","coordinates":[-38.56749444,-3.71085022]},"geometry_name":"geom","properties":{"id":593,"fid":593,"Tipo":"CEI","Título":"CENTRO DE EDUCAÇÃO INFANTIL","Nome":"ALDEÍDES RÉGIS","Seriação":"I-1,2,3","Faixa etária":"1 A 3 ANOS","Distrito":1,"Endereço":"RUA IRINEU DE SOUSA, 188","Bairro":"CRISTO REDENTOR","Código do bairro":12,"CEP":"60337-180","Regional":"SER 1","INEP":23264144,"CODSGE":451,"6 mees":"NÃO","1 ano":"SIM","2 anos":"SIM","3 anos":"SIM","4 anos":"NÃO","5 anos":"NÃO","6 anos":"NÃO","7 anos":"NÃO","8 anos":"NÃO","9 anos":"NÃO","10 anos":"NÃO","11 anos":"NÃO","12 anos":"NÃO","13 anos":"NÃO","14 anos":"NÃO","Ano":2023,"Fonte":"Secretaria Municipal de Educação - SME","SRC da camada":"EPSG:4326 - WGS 84","Codificação":"UTF-8"}},{"type":"Feature","id":"vw_ParqueEscolarMunicipal_2023.fid-5656ca56_19a5f394e75_6b0b","geometry":{"type":"Point","coordinates":[-38.5729907,-3.72535647]},"geometry_name":"geom","properties":{"id":594,"fid":594,"Tipo":"CEI","Título":"CENTRO DE EDUCAÇÃO INFANTIL","Nome":"DOM HELDER CÂMARA","Seriação":"I-1,2,3","Faixa etária":"1 A 4 ANOS","Distrito":1,"Endereço":"RUA FREI ODILON, 623","Bairro":"FLORESTA","Código do bairro":17,"CEP":"60336-190","Regional":"SER 1","INEP":23234300,"CODSGE":441,"6 mees":"NÃO","1 ano":"SIM","2 anos":"SIM","3 anos":"SIM","4 anos":"SIM","5 anos":"NÃO","6 anos":"NÃO","7 anos":"NÃO","8 anos":"NÃO","9 anos":"NÃO","10 anos":"NÃO","11 anos":"NÃO","12 anos":"NÃO","13 anos":"NÃO","14 anos":"NÃO","Ano":2023,"Fonte":"Secretaria Municipal de Educação - SME","SRC da camada":"EPSG:4326 - WGS 84","Codificação":"UTF-8"}},{"type":"Feature","id":"vw_ParqueEscolarMunicipal_2023.fid-5656ca56_19a5f394e75_6b0c","geometry":{"type":"Point","coordinates":[-38.57018299,-3.72311019]},"geometry_name":"geom","properties":{"id":595,"fid":595,"Tipo":"CEI","Título":"CENTRO DE EDUCAÇÃO INFANTIL","Nome":"MARIA ROSELI LIMA MESQUITA","Seriação":"I-1,2,3","Faixa etária":"1 A 5 ANOS","Distrito":1,"Endereço":"RUA LUIZ GUIMARÃES, 261","Bairro":"FLORESTA","Código do bairro":17,"CEP":"60336-305","Regional":"SER 1","INEP":23190787,"CODSGE":482,"6 mees":"NÃO","1 ano":"SIM","2 anos":"SIM","3 anos":"SIM","4 anos":"SIM","5 anos":"SIM","6 anos":"NÃO","7 anos":"NÃO","8 anos":"NÃO","9 anos":"NÃO","10 anos":"NÃO","11 anos":"NÃO","12 anos":"NÃO","13 anos":"NÃO","14 anos":"NÃO","Ano":2023,"Fonte":"Secretaria Municipal de Educação - SME","SRC da camada":"EPSG:4326 - WGS 84","Codificação":"UTF-8"}},{"type":"Feature","id":"vw_ParqueEscolarMunicipal_2023.fid-5656ca56_19a5f394e75_6b0d","geometry":{"type":"Point","coordinates":[-38.58344266,-3.72224393]},"geometry_name":"geom","properties":{"id":596,"fid":596,"Tipo":"CEI","Título":"CENTRO DE EDUCAÇÃO INFANTIL","Nome":"JESUS CRISTO","Seriação":"I-1,2,3","Faixa etária":"1 A 5 ANOS","Distrito":1,"Endereço":"RUA ALBERTO FERREIRA, 564","Bairro":"JARDIM IRACEMA","Código do bairro":21,"CEP":"60341-140","Regional":"SER 1","INEP":23255749,"CODSGE":429,"6 mees":"NÃO","1 ano":"SIM","2 anos":"SIM","3 anos":"SIM","4 anos":"SIM","5 anos":"SIM","6 anos":"NÃO","7 anos":"NÃO","8 anos":"NÃO","9 anos":"NÃO","10 anos":"NÃO","11 anos":"NÃO","12 anos":"NÃO","13 anos":"NÃO","14 anos":"NÃO","Ano":2023,"Fonte":"Secretaria Municipal de Educação - SME","SRC da camada":"EPSG:4326 - WGS 84","Codificação":"UTF-8"}},{"type":"Feature","id":"vw_ParqueEscolarMunicipal_2023.fid-5656ca56_19a5f394e75_6b0e","geometry":{"type":"Point","coordinates":[-38.59144804,-3.72197972]},"geometry_name":"geom","properties":{"id":597,"fid":598,"Tipo":"CEI","Título":"CENTRO DE EDUCAÇÃO INFANTIL","Nome":"PROFESSOR JOSÉ REBOUÇAS MACAMBIRA","Seriação":"I-3,4,5","Faixa etária":"3 A 5 ANOS","Distrito":1,"Endereço":"RUA CARIÚS, 200","Bairro":"JARDIM GUANABARA","Código do bairro":20,"CEP":"60346-271","Regional":"SER 1","INEP":23072520,"CODSGE":444,"6 mees":"NÃO","1 ano":"NÃO","2 anos":"NÃO","3 anos":"SIM","4 anos":"SIM","5 anos":"SIM","6 anos":"NÃO","7 anos":"NÃO","8 anos":"NÃO","9 anos":"NÃO","10 anos":"NÃO","11 anos":"NÃO","12 anos":"NÃO","13 anos":"NÃO","14 anos":"NÃO","Ano":2023,"Fonte":"Secretaria Municipal de Educação - SME","SRC da camada":"EPSG:4326 - WGS 84","Codificação":"UTF-8"}},{"type":"Feature","id":"vw_ParqueEscolarMunicipal_2023.fid-5656ca56_19a5f394e75_6b0f","geometry":{"type":"Point","coordinates":[-38.60629749,-3.72000832]},"geometry_name":"geom","properties":{"id":598,"fid":599,"Tipo":"CEI","Título":"CENTRO DE EDUCAÇÃO INFANTIL","Nome":"MARIA MARIZA MENDES DE CARVALHO","Seriação":"I-2,3,4","Faixa etária":"1 A 5 ANOS","Distrito":1,"Endereço":"RUA RAIMUNDO CUNHA, 1174","Bairro":"VILA VELHA","Código do bairro":39,"CEP":"60345-151","Regional":"SER 1","INEP":23257881,"CODSGE":456,"6 mees":"NÃO","1 ano":"NÃO","2 anos":"SIM","3 anos":"SIM","4 anos":"SIM","5 anos":"NÃO","6 anos":"NÃO","7 anos":"NÃO","8 anos":"NÃO","9 anos":"NÃO","10 anos":"NÃO","11 anos":"NÃO","12 anos":"NÃO","13 anos":"NÃO","14 anos":"NÃO","Ano":2023,"Fonte":"Secretaria Municipal de Educação - SME","SRC da camada":"EPSG:4326 - WGS 84","Codificação":"UTF-8"}},{"type":"Feature","id":"vw_ParqueEscolarMunicipal_2023.fid-5656ca56_19a5f394e75_6b10","geometry":{"type":"Point","coordinates":[-38.60008921,-3.71136758]},"geometry_name":"geom","properties":{"id":599,"fid":600,"Tipo":"CEI","Título":"CENTRO DE EDUCAÇÃO INFANTIL","Nome":"MÁRIO QUINTANA","Seriação":"I-1,2,3","Faixa etária":"1 A 5 ANOS","Distrito":1,"Endereço":"RUA TETA, 900","Bairro":"VILA VELHA","Código do bairro":39,"CEP":"60349-350","Regional":"SER 1","INEP":23066628,"CODSGE":387,"6 mees":"NÃO","1 ano":"SIM","2 anos":"SIM","3 anos":"SIM","4 anos":"SIM","5 anos":"SIM","6 anos":"NÃO","7 anos":"NÃO","8 anos":"NÃO","9 anos":"NÃO","10 anos":"NÃO","11 anos":"NÃO","12 anos":"NÃO","13 anos":"NÃO","14 anos":"NÃO","Ano":2023,"Fonte":"Secretaria Municipal de Educação - SME","SRC da camada":"EPSG:4326 - WGS 84","Codificação":"UTF-8"}},{"type":"Feature","id":"vw_ParqueEscolarMunicipal_2023.fid-5656ca56_19a5f394e75_6b11","geometry":{"type":"Point","coordinates":[-38.58080841,-3.70908088]},"geometry_name":"geom","properties":{"id":600,"fid":601,"Tipo":"CEI","Título":"CENTRO DE EDUCAÇÃO INFANTIL","Nome":"DOIS DE DEZEMBRO","Seriação":"I-2,3,4","Faixa etária":"1 A 5 ANOS","Distrito":1,"Endereço":"RUA ARAQUÉM, 860","Bairro":"BARRA DO CEARÁ","Código do bairro":6,"CEP":"60331-120","Regional":"SER 1","INEP":23271507,"CODSGE":399,"6 mees":"NÃO","1 ano":"NÃO","2 anos":"SIM","3 anos":"SIM","4 anos":"SIM","5 anos":"NÃO","6 anos":"NÃO","7 anos":"NÃO","8 anos":"NÃO","9 anos":"NÃO","10 anos":"NÃO","11 anos":"NÃO","12 anos":"NÃO","13 anos":"NÃO","14 anos":"NÃO","Ano":2023,"Fonte":"Secretaria Municipal de Educação - SME","SRC da camada":"EPSG:4326 - WGS 84","Codificação":"UTF-8"}},{"type":"Feature","id":"vw_ParqueEscolarMunicipal_2023.fid-5656ca56_19a5f394e75_6b12","geometry":{"type":"Point","coordinates":[-38.58229122,-3.70953825]},"geometry_name":"geom","properties":{"id":601,"fid":602,"Tipo":"CEI","Título":"CENTRO DE EDUCAÇÃO INFANTIL","Nome":"CASIMIRO JOSÉ DE LIMA FILHO","Seriação":"I-2,3","Faixa etária":"2 E 3 ANOS","Distrito":1,"Endereço":"AV. FRANCISCO SÁ, 6449","Bairro":"BARRA DO CEARÁ","Código do bairro":6,"CEP":"60330-878","Regional":"SER 1","INEP":23066520,"CODSGE":427,"6 mees":"NÃO","1 ano":"NÃO","2 anos":"SIM","3 anos":"SIM","4 anos":"NÃO","5 anos":"NÃO","6 anos":"NÃO","7 anos":"NÃO","8 anos":"NÃO","9 anos":"NÃO","10 anos":"NÃO","11 anos":"NÃO","12 anos":"NÃO","13 anos":"NÃO","14 anos":"NÃO","Ano":2023,"Fonte":"Secretaria Municipal de Educação - SME","SRC da camada":"EPSG:4326 - WGS 84","Codificação":"UTF-8"}},{"type":"Feature","id":"vw_ParqueEscolarMunicipal_2023.fid-5656ca56_19a5f394e75_6b13","geometry":{"type":"Point","coordinates":[-38.58559868,-3.70071209]},"geometry_name":"geom","properties":{"id":602,"fid":603,"Tipo":"CEI","Título":"CENTRO DE EDUCAÇÃO INFANTIL","Nome":"AGOSTINHO MOREIRA E SILVA","Seriação":"I-3,4,5","Faixa etária":"2 A 5 ANOS","Distrito":1,"Endereço":"RUA PERI, 20","Bairro":"BARRA DO CEARÁ","Código do bairro":6,"CEP":"60331-270","Regional":"SER 1","INEP":23263296,"CODSGE":400,"6 mees":"NÃO","1 ano":"NÃO","2 anos":"NÃO","3 anos":"SIM","4 anos":"SIM","5 anos":"SIM","6 anos":"NÃO","7 anos":"NÃO","8 anos":"NÃO","9 anos":"NÃO","10 anos":"NÃO","11 anos":"NÃO","12 anos":"NÃO","13 anos":"NÃO","14 anos":"NÃO","Ano":2023,"Fonte":"Secretaria Municipal de Educação - SME","SRC da camada":"EPSG:4326 - WGS 84","Codificação":"UTF-8"}},{"type":"Feature","id":"vw_ParqueEscolarMunicipal_2023.fid-5656ca56_19a5f394e75_6b14","geometry":{"type":"Point","coordinates":[-38.558593,-3.70917869]},"geometry_name":"geom","properties":{"id":603,"fid":604,"Tipo":"EMTP","Título":"ESCOLA MUNICIPAL","Nome":"CRISTO REDENTOR","Seriação":"F-6,7,8,9","Faixa etária":"11 A 14 ANOS","Distrito":1,"Endereço":"AV. PASTEUR, 372","Bairro":"CRISTO REDENTOR","Código do bairro":12,"CEP":"60335-000","Regional":"SER 1","INEP":23067691,"CODSGE":107,"6 mees":"NÃO","1 ano":"NÃO","2 anos":"NÃO","3 anos":"NÃO","4 anos":"NÃO","5 anos":"NÃO","6 anos":"NÃO","7 anos":"NÃO","8 anos":"NÃO","9 anos":"NÃO","10 anos":"NÃO","11 anos":"SIM","12 anos":"SIM","13 anos":"SIM","14 anos":"SIM","Ano":2023,"Fonte":"Secretaria Municipal de Educação - SME","SRC da camada":"EPSG:4326 - WGS 84","Codificação":"UTF-8"}},{"type":"Feature","id":"vw_ParqueEscolarMunicipal_2023.fid-5656ca56_19a5f394e75_6b15","geometry":{"type":"Point","coordinates":[-38.56146981,-3.72319102]},"geometry_name":"geom","properties":{"id":604,"fid":605,"Tipo":"EMTP","Título":"ESCOLA MUNICIPAL","Nome":"HONÓRIO BEZERRA","Seriação":"F-1,2,3,4,5","Faixa etária":"6 A 10 ANOS","Distrito":3,"Endereço":"RUA CAPITÃO NESTOR GÓIS, 400","Bairro":"ELLERY","Código do bairro":38,"CEP":"60320-380","Regional":"SER 3","INEP":23069538,"CODSGE":488,"6 mees":"NÃO","1 ano":"NÃO","2 anos":"NÃO","3 anos":"NÃO","4 anos":"NÃO","5 anos":"NÃO","6 anos":"SIM","7 anos":"SIM","8 anos":"SIM","9 anos":"SIM","10 anos":"SIM","11 anos":"NÃO","12 anos":"NÃO","13 anos":"NÃO","14 anos":"NÃO","Ano":2023,"Fonte":"Secretaria Municipal de Educação - SME","SRC da camada":"EPSG:4326 - WGS 84","Codificação":"UTF-8"}},{"type":"Feature","id":"vw_ParqueEscolarMunicipal_2023.fid-5656ca56_19a5f394e75_6b16","geometry":{"type":"Point","coordinates":[-38.56318547,-3.70796608]},"geometry_name":"geom","properties":{"id":605,"fid":606,"Tipo":"EMTP","Título":"ESCOLA MUNICIPAL","Nome":"SEBASTIANA ALDIGUERI","Seriação":"F-6,7,8,9","Faixa etária":"11 A 14 ANOS","Distrito":1,"Endereço":"RUA DR. THEMBERG, 448","Bairro":"CRISTO REDENTOR","Código do bairro":12,"CEP":"60335-480","Regional":"SER 1","INEP":23077450,"CODSGE":106,"6 mees":"NÃO","1 ano":"NÃO","2 anos":"NÃO","3 anos":"NÃO","4 anos":"NÃO","5 anos":"NÃO","6 anos":"NÃO","7 anos":"NÃO","8 anos":"NÃO","9 anos":"NÃO","10 anos":"NÃO","11 anos":"SIM","12 anos":"SIM","13 anos":"SIM","14 anos":"SIM","Ano":2023,"Fonte":"Secretaria Municipal de Educação - SME","SRC da camada":"EPSG:4326 - WGS 84","Codificação":"UTF-8"}},{"type":"Feature","id":"vw_ParqueEscolarMunicipal_2023.fid-5656ca56_19a5f394e75_6b17","geometry":{"type":"Point","coordinates":[-38.55791282,-3.73260847]},"geometry_name":"geom","properties":{"id":606,"fid":607,"Tipo":"EMTP","Título":"ESCOLA MUNICIPAL","Nome":"GUSTAVO BARROSO","Seriação":"F-1,2,3,4,5,6,7,8,9","Faixa etária":"6 A 14 ANOS","Distrito":3,"Endereço":"RUA ERETIDES MARTINS, 26","Bairro":"SÃO GERARDO","Código do bairro":1,"CEP":"60320-350","Regional":"SER 3","INEP":23070870,"CODSGE":134,"6 mees":"NÃO","1 ano":"NÃO","2 anos":"NÃO","3 anos":"NÃO","4 anos":"NÃO","5 anos":"NÃO","6 anos":"SIM","7 anos":"SIM","8 anos":"SIM","9 anos":"SIM","10 anos":"SIM","11 anos":"SIM","12 anos":"SIM","13 anos":"SIM","14 anos":"SIM","Ano":2023,"Fonte":"Secretaria Municipal de Educação - SME","SRC da camada":"EPSG:4326 - WGS 84","Codificação":"UTF-8"}},{"type":"Feature","id":"vw_ParqueEscolarMunicipal_2023.fid-5656ca56_19a5f394e75_6b18","geometry":{"type":"Point","coordinates":[-38.54122664,-3.73204713]},"geometry_name":"geom","properties":{"id":607,"fid":608,"Tipo":"EMTP","Título":"ESCOLA MUNICIPAL","Nome":"FREI LAURO SCHWARTE","Seriação":"F-2,3,4,5,6,7,8,9","Faixa etária":"7 A 14 ANOS","Distrito":3,"Endereço":"RUA ANTONIO POMPEU, 2005","Bairro":"FARIAS BRITO","Código do bairro":15,"CEP":"60015-107","Regional":"SER 3","INEP":23068892,"CODSGE":100,"6 mees":"NÃO","1 ano":"NÃO","2 anos":"NÃO","3 anos":"NÃO","4 anos":"NÃO","5 anos":"NÃO","6 anos":"NÃO","7 anos":"SIM","8 anos":"SIM","9 anos":"SIM","10 anos":"SIM","11 anos":"SIM","12 anos":"SIM","13 anos":"SIM","14 anos":"SIM","Ano":2023,"Fonte":"Secretaria Municipal de Educação - SME","SRC da camada":"EPSG:4326 - WGS 84","Codificação":"UTF-8"}},{"type":"Feature","id":"vw_ParqueEscolarMunicipal_2023.fid-5656ca56_19a5f394e75_6b19","geometry":{"type":"Point","coordinates":[-38.5351464,-3.71850039]},"geometry_name":"geom","properties":{"id":608,"fid":609,"Tipo":"EMTP","Título":"ESCOLA MUNICIPAL","Nome":"MOURA BRASIL","Seriação":"F-1,2,3,4,5,6,7,8,9","Faixa etária":"6 A 14 ANOS","Distrito":1,"Endereço":"RUA PADRE MORORÓ, 189","Bairro":"MOURA BRASIL","Código do bairro":5,"CEP":"60010-100","Regional":"SER 12","INEP":23074876,"CODSGE":162,"6 mees":"NÃO","1 ano":"NÃO","2 anos":"NÃO","3 anos":"NÃO","4 anos":"NÃO","5 anos":"NÃO","6 anos":"SIM","7 anos":"SIM","8 anos":"SIM","9 anos":"SIM","10 anos":"SIM","11 anos":"SIM","12 anos":"SIM","13 anos":"SIM","14 anos":"SIM","Ano":2023,"Fonte":"Secretaria Municipal de Educação - SME","SRC da camada":"EPSG:4326 - WGS 84","Codificação":"UTF-8"}},{"type":"Feature","id":"vw_ParqueEscolarMunicipal_2023.fid-5656ca56_19a5f394e75_6b1a","geometry":{"type":"Point","coordinates":[-38.54454513,-3.72472966]},"geometry_name":"geom","properties":{"id":609,"fid":610,"Tipo":"EMTP","Título":"ESCOLA MUNICIPAL","Nome":"SECRETÁRIO PAULO PETROLA","Seriação":"F-4,5,6,7,8,9","Faixa etária":"9 A 14 ANOS","Distrito":1,"Endereço":"RUA MONSENHOR CARNEIRO DA CUNHA, 415","Bairro":"JACARECANGA","Código do bairro":18,"CEP":"60010-470","Regional":"SER 1","INEP":23547987,"CODSGE":99,"6 mees":"NÃO","1 ano":"NÃO","2 anos":"NÃO","3 anos":"NÃO","4 anos":"NÃO","5 anos":"NÃO","6 anos":"NÃO","7 anos":"NÃO","8 anos":"NÃO","9 anos":"SIM","10 anos":"SIM","11 anos":"SIM","12 anos":"SIM","13 anos":"SIM","14 anos":"SIM","Ano":2023,"Fonte":"Secretaria Municipal de Educação - SME","SRC da camada":"EPSG:4326 - WGS 84","Codificação":"UTF-8"}},{"type":"Feature","id":"vw_ParqueEscolarMunicipal_2023.fid-5656ca56_19a5f394e75_6b1b","geometry":{"type":"Point","coordinates":[-38.54619679,-3.72614439]},"geometry_name":"geom","properties":{"id":610,"fid":611,"Tipo":"EMTP","Título":"ESCOLA MUNICIPAL","Nome":"LENIRA JUREMA DE MAGALHÃES","Seriação":"I-4,5/F-1,2,3","Faixa etária":"4 A 8 ANOS","Distrito":3,"Endereço":"RUA TEÓFILO GURGEL, 111","Bairro":"MONTE CASTELO","Código do bairro":25,"CEP":"60325-250","Regional":"SER 3","INEP":23263334,"CODSGE":140,"6 mees":"NÃO","1 ano":"NÃO","2 anos":"NÃO","3 anos":"NÃO","4 anos":"SIM","5 anos":"SIM","6 anos":"SIM","7 anos":"SIM","8 anos":"SIM","9 anos":"NÃO","10 anos":"NÃO","11 anos":"NÃO","12 anos":"NÃO","13 anos":"NÃO","14 anos":"NÃO","Ano":2023,"Fonte":"Secretaria Municipal de Educação - SME","SRC da camada":"EPSG:4326 - WGS 84","Codificação":"UTF-8"}},{"type":"Feature","id":"vw_ParqueEscolarMunicipal_2023.fid-5656ca56_19a5f394e75_6b1c","geometry":{"type":"Point","coordinates":[-38.55413904,-3.72413441]},"geometry_name":"geom","properties":{"id":611,"fid":612,"Tipo":"EMTP","Título":"ESCOLA MUNICIPAL","Nome":"FAUSTINO DE ALBUQUERQUE","Seriação":"I-4,5/F-1,2,3,4,5","Faixa etária":"4 A 10 ANOS","Distrito":3,"Endereço":"RUA AMARO CAVALCANTE, 221","Bairro":"MONTE CASTELO","Código do bairro":25,"CEP":"60326-130","Regional":"SER 3","INEP":23069937,"CODSGE":187,"6 mees":"NÃO","1 ano":"NÃO","2 anos":"NÃO","3 anos":"NÃO","4 anos":"SIM","5 anos":"SIM","6 anos":"SIM","7 anos":"SIM","8 anos":"SIM","9 anos":"SIM","10 anos":"SIM","11 anos":"NÃO","12 anos":"NÃO","13 anos":"NÃO","14 anos":"NÃO","Ano":2023,"Fonte":"Secretaria Municipal de Educação - SME","SRC da camada":"EPSG:4326 - WGS 84","Codificação":"UTF-8"}},{"type":"Feature","id":"vw_ParqueEscolarMunicipal_2023.fid-5656ca56_19a5f394e75_6b1d","geometry":{"type":"Point","coordinates":[-38.55738941,-3.72218387]},"geometry_name":"geom","properties":{"id":612,"fid":613,"Tipo":"EMTP","Título":"ESCOLA MUNICIPAL","Nome":"PROFESSOR MARTINZ DE AGUIAR","Seriação":"F-6,7,8,9","Faixa etária":"11 A 14 ANOS","Distrito":3,"Endereço":"RUA BERNARDO PORTO, 470","Bairro":"MONTE CASTELO","Código do bairro":25,"CEP":"60320-570","Regional":"SER 3","INEP":23074140,"CODSGE":330,"6 mees":"NÃO","1 ano":"NÃO","2 anos":"NÃO","3 anos":"NÃO","4 anos":"NÃO","5 anos":"NÃO","6 anos":"NÃO","7 anos":"NÃO","8 anos":"NÃO","9 anos":"NÃO","10 anos":"NÃO","11 anos":"SIM","12 anos":"SIM","13 anos":"SIM","14 anos":"SIM","Ano":2023,"Fonte":"Secretaria Municipal de Educação - SME","SRC da camada":"EPSG:4326 - WGS 84","Codificação":"UTF-8"}},{"type":"Feature","id":"vw_ParqueEscolarMunicipal_2023.fid-5656ca56_19a5f394e75_6b1e","geometry":{"type":"Point","coordinates":[-38.55503728,-3.71307735]},"geometry_name":"geom","properties":{"id":613,"fid":614,"Tipo":"EMTP","Título":"ESCOLA MUNICIPAL","Nome":"TERTULIANO CAMBRAIA","Seriação":"I-4,5/F-1,2","Faixa etária":"4 A 7 ANOS","Distrito":1,"Endereço":"RUA MONSENHOR ROSA, 947","Bairro":"CARLITO PAMPLONA","Código do bairro":9,"CEP":"60310-440","Regional":"SER 1","INEP":23311614,"CODSGE":292,"6 mees":"NÃO","1 ano":"NÃO","2 anos":"NÃO","3 anos":"NÃO","4 anos":"SIM","5 anos":"SIM","6 anos":"SIM","7 anos":"SIM","8 anos":"NÃO","9 anos":"NÃO","10 anos":"NÃO","11 anos":"NÃO","12 anos":"NÃO","13 anos":"NÃO","14 anos":"NÃO","Ano":2023,"Fonte":"Secretaria Municipal de Educação - SME","SRC da camada":"EPSG:4326 - WGS 84","Codificação":"UTF-8"}},{"type":"Feature","id":"vw_ParqueEscolarMunicipal_2023.fid-5656ca56_19a5f394e75_6b1f","geometry":{"type":"Point","coordinates":[-38.55556461,-3.71213548]},"geometry_name":"geom","properties":{"id":614,"fid":615,"Tipo":"EMTP","Título":"ESCOLA MUNICIPAL","Nome":"HILBERTO SILVA","Seriação":"F-1,2,3,4,5","Faixa etária":"6 A 10 ANOS","Distrito":1,"Endereço":"AV. PRESIDENTE CASTELO BRANCO, 2973","Bairro":"CARLITO PAMPLONA","Código do bairro":9,"CEP":"60312-060","Regional":"SER 1","INEP":23071028,"CODSGE":188,"6 mees":"NÃO","1 ano":"NÃO","2 anos":"NÃO","3 anos":"NÃO","4 anos":"NÃO","5 anos":"NÃO","6 anos":"SIM","7 anos":"SIM","8 anos":"SIM","9 anos":"SIM","10 anos":"SIM","11 anos":"NÃO","12 anos":"NÃO","13 anos":"NÃO","14 anos":"NÃO","Ano":2023,"Fonte":"Secretaria Municipal de Educação - SME","SRC da camada":"EPSG:4326 - WGS 84","Codificação":"UTF-8"}},{"type":"Feature","id":"vw_ParqueEscolarMunicipal_2023.fid-5656ca56_19a5f394e75_6b20","geometry":{"type":"Point","coordinates":[-38.55951388,-3.70617397]},"geometry_name":"geom","properties":{"id":615,"fid":616,"Tipo":"EMTP","Título":"ESCOLA MUNICIPAL","Nome":"SÃO CURA D'ARS","Seriação":"I-4,5/F-1,2,3,4,5","Faixa etária":"4 A 10 ANOS","Distrito":1,"Endereço":"RUA SANTA ELISA, 722","Bairro":"CRISTO REDENTOR","Código do bairro":12,"CEP":"60311-020","Regional":"SER 1","INEP":23067756,"CODSGE":235,"6 mees":"NÃO","1 ano":"NÃO","2 anos":"NÃO","3 anos":"NÃO","4 anos":"SIM","5 anos":"SIM","6 anos":"SIM","7 anos":"SIM","8 anos":"SIM","9 anos":"SIM","10 anos":"SIM","11 anos":"NÃO","12 anos":"NÃO","13 anos":"NÃO","14 anos":"NÃO","Ano":2023,"Fonte":"Secretaria Municipal de Educação - SME","SRC da camada":"EPSG:4326 - WGS 84","Codificação":"UTF-8"}},{"type":"Feature","id":"vw_ParqueEscolarMunicipal_2023.fid-5656ca56_19a5f394e75_6b21","geometry":{"type":"Point","coordinates":[-38.56402496,-3.70542866]},"geometry_name":"geom","properties":{"id":616,"fid":617,"Tipo":"EMTP","Título":"ESCOLA MUNICIPAL","Nome":"VIRGÍLIO TÁVORA","Seriação":"I-4,5/F-1,2,3,4,5","Faixa etária":"4 A 10 ANOS","Distrito":1,"Endereço":"AV. MONSENHOR HÉLIO CAMPOS, S/N","Bairro":"CRISTO REDENTOR","Código do bairro":12,"CEP":"60336-800","Regional":"SER 1","INEP":23256044,"CODSGE":209,"6 mees":"NÃO","1 ano":"NÃO","2 anos":"NÃO","3 anos":"NÃO","4 anos":"SIM","5 anos":"SIM","6 anos":"SIM","7 anos":"SIM","8 anos":"SIM","9 anos":"SIM","10 anos":"SIM","11 anos":"NÃO","12 anos":"NÃO","13 anos":"NÃO","14 anos":"NÃO","Ano":2023,"Fonte":"Secretaria Municipal de Educação - SME","SRC da camada":"EPSG:4326 - WGS 84","Codificação":"UTF-8"}},{"type":"Feature","id":"vw_ParqueEscolarMunicipal_2023.fid-5656ca56_19a5f394e75_6b22","geometry":{"type":"Point","coordinates":[-38.57823365,-3.72384291]},"geometry_name":"geom","properties":{"id":617,"fid":618,"Tipo":"CRP","Título":"CRECHE PARCEIRA","Nome":"SONHO INFANTIL II","Seriação":"I-1,2,3","Faixa etária":"1 A 3 ANOS","Distrito":1,"Endereço":"RUA RINCÃO, 79","Bairro":"FLORESTA","Código do bairro":17,"CEP":"60340-420","Regional":"SER 1","INEP":23280433,"CODSGE":853,"6 mees":"NÃO","1 ano":"SIM","2 anos":"SIM","3 anos":"SIM","4 anos":"NÃO","5 anos":"NÃO","6 anos":"NÃO","7 anos":"NÃO","8 anos":"NÃO","9 anos":"NÃO","10 anos":"NÃO","11 anos":"NÃO","12 anos":"NÃO","13 anos":"NÃO","14 anos":"NÃO","Ano":2023,"Fonte":"Secretaria Municipal de Educação - SME","SRC da camada":"EPSG:4326 - WGS 84","Codificação":"UTF-8"}},{"type":"Feature","id":"vw_ParqueEscolarMunicipal_2023.fid-5656ca56_19a5f394e75_6b23","geometry":{"type":"Point","coordinates":[-38.58549562,-3.71811397]},"geometry_name":"geom","properties":{"id":618,"fid":619,"Tipo":"CRP","Título":"CRECHE PARCEIRA","Nome":"CONSTRUINDO O FUTURO","Seriação":"I-1,2,3","Faixa etária":"1 A 3 ANOS","Distrito":1,"Endereço":"RUA OTÁVIO PARANHOS, 35","Bairro":"JARDIM IRACEMA","Código do bairro":21,"CEP":"60341-515","Regional":"SER 1","INEP":23280425,"CODSGE":852,"6 mees":"NÃO","1 ano":"SIM","2 anos":"SIM","3 anos":"SIM","4 anos":"NÃO","5 anos":"NÃO","6 anos":"NÃO","7 anos":"NÃO","8 anos":"NÃO","9 anos":"NÃO","10 anos":"NÃO","11 anos":"NÃO","12 anos":"NÃO","13 anos":"NÃO","14 anos":"NÃO","Ano":2023,"Fonte":"Secretaria Municipal de Educação - SME","SRC da camada":"EPSG:4326 - WGS 84","Codificação":"UTF-8"}},{"type":"Feature","id":"vw_ParqueEscolarMunicipal_2023.fid-5656ca56_19a5f394e75_6b24","geometry":{"type":"Point","coordinates":[-38.56752836,-3.71118096]},"geometry_name":"geom","properties":{"id":619,"fid":597,"Tipo":"CRP","Título":"CRECHE PARCEIRA","Nome":"VOVÓ IOLETE","Seriação":"I-1,2,3","Faixa etária":"1 A 3 ANOS","Distrito":1,"Endereço":"RUA IRINEU DE SOUSA, 197","Bairro":"ÁLVARO WEYNE","Código do bairro":3,"CEP":"60337-180","Regional":"SER 1","INEP":23280913,"CODSGE":841,"6 mees":"NÃO","1 ano":"SIM","2 anos":"SIM","3 anos":"SIM","4 anos":"NÃO","5 anos":"NÃO","6 anos":"NÃO","7 anos":"NÃO","8 anos":"NÃO","9 anos":"NÃO","10 anos":"NÃO","11 anos":"NÃO","12 anos":"NÃO","13 anos":"NÃO","14 anos":"NÃO","Ano":2023,"Fonte":"Secretaria Municipal de Educação - SME","SRC da camada":"EPSG:4326 - WGS 84","Codificação":"UTF-8"}},{"type":"Feature","id":"vw_ParqueEscolarMunicipal_2023.fid-5656ca56_19a5f394e75_6b25","geometry":{"type":"Point","coordinates":[-38.57151218,-3.71425752]},"geometry_name":"geom","properties":{"id":620,"fid":620,"Tipo":"CRP","Título":"CRECHE PARCEIRA","Nome":"VOVÔ TONICO","Seriação":"I-1,2,3","Faixa etária":"1 A 3 ANOS","Distrito":1,"Endereço":"RUA DR. HUGO ROCHA, 212","Bairro":"ÁLVARO WEYNE","Código do bairro":3,"CEP":"60335-770","Regional":"SER 1","INEP":23280891,"CODSGE":840,"6 mees":"NÃO","1 ano":"SIM","2 anos":"SIM","3 anos":"SIM","4 anos":"NÃO","5 anos":"NÃO","6 anos":"NÃO","7 anos":"NÃO","8 anos":"NÃO","9 anos":"NÃO","10 anos":"NÃO","11 anos":"NÃO","12 anos":"NÃO","13 anos":"NÃO","14 anos":"NÃO","Ano":2023,"Fonte":"Secretaria Municipal de Educação - SME","SRC da camada":"EPSG:4326 - WGS 84","Codificação":"UTF-8"}},{"type":"Feature","id":"vw_ParqueEscolarMunicipal_2023.fid-5656ca56_19a5f394e75_6b26","geometry":{"type":"Point","coordinates":[-38.54004505,-3.75412208]},"geometry_name":"geom","properties":{"id":1,"fid":1,"Tipo":"EMTP","Título":"ESCOLA MUNICIPAL","Nome":"MOZART PINTO","Seriação":"I-4,5/F-1,2,3,4,5","Faixa etária":"4 A 10 ANOS","Distrito":4,"Endereço":"RUA JORGE DUMAR, 2078","Bairro":"JARDIM AMÉRICA","Código do bairro":19,"CEP":"60410-426","Regional":"SER 4","INEP":23069368,"CODSGE":214,"6 mees":"NÃO","1 ano":"NÃO","2 anos":"NÃO","3 anos":"NÃO","4 anos":"SIM","5 anos":"SIM","6 anos":"SIM","7 anos":"SIM","8 anos":"SIM","9 anos":"SIM","10 anos":"SIM","11 anos":"NÃO","12 anos":"NÃO","13 anos":"NÃO","14 anos":"NÃO","Ano":2023,"Fonte":"Secretaria Municipal de Educação - SME","SRC da camada":"EPSG:4326 - WGS 84","Codificação":"UTF-8"}},{"type":"Feature","id":"vw_DistritosEducacao_2023.fid-3da4354c_18dace4b5a0_-54bc","geometry":{"type":"Polygon","coordinates":[[[-38.44599553,-3.80521233],[-38.44612425,-3.80523128],[-38.44642075,-3.80527968],[-38.44668652,-3.80532904],[-38.44696808,-3.80538953],[-38.44712564,-3.80542335],[-38.44738786,-3.80546795],[-38.44780725,-3.80553487],[-38.44827877,-3.80561055],[-38.44863261,-3.80565918],[-38.44900147,-3.80568718],[-38.44925581,-3.80570903],[-38.44954964,-3.80573144],[-38.44980502,-3.80575223],[-38.45000933,-3.80576876],[-38.45030895,-3.80579328],[-38.4505617,-3.80581249],[-38.45084395,-3.80583753],[-38.45109775,-3.80585991],[-38.45126099,-3.80587377],[-38.45145003,-3.80588923],[-38.45187865,-3.80593049],[-38.45207103,-3.80594613],[-38.45244595,-3.80597458],[-38.4526313,-3.80599304],[-38.45285737,-3.80601998],[-38.45319997,-3.80607662],[-38.45371247,-3.80616017],[-38.45416881,-3.80623522],[-38.45459426,-3.8063032],[-38.45483717,-3.80634144],[-38.45495091,-3.80636197],[-38.45522822,-3.80641504],[-38.45572666,-3.80652044],[-38.45623283,-3.80663149],[-38.456567,-3.80670505],[-38.45683658,-3.80676376],[-38.45730765,-3.80686633],[-38.45752036,-3.8069116],[-38.45764982,-3.80694299],[-38.45778573,-3.80698032],[-38.45798228,-3.80704928],[-38.45828554,-3.80715442],[-38.45850456,-3.80722903],[-38.45869775,-3.80728671],[-38.45890105,-3.80734438],[-38.45922229,-3.80742584],[-38.45948739,-3.80747791],[-38.4596907,-3.80752205],[-38.45987492,-3.80755376],[-38.4600861,-3.80759001],[-38.46045118,-3.80763537],[-38.46073314,-3.80766038],[-38.46097016,-3.80768197],[-38.46106846,-3.80769444],[-38.46121561,-3.80771992],[-38.46137904,-3.80775162],[-38.46160374,-3.8077938],[-38.46187129,-3.8075958],[-38.46206665,-3.80748454],[-38.46239203,-3.80729688],[-38.46255391,-3.80720073],[-38.462826,-3.80704469],[-38.4630912,-3.80689787],[-38.46339143,-3.80672341],[-38.46377432,-3.80647925],[-38.46397295,-3.80634449],[-38.46405504,-3.80629094],[-38.46444601,-3.80599203],[-38.46471815,-3.80576048],[-38.46498626,-3.80553642],[-38.46519928,-3.80534173],[-38.4652722,-3.8052703],[-38.46531355,-3.80520808],[-38.46535089,-3.80513951],[-38.46536814,-3.80507842],[-38.46537852,-3.80500637],[-38.46538201,-3.80492914],[-38.46538609,-3.80483173],[-38.46538442,-3.80473489],[-38.46538509,-3.80459021],[-38.46539781,-3.80443805],[-38.46541049,-3.8043418],[-38.46543468,-3.8042029],[-38.46545482,-3.80409858],[-38.46548876,-3.8039764],[-38.46558191,-3.80365943],[-38.46560721,-3.80357875],[-38.46562333,-3.80349691],[-38.46564411,-3.80328596],[-38.46567939,-3.80285137],[-38.46569386,-3.80263926],[-38.46573079,-3.80231131],[-38.46576941,-3.8020214],[-38.46579537,-3.80180007],[-38.46583001,-3.80145771],[-38.46584795,-3.80121275],[-38.46586931,-3.80100986],[-38.46588778,-3.80082715],[-38.46594402,-3.80083122],[-38.46611042,-3.80084459],[-38.46661651,-3.80088755],[-38.46688792,-3.80090847],[-38.46725056,-3.80093694],[-38.46754148,-3.80096018],[-38.46799822,-3.80099677],[-38.46834422,-3.80102696],[-38.46895015,-3.80107691],[-38.4691573,-3.8010926],[-38.46926345,-3.80110477],[-38.46947346,-3.80111988],[-38.46966913,-3.8011373],[-38.47006562,-3.80116867],[-38.47026932,-3.80118839],[-38.47045638,-3.80120349],[-38.47063425,-3.80122377],[-38.47077196,-3.80123712],[-38.47122355,-3.80126333],[-38.47147143,-3.80128942],[-38.47192244,-3.80132659],[-38.47238951,-3.80136723],[-38.47285142,-3.80140786],[-38.4733489,-3.8014537],[-38.47390147,-3.80150303],[-38.47436395,-3.80154136],[-38.47506944,-3.80160692],[-38.47528203,-3.80162924],[-38.47536322,-3.80163592],[-38.47550466,-3.80164984],[-38.47576832,-3.80167738],[-38.47588853,-3.80168841],[-38.4761037,-3.80170814],[-38.47637712,-3.80173078],[-38.47666775,-3.80175229],[-38.47695437,-3.80177552],[-38.47729291,-3.80180166],[-38.47758497,-3.80182605],[-38.47788737,-3.80185015],[-38.47817255,-3.80187454],[-38.47844998,-3.80190035],[-38.478629,-3.80191487],[-38.47905247,-3.80195288],[-38.47925014,-3.80197087],[-38.47935856,-3.80197525],[-38.4794667,-3.80070504],[-38.47957101,-3.79946166],[-38.47968183,-3.79821565],[-38.47973699,-3.79736964],[-38.47978163,-3.79697275],[-38.47983949,-3.79628254],[-38.47988127,-3.79571536],[-38.47991401,-3.7954348],[-38.48000601,-3.79430707],[-38.48001978,-3.7939716],[-38.4800699,-3.79320178],[-38.48010468,-3.79292811],[-38.48019227,-3.79247893],[-38.48024375,-3.791965],[-38.4803531,-3.79067262],[-38.48045857,-3.78944677],[-38.48067772,-3.78692362],[-38.48149399,-3.78699823],[-38.48248579,-3.78708349],[-38.48281074,-3.78711191],[-38.4832311,-3.78714784],[-38.48367266,-3.78718751],[-38.48404638,-3.78722235],[-38.48410204,-3.78722717],[-38.48472701,-3.78728559],[-38.48567322,-3.78736763],[-38.48573153,-3.78736873],[-38.48581318,-3.78736558],[-38.48587096,-3.78736349],[-38.48593192,-3.7873598],[-38.48599713,-3.78735557],[-38.48605704,-3.78735082],[-38.48633113,-3.78731264],[-38.48659939,-3.78727446],[-38.48808755,-3.78707778],[-38.48841386,-3.78703484],[-38.48958764,-3.78688377],[-38.49001706,-3.78682971],[-38.49042316,-3.78677989],[-38.49069566,-3.78674704],[-38.49074974,-3.78674068],[-38.49079798,-3.78673698],[-38.49085311,-3.78673541],[-38.49089095,-3.78673654],[-38.49090772,-3.78673704],[-38.49096073,-3.78673867],[-38.49106569,-3.78674512],[-38.49152952,-3.78677149],[-38.49184599,-3.78679031],[-38.49200873,-3.78680213],[-38.4920856,-3.78680856],[-38.49212535,-3.78681231],[-38.49229126,-3.78684969],[-38.49239568,-3.78687424],[-38.49243861,-3.78688811],[-38.4926591,-3.78695694],[-38.49284831,-3.78702201],[-38.49290927,-3.78703802],[-38.49294743,-3.78704391],[-38.49303543,-3.78704342],[-38.49308951,-3.78703813],[-38.49314252,-3.78703071],[-38.49333446,-3.78697863],[-38.49343891,-3.786951],[-38.49354707,-3.78692391],[-38.49381164,-3.78685271],[-38.49402107,-3.78679425],[-38.49435881,-3.7866954],[-38.49475435,-3.78657742],[-38.49491606,-3.78653092],[-38.49459755,-3.78545506],[-38.49427853,-3.7843627],[-38.49396532,-3.78328152],[-38.49487251,-3.78301153],[-38.49489482,-3.78292687],[-38.49512244,-3.78213689],[-38.49513358,-3.78212106],[-38.49515175,-3.7820983],[-38.49520374,-3.78202325],[-38.49525839,-3.78195086],[-38.49530719,-3.78190083],[-38.49565245,-3.78163052],[-38.49569275,-3.78160126],[-38.49574101,-3.78157146],[-38.49580253,-3.78152304],[-38.49585133,-3.78147994],[-38.49589217,-3.78143203],[-38.49593091,-3.78137401],[-38.4963071,-3.78077622],[-38.49635325,-3.78072353],[-38.49639675,-3.78068202],[-38.49645403,-3.78063413],[-38.49697642,-3.78023185],[-38.49700983,-3.78020684],[-38.49703476,-3.78019142],[-38.4974993,-3.77991371],[-38.49762815,-3.77986054],[-38.49767269,-3.77983713],[-38.49771777,-3.77980521],[-38.49774375,-3.77978605],[-38.4977671,-3.77975838],[-38.49779255,-3.77974135],[-38.4978249,-3.77972433],[-38.49785565,-3.77971423],[-38.49867162,-3.77950756],[-38.49875857,-3.77947459],[-38.49882221,-3.77942883],[-38.49887367,-3.77936869],[-38.49892248,-3.77929203],[-38.4989607,-3.77921218],[-38.49898725,-3.77913019],[-38.49901062,-3.7790434],[-38.49904038,-3.77892307],[-38.49906536,-3.77880221],[-38.49909034,-3.77869039],[-38.49910789,-3.77860041],[-38.49913024,-3.77845558],[-38.49916005,-3.77823301],[-38.49920743,-3.77788477],[-38.49921807,-3.77782247],[-38.49923242,-3.77775965],[-38.49925154,-3.77769469],[-38.49927331,-3.77763027],[-38.49930038,-3.77757331],[-38.49932585,-3.77753764],[-38.49964759,-3.77713951],[-38.499707,-3.77706233],[-38.49974468,-3.77699685],[-38.49976963,-3.77693723],[-38.49978291,-3.77688771],[-38.49978559,-3.77683073],[-38.49978403,-3.77677961],[-38.49977823,-3.77673275],[-38.49972914,-3.77636262],[-38.50001121,-3.77626853],[-38.50040516,-3.77613457],[-38.50125032,-3.77586401],[-38.50168509,-3.77572634],[-38.50192696,-3.7756502],[-38.50220947,-3.77554544],[-38.50268693,-3.77521486],[-38.503314,-3.77472844],[-38.50368849,-3.7743557],[-38.50401201,-3.77400203],[-38.50439838,-3.77366428],[-38.5048734,-3.77320481],[-38.50517575,-3.77293392],[-38.50537139,-3.77274825],[-38.50592512,-3.77235287],[-38.50650792,-3.77210116],[-38.50823304,-3.77175461],[-38.50891955,-3.77152418],[-38.50946612,-3.7713527],[-38.50941837,-3.77079886],[-38.5093226,-3.77017115],[-38.50917312,-3.76951501],[-38.50899711,-3.76890785],[-38.50890496,-3.76854857],[-38.50868769,-3.76798394],[-38.50851267,-3.76749819],[-38.50836396,-3.76714304],[-38.50709816,-3.76385445],[-38.50699283,-3.76363474],[-38.50684961,-3.76337348],[-38.50677528,-3.76325963],[-38.50665703,-3.76311401],[-38.50650385,-3.76295045],[-38.50622234,-3.76260227],[-38.50610754,-3.76241756],[-38.5063649,-3.76244702],[-38.50668568,-3.7624472],[-38.50691802,-3.76245846],[-38.50761763,-3.76254217],[-38.50776694,-3.76254787],[-38.50803025,-3.76258209],[-38.50819287,-3.7626203],[-38.50832834,-3.76258148],[-38.50848325,-3.7625594],[-38.50862149,-3.76254835],[-38.50927166,-3.76267001],[-38.50978293,-3.76276567],[-38.51014791,-3.76279917],[-38.51041898,-3.76279932],[-38.51083659,-3.76276627],[-38.5109417,-3.76274968],[-38.51106886,-3.76274975],[-38.51150587,-3.76265555],[-38.51178804,-3.7626112],[-38.5120717,-3.76258045],[-38.51220917,-3.76256662],[-38.51244906,-3.76245045],[-38.5125431,-3.76241721],[-38.5127035,-3.76239505],[-38.51305193,-3.76239524],[-38.51319025,-3.76241197],[-38.51339354,-3.76244878],[-38.51349443,-3.76246768],[-38.51358842,-3.76251776],[-38.51370459,-3.76252344],[-38.51403161,-3.76248571],[-38.51442576,-3.76238886],[-38.51466082,-3.7623143],[-38.51510617,-3.76217303],[-38.51588346,-3.76183394],[-38.51611121,-3.76174643],[-38.51654669,-3.76157911],[-38.51700543,-3.76125459],[-38.5172767,-3.76106268],[-38.51756831,-3.76076126],[-38.51770751,-3.76061738],[-38.51792365,-3.76026525],[-38.51798076,-3.76018521],[-38.51899789,-3.76006581],[-38.51903611,-3.75980557],[-38.51908572,-3.75950064],[-38.51911945,-3.75930297],[-38.51915465,-3.75913313],[-38.51917596,-3.75904026],[-38.51919677,-3.75896726],[-38.51926114,-3.75878849],[-38.51929185,-3.7586991],[-38.51934333,-3.7585829],[-38.51940965,-3.75845877],[-38.51949675,-3.75832074],[-38.5195492,-3.75825123],[-38.51961936,-3.75799091],[-38.5196415,-3.75787904],[-38.51968274,-3.75765553],[-38.51980522,-3.7570695],[-38.51988136,-3.75670334],[-38.52001639,-3.75599815],[-38.52012034,-3.75546553],[-38.52015352,-3.75529398],[-38.52023488,-3.75488192],[-38.52047297,-3.75366011],[-38.52049691,-3.75353987],[-38.52058766,-3.75304086],[-38.52066015,-3.75267032],[-38.52075235,-3.75219971],[-38.52081533,-3.7518775],[-38.52089371,-3.75147814],[-38.52099384,-3.75097168],[-38.52116282,-3.75013756],[-38.52133948,-3.74928802],[-38.52150256,-3.74849928],[-38.52159044,-3.74808268],[-38.52165159,-3.74780313],[-38.52183458,-3.74695087],[-38.521956,-3.74634275],[-38.52213537,-3.74549593],[-38.52227036,-3.74485152],[-38.52243977,-3.74405643],[-38.5225974,-3.74331308],[-38.52263723,-3.74312072],[-38.5227188,-3.74272675],[-38.52288821,-3.74193076],[-38.52329996,-3.73996665],[-38.52364739,-3.73829615],[-38.52389837,-3.7370486],[-38.52392831,-3.73690353],[-38.52380172,-3.73694327],[-38.52298813,-3.73719659],[-38.52221218,-3.73744171],[-38.52122481,-3.73775311],[-38.52037718,-3.73802038],[-38.5193705,-3.73833671],[-38.51818774,-3.73871308],[-38.5178788,-3.73880758],[-38.51755352,-3.73891358],[-38.5175107,-3.7387884],[-38.51727356,-3.73801284],[-38.51695935,-3.73698513],[-38.51670359,-3.73616091],[-38.51666734,-3.73603368],[-38.51640781,-3.73611802],[-38.51613801,-3.73525862],[-38.51583881,-3.73429797],[-38.51575519,-3.7340251],[-38.51559121,-3.73350433],[-38.51545043,-3.73305886],[-38.51532631,-3.73265152],[-38.5151741,-3.73215706],[-38.51496179,-3.73148177],[-38.51481154,-3.73098994],[-38.51459106,-3.73029394],[-38.5143526,-3.72955027],[-38.51415826,-3.72891642],[-38.51407693,-3.72865653],[-38.51390462,-3.72812409],[-38.51387784,-3.72802612],[-38.51368251,-3.7274064],[-38.51352246,-3.72688037],[-38.5134408,-3.72662952],[-38.51338134,-3.72646415],[-38.51330295,-3.7262041],[-38.51301747,-3.72528882],[-38.51261309,-3.72401057],[-38.51255865,-3.72382024],[-38.51252527,-3.72371765],[-38.51247506,-3.72356058],[-38.51245732,-3.72350823],[-38.51243957,-3.72345799],[-38.5124101,-3.72338233],[-38.51234457,-3.72314689],[-38.51223573,-3.72278494],[-38.51214883,-3.72251893],[-38.51208149,-3.72230104],[-38.51199669,-3.72204198],[-38.51189747,-3.72172785],[-38.51180666,-3.72144822],[-38.51168309,-3.72105813],[-38.5116428,-3.72092527],[-38.51155018,-3.72064655],[-38.51150027,-3.72048403],[-38.51145127,-3.72032485],[-38.51115076,-3.71934958],[-38.51095957,-3.71946719],[-38.51063723,-3.71970521],[-38.5099359,-3.72018275],[-38.50913744,-3.72058922],[-38.50854171,-3.72081623],[-38.50805314,-3.72101942],[-38.50750473,-3.72116123],[-38.506802,-3.72141369],[-38.50608715,-3.72159278],[-38.50507431,-3.7219273],[-38.50467096,-3.72203079],[-38.50466766,-3.72202135],[-38.50415216,-3.72049684],[-38.50397246,-3.72056893],[-38.50471643,-3.72275287],[-38.50453701,-3.72280902],[-38.50435113,-3.72243113],[-38.50425056,-3.72252653],[-38.50442234,-3.7229265],[-38.50418012,-3.72314754],[-38.50332493,-3.7235179],[-38.50221401,-3.72391241],[-38.50102256,-3.72415102],[-38.49991452,-3.72435394],[-38.4989375,-3.72456878],[-38.49828223,-3.7246282],[-38.49718607,-3.72484298],[-38.49585164,-3.72503373],[-38.49525606,-3.72498553],[-38.49493444,-3.72497358],[-38.49487492,-3.72462728],[-38.49472027,-3.72458613],[-38.49416986,-3.72289191],[-38.49457207,-3.72272358],[-38.49454669,-3.72260712],[-38.49416984,-3.72269224],[-38.4940915,-3.72258512],[-38.49388656,-3.72262569],[-38.49443233,-3.72445709],[-38.494057,-3.72457536],[-38.49363521,-3.72466846],[-38.49301463,-3.72466082],[-38.49252621,-3.72462444],[-38.49155131,-3.72443291],[-38.49073849,-3.72427584],[-38.49049132,-3.72390569],[-38.49025053,-3.72358702],[-38.48994372,-3.72327102],[-38.48953879,-3.72304344],[-38.48908626,-3.72275595],[-38.48881284,-3.72263161],[-38.48852214,-3.7224287],[-38.48812901,-3.72240693],[-38.48772869,-3.7224821],[-38.48732198,-3.7226099],[-38.48685848,-3.72267088],[-38.48628654,-3.72286197],[-38.48581012,-3.72276598],[-38.48507353,-3.72238948],[-38.48482159,-3.72233451],[-38.48458199,-3.72228905],[-38.48433318,-3.72227443],[-38.48401146,-3.72235801],[-38.48363025,-3.72238176],[-38.48301652,-3.72242157],[-38.48229107,-3.72224075],[-38.4817524,-3.72203109],[-38.48129272,-3.72181434],[-38.48068945,-3.72151092],[-38.47995692,-3.721128],[-38.47964812,-3.72099067],[-38.47938684,-3.72090701],[-38.47931057,-3.72088218],[-38.47889401,-3.72069431],[-38.47909288,-3.71993518],[-38.47889893,-3.7199062],[-38.47870204,-3.72034994],[-38.47808299,-3.72021745],[-38.47792428,-3.72046277],[-38.47770625,-3.7203254],[-38.47768851,-3.72031635],[-38.47777785,-3.72015336],[-38.4778381,-3.72005055],[-38.4778597,-3.72006297],[-38.47791686,-3.71996481],[-38.47785798,-3.7199317],[-38.47779902,-3.72003141],[-38.47781676,-3.72004305],[-38.47774345,-3.72016005],[-38.47766948,-3.72030342],[-38.47736222,-3.72011125],[-38.47739742,-3.72003944],[-38.4772219,-3.71991324],[-38.47716012,-3.71999795],[-38.47688057,-3.71983642],[-38.47655127,-3.71960414],[-38.47628944,-3.71929185],[-38.47627832,-3.71925584],[-38.47667871,-3.71897236],[-38.47666278,-3.71894341],[-38.47626188,-3.71921139],[-38.47604373,-3.71859543],[-38.47598436,-3.71817645],[-38.47615901,-3.71767874],[-38.47658172,-3.71727069],[-38.47680252,-3.7173558],[-38.47704905,-3.71747802],[-38.47753792,-3.71728913],[-38.47745938,-3.71702732],[-38.4772153,-3.71626082],[-38.47738122,-3.7154756],[-38.47727271,-3.71531695],[-38.4826167,-3.71228965],[-38.48289825,-3.71102377],[-38.48302092,-3.71063881],[-38.48310406,-3.71066934],[-38.48332829,-3.70987873],[-38.48307938,-3.70980784],[-38.48242267,-3.71219897],[-38.47721366,-3.71515346],[-38.47540646,-3.71250414],[-38.47524227,-3.71227206],[-38.475036,-3.71166472],[-38.47453155,-3.71026335],[-38.47405181,-3.70893519],[-38.47316974,-3.70638714],[-38.47349651,-3.70607006],[-38.47390414,-3.70573281],[-38.47426887,-3.70539553],[-38.4744601,-3.70514021],[-38.47471037,-3.70494884],[-38.47542625,-3.70419177],[-38.47480607,-3.7035145],[-38.47543011,-3.70252252],[-38.47606063,-3.70181652],[-38.47625129,-3.70118163],[-38.47793465,-3.70064739],[-38.47948548,-3.70021478],[-38.48138012,-3.69933032],[-38.48199972,-3.69909131],[-38.48241673,-3.69911544],[-38.4825597,-3.69900787],[-38.48250034,-3.69873254],[-38.48217867,-3.69874429],[-38.48108237,-3.69924637],[-38.47974774,-3.69985587],[-38.47421926,-3.70139649],[-38.47358777,-3.70163549],[-38.47280094,-3.70248477],[-38.47138176,-3.70518858],[-38.47051109,-3.70679175],[-38.46922413,-3.70747318],[-38.4686164,-3.70773606],[-38.46817559,-3.7077358],[-38.46783011,-3.70781936],[-38.46777052,-3.70792707],[-38.46772269,-3.70809459],[-38.46763917,-3.70832197],[-38.46715055,-3.70862084],[-38.46685921,-3.70851373],[-38.46281561,-3.70631247],[-38.46071259,-3.70524839],[-38.46057616,-3.70509678],[-38.46045936,-3.70510766],[-38.46038416,-3.70525968],[-38.46045933,-3.70544464],[-38.46383956,-3.70724249],[-38.46403002,-3.70754186],[-38.46405365,-3.70793676],[-38.46388616,-3.70896589],[-38.46387413,-3.70920525],[-38.46379057,-3.70950437],[-38.46370687,-3.71000704],[-38.46367146,-3.7104147],[-38.46354665,-3.71079807],[-38.46348342,-3.71275281],[-38.46330235,-3.71346793],[-38.46303549,-3.71433678],[-38.46272853,-3.71526287],[-38.46223745,-3.71635187],[-38.46173039,-3.7180961],[-38.46140046,-3.71912441],[-38.46136786,-3.71922605],[-38.46130066,-3.71943618],[-38.46101429,-3.720178],[-38.46063247,-3.721207],[-38.45953222,-3.7237115],[-38.45843751,-3.7261125],[-38.45793236,-3.72691951],[-38.45755943,-3.7276895],[-38.45718538,-3.72851649],[-38.45718543,-3.72902355],[-38.45663864,-3.72972604],[-38.45635947,-3.73028757],[-38.45628367,-3.73044004],[-38.4561905,-3.73110699],[-38.45559645,-3.73193909],[-38.45495457,-3.73307303],[-38.45433928,-3.73429792],[-38.45377509,-3.7354709],[-38.45323673,-3.73680846],[-38.45227127,-3.73839616],[-38.4520119,-3.73928247],[-38.45144761,-3.74018225],[-38.4504457,-3.7420008],[-38.44977759,-3.74358008],[-38.44946727,-3.74411348],[-38.44900409,-3.74490989],[-38.44792909,-3.74707135],[-38.44748746,-3.74795889],[-38.44608737,-3.75039179],[-38.4459304,-3.75069077],[-38.44264039,-3.75754179],[-38.44099868,-3.76035339],[-38.44038775,-3.76173938],[-38.43951979,-3.762722],[-38.43897108,-3.76384667],[-38.43799338,-3.76504281],[-38.43694356,-3.76719629],[-38.43617402,-3.76828183],[-38.43606096,-3.76857181],[-38.43586614,-3.7690715],[-38.43560859,-3.76939446],[-38.43544877,-3.76946107],[-38.43525033,-3.76954086],[-38.43453487,-3.77059359],[-38.43370018,-3.77162227],[-38.43294584,-3.77293106],[-38.43290035,-3.77301],[-38.43282319,-3.77314387],[-38.43281762,-3.77315354],[-38.43208974,-3.77449831],[-38.43142946,-3.77571819],[-38.43139335,-3.77578491],[-38.43025048,-3.77787782],[-38.42957312,-3.77908746],[-38.42880718,-3.78033013],[-38.42685663,-3.78344337],[-38.42471647,-3.78743344],[-38.42344257,-3.78949529],[-38.42094377,-3.79400727],[-38.41864152,-3.7969319],[-38.41805152,-3.79829997],[-38.41713351,-3.7995559],[-38.41592878,-3.80129048],[-38.41526086,-3.80241495],[-38.41423544,-3.80361101],[-38.4131152,-3.80525496],[-38.41006872,-3.80968631],[-38.40943147,-3.81045528],[-38.40899767,-3.81094331],[-38.40861463,-3.8120193],[-38.40792669,-3.81301937],[-38.40693159,-3.81460932],[-38.40570657,-3.81658332],[-38.40412198,-3.81849183],[-38.40335882,-3.81937695],[-38.40281041,-3.81992705],[-38.40221401,-3.82086013],[-38.40187994,-3.82155404],[-38.40168906,-3.8218651],[-38.40168875,-3.82231987],[-38.40178367,-3.82296612],[-38.40176719,-3.82375946],[-38.40188599,-3.82404179],[-38.40190514,-3.8242973],[-38.40166596,-3.82491953],[-38.40139391,-3.82552075],[-38.40132769,-3.82608303],[-38.40135706,-3.82658513],[-38.40180448,-3.82686136],[-38.40230171,-3.82673958],[-38.40296566,-3.82646503],[-38.40353402,-3.82596887],[-38.40447309,-3.82508469],[-38.40528851,-3.82455595],[-38.40593114,-3.82398574],[-38.40599727,-3.82381897],[-38.40583437,-3.8231306],[-38.40581415,-3.82299792],[-38.40576596,-3.82268176],[-38.40573199,-3.82206034],[-38.40586987,-3.82154252],[-38.40635138,-3.82109406],[-38.40700482,-3.82050758],[-38.40841463,-3.81961096],[-38.40989382,-3.81885654],[-38.40989472,-3.81883207],[-38.42797793,-3.809372],[-38.43009899,-3.80826235],[-38.43624437,-3.80504728],[-38.43979766,-3.80318828],[-38.44275348,-3.80164184],[-38.44292921,-3.80154991],[-38.44310602,-3.80184488],[-38.4431893,-3.80215421],[-38.44328967,-3.80243525],[-38.44330827,-3.80248733],[-38.44348673,-3.80277287],[-38.44350938,-3.80278985],[-38.44377227,-3.80298702],[-38.44437903,-3.80339153],[-38.44445041,-3.80381983],[-38.44448611,-3.80422434],[-38.44455733,-3.80428765],[-38.4446826,-3.804399],[-38.44470026,-3.8044147],[-38.44471355,-3.80441042],[-38.44481833,-3.80437674],[-38.44503338,-3.80430762],[-38.44529313,-3.80435957],[-38.44533081,-3.80436711],[-38.44546168,-3.80467644],[-38.44569193,-3.80480347],[-38.44580671,-3.80486679],[-38.44594415,-3.80509956],[-38.44600314,-3.80519947],[-38.44599553,-3.80521233]]]},"geometry_name":"The_geom","properties":{"id":1,"nome":"Distrito 2","area_ha":7304,"fonte":"SME - Secretaria Municipal de Educação de Fortaleza","ano_ref":2023,"data_atual":"08/Ago/2023","epsg_codif":"EPSG: 31984 (SIRGAS 2000 - UTM 24S); Codificação: UTF-8"}},{"type":"Feature","id":"vw_DistritosEducacao_2023.fid-3da4354c_18dace4b5a0_-54bb","geometry":{"type":"Polygon","coordinates":[[[-38.44599553,-3.80521233],[-38.44579557,-3.80555044],[-38.44558569,-3.8059053],[-38.44546636,-3.80619245],[-38.44533518,-3.80638385],[-38.44526351,-3.80667103],[-38.44508458,-3.80701798],[-38.44438105,-3.80792707],[-38.44316676,-3.80927894],[-38.44221891,-3.81167296],[-38.44227078,-3.81373204],[-38.44260376,-3.81579109],[-38.44396102,-3.81792813],[-38.44518967,-3.81926616],[-38.44524847,-3.81955568],[-38.44547192,-3.82065599],[-38.44545896,-3.82155528],[-38.44574078,-3.82642006],[-38.4473799,-3.83146506],[-38.44755787,-3.8319197],[-38.44834014,-3.83391807],[-38.44988765,-3.83787128],[-38.45147676,-3.83970116],[-38.45329593,-3.84037018],[-38.45590809,-3.84073121],[-38.45605797,-3.84081862],[-38.45718395,-3.84147529],[-38.45812197,-3.84266923],[-38.45881004,-3.84306713],[-38.45931013,-3.84308822],[-38.45940981,-3.84306863],[-38.46016522,-3.84292017],[-38.46020839,-3.84291769],[-38.46089412,-3.8428782],[-38.46187403,-3.84319317],[-38.46266599,-3.84348621],[-38.46327031,-3.8436109],[-38.46337412,-3.84363232],[-38.46362412,-3.84361123],[-38.46379131,-3.84344404],[-38.46364512,-3.84294091],[-38.46362421,-3.84247989],[-38.46362939,-3.84240718],[-38.46363787,-3.84228813],[-38.46364506,-3.84218714],[-38.46402005,-3.84208219],[-38.46445801,-3.84216628],[-38.46462504,-3.84233417],[-38.4649368,-3.84289917],[-38.46513462,-3.84311588],[-38.46516688,-3.84315122],[-38.46577765,-3.8432952],[-38.4658751,-3.84331817],[-38.46633395,-3.84350718],[-38.46640529,-3.84367797],[-38.46659391,-3.84412954],[-38.46660501,-3.84415612],[-38.46681277,-3.8445121],[-38.46714684,-3.84474316],[-38.46731265,-3.84535],[-38.46720525,-3.84595289],[-38.46730833,-3.84635946],[-38.46743216,-3.84805714],[-38.46759962,-3.84878004],[-38.46760968,-3.84909406],[-38.4676618,-3.84938718],[-38.46784991,-3.8497012],[-38.46850691,-3.85047623],[-38.46867627,-3.85074521],[-38.46872474,-3.85082218],[-38.46890304,-3.85088519],[-38.46902811,-3.85089529],[-38.46918405,-3.85074915],[-38.46930934,-3.85058102],[-38.46944434,-3.85038203],[-38.46962208,-3.85018319],[-38.46995496,-3.85018324],[-38.4703819,-3.85025617],[-38.47064288,-3.85036127],[-38.47082192,-3.85053753],[-38.47105999,-3.85069613],[-38.47106966,-3.8510941],[-38.47118498,-3.85120923],[-38.47133078,-3.85130418],[-38.47145596,-3.85150311],[-38.4714559,-3.85229889],[-38.47130983,-3.85244485],[-38.47112188,-3.85257084],[-38.47105991,-3.85273901],[-38.47114275,-3.85304224],[-38.47120572,-3.85334615],[-38.4713099,-3.85362918],[-38.47148686,-3.85371824],[-38.47166383,-3.8538073],[-38.47207111,-3.85383818],[-38.47266132,-3.85399709],[-38.47282828,-3.85410211],[-38.47296319,-3.85431106],[-38.47341471,-3.85442521],[-38.47345129,-3.85451919],[-38.47349065,-3.85461327],[-38.47376095,-3.85475431],[-38.47377441,-3.85476133],[-38.47390705,-3.85482233],[-38.47407418,-3.85479114],[-38.47453324,-3.85451922],[-38.47478294,-3.85447712],[-38.47497012,-3.8545192],[-38.47523112,-3.8546133],[-38.47568895,-3.8550112],[-38.4758458,-3.85525209],[-38.47591891,-3.85556608],[-38.4759386,-3.85581704],[-38.47590761,-3.85606898],[-38.47581376,-3.85643503],[-38.47568881,-3.85679096],[-38.47554199,-3.85706945],[-38.4755228,-3.85710587],[-38.47536591,-3.85731495],[-38.4753447,-3.85754598],[-38.47534471,-3.85781801],[-38.4754387,-3.85805913],[-38.47561596,-3.85811124],[-38.47591101,-3.85812684],[-38.47601198,-3.85813218],[-38.47606722,-3.85813217],[-38.47625207,-3.85813212],[-38.47647087,-3.85828922],[-38.47674195,-3.85853037],[-38.47695012,-3.85864515],[-38.47724202,-3.85873921],[-38.47777402,-3.85921117],[-38.47790897,-3.85950417],[-38.47802379,-3.85980817],[-38.4780439,-3.86003809],[-38.47804391,-3.86022701],[-38.47787769,-3.86047786],[-38.47770089,-3.86054087],[-38.47753385,-3.86077096],[-38.47738766,-3.86100195],[-38.47735349,-3.86117302],[-38.4773459,-3.861211],[-38.47739798,-3.86137334],[-38.47743991,-3.86150409],[-38.47777404,-3.86200721],[-38.47789975,-3.86216084],[-38.47796235,-3.8622373],[-38.47848276,-3.86219865],[-38.47883638,-3.86220962],[-38.47931679,-3.86223506],[-38.4797127,-3.86227709],[-38.47994197,-3.86243417],[-38.47995781,-3.86245408],[-38.48019174,-3.86274808],[-38.48028585,-3.86290398],[-38.48065478,-3.86351514],[-38.48069517,-3.86355335],[-38.48082185,-3.8636732],[-38.48100915,-3.86373527],[-38.48119715,-3.86368315],[-38.48159323,-3.86341105],[-38.48165712,-3.86338889],[-38.48192096,-3.86329736],[-38.48239035,-3.86313454],[-38.48265118,-3.86311342],[-38.48304714,-3.86313457],[-38.48313573,-3.86316834],[-38.48319955,-3.86319267],[-38.48326485,-3.86321756],[-38.48374839,-3.86361408],[-38.48412955,-3.86382973],[-38.48424329,-3.86385072],[-38.48429319,-3.86388172],[-38.48442716,-3.86426076],[-38.48539216,-3.86448873],[-38.48557482,-3.86461848],[-38.48571373,-3.86471632],[-38.48583271,-3.86500362],[-38.48593979,-3.86526697],[-38.48662196,-3.86582703],[-38.48785457,-3.86635727],[-38.48837538,-3.86681812],[-38.48866105,-3.86739966],[-38.48878594,-3.86790162],[-38.48888419,-3.86924489],[-38.48890402,-3.8696849],[-38.48902901,-3.87010389],[-38.48948876,-3.87121332],[-38.48996894,-3.87180496],[-38.49044282,-3.87246622],[-38.490729,-3.87295512],[-38.4909439,-3.87322817],[-38.4910143,-3.87346767],[-38.49105802,-3.8735841],[-38.49111495,-3.87365618],[-38.49118712,-3.87366327],[-38.49135913,-3.87369924],[-38.49143696,-3.87376328],[-38.4915588,-3.8738793],[-38.49163799,-3.87399413],[-38.49177368,-3.87429623],[-38.49188093,-3.87446117],[-38.49188094,-3.87457601],[-38.49185962,-3.87467709],[-38.49185973,-3.87474199],[-38.49178771,-3.87485696],[-38.49171568,-3.87494296],[-38.4916807,-3.87510805],[-38.49166561,-3.87526703],[-38.49176584,-3.87538917],[-38.49183107,-3.8754322],[-38.49186005,-3.87541009],[-38.49188814,-3.87536701],[-38.49192415,-3.87533827],[-38.4919879,-3.8753462],[-38.49203069,-3.87572009],[-38.49201661,-3.87583497],[-38.49199467,-3.87596413],[-38.49200297,-3.87606509],[-38.49203794,-3.87619417],[-38.4921962,-3.87623729],[-38.49232492,-3.87628124],[-38.49239572,-3.87635316],[-38.49240284,-3.87654],[-38.49233163,-3.87665496],[-38.49231798,-3.87674806],[-38.49229564,-3.876849],[-38.49223182,-3.87692802],[-38.49223199,-3.87700021],[-38.49232489,-3.87701418],[-38.49235975,-3.8771001],[-38.49239582,-3.87717217],[-38.49244599,-3.87720125],[-38.49251103,-3.87724416],[-38.49253869,-3.87730908],[-38.49257471,-3.87744613],[-38.49264663,-3.87765398],[-38.49267466,-3.87791301],[-38.49260374,-3.87805696],[-38.4925318,-3.87813586],[-38.49248896,-3.87820098],[-38.49252492,-3.87841705],[-38.49248892,-3.87851696],[-38.49243156,-3.87865414],[-38.49245289,-3.87880524],[-38.49256092,-3.8789131],[-38.4925678,-3.87912102],[-38.4925386,-3.87933007],[-38.49253862,-3.879445],[-38.49251772,-3.87953893],[-38.4924028,-3.87960997],[-38.49242486,-3.87973307],[-38.49251781,-3.88000613],[-38.49259703,-3.88017916],[-38.49275421,-3.88025835],[-38.49284694,-3.88029428],[-38.49291098,-3.88035825],[-38.49298984,-3.88040931],[-38.4931327,-3.88056016],[-38.49317588,-3.88068207],[-38.49319098,-3.8808261],[-38.4932688,-3.88099821],[-38.49341165,-3.88120713],[-38.49341991,-3.88128606],[-38.49341163,-3.88134391],[-38.49336189,-3.88137994],[-38.49338394,-3.88149504],[-38.49346167,-3.88173926],[-38.49357693,-3.88207007],[-38.49359088,-3.88217804],[-38.49359082,-3.88231502],[-38.49357687,-3.88237901],[-38.49356967,-3.88249411],[-38.49361298,-3.88255236],[-38.49370597,-3.88255917],[-38.49385599,-3.88260926],[-38.49394877,-3.88270312],[-38.49394867,-3.88279607],[-38.49391989,-3.88289705],[-38.49391996,-3.88298314],[-38.4939559,-3.88309115],[-38.4939278,-3.88323483],[-38.49382665,-3.88327772],[-38.49375569,-3.88334995],[-38.49377669,-3.88357308],[-38.49384866,-3.88381826],[-38.4938988,-3.88395417],[-38.49394899,-3.88396919],[-38.49406423,-3.88392615],[-38.49422792,-3.88394019],[-38.49436387,-3.88409815],[-38.49440398,-3.88422019],[-38.49450705,-3.88422828],[-38.494557,-3.88417697],[-38.49467881,-3.88421333],[-38.49480081,-3.88435726],[-38.4948095,-3.88438481],[-38.49488692,-3.88463029],[-38.49490784,-3.88478113],[-38.49499397,-3.88486828],[-38.49518006,-3.88496825],[-38.49530894,-3.88515523],[-38.49545188,-3.88530629],[-38.4955088,-3.88538637],[-38.49577415,-3.8853863],[-38.49595986,-3.88543635],[-38.49608174,-3.88558019],[-38.49609576,-3.88580307],[-38.49603888,-3.88602612],[-38.49608179,-3.88628522],[-38.49615331,-3.88628522],[-38.49622483,-3.88628521],[-38.49633899,-3.88637132],[-38.49661122,-3.88637834],[-38.49675405,-3.88642824],[-38.49690493,-3.88654323],[-38.49704102,-3.88655825],[-38.49719799,-3.88660825],[-38.49734809,-3.88662323],[-38.49743401,-3.88665829],[-38.49748397,-3.88678814],[-38.49748379,-3.88702523],[-38.49756291,-3.88714823],[-38.4977851,-3.88728426],[-38.49792101,-3.88734943],[-38.49827906,-3.88750022],[-38.49864407,-3.88758632],[-38.49878027,-3.88758626],[-38.49908694,-3.88753615],[-38.4993022,-3.88752928],[-38.49970289,-3.8876442],[-38.49997486,-3.88767418],[-38.500182,-3.88775924],[-38.50063983,-3.8878453],[-38.50068298,-3.88791726],[-38.50073288,-3.88796424],[-38.50078279,-3.88801121],[-38.50094813,-3.88802527],[-38.50106997,-3.8880472],[-38.50109771,-3.88814719],[-38.50119115,-3.8881763],[-38.50132738,-3.88810425],[-38.50137705,-3.88803911],[-38.501449,-3.88798219],[-38.50154215,-3.88797524],[-38.50171358,-3.8881269],[-38.50176758,-3.88817467],[-38.50187563,-3.88818208],[-38.50281973,-3.8882441],[-38.50396381,-3.88804834],[-38.50455471,-3.88824018],[-38.50464901,-3.88868012],[-38.50456195,-3.88911291],[-38.50464284,-3.88926208],[-38.50519469,-3.88978802],[-38.50541982,-3.88991326],[-38.50546892,-3.89031379],[-38.505755,-3.890542],[-38.5066775,-3.890021],[-38.50757092,-3.88944538],[-38.50805016,-3.88903923],[-38.50829763,-3.88885124],[-38.508505,-3.888748],[-38.509004,-3.888716],[-38.509505,-3.88888],[-38.510856,-3.888698],[-38.51163339,-3.88906861],[-38.51265878,-3.89026513],[-38.51274668,-3.8907198],[-38.51294042,-3.89132699],[-38.51323733,-3.8921989],[-38.51355137,-3.89314119],[-38.51406444,-3.89460306],[-38.514651,-3.894035],[-38.51579399,-3.89292549],[-38.51676588,-3.89204122],[-38.51782545,-3.89111711],[-38.52020022,-3.88901404],[-38.52615144,-3.88372281],[-38.531158,-3.879367],[-38.53074499,-3.87919552],[-38.530399,-3.878976],[-38.53014275,-3.87882562],[-38.52997691,-3.87861978],[-38.52977508,-3.87831989],[-38.52963608,-3.87800386],[-38.52942297,-3.87725886],[-38.52920034,-3.87648321],[-38.529021,-3.875954],[-38.52883099,-3.8755677],[-38.52848521,-3.87484586],[-38.52825797,-3.87408527],[-38.52806201,-3.87334794],[-38.527907,-3.872743],[-38.52775174,-3.87247842],[-38.52745459,-3.87206253],[-38.52701708,-3.87138967],[-38.52667735,-3.87094593],[-38.52645252,-3.87069304],[-38.52593786,-3.87015986],[-38.5254745,-3.869739],[-38.52479344,-3.86924636],[-38.52443209,-3.86899921],[-38.523802,-3.86863],[-38.523078,-3.868262],[-38.522425,-3.867977],[-38.5218505,-3.8677575],[-38.5212592,-3.86755548],[-38.52074646,-3.86738668],[-38.520516,-3.867253],[-38.52036164,-3.8671179],[-38.52025674,-3.86696513],[-38.520195,-3.86678],[-38.51992736,-3.86620283],[-38.519562,-3.865311],[-38.519294,-3.865035],[-38.51909502,-3.86482748],[-38.518954,-3.864611],[-38.52228729,-3.86394714],[-38.52322614,-3.8637444],[-38.52492684,-3.86337716],[-38.52708079,-3.86287571],[-38.52847775,-3.86254175],[-38.5292203,-3.86236123],[-38.53284255,-3.86151756],[-38.53613156,-3.86076239],[-38.53917637,-3.85987843],[-38.53987053,-3.85970826],[-38.54231933,-3.85919018],[-38.54135871,-3.85336727],[-38.54084232,-3.85035919],[-38.54039053,-3.84757126],[-38.53974549,-3.84368544],[-38.53949366,-3.84201164],[-38.53933945,-3.84179515],[-38.53902172,-3.84136327],[-38.53846188,-3.84057631],[-38.53839039,-3.84051528],[-38.53833316,-3.84047732],[-38.53826456,-3.84044425],[-38.53585216,-3.84315253],[-38.535847,-3.84308744],[-38.53582115,-3.84293789],[-38.53579279,-3.84290702],[-38.53573606,-3.84289985],[-38.53569355,-3.84288318],[-38.53560342,-3.84283437],[-38.53554167,-3.84278331],[-38.53549214,-3.84276908],[-38.53540729,-3.84279029],[-38.53535063,-3.84279026],[-38.53529058,-3.8427583],[-38.53524458,-3.84270499],[-38.53523047,-3.84264817],[-38.53525878,-3.8425949],[-38.53529069,-3.84255583],[-38.53528009,-3.84250254],[-38.53522358,-3.84239585],[-38.53515647,-3.84226084],[-38.53514587,-3.84220049],[-38.53516708,-3.84212234],[-38.53520965,-3.84201218],[-38.53534062,-3.84181331],[-38.53546798,-3.84164819],[-38.53554584,-3.84155234],[-38.53556362,-3.84148839],[-38.53554591,-3.8414351],[-38.53544697,-3.84135688],[-38.53537271,-3.84127153],[-38.53532323,-3.84116846],[-38.53530564,-3.84104415],[-38.53532686,-3.8409518],[-38.53534113,-3.84087011],[-38.53531285,-3.84071911],[-38.53529877,-3.84060186],[-38.53529881,-3.84051655],[-38.53533073,-3.84045623],[-38.53534137,-3.84042783],[-38.53533076,-3.8403958],[-38.53529889,-3.8403709],[-38.53525298,-3.84033179],[-38.53517873,-3.84022871],[-38.53512572,-3.84017187],[-38.53503378,-3.84012921],[-38.53488168,-3.84009357],[-38.53473668,-3.84007929],[-38.53454573,-3.84011112],[-38.53441125,-3.84013593],[-38.53430876,-3.84011814],[-38.53426989,-3.84004348],[-38.53425221,-3.83994043],[-38.53427001,-3.83982682],[-38.5343054,-3.83967232],[-38.53434086,-3.83954795],[-38.53437981,-3.83946981],[-38.53436924,-3.83936323],[-38.53434103,-3.83923177],[-38.53424207,-3.83902925],[-38.53411841,-3.83887639],[-38.53404243,-3.83880352],[-38.53395054,-3.83868976],[-38.53385501,-3.83861869],[-38.53375248,-3.83853332],[-38.53365001,-3.83847998],[-38.53356509,-3.8384622],[-38.5334908,-3.83843728],[-38.53342724,-3.83838749],[-38.53326106,-3.83824528],[-38.53317502,-3.83816231],[-38.53303198,-3.83803556],[-38.53294409,-3.837903],[-38.53281226,-3.83772623],[-38.53268044,-3.83752739],[-38.53252661,-3.83736165],[-38.53251799,-3.83734925],[-38.53242775,-3.83719595],[-38.53237287,-3.83701923],[-38.53236199,-3.8368094],[-38.53240608,-3.83661065],[-38.53239516,-3.83646708],[-38.53231829,-3.83631244],[-38.53219141,-3.83620056],[-38.53199958,-3.83608035],[-38.53193565,-3.83603073],[-38.53181276,-3.83592565],[-38.53161025,-3.83562165],[-38.53142961,-3.83546745],[-38.5312206,-3.83526538],[-38.53109196,-3.83508093],[-38.53102913,-3.83467859],[-38.53096524,-3.83458071],[-38.53089259,-3.83449857],[-38.53074733,-3.83430845],[-38.53066461,-3.83417611],[-38.53058725,-3.83402786],[-38.53053779,-3.83393314],[-38.53046183,-3.83377136],[-38.53042613,-3.83367852],[-38.53031866,-3.83334645],[-38.53031452,-3.83325799],[-38.5303126,-3.83321721],[-38.53031683,-3.83320591],[-38.53034942,-3.83311878],[-38.53048425,-3.83301424],[-38.53055029,-3.83294967],[-38.53072331,-3.83278053],[-38.5309195,-3.83250372],[-38.5310299,-3.8322761],[-38.53110965,-3.83208538],[-38.53117716,-3.83186388],[-38.53123238,-3.83171007],[-38.53122632,-3.831587],[-38.53119576,-3.83146391],[-38.53113454,-3.83138387],[-38.53110396,-3.8312854],[-38.53108563,-3.83118693],[-38.53109183,-3.83105155],[-38.53112254,-3.83091004],[-38.53111036,-3.8307808],[-38.53107365,-3.83068232],[-38.53098182,-3.83057151],[-38.53090835,-3.83049147],[-38.53081647,-3.83044834],[-38.53071234,-3.83042367],[-38.53060208,-3.830399],[-38.53050407,-3.83038048],[-38.53035705,-3.83036194],[-38.53025292,-3.83033111],[-38.53014881,-3.83025106],[-38.53009984,-3.83017719],[-38.5299284,-3.83000479],[-38.52983656,-3.82990013],[-38.52962222,-3.82975232],[-38.52940785,-3.8296599],[-38.52914446,-3.82958591],[-38.52891169,-3.8295304],[-38.52872792,-3.82949337],[-38.52859787,-3.82942932],[-38.52853399,-3.82943446],[-38.52848404,-3.82943522],[-38.52847422,-3.82943447],[-38.5284646,-3.82943238],[-38.52845536,-3.82942898],[-38.52844666,-3.82942433],[-38.52843868,-3.82941854],[-38.52841804,-3.82935735],[-38.52837278,-3.82922238],[-38.52833355,-3.8291056],[-38.52831734,-3.82905729],[-38.52827968,-3.82898864],[-38.52821847,-3.82890103],[-38.52813935,-3.82879875],[-38.52806729,-3.82873386],[-38.52798909,-3.82868364],[-38.52780915,-3.82854959],[-38.52765795,-3.82843069],[-38.52755147,-3.82838235],[-38.52747749,-3.82836953],[-38.52742848,-3.82837045],[-38.52739078,-3.82837422],[-38.52734931,-3.82838271],[-38.52731019,-3.82838601],[-38.52726072,-3.82838219],[-38.52723951,-3.82837413],[-38.52721643,-3.8283585],[-38.52719241,-3.82833861],[-38.52713166,-3.82825952],[-38.52700123,-3.82806727],[-38.52698194,-3.82801993],[-38.52696971,-3.82798679],[-38.52696217,-3.82797211],[-38.52695181,-3.82796074],[-38.52688258,-3.82788024],[-38.52675872,-3.82775473],[-38.52662307,-3.82762401],[-38.52656608,-3.82756245],[-38.52654442,-3.82753403],[-38.5264931,-3.8274649],[-38.52641916,-3.82736829],[-38.52631461,-3.82725132],[-38.52626845,-3.82721059],[-38.52623595,-3.82718974],[-38.52620391,-3.82717268],[-38.52615586,-3.82715704],[-38.52611581,-3.82714802],[-38.52606869,-3.82714137],[-38.5260489,-3.82713662],[-38.52602769,-3.82712809],[-38.52598341,-3.82710203],[-38.52593536,-3.82707408],[-38.52586046,-3.82702481],[-38.52572197,-3.82693527],[-38.52559807,-3.82686231],[-38.5254949,-3.82680498],[-38.52538185,-3.8267216],[-38.52531025,-3.82666808],[-38.52527964,-3.8266354],[-38.52525279,-3.82661077],[-38.52522735,-3.82659324],[-38.52520003,-3.82657713],[-38.52514067,-3.82653781],[-38.52510063,-3.82651554],[-38.52505446,-3.82648664],[-38.52501961,-3.82645586],[-38.52497675,-3.82641512],[-38.52494519,-3.82638765],[-38.52489385,-3.82635307],[-38.52482695,-3.8263199],[-38.52473178,-3.82627535],[-38.52465781,-3.82624312],[-38.52459845,-3.82622936],[-38.52458101,-3.82622935],[-38.52456169,-3.82623171],[-38.52454284,-3.82623691],[-38.52450984,-3.82624872],[-38.52446224,-3.82626621],[-38.52445046,-3.82626762],[-38.52442737,-3.82626524],[-38.52439485,-3.82625907],[-38.52431476,-3.82623347],[-38.52429309,-3.82621973],[-38.52427896,-3.82620504],[-38.52426577,-3.82618989],[-38.5242474,-3.82617426],[-38.5242328,-3.82616715],[-38.52420877,-3.82615578],[-38.52417061,-3.82613872],[-38.52412349,-3.8261278],[-38.52409098,-3.82611784],[-38.52406837,-3.82610647],[-38.52404859,-3.82608895],[-38.52403116,-3.82607095],[-38.52401845,-3.82604917],[-38.52399821,-3.82601082],[-38.52395773,-3.82592891],[-38.52390735,-3.82583894],[-38.52385464,-3.82571111],[-38.52382829,-3.8256453],[-38.52379251,-3.82558659],[-38.52374353,-3.82553212],[-38.52367995,-3.82546251],[-38.52361354,-3.82540851],[-38.52353487,-3.82535024],[-38.5234496,-3.8253005],[-38.52336434,-3.82525311],[-38.52324044,-3.82517542],[-38.52318062,-3.82513799],[-38.52309676,-3.82509676],[-38.52303645,-3.82507543],[-38.52299876,-3.82506262],[-38.52298086,-3.82505267],[-38.52296531,-3.8250432],[-38.52294859,-3.82502828],[-38.52292917,-3.82500543],[-38.52290797,-3.82497962],[-38.5228736,-3.82494055],[-38.52284322,-3.82490764],[-38.5228053,-3.82487827],[-38.52275866,-3.82484889],[-38.52271579,-3.82482757],[-38.52266444,-3.82481145],[-38.52262015,-3.82479486],[-38.52256832,-3.82477495],[-38.52253817,-3.82476499],[-38.52247173,-3.8247517],[-38.52238032,-3.82473697],[-38.52230493,-3.82473267],[-38.52223613,-3.82472695],[-38.52216639,-3.82471603],[-38.52207263,-3.82469467],[-38.52196378,-3.8246771],[-38.52184786,-3.82466094],[-38.52169142,-3.82463861],[-38.52155524,-3.82463143],[-38.52151425,-3.82462478],[-38.52148975,-3.82461767],[-38.52146148,-3.82460629],[-38.52143698,-3.82458971],[-38.52141296,-3.8245684],[-38.52140166,-3.8245523],[-38.5213913,-3.82453383],[-38.52138424,-3.82452105],[-38.52138001,-3.82451205],[-38.52120534,-3.82420617],[-38.52112435,-3.82410199],[-38.52107492,-3.8240125],[-38.52104622,-3.82392681],[-38.52100952,-3.82382123],[-38.52097424,-3.82370572],[-38.52096391,-3.82364938],[-38.52096157,-3.8236224],[-38.52096488,-3.82359637],[-38.5209729,-3.82357176],[-38.52097858,-3.82353958],[-38.52097765,-3.82351023],[-38.52097389,-3.82349082],[-38.5209114,-3.82315376],[-38.52090014,-3.8230695],[-38.52089169,-3.82300985],[-38.52085501,-3.82287919],[-38.52076756,-3.82250899],[-38.52072192,-3.82239914],[-38.52069697,-3.8223499],[-38.52066825,-3.8223035],[-38.52064941,-3.82227887],[-38.52063293,-3.82224763],[-38.52062118,-3.82220975],[-38.52060283,-3.8221572],[-38.52058683,-3.8221179],[-38.52054587,-3.82203883],[-38.52051621,-3.82198675],[-38.52049408,-3.8219607],[-38.52046676,-3.82193134],[-38.52041448,-3.82188445],[-38.5203622,-3.82183472],[-38.52033441,-3.82181435],[-38.52030096,-3.8217954],[-38.52026563,-3.82177786],[-38.52023076,-3.8217679],[-38.52018883,-3.82176125],[-38.52014077,-3.82175507],[-38.52009365,-3.82174463],[-38.52006962,-3.82173657],[-38.52004936,-3.82172567],[-38.52002816,-3.82171099],[-38.52000885,-3.82169157],[-38.51998672,-3.82167262],[-38.51995374,-3.82164657],[-38.5199203,-3.82162762],[-38.51969699,-3.82152714],[-38.51965458,-3.82151434],[-38.51948166,-3.82147638],[-38.5194581,-3.821465],[-38.51943596,-3.8214489],[-38.51941101,-3.82142048],[-38.51940206,-3.82139965],[-38.51939454,-3.8213755],[-38.5193856,-3.82135278],[-38.51937052,-3.82133715],[-38.51933708,-3.82131015],[-38.5193173,-3.82129121],[-38.51930176,-3.82126611],[-38.5192867,-3.82123344],[-38.51920103,-3.8210734],[-38.51916478,-3.82100285],[-38.5190829,-3.82080306],[-38.51902268,-3.82061984],[-38.51902082,-3.8205815],[-38.51902513,-3.82044518],[-38.51902185,-3.82040967],[-38.51901999,-3.82037938],[-38.51902377,-3.82036376],[-38.51903133,-3.82032684],[-38.51905541,-3.82022935],[-38.51910919,-3.82013755],[-38.51913892,-3.82005946],[-38.51915309,-3.81998942],[-38.5191503,-3.81992409],[-38.51913855,-3.81986397],[-38.51911456,-3.81980148],[-38.51909009,-3.81972952],[-38.51908964,-3.81969591],[-38.5191005,-3.81965521],[-38.51911513,-3.81961498],[-38.51912739,-3.81959842],[-38.51914578,-3.81958896],[-38.51917122,-3.81958614],[-38.51921458,-3.81958332],[-38.51926831,-3.81957294],[-38.51931214,-3.81955403],[-38.51934515,-3.81952044],[-38.5193791,-3.8194717],[-38.5194027,-3.81941302],[-38.51942018,-3.81933257],[-38.51943248,-3.81924926],[-38.51942733,-3.81918441],[-38.51940615,-3.81913659],[-38.51937461,-3.81908498],[-38.51933459,-3.8190168],[-38.51931906,-3.81897229],[-38.51930307,-3.81892353],[-38.51928896,-3.81886388],[-38.5192711,-3.81878908],[-38.51925887,-3.81875499],[-38.51924522,-3.81871996],[-38.51923347,-3.818657],[-38.51923587,-3.81859168],[-38.51925004,-3.81851879],[-38.51926844,-3.81848614],[-38.51929579,-3.81845586],[-38.51933115,-3.81842937],[-38.51938111,-3.81840479],[-38.5194438,-3.81837595],[-38.51947633,-3.81834378],[-38.51950746,-3.81830262],[-38.51954614,-3.81823826],[-38.51960038,-3.81814173],[-38.51961359,-3.81811381],[-38.51962162,-3.81807737],[-38.51962306,-3.81802814],[-38.51961604,-3.81795288],[-38.51960338,-3.81783359],[-38.51959775,-3.81778862],[-38.51958128,-3.81775358],[-38.51955821,-3.81770576],[-38.51952103,-3.81762716],[-38.51948387,-3.81750928],[-38.51942364,-3.81732889],[-38.51940852,-3.81728249],[-38.5194103,-3.81723934],[-38.51941712,-3.8172134],[-38.51942796,-3.81719684],[-38.51943693,-3.81717412],[-38.51944213,-3.8171462],[-38.5194511,-3.81710786],[-38.51945395,-3.8170752],[-38.51945162,-3.81703166],[-38.51944787,-3.81699379],[-38.51944129,-3.81695308],[-38.51942718,-3.81690195],[-38.51941307,-3.81685886],[-38.51938672,-3.81678453],[-38.51933167,-3.81664155],[-38.51929967,-3.81655255],[-38.51927472,-3.81650851],[-38.51924082,-3.8164711],[-38.51920314,-3.81642753],[-38.5191763,-3.8163958],[-38.51916264,-3.81637307],[-38.51915418,-3.81634703],[-38.51914524,-3.816312],[-38.51912502,-3.81624383],[-38.51910996,-3.8161998],[-38.51909961,-3.81618039],[-38.51908359,-3.81616144],[-38.51905675,-3.81613303],[-38.5190431,-3.81611077],[-38.51902521,-3.81607053],[-38.51900828,-3.81601324],[-38.51897488,-3.81591146],[-38.51893299,-3.81581582],[-38.5189137,-3.8157609],[-38.51890101,-3.81571119],[-38.51888785,-3.8156416],[-38.51888362,-3.81561935],[-38.51887656,-3.8156042],[-38.51886573,-3.81558668],[-38.51881818,-3.81550808],[-38.51877674,-3.81546025],[-38.51873623,-3.81542472],[-38.51869336,-3.81540198],[-38.5186439,-3.81537829],[-38.51860433,-3.81535886],[-38.51857418,-3.81533896],[-38.51854214,-3.81531906],[-38.51851294,-3.81529538],[-38.51846773,-3.8152466],[-38.51841876,-3.81518456],[-38.51839522,-3.815141],[-38.51837544,-3.81510927],[-38.51835378,-3.81507991],[-38.5183147,-3.81503398],[-38.51828456,-3.81499089],[-38.51825584,-3.8149459],[-38.51821347,-3.81488435],[-38.51817296,-3.81484219],[-38.51815366,-3.81481094],[-38.51814566,-3.81478396],[-38.51813298,-3.81471484],[-38.51811653,-3.81463105],[-38.51810478,-3.8145785],[-38.51809113,-3.8145501],[-38.51807276,-3.81453305],[-38.51804921,-3.81451646],[-38.51801765,-3.8144942],[-38.5179795,-3.81446436],[-38.51795076,-3.81444493],[-38.51788057,-3.81440987],[-38.51779623,-3.81438],[-38.51771567,-3.81435108],[-38.51761343,-3.81430984],[-38.51754559,-3.81427667],[-38.51749707,-3.81425297],[-38.51740567,-3.81421553],[-38.51734348,-3.8142065],[-38.51727892,-3.8142022],[-38.51719598,-3.814196],[-38.51708383,-3.81419499],[-38.51699572,-3.81418074],[-38.51691422,-3.81414662],[-38.51687183,-3.81410636],[-38.51683981,-3.81406043],[-38.51677814,-3.81395673],[-38.5167207,-3.81385351],[-38.51671223,-3.81383552],[-38.51671036,-3.81381137],[-38.51671509,-3.81378298],[-38.51673162,-3.81370252],[-38.51673211,-3.81367128],[-38.51672789,-3.81364145],[-38.51672036,-3.81361494],[-38.51670294,-3.81358653],[-38.51668364,-3.81356475],[-38.51666009,-3.81354485],[-38.51663324,-3.8135136],[-38.51661253,-3.81347903],[-38.51659464,-3.81344021],[-38.51655181,-3.81334551],[-38.51650993,-3.8132442],[-38.51647841,-3.81315377],[-38.51645393,-3.81310737],[-38.51642567,-3.81307469],[-38.5163748,-3.81303963],[-38.51631638,-3.81301499],[-38.51625843,-3.81299839],[-38.51617079,-3.81298035],[-38.51609116,-3.81296516],[-38.51591588,-3.81293098],[-38.51580374,-3.81291009],[-38.5157816,-3.81290203],[-38.5157604,-3.81289019],[-38.51573967,-3.81287503],[-38.51571,-3.81284945],[-38.5156629,-3.81280256],[-38.5156144,-3.81274573],[-38.5155527,-3.8126799],[-38.51551173,-3.81263349],[-38.51547077,-3.81257146],[-38.51545759,-3.81253737],[-38.51544913,-3.81249997],[-38.51543927,-3.81243985],[-38.51543319,-3.81235133],[-38.51542804,-3.81229406],[-38.51541535,-3.81223062],[-38.51539701,-3.81217144],[-38.51535654,-3.81207533],[-38.51530524,-3.81195318],[-38.51527935,-3.81189968],[-38.51524781,-3.81184664],[-38.51522757,-3.81180545],[-38.51521298,-3.81177136],[-38.5151777,-3.81166532],[-38.515149,-3.81157536],[-38.51514054,-3.81153418],[-38.51513775,-3.81148021],[-38.51513778,-3.81142247],[-38.515143,-3.81136046],[-38.5151482,-3.81133206],[-38.51515245,-3.81131739],[-38.51515434,-3.81130414],[-38.51511574,-3.81113862],[-38.51510744,-3.81109384],[-38.51509679,-3.81104398],[-38.51508801,-3.81101494],[-38.51506417,-3.81094929],[-38.51498887,-3.81077316],[-38.51495436,-3.81069804],[-38.51492111,-3.81060083],[-38.51489102,-3.81048658],[-38.51483959,-3.81032119],[-38.51479379,-3.81019999],[-38.51476931,-3.81015075],[-38.51474548,-3.8100649],[-38.51474112,-3.81000368],[-38.5147443,-3.80992984],[-38.51475816,-3.80987557],[-38.51478269,-3.80981374],[-38.51480596,-3.80977588],[-38.51483928,-3.80973993],[-38.51488831,-3.80970146],[-38.51495054,-3.80965794],[-38.51503853,-3.80960435],[-38.5151039,-3.80956399],[-38.51515545,-3.80950911],[-38.51518627,-3.80945864],[-38.51519885,-3.80942394],[-38.51520517,-3.80937029],[-38.51520582,-3.80933053],[-38.51519957,-3.80925669],[-38.51518642,-3.80918347],[-38.51516511,-3.8090869],[-38.51510489,-3.80891583],[-38.51506034,-3.80880409],[-38.51501706,-3.80867784],[-38.51499447,-3.80862166],[-38.5149813,-3.8085781],[-38.51497002,-3.80852887],[-38.51494499,-3.8083553],[-38.51492941,-3.80811735],[-38.51492506,-3.80803215],[-38.51490193,-3.8078226],[-38.51489818,-3.80778284],[-38.51490388,-3.80771279],[-38.51492276,-3.80765789],[-38.51495231,-3.80761373],[-38.51501329,-3.80755633],[-38.51512834,-3.8074327],[-38.51516293,-3.80737844],[-38.51518306,-3.80733364],[-38.51520131,-3.80728442],[-38.51520951,-3.80722573],[-38.5152064,-3.80716956],[-38.51519009,-3.80712663],[-38.51516749,-3.80708434],[-38.51506511,-3.80701549],[-38.51482524,-3.80676984],[-38.5147342,-3.80665303],[-38.51470407,-3.80660631],[-38.5146865,-3.80656591],[-38.51467584,-3.80651983],[-38.51467147,-3.80647628],[-38.5146866,-3.80639046],[-38.51471554,-3.8063078],[-38.51475077,-3.80623397],[-38.51477341,-3.80619486],[-38.51480736,-3.80616206],[-38.51488467,-3.80611603],[-38.51505059,-3.80601704],[-38.51516311,-3.80593695],[-38.51526304,-3.80587263],[-38.51529573,-3.8058373],[-38.51530957,-3.80580891],[-38.51532216,-3.80576411],[-38.51533666,-3.8056827],[-38.51533859,-3.80559939],[-38.51533425,-3.80550409],[-38.51532862,-3.80545234],[-38.51532551,-3.80540374],[-38.51533185,-3.8053015],[-38.51534571,-3.80522893],[-38.5153734,-3.80514816],[-38.51539543,-3.80507622],[-38.5154093,-3.80499797],[-38.51541878,-3.80489763],[-38.5154119,-3.80484082],[-38.51540124,-3.80480232],[-38.51536609,-3.80473982],[-38.51531208,-3.80469561],[-38.51523985,-3.80465644],[-38.51515755,-3.80462862],[-38.51505327,-3.8046071],[-38.51495212,-3.80459001],[-38.51487674,-3.80456156],[-38.514802,-3.80450598],[-38.51475113,-3.80446367],[-38.5147235,-3.80443399],[-38.51470468,-3.80439169],[-38.51468525,-3.80430648],[-38.51468027,-3.80422759],[-38.51469478,-3.80411778],[-38.51472184,-3.80403954],[-38.51477091,-3.80393417],[-38.51483882,-3.80383512],[-38.51489289,-3.80376067],[-38.51496958,-3.8036995],[-38.51507015,-3.80363518],[-38.51512546,-3.8036005],[-38.51515626,-3.80356896],[-38.51516759,-3.80353615],[-38.51517578,-3.80349198],[-38.51518336,-3.8034276],[-38.51518655,-3.80332852],[-38.51518724,-3.80321997],[-38.51517789,-3.80309626],[-38.5151654,-3.8029593],[-38.51515667,-3.80283812],[-38.51514665,-3.80278005],[-38.51512407,-3.80271061],[-38.51506946,-3.80261402],[-38.51502616,-3.80252816],[-38.51499541,-3.80246251],[-38.51496907,-3.80236719],[-38.5149666,-3.80229146],[-38.51496978,-3.80222456],[-38.51498238,-3.80215956],[-38.51501824,-3.80208195],[-38.51507985,-3.80201067],[-38.51513958,-3.80193118],[-38.5151641,-3.8019009],[-38.51517732,-3.80186935],[-38.51518487,-3.80183969],[-38.51518489,-3.80180498],[-38.51517801,-3.80175196],[-38.51516171,-3.80168758],[-38.5151429,-3.80160994],[-38.51509901,-3.8014616],[-38.51507705,-3.80139974],[-38.51504191,-3.80132651],[-38.51502246,-3.80126402],[-38.51501559,-3.80118891],[-38.51501624,-3.80115356],[-38.51502317,-3.80112769],[-38.51504141,-3.80109678],[-38.51506844,-3.80107407],[-38.51510237,-3.80105579],[-38.51515956,-3.80104194],[-38.51522176,-3.80103314],[-38.51528146,-3.80101802],[-38.51533111,-3.80098965],[-38.51537511,-3.80095307],[-38.51540718,-3.80090765],[-38.51543486,-3.80085465],[-38.51544556,-3.80081615],[-38.51545504,-3.80072402],[-38.51545759,-3.8006609],[-38.51544949,-3.80053846],[-38.51543384,-3.80042233],[-38.51541816,-3.80037056],[-38.51539431,-3.80032511],[-38.5153265,-3.8002405],[-38.51527066,-3.80010983],[-38.51515578,-3.79992547],[-38.51505659,-3.79978089],[-38.51500825,-3.79972343],[-38.51496556,-3.79965777],[-38.51490402,-3.79959147],[-38.5148588,-3.7995561],[-38.51474135,-3.79947714],[-38.51466222,-3.79942724],[-38.51455983,-3.79937921],[-38.51447566,-3.79933625],[-38.51441915,-3.7992851],[-38.51435133,-3.79921374],[-38.5143099,-3.79914871],[-38.51426972,-3.79908684],[-38.514244,-3.79901361],[-38.51424027,-3.79894671],[-38.5142384,-3.79890948],[-38.51424911,-3.79886215],[-38.51427553,-3.7988123],[-38.51430257,-3.7987713],[-38.514334,-3.79873849],[-38.51440127,-3.79867479],[-38.51444778,-3.79863505],[-38.51446979,-3.79860856],[-38.51448614,-3.79857449],[-38.51449244,-3.79854357],[-38.51449248,-3.79848424],[-38.51448436,-3.79839588],[-38.51447058,-3.79831635],[-38.5144593,-3.79825575],[-38.51442544,-3.79813835],[-38.5143903,-3.79805754],[-38.51436645,-3.79800451],[-38.51432627,-3.79795021],[-38.51427479,-3.79789338],[-38.51421324,-3.79784286],[-38.51411904,-3.79777086],[-38.51406251,-3.79772539],[-38.5140148,-3.79766603],[-38.5139583,-3.79757638],[-38.51388927,-3.7974274],[-38.51386291,-3.79737815],[-38.51384031,-3.79734153],[-38.51381269,-3.7973087],[-38.51376998,-3.79728217],[-38.51373606,-3.79726827],[-38.51369836,-3.79726572],[-38.51363804,-3.79726569],[-38.51355007,-3.79728078],[-38.51348473,-3.79728706],[-38.51334147,-3.79729076],[-38.51329246,-3.79729074],[-38.51322964,-3.79728439],[-38.51319069,-3.79727427],[-38.51315551,-3.79726036],[-38.51312537,-3.79724015],[-38.51309899,-3.79721363],[-38.51307639,-3.79717575],[-38.51305883,-3.79712777],[-38.51305131,-3.79709621],[-38.51304881,-3.79706087],[-38.51304883,-3.79702805],[-38.51305264,-3.7969662],[-38.51305518,-3.79691066],[-38.51305648,-3.79683114],[-38.51305532,-3.79665948],[-38.5130504,-3.79647266],[-38.51306682,-3.7963212],[-38.51309454,-3.79618615],[-38.51315117,-3.79604608],[-38.51319016,-3.7959792],[-38.51326308,-3.79590351],[-38.51336367,-3.79580384],[-38.51347556,-3.79569409],[-38.51354596,-3.79564743],[-38.51358744,-3.79562094],[-38.51362892,-3.79560582],[-38.51367793,-3.79559323],[-38.51374202,-3.79558821],[-38.51383501,-3.79558574],[-38.51394308,-3.79558706],[-38.51400843,-3.795577],[-38.51406121,-3.7955682],[-38.51409766,-3.79555181],[-38.51412657,-3.79553668],[-38.51415423,-3.79551019],[-38.51417435,-3.79548369],[-38.51419196,-3.79544205],[-38.51420581,-3.79540166],[-38.51421589,-3.79535118],[-38.51422597,-3.79530448],[-38.51426874,-3.7952111],[-38.51430397,-3.79513538],[-38.51436685,-3.7950458],[-38.5144247,-3.79497262],[-38.51447876,-3.7949108],[-38.51451776,-3.79484266],[-38.51457313,-3.79468617],[-38.5146059,-3.79451831],[-38.5146613,-3.7943126],[-38.5147104,-3.79415863],[-38.51473936,-3.79404252],[-38.51475959,-3.793833],[-38.51474208,-3.7936752],[-38.51471829,-3.79352751],[-38.51469698,-3.79342904],[-38.51464678,-3.79331667],[-38.51457398,-3.79317021],[-38.51455266,-3.79310077],[-38.51453673,-3.79303059],[-38.51451254,-3.79292404],[-38.51450253,-3.79286218],[-38.51447741,-3.79282935],[-38.51444978,-3.79281166],[-38.51441083,-3.79280533],[-38.51435302,-3.79280529],[-38.51427762,-3.79281535],[-38.51421729,-3.79283677],[-38.51414189,-3.79285945],[-38.51406272,-3.79286067],[-38.51399738,-3.79285306],[-38.51392829,-3.79282525],[-38.51386674,-3.79277473],[-38.51381777,-3.79271664],[-38.51379519,-3.79263836],[-38.51378644,-3.79255757],[-38.51380344,-3.79243849],[-38.51381798,-3.7923367],[-38.51385323,-3.79222059],[-38.51389222,-3.79214866],[-38.51394126,-3.79209063],[-38.51399532,-3.79204017],[-38.51403932,-3.79201747],[-38.5141097,-3.79199732],[-38.51415619,-3.79199482],[-38.51423661,-3.79200117],[-38.51429818,-3.79201131],[-38.51435218,-3.79203147],[-38.51437607,-3.79204038],[-38.51443888,-3.79207324],[-38.51453058,-3.79212378],[-38.51461222,-3.79219325],[-38.51468004,-3.79226145],[-38.51473279,-3.79230944],[-38.51477675,-3.7923385],[-38.5148358,-3.7923663],[-38.5148961,-3.79238653],[-38.51493631,-3.7923916],[-38.51498155,-3.79239037],[-38.51503559,-3.79238409],[-38.51507706,-3.79237149],[-38.51512357,-3.79233743],[-38.51516381,-3.79229454],[-38.51520784,-3.79220621],[-38.5152783,-3.79204089],[-38.51534752,-3.79185159],[-38.51538401,-3.79175189],[-38.51540416,-3.79167491],[-38.51542683,-3.7915853],[-38.51543315,-3.79151083],[-38.51542315,-3.79143257],[-38.51542322,-3.79129751],[-38.51541574,-3.79119905],[-38.51538692,-3.79104377],[-38.5153692,-3.79096857],[-38.515328,-3.79079381],[-38.51531295,-3.79073701],[-38.51530796,-3.7906802],[-38.51530925,-3.79062088],[-38.51534201,-3.79046059],[-38.51535337,-3.7903634],[-38.51535971,-3.79026621],[-38.51536353,-3.79017659],[-38.51535604,-3.79009076],[-38.51533348,-3.78998093],[-38.51526947,-3.78984204],[-38.5152306,-3.78969434],[-38.51518422,-3.78948352],[-38.51515793,-3.78932067],[-38.5151379,-3.78918055],[-38.51508897,-3.78903536],[-38.5150463,-3.78893436],[-38.51500111,-3.78886239],[-38.51494962,-3.78879925],[-38.51466325,-3.78857314],[-38.51460547,-3.78852893],[-38.51453763,-3.78849355],[-38.5144321,-3.78845941],[-38.51436802,-3.78845559],[-38.51428885,-3.7884568],[-38.51420591,-3.78847064],[-38.51414558,-3.78849207],[-38.51407016,-3.78853746],[-38.51400731,-3.78857782],[-38.5139608,-3.78860052],[-38.51390802,-3.78861816],[-38.51384518,-3.78862191],[-38.51378613,-3.78862188],[-38.51371828,-3.78860543],[-38.51366551,-3.78858394],[-38.51361653,-3.78854604],[-38.51348468,-3.78837557],[-38.51331139,-3.78816215],[-38.51322852,-3.78804976],[-38.51314566,-3.78792223],[-38.51311429,-3.78784647],[-38.51309422,-3.78778461],[-38.51307791,-3.7877278],[-38.51307794,-3.78768362],[-38.51308173,-3.78764323],[-38.51309307,-3.78759149],[-38.51310317,-3.78750692],[-38.51312279,-3.78724565],[-38.51314113,-3.78703044],[-38.51315,-3.78689981],[-38.51315639,-3.78671489],[-38.51315266,-3.78662969],[-38.51314831,-3.78655269],[-38.51314206,-3.78648831],[-38.51310193,-3.78634344],[-38.51306301,-3.78628394],[-38.51303162,-3.78623469],[-38.51300526,-3.78618292],[-38.51298394,-3.78611728],[-38.51296764,-3.7860491],[-38.51295888,-3.78598094],[-38.5129539,-3.78591277],[-38.51295393,-3.78585092],[-38.51296653,-3.7857916],[-38.51299923,-3.78573356],[-38.51304827,-3.78567552],[-38.51310108,-3.78562128],[-38.51316016,-3.78557208],[-38.51321422,-3.78553046],[-38.51325319,-3.78550145],[-38.51328965,-3.7854636],[-38.51331858,-3.78542323],[-38.51334122,-3.78537275],[-38.51336389,-3.78528819],[-38.51338404,-3.78519858],[-38.51344705,-3.78488684],[-38.51346217,-3.78480354],[-38.51347731,-3.78470509],[-38.51348112,-3.78461926],[-38.51347865,-3.78454984],[-38.51347366,-3.78448798],[-38.51346365,-3.78441477],[-38.51346118,-3.78432641],[-38.51345746,-3.78423679],[-38.51346001,-3.78417746],[-38.5134638,-3.78413455],[-38.51347136,-3.78410173],[-38.51347766,-3.78406639],[-38.51348774,-3.78402853],[-38.51349404,-3.78399698],[-38.51349783,-3.78394775],[-38.51349409,-3.78390231],[-38.51348532,-3.78386381],[-38.51346649,-3.78381773],[-38.51345017,-3.78378679],[-38.51343009,-3.78375775],[-38.51340811,-3.7837388],[-38.5133767,-3.78372427],[-38.51333775,-3.78371794],[-38.5133101,-3.78371918],[-38.51328497,-3.78372548],[-38.51326234,-3.78373746],[-38.51322903,-3.78376016],[-38.51319697,-3.78378665],[-38.51317497,-3.78380936],[-38.51314102,-3.78384721],[-38.51312091,-3.78385982],[-38.51309766,-3.7838699],[-38.5130719,-3.78387494],[-38.51303985,-3.78387744],[-38.51301221,-3.78387553],[-38.51298771,-3.7838711],[-38.51295065,-3.7838553],[-38.51273208,-3.78371318],[-38.51262026,-3.78365087],[-38.51289332,-3.78307298],[-38.51344274,-3.78188937],[-38.51413788,-3.78039344],[-38.51419411,-3.78027244],[-38.51440267,-3.77958282],[-38.51449717,-3.77926968],[-38.51451264,-3.779214],[-38.51480328,-3.77809589],[-38.51490781,-3.77812247],[-38.51580831,-3.77838331],[-38.51647671,-3.77856293],[-38.51750638,-3.77882611],[-38.51773581,-3.77888652],[-38.5178481,-3.77891622],[-38.5179195,-3.77893242],[-38.51790777,-3.77886709],[-38.51790178,-3.77883374],[-38.5178727,-3.77865711],[-38.51783888,-3.77846775],[-38.51781508,-3.77832889],[-38.51780757,-3.77827461],[-38.51781018,-3.77810547],[-38.51782035,-3.77788963],[-38.51783113,-3.77770661],[-38.51784385,-3.77744407],[-38.51785783,-3.77714745],[-38.51786867,-3.77685461],[-38.51787626,-3.77676563],[-38.51788517,-3.7765643],[-38.51789787,-3.77631312],[-38.51791499,-3.77603354],[-38.5179207,-3.7759313],[-38.5179314,-3.7758925],[-38.51794222,-3.7756492],[-38.51794797,-3.77546744],[-38.51795877,-3.77525286],[-38.51796449,-3.77514368],[-38.51797781,-3.77490576],[-38.51798354,-3.77476754],[-38.51799311,-3.77451068],[-38.51801153,-3.77413832],[-38.51803253,-3.77367067],[-38.51804707,-3.77354648],[-38.51805783,-3.77336333],[-38.51806798,-3.77318725],[-38.51811812,-3.7721266],[-38.51815596,-3.77139653],[-38.51820125,-3.77043435],[-38.5182219,-3.77005624],[-38.51719214,-3.7698924],[-38.5170703,-3.76988246],[-38.51718622,-3.76947524],[-38.51731999,-3.76898658],[-38.51743099,-3.76855055],[-38.51756576,-3.76802514],[-38.51766983,-3.76760401],[-38.51774516,-3.76727822],[-38.51782444,-3.7669733],[-38.51790869,-3.76661673],[-38.51795826,-3.76639921],[-38.51801476,-3.76615363],[-38.51806853,-3.76592494],[-38.51811761,-3.76569599],[-38.51814884,-3.76553931],[-38.51816347,-3.76545612],[-38.51818852,-3.76532079],[-38.51820042,-3.76525275],[-38.51822622,-3.76510177],[-38.51826293,-3.76486586],[-38.51829816,-3.76464188],[-38.5183324,-3.76441938],[-38.51838153,-3.7640916],[-38.51842122,-3.7638403],[-38.51846588,-3.76354927],[-38.51848722,-3.76341666],[-38.5185428,-3.76304567],[-38.51859788,-3.76267815],[-38.51866835,-3.76221528],[-38.51875767,-3.76162229],[-38.51881721,-3.76123888],[-38.51886485,-3.76093196],[-38.51889661,-3.76072436],[-38.51894622,-3.7604085],[-38.51897997,-3.76017805],[-38.51899789,-3.76006581],[-38.51798076,-3.76018521],[-38.51792365,-3.76026525],[-38.51770751,-3.76061738],[-38.51756831,-3.76076126],[-38.5172767,-3.76106268],[-38.51700543,-3.76125459],[-38.51654669,-3.76157911],[-38.51611121,-3.76174643],[-38.51588346,-3.76183394],[-38.51510617,-3.76217303],[-38.51466082,-3.7623143],[-38.51442576,-3.76238886],[-38.51403161,-3.76248571],[-38.51370459,-3.76252344],[-38.51358842,-3.76251776],[-38.51349443,-3.76246768],[-38.51339354,-3.76244878],[-38.51319025,-3.76241197],[-38.51305193,-3.76239524],[-38.5127035,-3.76239505],[-38.5125431,-3.76241721],[-38.51244906,-3.76245045],[-38.51220917,-3.76256662],[-38.5120717,-3.76258045],[-38.51178804,-3.7626112],[-38.51150587,-3.76265555],[-38.51106886,-3.76274975],[-38.5109417,-3.76274968],[-38.51083659,-3.76276627],[-38.51041898,-3.76279932],[-38.51014791,-3.76279917],[-38.50978293,-3.76276567],[-38.50927166,-3.76267001],[-38.50862149,-3.76254835],[-38.50848325,-3.7625594],[-38.50832834,-3.76258148],[-38.50819287,-3.7626203],[-38.50803025,-3.76258209],[-38.50776694,-3.76254787],[-38.50761763,-3.76254217],[-38.50691802,-3.76245846],[-38.50668568,-3.7624472],[-38.5063649,-3.76244702],[-38.50610754,-3.76241756],[-38.50622234,-3.76260227],[-38.50650385,-3.76295045],[-38.50665703,-3.76311401],[-38.50677528,-3.76325963],[-38.50684961,-3.76337348],[-38.50699283,-3.76363474],[-38.50709816,-3.76385445],[-38.50836396,-3.76714304],[-38.50851267,-3.76749819],[-38.50868769,-3.76798394],[-38.50890496,-3.76854857],[-38.50899711,-3.76890785],[-38.50917312,-3.76951501],[-38.5093226,-3.77017115],[-38.50941837,-3.77079886],[-38.50946612,-3.7713527],[-38.50891955,-3.77152418],[-38.50823304,-3.77175461],[-38.50650792,-3.77210116],[-38.50592512,-3.77235287],[-38.50537139,-3.77274825],[-38.50517575,-3.77293392],[-38.5048734,-3.77320481],[-38.50439838,-3.77366428],[-38.50401201,-3.77400203],[-38.50368849,-3.7743557],[-38.503314,-3.77472844],[-38.50268693,-3.77521486],[-38.50220947,-3.77554544],[-38.50192696,-3.7756502],[-38.50168509,-3.77572634],[-38.50125032,-3.77586401],[-38.50040516,-3.77613457],[-38.50001121,-3.77626853],[-38.49972914,-3.77636262],[-38.49977823,-3.77673275],[-38.49978403,-3.77677961],[-38.49978559,-3.77683073],[-38.49978291,-3.77688771],[-38.49976963,-3.77693723],[-38.49974468,-3.77699685],[-38.499707,-3.77706233],[-38.49964759,-3.77713951],[-38.49932585,-3.77753764],[-38.49930038,-3.77757331],[-38.49927331,-3.77763027],[-38.49925154,-3.77769469],[-38.49923242,-3.77775965],[-38.49921807,-3.77782247],[-38.49920743,-3.77788477],[-38.49916005,-3.77823301],[-38.49913024,-3.77845558],[-38.49910789,-3.77860041],[-38.49909034,-3.77869039],[-38.49906536,-3.77880221],[-38.49904038,-3.77892307],[-38.49901062,-3.7790434],[-38.49898725,-3.77913019],[-38.4989607,-3.77921218],[-38.49892248,-3.77929203],[-38.49887367,-3.77936869],[-38.49882221,-3.77942883],[-38.49875857,-3.77947459],[-38.49867162,-3.77950756],[-38.49785565,-3.77971423],[-38.4978249,-3.77972433],[-38.49779255,-3.77974135],[-38.4977671,-3.77975838],[-38.49774375,-3.77978605],[-38.49771777,-3.77980521],[-38.49767269,-3.77983713],[-38.49762815,-3.77986054],[-38.4974993,-3.77991371],[-38.49703476,-3.78019142],[-38.49700983,-3.78020684],[-38.49697642,-3.78023185],[-38.49645403,-3.78063413],[-38.49639675,-3.78068202],[-38.49635325,-3.78072353],[-38.4963071,-3.78077622],[-38.49593091,-3.78137401],[-38.49589217,-3.78143203],[-38.49585133,-3.78147994],[-38.49580253,-3.78152304],[-38.49574101,-3.78157146],[-38.49569275,-3.78160126],[-38.49565245,-3.78163052],[-38.49530719,-3.78190083],[-38.49525839,-3.78195086],[-38.49520374,-3.78202325],[-38.49515175,-3.7820983],[-38.49513358,-3.78212106],[-38.49512244,-3.78213689],[-38.49489482,-3.78292687],[-38.49487251,-3.78301153],[-38.49396532,-3.78328152],[-38.49427853,-3.7843627],[-38.49459755,-3.78545506],[-38.49491606,-3.78653092],[-38.49475435,-3.78657742],[-38.49435881,-3.7866954],[-38.49402107,-3.78679425],[-38.49381164,-3.78685271],[-38.49354707,-3.78692391],[-38.49343891,-3.786951],[-38.49333446,-3.78697863],[-38.49314252,-3.78703071],[-38.49308951,-3.78703813],[-38.49303543,-3.78704342],[-38.49294743,-3.78704391],[-38.49290927,-3.78703802],[-38.49284831,-3.78702201],[-38.4926591,-3.78695694],[-38.49243861,-3.78688811],[-38.49239568,-3.78687424],[-38.49229126,-3.78684969],[-38.49212535,-3.78681231],[-38.4920856,-3.78680856],[-38.49200873,-3.78680213],[-38.49184599,-3.78679031],[-38.49152952,-3.78677149],[-38.49106569,-3.78674512],[-38.49096073,-3.78673867],[-38.49090772,-3.78673704],[-38.49089095,-3.78673654],[-38.49085311,-3.78673541],[-38.49079798,-3.78673698],[-38.49074974,-3.78674068],[-38.49069566,-3.78674704],[-38.49042316,-3.78677989],[-38.49001706,-3.78682971],[-38.48958764,-3.78688377],[-38.48841386,-3.78703484],[-38.48808755,-3.78707778],[-38.48659939,-3.78727446],[-38.48633113,-3.78731264],[-38.48605704,-3.78735082],[-38.48599713,-3.78735557],[-38.48593192,-3.7873598],[-38.48587096,-3.78736349],[-38.48581318,-3.78736558],[-38.48573153,-3.78736873],[-38.48567322,-3.78736763],[-38.48472701,-3.78728559],[-38.48410204,-3.78722717],[-38.48404638,-3.78722235],[-38.48367266,-3.78718751],[-38.4832311,-3.78714784],[-38.48281074,-3.78711191],[-38.48248579,-3.78708349],[-38.48149399,-3.78699823],[-38.48067772,-3.78692362],[-38.48045857,-3.78944677],[-38.4803531,-3.79067262],[-38.48024375,-3.791965],[-38.48019227,-3.79247893],[-38.48010468,-3.79292811],[-38.4800699,-3.79320178],[-38.48001978,-3.7939716],[-38.48000601,-3.79430707],[-38.47991401,-3.7954348],[-38.47988127,-3.79571536],[-38.47983949,-3.79628254],[-38.47978163,-3.79697275],[-38.47973699,-3.79736964],[-38.47968183,-3.79821565],[-38.47957101,-3.79946166],[-38.4794667,-3.80070504],[-38.47935856,-3.80197525],[-38.47925014,-3.80197087],[-38.47905247,-3.80195288],[-38.478629,-3.80191487],[-38.47844998,-3.80190035],[-38.47817255,-3.80187454],[-38.47788737,-3.80185015],[-38.47758497,-3.80182605],[-38.47729291,-3.80180166],[-38.47695437,-3.80177552],[-38.47666775,-3.80175229],[-38.47637712,-3.80173078],[-38.4761037,-3.80170814],[-38.47588853,-3.80168841],[-38.47576832,-3.80167738],[-38.47550466,-3.80164984],[-38.47536322,-3.80163592],[-38.47528203,-3.80162924],[-38.47506944,-3.80160692],[-38.47436395,-3.80154136],[-38.47390147,-3.80150303],[-38.4733489,-3.8014537],[-38.47285142,-3.80140786],[-38.47238951,-3.80136723],[-38.47192244,-3.80132659],[-38.47147143,-3.80128942],[-38.47122355,-3.80126333],[-38.47077196,-3.80123712],[-38.47063425,-3.80122377],[-38.47045638,-3.80120349],[-38.47026932,-3.80118839],[-38.47006562,-3.80116867],[-38.46966913,-3.8011373],[-38.46947346,-3.80111988],[-38.46926345,-3.80110477],[-38.4691573,-3.8010926],[-38.46895015,-3.80107691],[-38.46834422,-3.80102696],[-38.46799822,-3.80099677],[-38.46754148,-3.80096018],[-38.46725056,-3.80093694],[-38.46688792,-3.80090847],[-38.46661651,-3.80088755],[-38.46611042,-3.80084459],[-38.46594402,-3.80083122],[-38.46588778,-3.80082715],[-38.46586931,-3.80100986],[-38.46584795,-3.80121275],[-38.46583001,-3.80145771],[-38.46579537,-3.80180007],[-38.46576941,-3.8020214],[-38.46573079,-3.80231131],[-38.46569386,-3.80263926],[-38.46567939,-3.80285137],[-38.46564411,-3.80328596],[-38.46562333,-3.80349691],[-38.46560721,-3.80357875],[-38.46558191,-3.80365943],[-38.46548876,-3.8039764],[-38.46545482,-3.80409858],[-38.46543468,-3.8042029],[-38.46541049,-3.8043418],[-38.46539781,-3.80443805],[-38.46538509,-3.80459021],[-38.46538442,-3.80473489],[-38.46538609,-3.80483173],[-38.46538201,-3.80492914],[-38.46537852,-3.80500637],[-38.46536814,-3.80507842],[-38.46535089,-3.80513951],[-38.46531355,-3.80520808],[-38.4652722,-3.8052703],[-38.46519928,-3.80534173],[-38.46498626,-3.80553642],[-38.46471815,-3.80576048],[-38.46444601,-3.80599203],[-38.46405504,-3.80629094],[-38.46397295,-3.80634449],[-38.46377432,-3.80647925],[-38.46339143,-3.80672341],[-38.4630912,-3.80689787],[-38.462826,-3.80704469],[-38.46255391,-3.80720073],[-38.46239203,-3.80729688],[-38.46206665,-3.80748454],[-38.46187129,-3.8075958],[-38.46160374,-3.8077938],[-38.46137904,-3.80775162],[-38.46121561,-3.80771992],[-38.46106846,-3.80769444],[-38.46097016,-3.80768197],[-38.46073314,-3.80766038],[-38.46045118,-3.80763537],[-38.4600861,-3.80759001],[-38.45987492,-3.80755376],[-38.4596907,-3.80752205],[-38.45948739,-3.80747791],[-38.45922229,-3.80742584],[-38.45890105,-3.80734438],[-38.45869775,-3.80728671],[-38.45850456,-3.80722903],[-38.45828554,-3.80715442],[-38.45798228,-3.80704928],[-38.45778573,-3.80698032],[-38.45764982,-3.80694299],[-38.45752036,-3.8069116],[-38.45730765,-3.80686633],[-38.45683658,-3.80676376],[-38.456567,-3.80670505],[-38.45623283,-3.80663149],[-38.45572666,-3.80652044],[-38.45522822,-3.80641504],[-38.45495091,-3.80636197],[-38.45483717,-3.80634144],[-38.45459426,-3.8063032],[-38.45416881,-3.80623522],[-38.45371247,-3.80616017],[-38.45319997,-3.80607662],[-38.45285737,-3.80601998],[-38.4526313,-3.80599304],[-38.45244595,-3.80597458],[-38.45207103,-3.80594613],[-38.45187865,-3.80593049],[-38.45145003,-3.80588923],[-38.45126099,-3.80587377],[-38.45109775,-3.80585991],[-38.45084395,-3.80583753],[-38.4505617,-3.80581249],[-38.45030895,-3.80579328],[-38.45000933,-3.80576876],[-38.44980502,-3.80575223],[-38.44954964,-3.80573144],[-38.44925581,-3.80570903],[-38.44900147,-3.80568718],[-38.44863261,-3.80565918],[-38.44827877,-3.80561055],[-38.44780725,-3.80553487],[-38.44738786,-3.80546795],[-38.44712564,-3.80542335],[-38.44696808,-3.80538953],[-38.44668652,-3.80532904],[-38.44642075,-3.80527968],[-38.44612425,-3.80523128],[-38.44599553,-3.80521233]]]},"geometry_name":"The_geom","properties":{"id":2,"nome":"Distrito 6","area_ha":7605,"fonte":"SME - Secretaria Municipal de Educação de Fortaleza","ano_ref":2023,"data_atual":"08/Ago/2023","epsg_codif":"EPSG: 31984 (SIRGAS 2000 - UTM 24S); Codificação: UTF-8"}},{"type":"Feature","id":"vw_DistritosEducacao_2023.fid-3da4354c_18dace4b5a0_-54ba","geometry":{"type":"Polygon","coordinates":[[[-38.5762028,-3.77678002],[-38.57627912,-3.77687155],[-38.57643621,-3.77705148],[-38.57663808,-3.77728242],[-38.57673715,-3.77739457],[-38.57684153,-3.77751417],[-38.57702955,-3.777731],[-38.57708545,-3.77779419],[-38.57719618,-3.77792125],[-38.57731089,-3.77805071],[-38.5774097,-3.77816578],[-38.57751295,-3.7782828],[-38.57768177,-3.77847784],[-38.57770839,-3.77850727],[-38.57773024,-3.77853451],[-38.57791016,-3.77874398],[-38.5780298,-3.77887726],[-38.57808694,-3.7789422],[-38.57850536,-3.77941372],[-38.57865923,-3.77959886],[-38.57904711,-3.78002916],[-38.57926526,-3.78027488],[-38.57942204,-3.78045814],[-38.57982897,-3.7809226],[-38.58012792,-3.78127767],[-38.58020183,-3.78136451],[-38.5802821,-3.78145454],[-38.58047707,-3.78167909],[-38.5807502,-3.78199048],[-38.58093511,-3.78220065],[-38.58120109,-3.78250777],[-38.58131792,-3.78263856],[-38.58138971,-3.78272034],[-38.58163688,-3.78300322],[-38.581688,-3.78306209],[-38.58182576,-3.78322058],[-38.58201862,-3.78344061],[-38.5823347,-3.78380928],[-38.58246262,-3.78395417],[-38.58258289,-3.78409428],[-38.5826719,-3.78419763],[-38.58286794,-3.78442191],[-38.58325022,-3.78486608],[-38.58344885,-3.78509382],[-38.58370736,-3.78545038],[-38.58398714,-3.78586105],[-38.5842704,-3.78629015],[-38.5844665,-3.78655971],[-38.5846443,-3.78691322],[-38.58482583,-3.78732278],[-38.58515988,-3.78753189],[-38.58545235,-3.78778043],[-38.58568775,-3.78798128],[-38.58693365,-3.78926122],[-38.5880194,-3.79037518],[-38.5886185,-3.79100259],[-38.58810703,-3.79225455],[-38.58777319,-3.7931112],[-38.58743267,-3.79396057],[-38.58707867,-3.79486881],[-38.58670084,-3.79579054],[-38.58636983,-3.79662691],[-38.58565036,-3.79584728],[-38.58475756,-3.79486329],[-38.58417948,-3.79424103],[-38.58370056,-3.79469823],[-38.58362418,-3.79476849],[-38.58351757,-3.79487494],[-38.58314896,-3.79523048],[-38.58301213,-3.79535822],[-38.58160154,-3.79384321],[-38.58032127,-3.79246228],[-38.57983542,-3.79193315],[-38.5793664,-3.79142433],[-38.57843846,-3.79042192],[-38.57810128,-3.7900654],[-38.57813576,-3.79071384],[-38.57465735,-3.79082838],[-38.57468472,-3.791456],[-38.57442231,-3.79145897],[-38.57321874,-3.79106729],[-38.57302355,-3.79100987],[-38.57283212,-3.7909521],[-38.57264609,-3.79089595],[-38.57245692,-3.79083886],[-38.57226561,-3.79078113],[-38.57208081,-3.79072535],[-38.57204056,-3.79069395],[-38.57199586,-3.79067137],[-38.57195528,-3.79065368],[-38.57191385,-3.79063809],[-38.57187247,-3.79062484],[-38.57184346,-3.7906154],[-38.57181505,-3.79060427],[-38.57178734,-3.79059148],[-38.57176043,-3.79057708],[-38.5717344,-3.79056111],[-38.57169757,-3.79053605],[-38.57166202,-3.79050919],[-38.5716429,-3.79049307],[-38.57162473,-3.79047586],[-38.57160759,-3.79045763],[-38.57158161,-3.7904279],[-38.57154726,-3.79038713],[-38.57149909,-3.79032501],[-38.57145347,-3.79026287],[-38.57144393,-3.79024891],[-38.5713723,-3.79013545],[-38.57135389,-3.79010628],[-38.57133366,-3.79007835],[-38.57132359,-3.79006517],[-38.57127364,-3.78999433],[-38.57122835,-3.78992039],[-38.57120261,-3.78987758],[-38.57118094,-3.78984478],[-38.57114626,-3.78979229],[-38.57111357,-3.78973853],[-38.5710838,-3.7896849],[-38.57105598,-3.78962978],[-38.57104665,-3.78961167],[-38.5710338,-3.78958986],[-38.57101973,-3.78956881],[-38.57100449,-3.7895486],[-38.57096011,-3.78949364],[-38.57093382,-3.78946157],[-38.57083804,-3.78934755],[-38.57082,-3.78932611],[-38.57077852,-3.78927389],[-38.57073916,-3.78922004],[-38.57068525,-3.78914167],[-38.57066088,-3.78910524],[-38.57064897,-3.78908855],[-38.57063595,-3.78907273],[-38.57060346,-3.78903726],[-38.57056966,-3.78900306],[-38.57055392,-3.78898716],[-38.57052974,-3.78896035],[-38.57050714,-3.78893219],[-38.57049937,-3.78892261],[-38.57049096,-3.78891358],[-38.57048197,-3.78890514],[-38.57047243,-3.78889733],[-38.5704633,-3.78889067],[-38.57045389,-3.78888443],[-38.57040347,-3.78885057],[-38.57037671,-3.78883091],[-38.570294,-3.78876848],[-38.57027839,-3.78875748],[-38.57026214,-3.78874746],[-38.5702453,-3.78873847],[-38.57013018,-3.788692],[-38.57009776,-3.78867927],[-38.57006582,-3.78866538],[-38.57004237,-3.78865429],[-38.56988354,-3.78858389],[-38.56975197,-3.78853437],[-38.56969957,-3.788514],[-38.56967057,-3.78850102],[-38.56953122,-3.78843978],[-38.56942292,-3.78839625],[-38.56935882,-3.78837215],[-38.5692209,-3.78832128],[-38.56894231,-3.78821993],[-38.56880369,-3.78816778],[-38.56878854,-3.78816256],[-38.56877312,-3.78815816],[-38.5687575,-3.7881546],[-38.5687417,-3.78815189],[-38.56859489,-3.78812557],[-38.5685377,-3.78811468],[-38.56848006,-3.78810652],[-38.56844382,-3.78810334],[-38.56840745,-3.78810225],[-38.56837108,-3.78810327],[-38.56833483,-3.78810639],[-38.56824506,-3.78811372],[-38.568155,-3.78811505],[-38.56812565,-3.78811363],[-38.56809643,-3.78811045],[-38.56806745,-3.78810554],[-38.56793805,-3.78807963],[-38.56791941,-3.78807522],[-38.56790111,-3.78806954],[-38.56788325,-3.7880626],[-38.5678659,-3.78805445],[-38.56784376,-3.78804401],[-38.56782098,-3.7880351],[-38.56779764,-3.78802775],[-38.56777387,-3.78802199],[-38.56775976,-3.78801955],[-38.56774553,-3.78801804],[-38.56773123,-3.78801747],[-38.56771692,-3.78801782],[-38.56770266,-3.78801911],[-38.56768852,-3.78802133],[-38.56767455,-3.78802447],[-38.56764792,-3.78803059],[-38.56762099,-3.78803524],[-38.56759385,-3.78803839],[-38.56750169,-3.7880455],[-38.56748616,-3.78804557],[-38.56747075,-3.7880437],[-38.56745568,-3.78803995],[-38.56744118,-3.78803435],[-38.56741461,-3.78802119],[-38.56738885,-3.7880065],[-38.56736399,-3.78799031],[-38.56734012,-3.78797269],[-38.56731732,-3.7879537],[-38.56729566,-3.7879334],[-38.56723883,-3.7878683],[-38.56715899,-3.78777313],[-38.56711225,-3.787704],[-38.56706311,-3.78765954],[-38.56697138,-3.78762492],[-38.56691843,-3.78761002],[-38.56685669,-3.78760183],[-38.56680216,-3.78759358],[-38.56678812,-3.78759159],[-38.5667383,-3.78755445],[-38.56671268,-3.78753293],[-38.56663958,-3.78747092],[-38.56656186,-3.78747088],[-38.56648639,-3.78746397],[-38.56641786,-3.78745706],[-38.56637445,-3.78746391],[-38.56629329,-3.78749147],[-38.56622691,-3.78750057],[-38.56616747,-3.78749828],[-38.56611947,-3.78750278],[-38.56605777,-3.78751197],[-38.56598923,-3.78752343],[-38.56592979,-3.78753489],[-38.56587034,-3.78754173],[-38.56582459,-3.78754171],[-38.56576515,-3.78754168],[-38.56573769,-3.78753705],[-38.56570573,-3.78751641],[-38.56569205,-3.7874842],[-38.56567604,-3.7874452],[-38.56565093,-3.7874061],[-38.56561898,-3.78736936],[-38.5655755,-3.78733261],[-38.56553436,-3.78730273],[-38.56552186,-3.787266],[-38.56552188,-3.78722465],[-38.56551505,-3.78718792],[-38.56548535,-3.78714656],[-38.56545564,-3.78712357],[-38.56538938,-3.78709142],[-38.56535048,-3.7870753],[-38.56531392,-3.7870523],[-38.56528196,-3.78703392],[-38.56524765,-3.78703852],[-38.56520423,-3.78704998],[-38.56516991,-3.78706146],[-38.565131,-3.78707293],[-38.56509669,-3.78707291],[-38.56506013,-3.78705905],[-38.56503736,-3.7870338],[-38.56499847,-3.78700854],[-38.56494361,-3.78702226],[-38.56489786,-3.7870292],[-38.56485219,-3.78704293],[-38.56481553,-3.78704753],[-38.5647687,-3.78704515],[-38.56472529,-3.787052],[-38.56467729,-3.78705659],[-38.56462928,-3.78705657],[-38.56457894,-3.78705654],[-38.56452635,-3.7870519],[-38.56447609,-3.78705188],[-38.5644235,-3.78704272],[-38.56438694,-3.78703582],[-38.56434353,-3.78703806],[-38.56432067,-3.78701969],[-38.56428869,-3.7870289],[-38.56424978,-3.78704724],[-38.56421095,-3.78707246],[-38.56418347,-3.78709769],[-38.56415833,-3.78711604],[-38.56413321,-3.78710915],[-38.56411034,-3.78709765],[-38.56401315,-3.78712746],[-38.56393541,-3.78715501],[-38.56388055,-3.78718022],[-38.56379363,-3.78721003],[-38.56371589,-3.78723523],[-38.56364501,-3.78725818],[-38.56358096,-3.78727651],[-38.56350323,-3.78729945],[-38.56342784,-3.78732691],[-38.56334209,-3.7873361],[-38.56326437,-3.78734755],[-38.5631798,-3.78735212],[-38.56312719,-3.78737959],[-38.56305854,-3.7874209],[-38.56295107,-3.78748743],[-38.56281847,-3.78754246],[-38.5627019,-3.78759984],[-38.56260814,-3.78762965],[-38.56236234,-3.78767774],[-38.56223436,-3.78768917],[-38.56191884,-3.78775098],[-38.56179653,-3.78777163],[-38.56167538,-3.78780595],[-38.56151758,-3.78784269],[-38.56143759,-3.78786554],[-38.56136788,-3.78787817],[-38.56132672,-3.7878919],[-38.56128553,-3.78794009],[-38.56126724,-3.7879608],[-38.56124661,-3.78798603],[-38.56121923,-3.78798602],[-38.56117573,-3.78797224],[-38.56112324,-3.78795838],[-38.5610638,-3.78794686],[-38.56101805,-3.78794683],[-38.56096545,-3.78796752],[-38.56090375,-3.78798359],[-38.5608534,-3.78799044],[-38.56079171,-3.78799267],[-38.56074371,-3.78798804],[-38.56069345,-3.78799036],[-38.56065914,-3.78799722],[-38.560629,-3.78799444],[-38.56122599,-3.78958015],[-38.5617155,-3.79088037],[-38.56207358,-3.79180453],[-38.56255463,-3.79310069],[-38.56256797,-3.79322272],[-38.56283319,-3.79389374],[-38.5630225,-3.7943655],[-38.56335194,-3.79519319],[-38.56347257,-3.79550124],[-38.56349523,-3.79556179],[-38.56319638,-3.79592617],[-38.56314451,-3.7959962],[-38.56313005,-3.79601575],[-38.56311747,-3.79603626],[-38.56310143,-3.79606686],[-38.56300615,-3.79625016],[-38.56283352,-3.79658858],[-38.56270443,-3.79684626],[-38.5626096,-3.79706679],[-38.56254857,-3.79722991],[-38.56245766,-3.79747064],[-38.56239789,-3.79762744],[-38.56235196,-3.79776785],[-38.56231954,-3.79787954],[-38.56221322,-3.79826594],[-38.56207256,-3.79876013],[-38.56198295,-3.799075],[-38.56195906,-3.79915535],[-38.56187133,-3.79945054],[-38.56180777,-3.79967478],[-38.56177582,-3.79978747],[-38.5614404,-3.80021781],[-38.56122276,-3.80049704],[-38.56113945,-3.80060299],[-38.56069004,-3.80117454],[-38.56057882,-3.80131319],[-38.56052826,-3.80139098],[-38.56047489,-3.80148399],[-38.56042487,-3.80160068],[-38.5603799,-3.80173429],[-38.56033437,-3.80185606],[-38.56030345,-3.80195246],[-38.56025451,-3.80207528],[-38.56022082,-3.80217739],[-38.56012691,-3.80250776],[-38.56009318,-3.80260472],[-38.5600662,-3.80268252],[-38.56001675,-3.80278963],[-38.55994706,-3.80295311],[-38.55985492,-3.80311658],[-38.55974706,-3.80327778],[-38.558996,-3.80448636],[-38.55800812,-3.80613059],[-38.5578746,-3.80633514],[-38.55770327,-3.80658427],[-38.55751793,-3.80677927],[-38.55728992,-3.80700244],[-38.55704899,-3.80723687],[-38.55689455,-3.80737888],[-38.55650423,-3.80775872],[-38.55626835,-3.80799034],[-38.55598418,-3.80826704],[-38.55581064,-3.80844174],[-38.55561969,-3.80862038],[-38.55546301,-3.80877085],[-38.55506819,-3.80916308],[-38.55492273,-3.80930453],[-38.5548795,-3.80933101],[-38.55468337,-3.80944942],[-38.55461498,-3.80947277],[-38.55525646,-3.81158773],[-38.55581396,-3.81338673],[-38.55611525,-3.81436234],[-38.55720007,-3.81789421],[-38.5578565,-3.82003135],[-38.55800593,-3.82051786],[-38.55807284,-3.82081465],[-38.55811484,-3.82106806],[-38.55869383,-3.82291553],[-38.55873776,-3.8231569],[-38.55877997,-3.82362821],[-38.55887208,-3.82452374],[-38.55885585,-3.82518933],[-38.55888272,-3.82559956],[-38.55896151,-3.82597781],[-38.55918692,-3.82686285],[-38.55929256,-3.82682684],[-38.55952488,-3.82675383],[-38.55956958,-3.82688425],[-38.55970094,-3.82724747],[-38.55984675,-3.827668],[-38.56010903,-3.82842052],[-38.56042565,-3.82931097],[-38.56061154,-3.82984489],[-38.56069402,-3.83011491],[-38.56075035,-3.83032064],[-38.56077765,-3.83039282],[-38.56101235,-3.83105504],[-38.56146143,-3.83231605],[-38.56146754,-3.83233332],[-38.56228435,-3.83203345],[-38.56310666,-3.83174241],[-38.56385587,-3.83147399],[-38.56464163,-3.83118941],[-38.56494153,-3.83107405],[-38.56506085,-3.83102769],[-38.56513986,-3.83099373],[-38.56519146,-3.83096839],[-38.56525059,-3.83093819],[-38.56530057,-3.83091069],[-38.56534787,-3.83088858],[-38.56540592,-3.83086972],[-38.56550481,-3.830839],[-38.5656671,-3.83081102],[-38.56574341,-3.83079648],[-38.56580683,-3.83078086],[-38.56588745,-3.83075608],[-38.56602557,-3.83070109],[-38.56607932,-3.83068547],[-38.56613145,-3.83067146],[-38.56619648,-3.83065908],[-38.56627171,-3.83065426],[-38.56631201,-3.83065968],[-38.56635714,-3.83067103],[-38.56640281,-3.83067538],[-38.56643237,-3.83067647],[-38.56646354,-3.83067325],[-38.56649148,-3.8306684],[-38.56652641,-3.83065871],[-38.56656887,-3.83064199],[-38.56661832,-3.83062205],[-38.56667315,-3.83058537],[-38.56748541,-3.82996938],[-38.56810576,-3.82949094],[-38.56862345,-3.82906479],[-38.56892717,-3.82882691],[-38.56925617,-3.82855504],[-38.56952657,-3.82833388],[-38.56958409,-3.82828695],[-38.56963947,-3.82823786],[-38.56967925,-3.82819308],[-38.56973033,-3.82813589],[-38.5697814,-3.8280868],[-38.56988086,-3.82798699],[-38.5700529,-3.82782677],[-38.57018461,-3.82770593],[-38.5703889,-3.82751874],[-38.57048029,-3.82743297],[-38.57058566,-3.82733586],[-38.57065017,-3.82727922],[-38.57061527,-3.82723441],[-38.57088298,-3.82700784],[-38.57118726,-3.82674567],[-38.57142378,-3.82656767],[-38.57183018,-3.82624942],[-38.57187749,-3.82621274],[-38.57203014,-3.82612214],[-38.5724494,-3.82588054],[-38.57285146,-3.82564217],[-38.57295574,-3.82558069],[-38.57338847,-3.82525651],[-38.57413798,-3.82428875],[-38.5740538,-3.8239656],[-38.57451358,-3.82379994],[-38.57532325,-3.82354051],[-38.57568656,-3.82342626],[-38.57612833,-3.82329478],[-38.57692159,-3.82304149],[-38.57725373,-3.82292399],[-38.57744614,-3.82286147],[-38.57822093,-3.82261049],[-38.57851634,-3.8235414],[-38.57894192,-3.82484903],[-38.57913507,-3.82543532],[-38.57914959,-3.82552443],[-38.57915734,-3.82559836],[-38.57915942,-3.82569858],[-38.57915457,-3.825791],[-38.57914856,-3.82582314],[-38.57913014,-3.82587004],[-38.57911314,-3.82591837],[-38.57909966,-3.82597345],[-38.5790883,-3.82605589],[-38.57908775,-3.82610583],[-38.5790921,-3.82615323],[-38.57910433,-3.82619895],[-38.57911922,-3.82623591],[-38.5791319,-3.82626542],[-38.57914763,-3.82628853],[-38.57917956,-3.82633183],[-38.57921075,-3.82636604],[-38.57924486,-3.82639647],[-38.5792966,-3.82643254],[-38.57935096,-3.82646622],[-38.57944169,-3.82656731],[-38.57947882,-3.82661637],[-38.57950463,-3.82666116],[-38.57953502,-3.82672231],[-38.57963619,-3.82697282],[-38.58010648,-3.82842215],[-38.58033249,-3.82911865],[-38.58093192,-3.83096594],[-38.58132191,-3.8321678],[-38.58160016,-3.83306371],[-38.58210058,-3.8345824],[-38.58251545,-3.83584942],[-38.58295861,-3.83717226],[-38.58344182,-3.8386726],[-38.58346442,-3.83895975],[-38.58346382,-3.83898419],[-38.58353895,-3.83892685],[-38.58363267,-3.83889122],[-38.58371495,-3.83888365],[-38.58380228,-3.83889797],[-38.5838978,-3.83894428],[-38.58397076,-3.83901327],[-38.58423342,-3.83938927],[-38.58544056,-3.83908126],[-38.5870156,-3.83867937],[-38.58707087,-3.83866527],[-38.58721128,-3.8387306],[-38.58759957,-3.83891126],[-38.58839247,-3.83836356],[-38.58951568,-3.83758769],[-38.58959872,-3.83753033],[-38.58980827,-3.83723649],[-38.58987496,-3.83715577],[-38.59002501,-3.83697414],[-38.59412703,-3.83416358],[-38.59415884,-3.83414585],[-38.59428366,-3.83410439],[-38.59441469,-3.83401193],[-38.59451524,-3.83394714],[-38.59462636,-3.83391723],[-38.59625655,-3.83347891],[-38.59641885,-3.83343526],[-38.5966354,-3.83337502],[-38.59681727,-3.83326899],[-38.59727378,-3.83305038],[-38.59758543,-3.83290504],[-38.59802856,-3.83267542],[-38.59830369,-3.83253496],[-38.5985776,-3.83239572],[-38.59901587,-3.8321282],[-38.59935674,-3.83195965],[-38.59953082,-3.83188149],[-38.59977674,-3.83173123],[-38.60054247,-3.8313465],[-38.60131917,-3.83093854],[-38.60139586,-3.83089456],[-38.60149203,-3.83085916],[-38.60192299,-3.83061485],[-38.60220056,-3.83046828],[-38.60249881,-3.83031805],[-38.60273864,-3.83019591],[-38.6030515,-3.83004935],[-38.60312819,-3.83001149],[-38.60326088,-3.82995287],[-38.60339722,-3.82989548],[-38.60347879,-3.82984906],[-38.60450626,-3.82930918],[-38.60543148,-3.82879982],[-38.60641391,-3.82827336],[-38.60735256,-3.8277683],[-38.60833378,-3.82724969],[-38.60931766,-3.826741],[-38.60945208,-3.82669511],[-38.6122208,-3.8252286],[-38.61322186,-3.82474076],[-38.61320505,-3.82468625],[-38.61319724,-3.82466094],[-38.61360089,-3.82444221],[-38.61469532,-3.82393495],[-38.61473783,-3.82385246],[-38.61476127,-3.82364109],[-38.61473655,-3.82350347],[-38.61472229,-3.82346652],[-38.61469519,-3.82339631],[-38.61468942,-3.82338137],[-38.61465374,-3.82330755],[-38.61463943,-3.82327795],[-38.6144617,-3.82316378],[-38.6144336,-3.82314573],[-38.61436011,-3.82312398],[-38.61433639,-3.82311696],[-38.61425779,-3.8230207],[-38.61418777,-3.82292732],[-38.61414946,-3.82285702],[-38.61499211,-3.82244885],[-38.61694782,-3.82142775],[-38.61778103,-3.82099265],[-38.61786101,-3.8209509],[-38.61813467,-3.82121801],[-38.619002,-3.82034475],[-38.61979872,-3.81956814],[-38.62059973,-3.81880014],[-38.62140503,-3.81804364],[-38.62250026,-3.81696568],[-38.62152013,-3.81525911],[-38.62554166,-3.81223084],[-38.62686084,-3.81122854],[-38.62767343,-3.81064615],[-38.62806692,-3.81037119],[-38.62820446,-3.81035344],[-38.63052704,-3.80974407],[-38.63015356,-3.80825432],[-38.6297677,-3.80653665],[-38.63322877,-3.80567014],[-38.6352794,-3.80523034],[-38.63548443,-3.80519154],[-38.63610714,-3.80507397],[-38.63614985,-3.8050659],[-38.63634131,-3.80502973],[-38.63662385,-3.80494472],[-38.63666543,-3.80493221],[-38.63675124,-3.80486331],[-38.63697117,-3.80481813],[-38.63716536,-3.80478148],[-38.63739783,-3.80474185],[-38.63772611,-3.80468822],[-38.63790294,-3.80139537],[-38.63785646,-3.80132319],[-38.63777215,-3.80119227],[-38.63766719,-3.80113562],[-38.63753282,-3.80110215],[-38.63735591,-3.80102835],[-38.63734134,-3.80101489],[-38.63725209,-3.80093248],[-38.63717834,-3.80089529],[-38.63712082,-3.800847],[-38.63710312,-3.80083656],[-38.63707521,-3.80083038],[-38.63704661,-3.80082403],[-38.63702005,-3.800816],[-38.63698613,-3.80080607],[-38.63696159,-3.80080444],[-38.63691892,-3.80079383],[-38.63689033,-3.80078392],[-38.63685536,-3.8007722],[-38.63683187,-3.80076732],[-38.63681487,-3.80075084],[-38.63679802,-3.80073938],[-38.63678119,-3.80072175],[-38.63676375,-3.80070379],[-38.63674517,-3.800677],[-38.63672429,-3.80064694],[-38.63670912,-3.80062724],[-38.63668638,-3.80060193],[-38.63665138,-3.80057195],[-38.63662578,-3.80055203],[-38.63659734,-3.80053426],[-38.63657057,-3.80051644],[-38.63654669,-3.80050192],[-38.63652449,-3.80049196],[-38.63649371,-3.80047747],[-38.6364688,-3.80046739],[-38.63643825,-3.80045582],[-38.63640718,-3.80044253],[-38.63637812,-3.80042443],[-38.63634945,-3.80040854],[-38.63611957,-3.80029634],[-38.63609351,-3.80027958],[-38.63607337,-3.80026621],[-38.63604312,-3.80024762],[-38.63602108,-3.80023522],[-38.63599697,-3.80022442],[-38.63597707,-3.800219],[-38.63594861,-3.80020897],[-38.63592204,-3.80019911],[-38.63588663,-3.80019427],[-38.63585681,-3.80018672],[-38.63582441,-3.8001749],[-38.63579519,-3.80016755],[-38.63575485,-3.80016342],[-38.63572936,-3.8001547],[-38.63570065,-3.80013652],[-38.6356839,-3.80012188],[-38.63566622,-3.8001011],[-38.63564592,-3.8000734],[-38.63561787,-3.80003798],[-38.63560561,-3.80002053],[-38.63558861,-3.79999821],[-38.63557784,-3.79998195],[-38.63556533,-3.79996518],[-38.63555693,-3.79994819],[-38.63554596,-3.79992743],[-38.63553644,-3.79989966],[-38.63552573,-3.79987202],[-38.63551568,-3.79985303],[-38.63550567,-3.79982776],[-38.63547835,-3.79977834],[-38.6354704,-3.79975014],[-38.63542998,-3.79963271],[-38.63542248,-3.7995841],[-38.6354189,-3.79952867],[-38.63541941,-3.79949722],[-38.63541893,-3.79945528],[-38.63541539,-3.79941536],[-38.6354044,-3.7993396],[-38.63538493,-3.79926953],[-38.63536565,-3.79919956],[-38.63534662,-3.79914893],[-38.6353158,-3.79909391],[-38.63528859,-3.79906367],[-38.6352284,-3.79904375],[-38.63519103,-3.79903884],[-38.63518274,-3.79906878],[-38.63514014,-3.79906743],[-38.63510642,-3.79908841],[-38.63508446,-3.7990901],[-38.63506416,-3.79909308],[-38.63504122,-3.79908812],[-38.63501964,-3.79908728],[-38.63499683,-3.79907469],[-38.63498191,-3.7990575],[-38.63496336,-3.79902361],[-38.63494424,-3.798966],[-38.63492817,-3.79894038],[-38.63488776,-3.79892417],[-38.6348556,-3.79891637],[-38.63481638,-3.7988673],[-38.63480258,-3.79883336],[-38.6347928,-3.79879414],[-38.63479731,-3.79873141],[-38.63481719,-3.79867562],[-38.63482756,-3.79864995],[-38.63482803,-3.7986022],[-38.63482758,-3.79855297],[-38.63482719,-3.79850984],[-38.63481275,-3.79847615],[-38.63472602,-3.79844445],[-38.63468765,-3.79843063],[-38.63464868,-3.79841359],[-38.63461379,-3.79838215],[-38.63460443,-3.79836467],[-38.63459432,-3.79832337],[-38.63458132,-3.79828723],[-38.63457297,-3.79825502],[-38.63456773,-3.79821998],[-38.63456585,-3.79819269],[-38.63456315,-3.79817506],[-38.63455449,-3.79814559],[-38.63454114,-3.79810796],[-38.63452545,-3.79806346],[-38.63447816,-3.79797705],[-38.6344525,-3.79789952],[-38.63441007,-3.79781104],[-38.63437974,-3.79775323],[-38.63436383,-3.7977021],[-38.63435952,-3.79765791],[-38.6343529,-3.79758446],[-38.63435275,-3.79751445],[-38.63436103,-3.79745961],[-38.6343764,-3.79743038],[-38.63438465,-3.79740338],[-38.63441525,-3.79732714],[-38.63442216,-3.7972934],[-38.63443015,-3.79726939],[-38.63444003,-3.79724835],[-38.63445254,-3.79720562],[-38.63446665,-3.79717828],[-38.63448939,-3.79715407],[-38.63450372,-3.79711868],[-38.63452,-3.7971064],[-38.63453839,-3.79709493],[-38.63455572,-3.79708049],[-38.63458043,-3.79706539],[-38.63460378,-3.7970547],[-38.63467894,-3.79702265],[-38.63472256,-3.79701035],[-38.63477753,-3.79698348],[-38.63481069,-3.79697167],[-38.63484412,-3.796961],[-38.63489715,-3.79693388],[-38.63494668,-3.7969125],[-38.63499668,-3.79686934],[-38.63503201,-3.7968274],[-38.63507012,-3.79680097],[-38.63512241,-3.7967771],[-38.63516884,-3.79672299],[-38.63518844,-3.79669636],[-38.63521664,-3.79665088],[-38.63522395,-3.79663417],[-38.635234,-3.79661121],[-38.63524317,-3.79658961],[-38.63525575,-3.79655461],[-38.63526179,-3.79653262],[-38.6352687,-3.79651338],[-38.63529075,-3.79647277],[-38.6352972,-3.79645223],[-38.63530088,-3.79642074],[-38.635305,-3.79635154],[-38.63530664,-3.79629455],[-38.63531196,-3.79626527],[-38.63532219,-3.79624124],[-38.63533695,-3.79621574],[-38.63535114,-3.79619549],[-38.63535751,-3.79611998],[-38.63536212,-3.79609138],[-38.63535237,-3.79604655],[-38.63531893,-3.79600633],[-38.63528961,-3.79598422],[-38.63526378,-3.79596476],[-38.63522458,-3.79594212],[-38.63519483,-3.7959113],[-38.63517767,-3.79587348],[-38.63515954,-3.79582976],[-38.6351412,-3.79579217],[-38.63512448,-3.79573922],[-38.63512486,-3.79567004],[-38.63513271,-3.79563439],[-38.63514595,-3.79559393],[-38.63515483,-3.7955551],[-38.63516767,-3.79552176],[-38.63517983,-3.79549851],[-38.6352009,-3.79547347],[-38.63521756,-3.79545951],[-38.63526473,-3.79542011],[-38.63530731,-3.79534888],[-38.63536062,-3.79526652],[-38.63538096,-3.7952232],[-38.63539552,-3.7951728],[-38.6354122,-3.79511454],[-38.63542076,-3.79507783],[-38.63543532,-3.79503682],[-38.63545431,-3.79499833],[-38.63548339,-3.79495566],[-38.6355073,-3.79494245],[-38.63556549,-3.79491863],[-38.63559982,-3.79489703],[-38.63562828,-3.79487149],[-38.63566726,-3.79479327],[-38.63568062,-3.79474222],[-38.63568267,-3.79469175],[-38.6356937,-3.79460114],[-38.63569585,-3.79455291],[-38.63571304,-3.7945036],[-38.63571288,-3.79443505],[-38.6356848,-3.79436745],[-38.63565977,-3.79431313],[-38.63564783,-3.7942881],[-38.63563114,-3.79426236],[-38.6356224,-3.79423644],[-38.63561865,-3.7942052],[-38.63561133,-3.79417735],[-38.63560314,-3.79415397],[-38.63559434,-3.7941304],[-38.63558407,-3.79410735],[-38.63557556,-3.79408296],[-38.63556838,-3.79404973],[-38.63556459,-3.79402838],[-38.63556064,-3.79400546],[-38.63555641,-3.7939837],[-38.63555767,-3.79395628],[-38.63554353,-3.79387496],[-38.63553984,-3.79384604],[-38.63553019,-3.79380636],[-38.63551829,-3.79376463],[-38.63551492,-3.793728],[-38.63550906,-3.79369622],[-38.63548405,-3.79365921],[-38.63546031,-3.79362718],[-38.63545063,-3.79361412],[-38.63539254,-3.79358407],[-38.63535504,-3.79357449],[-38.63532647,-3.7935679],[-38.63528801,-3.79355883],[-38.63526502,-3.79356028],[-38.63524528,-3.7935491],[-38.63523401,-3.79354272],[-38.63520582,-3.79354595],[-38.63518525,-3.79353819],[-38.63515827,-3.7935342],[-38.63512873,-3.79353075],[-38.63509428,-3.79352687],[-38.63505958,-3.79352056],[-38.63503372,-3.7935128],[-38.63500913,-3.79350905],[-38.63498376,-3.79349716],[-38.63495894,-3.79347983],[-38.63494506,-3.79346804],[-38.63492537,-3.79345611],[-38.6349059,-3.79344398],[-38.63488933,-3.79341789],[-38.63487999,-3.79339594],[-38.63487566,-3.79337305],[-38.63487398,-3.79334512],[-38.6348746,-3.79331007],[-38.63487917,-3.79328432],[-38.63489168,-3.79325687],[-38.63489815,-3.79323328],[-38.6349095,-3.79321704],[-38.63492065,-3.79319486],[-38.63494424,-3.79316458],[-38.63495574,-3.79313884],[-38.63497598,-3.79309353],[-38.6349788,-3.79304322],[-38.63493429,-3.79297125],[-38.63489918,-3.79295027],[-38.63486187,-3.79293343],[-38.63485756,-3.79291178],[-38.63485345,-3.79289114],[-38.63487211,-3.79283624],[-38.63493145,-3.79277559],[-38.63495274,-3.79274749],[-38.6349703,-3.79272565],[-38.63498941,-3.79270869],[-38.63502168,-3.79268684],[-38.6350491,-3.79267019],[-38.63508289,-3.79265734],[-38.63509306,-3.79265273],[-38.63510957,-3.79264094],[-38.63513628,-3.79262692],[-38.63515853,-3.79260647],[-38.63516965,-3.79257639],[-38.63517388,-3.79255011],[-38.63517444,-3.79251908],[-38.63517541,-3.7924857],[-38.63517474,-3.79246469],[-38.63516614,-3.79243256],[-38.63516,-3.79241293],[-38.63515383,-3.7923947],[-38.6351481,-3.7923705],[-38.63514222,-3.79234227],[-38.63516393,-3.79223839],[-38.6351855,-3.79221486],[-38.63520794,-3.79219761],[-38.63522155,-3.7921809],[-38.63523523,-3.79216304],[-38.63524827,-3.79214041],[-38.63525551,-3.79211999],[-38.63526524,-3.79209363],[-38.63527182,-3.79206734],[-38.63527717,-3.79204352],[-38.63527852,-3.79202127],[-38.63528001,-3.79199962],[-38.63527722,-3.7919802],[-38.63527347,-3.79195835],[-38.63526754,-3.79193451],[-38.63525445,-3.79189313],[-38.63524428,-3.79186669],[-38.63523613,-3.79184869],[-38.6352174,-3.79182599],[-38.63519134,-3.7918089],[-38.6351676,-3.79180044],[-38.63514419,-3.7917906],[-38.63512608,-3.79178186],[-38.63510405,-3.79176632],[-38.63508019,-3.79174683],[-38.63506411,-3.79173049],[-38.63505345,-3.79171712],[-38.63499011,-3.79159499],[-38.63498797,-3.79157006],[-38.63498308,-3.79154879],[-38.63497631,-3.79152337],[-38.63496835,-3.7915009],[-38.63496105,-3.79148251],[-38.63495223,-3.79145777],[-38.63437925,-3.79123031],[-38.63385512,-3.79074855],[-38.63342927,-3.79058085],[-38.6315443,-3.78368742],[-38.63145755,-3.78371364],[-38.63137643,-3.78374236],[-38.63119661,-3.78378135],[-38.6310944,-3.78378901],[-38.63099506,-3.7838084],[-38.63095384,-3.7838244],[-38.63090094,-3.78387019],[-38.63027795,-3.78405335],[-38.62802831,-3.78467768],[-38.62781682,-3.78400375],[-38.62762291,-3.78330951],[-38.62760788,-3.78325007],[-38.62756057,-3.78306299],[-38.62745186,-3.78262977],[-38.62646169,-3.78289876],[-38.626009,-3.78302431],[-38.62580621,-3.78231491],[-38.62563212,-3.78165049],[-38.6255787,-3.7814501],[-38.62550343,-3.78116776],[-38.62544766,-3.78095855],[-38.62539145,-3.78097405],[-38.62402231,-3.78135168],[-38.6239523,-3.78137099],[-38.62251637,-3.7817875],[-38.62212587,-3.78036606],[-38.62194065,-3.77968217],[-38.62173116,-3.77897464],[-38.62133659,-3.77756529],[-38.62119309,-3.77705892],[-38.62117364,-3.77705685],[-38.62061899,-3.77700194],[-38.61957877,-3.77690897],[-38.61794414,-3.77672743],[-38.61649854,-3.77657861],[-38.61454508,-3.77637404],[-38.61312503,-3.77623224],[-38.61260388,-3.77617945],[-38.61154385,-3.77603742],[-38.61019114,-3.77586238],[-38.60983934,-3.77581685],[-38.60888703,-3.77569362],[-38.60762682,-3.77552752],[-38.6071308,-3.77543478],[-38.60598597,-3.77520125],[-38.60594597,-3.77519659],[-38.60590408,-3.77519171],[-38.60537066,-3.77512701],[-38.60367745,-3.77492439],[-38.60358874,-3.77491176],[-38.60206586,-3.77474704],[-38.60177705,-3.77467331],[-38.60144432,-3.77450496],[-38.60134809,-3.7744082],[-38.60108868,-3.77412213],[-38.60064104,-3.77351008],[-38.60045904,-3.77328292],[-38.60036906,-3.77323242],[-38.60026025,-3.7731756],[-38.60009492,-3.77313137],[-38.59995887,-3.7731292],[-38.59884737,-3.7733011],[-38.59867364,-3.77330943],[-38.59853132,-3.77329044],[-38.59834297,-3.77321887],[-38.59816513,-3.77307581],[-38.59806263,-3.77294961],[-38.59801245,-3.77282554],[-38.59796439,-3.77264469],[-38.5978311,-3.7720021],[-38.5974809,-3.7721511],[-38.59720519,-3.77226227],[-38.59714369,-3.77228674],[-38.59707582,-3.77231919],[-38.5970159,-3.77235218],[-38.5969512,-3.77239368],[-38.59689128,-3.77243679],[-38.59666538,-3.77258845],[-38.59644641,-3.77274495],[-38.59637497,-3.77277791],[-38.59631944,-3.77280239],[-38.59619425,-3.77285008],[-38.59611787,-3.77287552],[-38.59609877,-3.77282416],[-38.59602888,-3.77264999],[-38.5960162,-3.77254881],[-38.59601257,-3.77238586],[-38.59600477,-3.77224845],[-38.59600205,-3.77220054],[-38.59598195,-3.77210787],[-38.59594779,-3.7720309],[-38.59589482,-3.77195313],[-38.59583335,-3.77189346],[-38.59577824,-3.77185616],[-38.59571993,-3.7718327],[-38.59561287,-3.77179324],[-38.59556199,-3.77177512],[-38.5950619,-3.77216522],[-38.59395462,-3.77303217],[-38.5926543,-3.77403696],[-38.59214034,-3.77349781],[-38.59208099,-3.77343973],[-38.59202589,-3.77338592],[-38.59195646,-3.77333264],[-38.59182292,-3.77323672],[-38.59169944,-3.7731504],[-38.59166394,-3.77312109],[-38.5916136,-3.77308006],[-38.59155312,-3.77302409],[-38.59148695,-3.77296285],[-38.59130996,-3.77282271],[-38.5909475,-3.77251741],[-38.59086531,-3.77256264],[-38.59078365,-3.77261478],[-38.59070251,-3.77267599],[-38.59066304,-3.77270963],[-38.59048773,-3.77285907],[-38.59035887,-3.77295114],[-38.59023213,-3.77303788],[-38.58998766,-3.77321988],[-38.58986888,-3.77330077],[-38.58972729,-3.77339229],[-38.58962336,-3.77345029],[-38.58937095,-3.77360566],[-38.58902575,-3.77381851],[-38.58864076,-3.77406541],[-38.58850971,-3.7740535],[-38.58824637,-3.77402955],[-38.58792619,-3.7740049],[-38.58747667,-3.7739754],[-38.58687659,-3.7739405],[-38.58680291,-3.77393567],[-38.58673771,-3.77392392],[-38.58667675,-3.77391165],[-38.5865612,-3.77387857],[-38.58647567,-3.77384724],[-38.58646368,-3.77384285],[-38.58639689,-3.77381566],[-38.5862999,-3.77377461],[-38.58619761,-3.7737245],[-38.58610169,-3.77367174],[-38.58586426,-3.77353583],[-38.5855847,-3.77337701],[-38.5855423,-3.77335276],[-38.58550043,-3.77332931],[-38.58549126,-3.77332402],[-38.58546254,-3.77330746],[-38.58537059,-3.77325922],[-38.5853213,-3.77323577],[-38.58526936,-3.77321178],[-38.58521688,-3.77319152],[-38.58516706,-3.77317286],[-38.58511485,-3.77315579],[-38.585093,-3.77314933],[-38.58506158,-3.77314005],[-38.58500646,-3.77312752],[-38.58495796,-3.77311977],[-38.58493087,-3.77311672],[-38.5848962,-3.77311282],[-38.58486759,-3.77311256],[-38.58483285,-3.77311225],[-38.58478965,-3.77311441],[-38.58473769,-3.773117],[-38.58472282,-3.7731201],[-38.58467573,-3.77312992],[-38.58465854,-3.77313481],[-38.58459348,-3.7731614],[-38.5844922,-3.77321487],[-38.58440391,-3.77326621],[-38.58439306,-3.77327261],[-38.58425173,-3.77335587],[-38.58388717,-3.7735703],[-38.58385164,-3.77359211],[-38.5838124,-3.77362085],[-38.58376997,-3.77365438],[-38.5837302,-3.77369004],[-38.58368989,-3.77372783],[-38.58365595,-3.77376562],[-38.58362253,-3.77380874],[-38.58351272,-3.77395406],[-38.58348833,-3.77398174],[-38.58345332,-3.77402167],[-38.58341513,-3.77406105],[-38.58337854,-3.77409831],[-38.58317594,-3.77428087],[-38.58301472,-3.77442084],[-38.58282857,-3.77458264],[-38.58264401,-3.77474497],[-38.58261391,-3.77477116],[-38.58244089,-3.77492166],[-38.58228922,-3.77505366],[-38.58222081,-3.77511114],[-38.58217732,-3.77514519],[-38.58213436,-3.77517713],[-38.58209937,-3.77519841],[-38.58207113,-3.7752141],[-38.58203149,-3.77523286],[-38.58199146,-3.77524668],[-38.58195806,-3.77525705],[-38.58193261,-3.7752637],[-38.58190856,-3.77526949],[-38.58176102,-3.775305],[-38.58171093,-3.77531724],[-38.58160707,-3.77534207],[-38.58146791,-3.77537557],[-38.58125637,-3.77542552],[-38.58091944,-3.77550497],[-38.58036329,-3.77562611],[-38.58002292,-3.77569997],[-38.57969686,-3.7757733],[-38.57946358,-3.77582484],[-38.57931248,-3.77586044],[-38.57919849,-3.77588914],[-38.57911419,-3.77591413],[-38.57903678,-3.77593912],[-38.57893021,-3.77597741],[-38.5786158,-3.77611037],[-38.57858556,-3.77612315],[-38.57825735,-3.77626038],[-38.57819001,-3.77628556],[-38.57811367,-3.7763141],[-38.57805508,-3.77633297],[-38.5779737,-3.77635397],[-38.57790345,-3.77636778],[-38.57777276,-3.77638875],[-38.57765984,-3.77640121],[-38.57709471,-3.77644806],[-38.57705469,-3.77645417],[-38.57700511,-3.77646799],[-38.57694441,-3.77648659],[-38.57673046,-3.77656983],[-38.5762028,-3.77678002]]]},"geometry_name":"The_geom","properties":{"id":3,"nome":"Distrito 5","area_ha":4192,"fonte":"SME - Secretaria Municipal de Educação de Fortaleza","ano_ref":2023,"data_atual":"08/Ago/2023","epsg_codif":"EPSG: 31984 (SIRGAS 2000 - UTM 24S); Codificação: UTF-8"}},{"type":"Feature","id":"vw_DistritosEducacao_2023.fid-3da4354c_18dace4b5a0_-54b9","geometry":{"type":"Polygon","coordinates":[[[-38.52392831,-3.73690353],[-38.52389837,-3.7370486],[-38.52364739,-3.73829615],[-38.52329996,-3.73996665],[-38.52288821,-3.74193076],[-38.5227188,-3.74272675],[-38.52263723,-3.74312072],[-38.5225974,-3.74331308],[-38.52243977,-3.74405643],[-38.52227036,-3.74485152],[-38.52213537,-3.74549593],[-38.521956,-3.74634275],[-38.52183458,-3.74695087],[-38.52165159,-3.74780313],[-38.52159044,-3.74808268],[-38.52150256,-3.74849928],[-38.52133948,-3.74928802],[-38.52116282,-3.75013756],[-38.52099384,-3.75097168],[-38.52089371,-3.75147814],[-38.52081533,-3.7518775],[-38.52075235,-3.75219971],[-38.52066015,-3.75267032],[-38.52058766,-3.75304086],[-38.52049691,-3.75353987],[-38.52047297,-3.75366011],[-38.52023488,-3.75488192],[-38.52015352,-3.75529398],[-38.52012034,-3.75546553],[-38.52001639,-3.75599815],[-38.51988136,-3.75670334],[-38.51980522,-3.7570695],[-38.51968274,-3.75765553],[-38.5196415,-3.75787904],[-38.51961936,-3.75799091],[-38.5195492,-3.75825123],[-38.51949675,-3.75832074],[-38.51940965,-3.75845877],[-38.51934333,-3.7585829],[-38.51929185,-3.7586991],[-38.51926114,-3.75878849],[-38.51919677,-3.75896726],[-38.51917596,-3.75904026],[-38.51915465,-3.75913313],[-38.51911945,-3.75930297],[-38.51908572,-3.75950064],[-38.51903611,-3.75980557],[-38.51899789,-3.76006581],[-38.51897997,-3.76017805],[-38.51894622,-3.7604085],[-38.51889661,-3.76072436],[-38.51886485,-3.76093196],[-38.51881721,-3.76123888],[-38.51875767,-3.76162229],[-38.51866835,-3.76221528],[-38.51859788,-3.76267815],[-38.5185428,-3.76304567],[-38.51848722,-3.76341666],[-38.51846588,-3.76354927],[-38.51842122,-3.7638403],[-38.51838153,-3.7640916],[-38.5183324,-3.76441938],[-38.51829816,-3.76464188],[-38.51826293,-3.76486586],[-38.51822622,-3.76510177],[-38.51820042,-3.76525275],[-38.51818852,-3.76532079],[-38.51816347,-3.76545612],[-38.51814884,-3.76553931],[-38.51811761,-3.76569599],[-38.51806853,-3.76592494],[-38.51801476,-3.76615363],[-38.51795826,-3.76639921],[-38.51790869,-3.76661673],[-38.51782444,-3.7669733],[-38.51774516,-3.76727822],[-38.51766983,-3.76760401],[-38.51756576,-3.76802514],[-38.51743099,-3.76855055],[-38.51731999,-3.76898658],[-38.51718622,-3.76947524],[-38.5170703,-3.76988246],[-38.51719214,-3.7698924],[-38.5182219,-3.77005624],[-38.51820125,-3.77043435],[-38.51815596,-3.77139653],[-38.51811812,-3.7721266],[-38.51806798,-3.77318725],[-38.51805783,-3.77336333],[-38.51804707,-3.77354648],[-38.51803253,-3.77367067],[-38.51801153,-3.77413832],[-38.51799311,-3.77451068],[-38.51798354,-3.77476754],[-38.51797781,-3.77490576],[-38.51796449,-3.77514368],[-38.51795877,-3.77525286],[-38.51794797,-3.77546744],[-38.51794222,-3.7756492],[-38.5179314,-3.7758925],[-38.5179207,-3.7759313],[-38.51791499,-3.77603354],[-38.51789787,-3.77631312],[-38.51788517,-3.7765643],[-38.51787626,-3.77676563],[-38.51786867,-3.77685461],[-38.51785783,-3.77714745],[-38.51784385,-3.77744407],[-38.51783113,-3.77770661],[-38.51782035,-3.77788963],[-38.51781018,-3.77810547],[-38.51780757,-3.77827461],[-38.51781508,-3.77832889],[-38.51783888,-3.77846775],[-38.5178727,-3.77865711],[-38.51790178,-3.77883374],[-38.51790777,-3.77886709],[-38.5179195,-3.77893242],[-38.5178481,-3.77891622],[-38.51773581,-3.77888652],[-38.51750638,-3.77882611],[-38.51647671,-3.77856293],[-38.51580831,-3.77838331],[-38.51490781,-3.77812247],[-38.51480328,-3.77809589],[-38.51451264,-3.779214],[-38.51449717,-3.77926968],[-38.51440267,-3.77958282],[-38.51419411,-3.78027244],[-38.51413788,-3.78039344],[-38.51344274,-3.78188937],[-38.51289332,-3.78307298],[-38.51262026,-3.78365087],[-38.51273208,-3.78371318],[-38.51295065,-3.7838553],[-38.51298771,-3.7838711],[-38.51301221,-3.78387553],[-38.51303985,-3.78387744],[-38.5130719,-3.78387494],[-38.51309766,-3.7838699],[-38.51312091,-3.78385982],[-38.51314102,-3.78384721],[-38.51317497,-3.78380936],[-38.51319697,-3.78378665],[-38.51322903,-3.78376016],[-38.51326234,-3.78373746],[-38.51328497,-3.78372548],[-38.5133101,-3.78371918],[-38.51333775,-3.78371794],[-38.5133767,-3.78372427],[-38.51340811,-3.7837388],[-38.51343009,-3.78375775],[-38.51345017,-3.78378679],[-38.51346649,-3.78381773],[-38.51348532,-3.78386381],[-38.51349409,-3.78390231],[-38.51349783,-3.78394775],[-38.51349404,-3.78399698],[-38.51348774,-3.78402853],[-38.51347766,-3.78406639],[-38.51347136,-3.78410173],[-38.5134638,-3.78413455],[-38.51346001,-3.78417746],[-38.51345746,-3.78423679],[-38.51346118,-3.78432641],[-38.51346365,-3.78441477],[-38.51347366,-3.78448798],[-38.51347865,-3.78454984],[-38.51348112,-3.78461926],[-38.51347731,-3.78470509],[-38.51346217,-3.78480354],[-38.51344705,-3.78488684],[-38.51338404,-3.78519858],[-38.51336389,-3.78528819],[-38.51334122,-3.78537275],[-38.51331858,-3.78542323],[-38.51328965,-3.7854636],[-38.51325319,-3.78550145],[-38.51321422,-3.78553046],[-38.51316016,-3.78557208],[-38.51310108,-3.78562128],[-38.51304827,-3.78567552],[-38.51299923,-3.78573356],[-38.51296653,-3.7857916],[-38.51295393,-3.78585092],[-38.5129539,-3.78591277],[-38.51295888,-3.78598094],[-38.51296764,-3.7860491],[-38.51298394,-3.78611728],[-38.51300526,-3.78618292],[-38.51303162,-3.78623469],[-38.51306301,-3.78628394],[-38.51310193,-3.78634344],[-38.51314206,-3.78648831],[-38.51314831,-3.78655269],[-38.51315266,-3.78662969],[-38.51315639,-3.78671489],[-38.51315,-3.78689981],[-38.51314113,-3.78703044],[-38.51312279,-3.78724565],[-38.51310317,-3.78750692],[-38.51309307,-3.78759149],[-38.51308173,-3.78764323],[-38.51307794,-3.78768362],[-38.51307791,-3.7877278],[-38.51309422,-3.78778461],[-38.51311429,-3.78784647],[-38.51314566,-3.78792223],[-38.51322852,-3.78804976],[-38.51331139,-3.78816215],[-38.51348468,-3.78837557],[-38.51361653,-3.78854604],[-38.51366551,-3.78858394],[-38.51371828,-3.78860543],[-38.51378613,-3.78862188],[-38.51384518,-3.78862191],[-38.51390802,-3.78861816],[-38.5139608,-3.78860052],[-38.51400731,-3.78857782],[-38.51407016,-3.78853746],[-38.51414558,-3.78849207],[-38.51420591,-3.78847064],[-38.51428885,-3.7884568],[-38.51436802,-3.78845559],[-38.5144321,-3.78845941],[-38.51453763,-3.78849355],[-38.51460547,-3.78852893],[-38.51466325,-3.78857314],[-38.51494962,-3.78879925],[-38.51500111,-3.78886239],[-38.5150463,-3.78893436],[-38.51508897,-3.78903536],[-38.5151379,-3.78918055],[-38.51515793,-3.78932067],[-38.51518422,-3.78948352],[-38.5152306,-3.78969434],[-38.51526947,-3.78984204],[-38.51533348,-3.78998093],[-38.51535604,-3.79009076],[-38.51536353,-3.79017659],[-38.51535971,-3.79026621],[-38.51535337,-3.7903634],[-38.51534201,-3.79046059],[-38.51530925,-3.79062088],[-38.51530796,-3.7906802],[-38.51531295,-3.79073701],[-38.515328,-3.79079381],[-38.5153692,-3.79096857],[-38.51538692,-3.79104377],[-38.51541574,-3.79119905],[-38.51542322,-3.79129751],[-38.51542315,-3.79143257],[-38.51543315,-3.79151083],[-38.51542683,-3.7915853],[-38.51540416,-3.79167491],[-38.51538401,-3.79175189],[-38.51534752,-3.79185159],[-38.5152783,-3.79204089],[-38.51520784,-3.79220621],[-38.51516381,-3.79229454],[-38.51512357,-3.79233743],[-38.51507706,-3.79237149],[-38.51503559,-3.79238409],[-38.51498155,-3.79239037],[-38.51493631,-3.7923916],[-38.5148961,-3.79238653],[-38.5148358,-3.7923663],[-38.51477675,-3.7923385],[-38.51473279,-3.79230944],[-38.51468004,-3.79226145],[-38.51461222,-3.79219325],[-38.51453058,-3.79212378],[-38.51443888,-3.79207324],[-38.51437607,-3.79204038],[-38.51435218,-3.79203147],[-38.51429818,-3.79201131],[-38.51423661,-3.79200117],[-38.51415619,-3.79199482],[-38.5141097,-3.79199732],[-38.51403932,-3.79201747],[-38.51399532,-3.79204017],[-38.51394126,-3.79209063],[-38.51389222,-3.79214866],[-38.51385323,-3.79222059],[-38.51381798,-3.7923367],[-38.51380344,-3.79243849],[-38.51378644,-3.79255757],[-38.51379519,-3.79263836],[-38.51381777,-3.79271664],[-38.51386674,-3.79277473],[-38.51392829,-3.79282525],[-38.51399738,-3.79285306],[-38.51406272,-3.79286067],[-38.51414189,-3.79285945],[-38.51421729,-3.79283677],[-38.51427762,-3.79281535],[-38.51435302,-3.79280529],[-38.51441083,-3.79280533],[-38.51444978,-3.79281166],[-38.51447741,-3.79282935],[-38.51450253,-3.79286218],[-38.51451254,-3.79292404],[-38.51453673,-3.79303059],[-38.51455266,-3.79310077],[-38.51457398,-3.79317021],[-38.51464678,-3.79331667],[-38.51469698,-3.79342904],[-38.51471829,-3.79352751],[-38.51474208,-3.7936752],[-38.51475959,-3.793833],[-38.51473936,-3.79404252],[-38.5147104,-3.79415863],[-38.5146613,-3.7943126],[-38.5146059,-3.79451831],[-38.51457313,-3.79468617],[-38.51451776,-3.79484266],[-38.51447876,-3.7949108],[-38.5144247,-3.79497262],[-38.51436685,-3.7950458],[-38.51430397,-3.79513538],[-38.51426874,-3.7952111],[-38.51422597,-3.79530448],[-38.51421589,-3.79535118],[-38.51420581,-3.79540166],[-38.51419196,-3.79544205],[-38.51417435,-3.79548369],[-38.51415423,-3.79551019],[-38.51412657,-3.79553668],[-38.51409766,-3.79555181],[-38.51406121,-3.7955682],[-38.51400843,-3.795577],[-38.51394308,-3.79558706],[-38.51383501,-3.79558574],[-38.51374202,-3.79558821],[-38.51367793,-3.79559323],[-38.51362892,-3.79560582],[-38.51358744,-3.79562094],[-38.51354596,-3.79564743],[-38.51347556,-3.79569409],[-38.51336367,-3.79580384],[-38.51326308,-3.79590351],[-38.51319016,-3.7959792],[-38.51315117,-3.79604608],[-38.51309454,-3.79618615],[-38.51306682,-3.7963212],[-38.5130504,-3.79647266],[-38.51305532,-3.79665948],[-38.51305648,-3.79683114],[-38.51305518,-3.79691066],[-38.51305264,-3.7969662],[-38.51304883,-3.79702805],[-38.51304881,-3.79706087],[-38.51305131,-3.79709621],[-38.51305883,-3.79712777],[-38.51307639,-3.79717575],[-38.51309899,-3.79721363],[-38.51312537,-3.79724015],[-38.51315551,-3.79726036],[-38.51319069,-3.79727427],[-38.51322964,-3.79728439],[-38.51329246,-3.79729074],[-38.51334147,-3.79729076],[-38.51348473,-3.79728706],[-38.51355007,-3.79728078],[-38.51363804,-3.79726569],[-38.51369836,-3.79726572],[-38.51373606,-3.79726827],[-38.51376998,-3.79728217],[-38.51381269,-3.7973087],[-38.51384031,-3.79734153],[-38.51386291,-3.79737815],[-38.51388927,-3.7974274],[-38.5139583,-3.79757638],[-38.5140148,-3.79766603],[-38.51406251,-3.79772539],[-38.51411904,-3.79777086],[-38.51421324,-3.79784286],[-38.51427479,-3.79789338],[-38.51432627,-3.79795021],[-38.51436645,-3.79800451],[-38.5143903,-3.79805754],[-38.51442544,-3.79813835],[-38.5144593,-3.79825575],[-38.51447058,-3.79831635],[-38.51448436,-3.79839588],[-38.51449248,-3.79848424],[-38.51449244,-3.79854357],[-38.51448614,-3.79857449],[-38.51446979,-3.79860856],[-38.51444778,-3.79863505],[-38.51440127,-3.79867479],[-38.514334,-3.79873849],[-38.51430257,-3.7987713],[-38.51427553,-3.7988123],[-38.51424911,-3.79886215],[-38.5142384,-3.79890948],[-38.51424027,-3.79894671],[-38.514244,-3.79901361],[-38.51426972,-3.79908684],[-38.5143099,-3.79914871],[-38.51435133,-3.79921374],[-38.51441915,-3.7992851],[-38.51447566,-3.79933625],[-38.51455983,-3.79937921],[-38.51466222,-3.79942724],[-38.51474135,-3.79947714],[-38.5148588,-3.7995561],[-38.51490402,-3.79959147],[-38.51496556,-3.79965777],[-38.51500825,-3.79972343],[-38.51505659,-3.79978089],[-38.51515578,-3.79992547],[-38.51527066,-3.80010983],[-38.5153265,-3.8002405],[-38.51539431,-3.80032511],[-38.51541816,-3.80037056],[-38.51543384,-3.80042233],[-38.51544949,-3.80053846],[-38.51545759,-3.8006609],[-38.51545504,-3.80072402],[-38.51544556,-3.80081615],[-38.51543486,-3.80085465],[-38.51540718,-3.80090765],[-38.51537511,-3.80095307],[-38.51533111,-3.80098965],[-38.51528146,-3.80101802],[-38.51522176,-3.80103314],[-38.51515956,-3.80104194],[-38.51510237,-3.80105579],[-38.51506844,-3.80107407],[-38.51504141,-3.80109678],[-38.51502317,-3.80112769],[-38.51501624,-3.80115356],[-38.51501559,-3.80118891],[-38.51502246,-3.80126402],[-38.51504191,-3.80132651],[-38.51507705,-3.80139974],[-38.51509901,-3.8014616],[-38.5151429,-3.80160994],[-38.51516171,-3.80168758],[-38.51517801,-3.80175196],[-38.51518489,-3.80180498],[-38.51518487,-3.80183969],[-38.51517732,-3.80186935],[-38.5151641,-3.8019009],[-38.51513958,-3.80193118],[-38.51507985,-3.80201067],[-38.51501824,-3.80208195],[-38.51498238,-3.80215956],[-38.51496978,-3.80222456],[-38.5149666,-3.80229146],[-38.51496907,-3.80236719],[-38.51499541,-3.80246251],[-38.51502616,-3.80252816],[-38.51506946,-3.80261402],[-38.51512407,-3.80271061],[-38.51514665,-3.80278005],[-38.51515667,-3.80283812],[-38.5151654,-3.8029593],[-38.51517789,-3.80309626],[-38.51518724,-3.80321997],[-38.51518655,-3.80332852],[-38.51518336,-3.8034276],[-38.51517578,-3.80349198],[-38.51516759,-3.80353615],[-38.51515626,-3.80356896],[-38.51512546,-3.8036005],[-38.51507015,-3.80363518],[-38.51496958,-3.8036995],[-38.51489289,-3.80376067],[-38.51483882,-3.80383512],[-38.51477091,-3.80393417],[-38.51472184,-3.80403954],[-38.51469478,-3.80411778],[-38.51468027,-3.80422759],[-38.51468525,-3.80430648],[-38.51470468,-3.80439169],[-38.5147235,-3.80443399],[-38.51475113,-3.80446367],[-38.514802,-3.80450598],[-38.51487674,-3.80456156],[-38.51495212,-3.80459001],[-38.51505327,-3.8046071],[-38.51515755,-3.80462862],[-38.51523985,-3.80465644],[-38.51531208,-3.80469561],[-38.51536609,-3.80473982],[-38.51540124,-3.80480232],[-38.5154119,-3.80484082],[-38.51541878,-3.80489763],[-38.5154093,-3.80499797],[-38.51539543,-3.80507622],[-38.5153734,-3.80514816],[-38.51534571,-3.80522893],[-38.51533185,-3.8053015],[-38.51532551,-3.80540374],[-38.51532862,-3.80545234],[-38.51533425,-3.80550409],[-38.51533859,-3.80559939],[-38.51533666,-3.8056827],[-38.51532216,-3.80576411],[-38.51530957,-3.80580891],[-38.51529573,-3.8058373],[-38.51526304,-3.80587263],[-38.51516311,-3.80593695],[-38.51505059,-3.80601704],[-38.51488467,-3.80611603],[-38.51480736,-3.80616206],[-38.51477341,-3.80619486],[-38.51475077,-3.80623397],[-38.51471554,-3.8063078],[-38.5146866,-3.80639046],[-38.51467147,-3.80647628],[-38.51467584,-3.80651983],[-38.5146865,-3.80656591],[-38.51470407,-3.80660631],[-38.5147342,-3.80665303],[-38.51482524,-3.80676984],[-38.51506511,-3.80701549],[-38.51516749,-3.80708434],[-38.51519009,-3.80712663],[-38.5152064,-3.80716956],[-38.51520951,-3.80722573],[-38.51520131,-3.80728442],[-38.51518306,-3.80733364],[-38.51516293,-3.80737844],[-38.51512834,-3.8074327],[-38.51501329,-3.80755633],[-38.51495231,-3.80761373],[-38.51492276,-3.80765789],[-38.51490388,-3.80771279],[-38.51489818,-3.80778284],[-38.51490193,-3.8078226],[-38.51492506,-3.80803215],[-38.51492941,-3.80811735],[-38.51494499,-3.8083553],[-38.51497002,-3.80852887],[-38.5149813,-3.8085781],[-38.51499447,-3.80862166],[-38.51501706,-3.80867784],[-38.51506034,-3.80880409],[-38.51510489,-3.80891583],[-38.51516511,-3.8090869],[-38.51518642,-3.80918347],[-38.51519957,-3.80925669],[-38.51520582,-3.80933053],[-38.51520517,-3.80937029],[-38.51519885,-3.80942394],[-38.51518627,-3.80945864],[-38.51515545,-3.80950911],[-38.5151039,-3.80956399],[-38.51503853,-3.80960435],[-38.51495054,-3.80965794],[-38.51488831,-3.80970146],[-38.51483928,-3.80973993],[-38.51480596,-3.80977588],[-38.51478269,-3.80981374],[-38.51475816,-3.80987557],[-38.5147443,-3.80992984],[-38.51474112,-3.81000368],[-38.51474548,-3.8100649],[-38.51476931,-3.81015075],[-38.51479379,-3.81019999],[-38.51483959,-3.81032119],[-38.51489102,-3.81048658],[-38.51492111,-3.81060083],[-38.51495436,-3.81069804],[-38.51498887,-3.81077316],[-38.51506417,-3.81094929],[-38.51508801,-3.81101494],[-38.51509679,-3.81104398],[-38.51510744,-3.81109384],[-38.51511574,-3.81113862],[-38.51515434,-3.81130414],[-38.51515245,-3.81131739],[-38.5151482,-3.81133206],[-38.515143,-3.81136046],[-38.51513778,-3.81142247],[-38.51513775,-3.81148021],[-38.51514054,-3.81153418],[-38.515149,-3.81157536],[-38.5151777,-3.81166532],[-38.51521298,-3.81177136],[-38.51522757,-3.81180545],[-38.51524781,-3.81184664],[-38.51527935,-3.81189968],[-38.51530524,-3.81195318],[-38.51535654,-3.81207533],[-38.51539701,-3.81217144],[-38.51541535,-3.81223062],[-38.51542804,-3.81229406],[-38.51543319,-3.81235133],[-38.51543927,-3.81243985],[-38.51544913,-3.81249997],[-38.51545759,-3.81253737],[-38.51547077,-3.81257146],[-38.51551173,-3.81263349],[-38.5155527,-3.8126799],[-38.5156144,-3.81274573],[-38.5156629,-3.81280256],[-38.51571,-3.81284945],[-38.51573967,-3.81287503],[-38.5157604,-3.81289019],[-38.5157816,-3.81290203],[-38.51580374,-3.81291009],[-38.51591588,-3.81293098],[-38.51609116,-3.81296516],[-38.51617079,-3.81298035],[-38.51625843,-3.81299839],[-38.51631638,-3.81301499],[-38.5163748,-3.81303963],[-38.51642567,-3.81307469],[-38.51645393,-3.81310737],[-38.51647841,-3.81315377],[-38.51650993,-3.8132442],[-38.51655181,-3.81334551],[-38.51659464,-3.81344021],[-38.51661253,-3.81347903],[-38.51663324,-3.8135136],[-38.51666009,-3.81354485],[-38.51668364,-3.81356475],[-38.51670294,-3.81358653],[-38.51672036,-3.81361494],[-38.51672789,-3.81364145],[-38.51673211,-3.81367128],[-38.51673162,-3.81370252],[-38.51671509,-3.81378298],[-38.51671036,-3.81381137],[-38.51671223,-3.81383552],[-38.5167207,-3.81385351],[-38.51677814,-3.81395673],[-38.51683981,-3.81406043],[-38.51687183,-3.81410636],[-38.51691422,-3.81414662],[-38.51699572,-3.81418074],[-38.51708383,-3.81419499],[-38.51719598,-3.814196],[-38.51727892,-3.8142022],[-38.51734348,-3.8142065],[-38.51740567,-3.81421553],[-38.51749707,-3.81425297],[-38.51754559,-3.81427667],[-38.51761343,-3.81430984],[-38.51771567,-3.81435108],[-38.51779623,-3.81438],[-38.51788057,-3.81440987],[-38.51795076,-3.81444493],[-38.5179795,-3.81446436],[-38.51801765,-3.8144942],[-38.51804921,-3.81451646],[-38.51807276,-3.81453305],[-38.51809113,-3.8145501],[-38.51810478,-3.8145785],[-38.51811653,-3.81463105],[-38.51813298,-3.81471484],[-38.51814566,-3.81478396],[-38.51815366,-3.81481094],[-38.51817296,-3.81484219],[-38.51821347,-3.81488435],[-38.51825584,-3.8149459],[-38.51828456,-3.81499089],[-38.5183147,-3.81503398],[-38.51835378,-3.81507991],[-38.51837544,-3.81510927],[-38.51839522,-3.815141],[-38.51841876,-3.81518456],[-38.51846773,-3.8152466],[-38.51851294,-3.81529538],[-38.51854214,-3.81531906],[-38.51857418,-3.81533896],[-38.51860433,-3.81535886],[-38.5186439,-3.81537829],[-38.51869336,-3.81540198],[-38.51873623,-3.81542472],[-38.51877674,-3.81546025],[-38.51881818,-3.81550808],[-38.51886573,-3.81558668],[-38.51887656,-3.8156042],[-38.51888362,-3.81561935],[-38.51888785,-3.8156416],[-38.51890101,-3.81571119],[-38.5189137,-3.8157609],[-38.51893299,-3.81581582],[-38.51897488,-3.81591146],[-38.51900828,-3.81601324],[-38.51902521,-3.81607053],[-38.5190431,-3.81611077],[-38.51905675,-3.81613303],[-38.51908359,-3.81616144],[-38.51909961,-3.81618039],[-38.51910996,-3.8161998],[-38.51912502,-3.81624383],[-38.51914524,-3.816312],[-38.51915418,-3.81634703],[-38.51916264,-3.81637307],[-38.5191763,-3.8163958],[-38.51920314,-3.81642753],[-38.51924082,-3.8164711],[-38.51927472,-3.81650851],[-38.51929967,-3.81655255],[-38.51933167,-3.81664155],[-38.51938672,-3.81678453],[-38.51941307,-3.81685886],[-38.51942718,-3.81690195],[-38.51944129,-3.81695308],[-38.51944787,-3.81699379],[-38.51945162,-3.81703166],[-38.51945395,-3.8170752],[-38.5194511,-3.81710786],[-38.51944213,-3.8171462],[-38.51943693,-3.81717412],[-38.51942796,-3.81719684],[-38.51941712,-3.8172134],[-38.5194103,-3.81723934],[-38.51940852,-3.81728249],[-38.51942364,-3.81732889],[-38.51948387,-3.81750928],[-38.51952103,-3.81762716],[-38.51955821,-3.81770576],[-38.51958128,-3.81775358],[-38.51959775,-3.81778862],[-38.51960338,-3.81783359],[-38.51961604,-3.81795288],[-38.51962306,-3.81802814],[-38.51962162,-3.81807737],[-38.51961359,-3.81811381],[-38.51960038,-3.81814173],[-38.51954614,-3.81823826],[-38.51950746,-3.81830262],[-38.51947633,-3.81834378],[-38.5194438,-3.81837595],[-38.51938111,-3.81840479],[-38.51933115,-3.81842937],[-38.51929579,-3.81845586],[-38.51926844,-3.81848614],[-38.51925004,-3.81851879],[-38.51923587,-3.81859168],[-38.51923347,-3.818657],[-38.51924522,-3.81871996],[-38.51925887,-3.81875499],[-38.5192711,-3.81878908],[-38.51928896,-3.81886388],[-38.51930307,-3.81892353],[-38.51931906,-3.81897229],[-38.51933459,-3.8190168],[-38.51937461,-3.81908498],[-38.51940615,-3.81913659],[-38.51942733,-3.81918441],[-38.51943248,-3.81924926],[-38.51942018,-3.81933257],[-38.5194027,-3.81941302],[-38.5193791,-3.8194717],[-38.51934515,-3.81952044],[-38.51931214,-3.81955403],[-38.51926831,-3.81957294],[-38.51921458,-3.81958332],[-38.51917122,-3.81958614],[-38.51914578,-3.81958896],[-38.51912739,-3.81959842],[-38.51911513,-3.81961498],[-38.5191005,-3.81965521],[-38.51908964,-3.81969591],[-38.51909009,-3.81972952],[-38.51911456,-3.81980148],[-38.51913855,-3.81986397],[-38.5191503,-3.81992409],[-38.51915309,-3.81998942],[-38.51913892,-3.82005946],[-38.51910919,-3.82013755],[-38.51905541,-3.82022935],[-38.51903133,-3.82032684],[-38.51902377,-3.82036376],[-38.51901999,-3.82037938],[-38.51902185,-3.82040967],[-38.51902513,-3.82044518],[-38.51902082,-3.8205815],[-38.51902268,-3.82061984],[-38.5190829,-3.82080306],[-38.51916478,-3.82100285],[-38.51920103,-3.8210734],[-38.5192867,-3.82123344],[-38.51930176,-3.82126611],[-38.5193173,-3.82129121],[-38.51933708,-3.82131015],[-38.51937052,-3.82133715],[-38.5193856,-3.82135278],[-38.51939454,-3.8213755],[-38.51940206,-3.82139965],[-38.51941101,-3.82142048],[-38.51943596,-3.8214489],[-38.5194581,-3.821465],[-38.51948166,-3.82147638],[-38.51965458,-3.82151434],[-38.51969699,-3.82152714],[-38.5199203,-3.82162762],[-38.51995374,-3.82164657],[-38.51998672,-3.82167262],[-38.52000885,-3.82169157],[-38.52002816,-3.82171099],[-38.52004936,-3.82172567],[-38.52006962,-3.82173657],[-38.52009365,-3.82174463],[-38.52014077,-3.82175507],[-38.52018883,-3.82176125],[-38.52023076,-3.8217679],[-38.52026563,-3.82177786],[-38.52030096,-3.8217954],[-38.52033441,-3.82181435],[-38.5203622,-3.82183472],[-38.52041448,-3.82188445],[-38.52046676,-3.82193134],[-38.52049408,-3.8219607],[-38.52051621,-3.82198675],[-38.52054587,-3.82203883],[-38.52058683,-3.8221179],[-38.52060283,-3.8221572],[-38.52062118,-3.82220975],[-38.52063293,-3.82224763],[-38.52064941,-3.82227887],[-38.52066825,-3.8223035],[-38.52069697,-3.8223499],[-38.52072192,-3.82239914],[-38.52076756,-3.82250899],[-38.52085501,-3.82287919],[-38.52089169,-3.82300985],[-38.52090014,-3.8230695],[-38.5209114,-3.82315376],[-38.52097389,-3.82349082],[-38.52097765,-3.82351023],[-38.52097858,-3.82353958],[-38.5209729,-3.82357176],[-38.52096488,-3.82359637],[-38.52096157,-3.8236224],[-38.52096391,-3.82364938],[-38.52097424,-3.82370572],[-38.52100952,-3.82382123],[-38.52104622,-3.82392681],[-38.52107492,-3.8240125],[-38.52112435,-3.82410199],[-38.52120534,-3.82420617],[-38.52138001,-3.82451205],[-38.52138424,-3.82452105],[-38.5213913,-3.82453383],[-38.52140166,-3.8245523],[-38.52141296,-3.8245684],[-38.52143698,-3.82458971],[-38.52146148,-3.82460629],[-38.52148975,-3.82461767],[-38.52151425,-3.82462478],[-38.52155524,-3.82463143],[-38.52169142,-3.82463861],[-38.52184786,-3.82466094],[-38.52196378,-3.8246771],[-38.52207263,-3.82469467],[-38.52216639,-3.82471603],[-38.52223613,-3.82472695],[-38.52230493,-3.82473267],[-38.52238032,-3.82473697],[-38.52247173,-3.8247517],[-38.52253817,-3.82476499],[-38.52256832,-3.82477495],[-38.52262015,-3.82479486],[-38.52266444,-3.82481145],[-38.52271579,-3.82482757],[-38.52275866,-3.82484889],[-38.5228053,-3.82487827],[-38.52284322,-3.82490764],[-38.5228736,-3.82494055],[-38.52290797,-3.82497962],[-38.52292917,-3.82500543],[-38.52294859,-3.82502828],[-38.52296531,-3.8250432],[-38.52298086,-3.82505267],[-38.52299876,-3.82506262],[-38.52303645,-3.82507543],[-38.52309676,-3.82509676],[-38.52318062,-3.82513799],[-38.52324044,-3.82517542],[-38.52336434,-3.82525311],[-38.5234496,-3.8253005],[-38.52353487,-3.82535024],[-38.52361354,-3.82540851],[-38.52367995,-3.82546251],[-38.52374353,-3.82553212],[-38.52379251,-3.82558659],[-38.52382829,-3.8256453],[-38.52385464,-3.82571111],[-38.52390735,-3.82583894],[-38.52395773,-3.82592891],[-38.52399821,-3.82601082],[-38.52401845,-3.82604917],[-38.52403116,-3.82607095],[-38.52404859,-3.82608895],[-38.52406837,-3.82610647],[-38.52409098,-3.82611784],[-38.52412349,-3.8261278],[-38.52417061,-3.82613872],[-38.52420877,-3.82615578],[-38.5242328,-3.82616715],[-38.5242474,-3.82617426],[-38.52426577,-3.82618989],[-38.52427896,-3.82620504],[-38.52429309,-3.82621973],[-38.52431476,-3.82623347],[-38.52439485,-3.82625907],[-38.52442737,-3.82626524],[-38.52445046,-3.82626762],[-38.52446224,-3.82626621],[-38.52450984,-3.82624872],[-38.52454284,-3.82623691],[-38.52456169,-3.82623171],[-38.52458101,-3.82622935],[-38.52459845,-3.82622936],[-38.52465781,-3.82624312],[-38.52473178,-3.82627535],[-38.52482695,-3.8263199],[-38.52489385,-3.82635307],[-38.52494519,-3.82638765],[-38.52497675,-3.82641512],[-38.52501961,-3.82645586],[-38.52505446,-3.82648664],[-38.52510063,-3.82651554],[-38.52514067,-3.82653781],[-38.52520003,-3.82657713],[-38.52522735,-3.82659324],[-38.52525279,-3.82661077],[-38.52527964,-3.8266354],[-38.52531025,-3.82666808],[-38.52538185,-3.8267216],[-38.5254949,-3.82680498],[-38.52559807,-3.82686231],[-38.52572197,-3.82693527],[-38.52586046,-3.82702481],[-38.52593536,-3.82707408],[-38.52598341,-3.82710203],[-38.52602769,-3.82712809],[-38.5260489,-3.82713662],[-38.52606869,-3.82714137],[-38.52611581,-3.82714802],[-38.52615586,-3.82715704],[-38.52620391,-3.82717268],[-38.52623595,-3.82718974],[-38.52626845,-3.82721059],[-38.52631461,-3.82725132],[-38.52641916,-3.82736829],[-38.5264931,-3.8274649],[-38.52654442,-3.82753403],[-38.52656608,-3.82756245],[-38.52662307,-3.82762401],[-38.52675872,-3.82775473],[-38.52688258,-3.82788024],[-38.52695181,-3.82796074],[-38.52696217,-3.82797211],[-38.52696971,-3.82798679],[-38.52698194,-3.82801993],[-38.52700123,-3.82806727],[-38.52713166,-3.82825952],[-38.52719241,-3.82833861],[-38.52721643,-3.8283585],[-38.52723951,-3.82837413],[-38.52726072,-3.82838219],[-38.52731019,-3.82838601],[-38.52734931,-3.82838271],[-38.52739078,-3.82837422],[-38.52742848,-3.82837045],[-38.52747749,-3.82836953],[-38.52755147,-3.82838235],[-38.52765795,-3.82843069],[-38.52780915,-3.82854959],[-38.52798909,-3.82868364],[-38.52806729,-3.82873386],[-38.52813935,-3.82879875],[-38.52821847,-3.82890103],[-38.52827968,-3.82898864],[-38.52831734,-3.82905729],[-38.52833355,-3.8291056],[-38.52837278,-3.82922238],[-38.52841804,-3.82935735],[-38.52843868,-3.82941854],[-38.52844666,-3.82942433],[-38.52845536,-3.82942898],[-38.5284646,-3.82943238],[-38.52847422,-3.82943447],[-38.52848404,-3.82943522],[-38.52853399,-3.82943446],[-38.52859787,-3.82942932],[-38.52872792,-3.82949337],[-38.52891169,-3.8295304],[-38.52914446,-3.82958591],[-38.52940785,-3.8296599],[-38.52962222,-3.82975232],[-38.52983656,-3.82990013],[-38.5299284,-3.83000479],[-38.53009984,-3.83017719],[-38.53014881,-3.83025106],[-38.53025292,-3.83033111],[-38.53035705,-3.83036194],[-38.53050407,-3.83038048],[-38.53060208,-3.830399],[-38.53071234,-3.83042367],[-38.53081647,-3.83044834],[-38.53090835,-3.83049147],[-38.53098182,-3.83057151],[-38.53107365,-3.83068232],[-38.53111036,-3.8307808],[-38.53112254,-3.83091004],[-38.53109183,-3.83105155],[-38.53108563,-3.83118693],[-38.53110396,-3.8312854],[-38.53113454,-3.83138387],[-38.53119576,-3.83146391],[-38.53122632,-3.831587],[-38.53123238,-3.83171007],[-38.53117716,-3.83186388],[-38.53110965,-3.83208538],[-38.5310299,-3.8322761],[-38.5309195,-3.83250372],[-38.53072331,-3.83278053],[-38.53055029,-3.83294967],[-38.53048425,-3.83301424],[-38.53034942,-3.83311878],[-38.53031683,-3.83320591],[-38.5303126,-3.83321721],[-38.53031452,-3.83325799],[-38.53031866,-3.83334645],[-38.53042613,-3.83367852],[-38.53046183,-3.83377136],[-38.53053779,-3.83393314],[-38.53058725,-3.83402786],[-38.53066461,-3.83417611],[-38.53074733,-3.83430845],[-38.53089259,-3.83449857],[-38.53096524,-3.83458071],[-38.53102913,-3.83467859],[-38.53109196,-3.83508093],[-38.5312206,-3.83526538],[-38.53142961,-3.83546745],[-38.53161025,-3.83562165],[-38.53181276,-3.83592565],[-38.53193565,-3.83603073],[-38.53199958,-3.83608035],[-38.53219141,-3.83620056],[-38.53231829,-3.83631244],[-38.53239516,-3.83646708],[-38.53240608,-3.83661065],[-38.53236199,-3.8368094],[-38.53237287,-3.83701923],[-38.53242775,-3.83719595],[-38.53251799,-3.83734925],[-38.53252661,-3.83736165],[-38.53268044,-3.83752739],[-38.53281226,-3.83772623],[-38.53294409,-3.837903],[-38.53303198,-3.83803556],[-38.53317502,-3.83816231],[-38.53326106,-3.83824528],[-38.53342724,-3.83838749],[-38.5334908,-3.83843728],[-38.53356509,-3.8384622],[-38.53365001,-3.83847998],[-38.53375248,-3.83853332],[-38.53385501,-3.83861869],[-38.53395054,-3.83868976],[-38.53404243,-3.83880352],[-38.53411841,-3.83887639],[-38.53424207,-3.83902925],[-38.53434103,-3.83923177],[-38.53436924,-3.83936323],[-38.53437981,-3.83946981],[-38.53434086,-3.83954795],[-38.5343054,-3.83967232],[-38.53427001,-3.83982682],[-38.53425221,-3.83994043],[-38.53426989,-3.84004348],[-38.53430876,-3.84011814],[-38.53441125,-3.84013593],[-38.53454573,-3.84011112],[-38.53473668,-3.84007929],[-38.53488168,-3.84009357],[-38.53503378,-3.84012921],[-38.53512572,-3.84017187],[-38.53517873,-3.84022871],[-38.53525298,-3.84033179],[-38.53529889,-3.8403709],[-38.53533076,-3.8403958],[-38.53534137,-3.84042783],[-38.53533073,-3.84045623],[-38.53529881,-3.84051655],[-38.53529877,-3.84060186],[-38.53531285,-3.84071911],[-38.53534113,-3.84087011],[-38.53532686,-3.8409518],[-38.53530564,-3.84104415],[-38.53532323,-3.84116846],[-38.53537271,-3.84127153],[-38.53544697,-3.84135688],[-38.53554591,-3.8414351],[-38.53556362,-3.84148839],[-38.53554584,-3.84155234],[-38.53546798,-3.84164819],[-38.53534062,-3.84181331],[-38.53520965,-3.84201218],[-38.53516708,-3.84212234],[-38.53514587,-3.84220049],[-38.53515647,-3.84226084],[-38.53522358,-3.84239585],[-38.53528009,-3.84250254],[-38.53529069,-3.84255583],[-38.53525878,-3.8425949],[-38.53523047,-3.84264817],[-38.53524458,-3.84270499],[-38.53529058,-3.8427583],[-38.53535063,-3.84279026],[-38.53540729,-3.84279029],[-38.53549214,-3.84276908],[-38.53554167,-3.84278331],[-38.53560342,-3.84283437],[-38.53569355,-3.84288318],[-38.53573606,-3.84289985],[-38.53579279,-3.84290702],[-38.53582115,-3.84293789],[-38.535847,-3.84308744],[-38.53585216,-3.84315253],[-38.53826456,-3.84044425],[-38.53833316,-3.84047732],[-38.53839039,-3.84051528],[-38.53846188,-3.84057631],[-38.53902172,-3.84136327],[-38.53933945,-3.84179515],[-38.53949366,-3.84201164],[-38.53974549,-3.84368544],[-38.54039053,-3.84757126],[-38.54084232,-3.85035919],[-38.54135871,-3.85336727],[-38.54284409,-3.85282046],[-38.54464096,-3.85215924],[-38.54531211,-3.85178861],[-38.5506731,-3.84962105],[-38.55088345,-3.8493667],[-38.55344445,-3.84839565],[-38.55694499,-3.84699933],[-38.55727016,-3.84684538],[-38.55729219,-3.84692689],[-38.55943411,-3.84612525],[-38.55952408,-3.84610866],[-38.5608511,-3.84563498],[-38.56311704,-3.84482302],[-38.56557068,-3.84386813],[-38.56548804,-3.84363337],[-38.56547289,-3.84356801],[-38.56564043,-3.84358949],[-38.56581222,-3.84360954],[-38.56601951,-3.84362961],[-38.56628218,-3.84363545],[-38.56635886,-3.84362408],[-38.56660024,-3.84360424],[-38.56673088,-3.84358291],[-38.56698364,-3.8435317],[-38.56739829,-3.84344919],[-38.56765461,-3.84338141],[-38.56793276,-3.84331126],[-38.56826385,-3.84322707],[-38.56858886,-3.84314411],[-38.56886396,-3.84307426],[-38.56895495,-3.84305077],[-38.56907333,-3.84302057],[-38.56954197,-3.84290009],[-38.56997714,-3.84278845],[-38.57053708,-3.8426457],[-38.57106233,-3.84251087],[-38.57121996,-3.84247244],[-38.57143785,-3.84241571],[-38.57224642,-3.84220798],[-38.57316606,-3.84197433],[-38.5738672,-3.84179558],[-38.57464198,-3.84159792],[-38.57509176,-3.84148384],[-38.57538786,-3.84140666],[-38.57572564,-3.84131973],[-38.57628741,-3.84117331],[-38.57705672,-3.8409732],[-38.57778433,-3.84078376],[-38.57824537,-3.8406651],[-38.57939659,-3.84036799],[-38.58006395,-3.84019625],[-38.58103258,-3.83994397],[-38.58147688,-3.8398256],[-38.58169355,-3.83976795],[-38.58226627,-3.83961358],[-38.58286395,-3.8394525],[-38.5829382,-3.83943664],[-38.58334879,-3.83939354],[-38.5833755,-3.83932072],[-38.58336931,-3.839233],[-38.58336667,-3.83919568],[-38.5833767,-3.83913718],[-38.58340843,-3.83904966],[-38.58346382,-3.83898419],[-38.58346442,-3.83895975],[-38.58344182,-3.8386726],[-38.58295861,-3.83717226],[-38.58251545,-3.83584942],[-38.58210058,-3.8345824],[-38.58160016,-3.83306371],[-38.58132191,-3.8321678],[-38.58093192,-3.83096594],[-38.58033249,-3.82911865],[-38.58010648,-3.82842215],[-38.57963619,-3.82697282],[-38.57953502,-3.82672231],[-38.57950463,-3.82666116],[-38.57947882,-3.82661637],[-38.57944169,-3.82656731],[-38.57935096,-3.82646622],[-38.5792966,-3.82643254],[-38.57924486,-3.82639647],[-38.57921075,-3.82636604],[-38.57917956,-3.82633183],[-38.57914763,-3.82628853],[-38.5791319,-3.82626542],[-38.57911922,-3.82623591],[-38.57910433,-3.82619895],[-38.5790921,-3.82615323],[-38.57908775,-3.82610583],[-38.5790883,-3.82605589],[-38.57909966,-3.82597345],[-38.57911314,-3.82591837],[-38.57913014,-3.82587004],[-38.57914856,-3.82582314],[-38.57915457,-3.825791],[-38.57915942,-3.82569858],[-38.57915734,-3.82559836],[-38.57914959,-3.82552443],[-38.57913507,-3.82543532],[-38.57894192,-3.82484903],[-38.57851634,-3.8235414],[-38.57822093,-3.82261049],[-38.57744614,-3.82286147],[-38.57725373,-3.82292399],[-38.57692159,-3.82304149],[-38.57612833,-3.82329478],[-38.57568656,-3.82342626],[-38.57532325,-3.82354051],[-38.57451358,-3.82379994],[-38.5740538,-3.8239656],[-38.57413798,-3.82428875],[-38.57338847,-3.82525651],[-38.57295574,-3.82558069],[-38.57285146,-3.82564217],[-38.5724494,-3.82588054],[-38.57203014,-3.82612214],[-38.57187749,-3.82621274],[-38.57183018,-3.82624942],[-38.57142378,-3.82656767],[-38.57118726,-3.82674567],[-38.57088298,-3.82700784],[-38.57061527,-3.82723441],[-38.57065017,-3.82727922],[-38.57058566,-3.82733586],[-38.57048029,-3.82743297],[-38.5703889,-3.82751874],[-38.57018461,-3.82770593],[-38.5700529,-3.82782677],[-38.56988086,-3.82798699],[-38.5697814,-3.8280868],[-38.56973033,-3.82813589],[-38.56967925,-3.82819308],[-38.56963947,-3.82823786],[-38.56958409,-3.82828695],[-38.56952657,-3.82833388],[-38.56925617,-3.82855504],[-38.56892717,-3.82882691],[-38.56862345,-3.82906479],[-38.56810576,-3.82949094],[-38.56748541,-3.82996938],[-38.56667315,-3.83058537],[-38.56661832,-3.83062205],[-38.56656887,-3.83064199],[-38.56652641,-3.83065871],[-38.56649148,-3.8306684],[-38.56646354,-3.83067325],[-38.56643237,-3.83067647],[-38.56640281,-3.83067538],[-38.56635714,-3.83067103],[-38.56631201,-3.83065968],[-38.56627171,-3.83065426],[-38.56619648,-3.83065908],[-38.56613145,-3.83067146],[-38.56607932,-3.83068547],[-38.56602557,-3.83070109],[-38.56588745,-3.83075608],[-38.56580683,-3.83078086],[-38.56574341,-3.83079648],[-38.5656671,-3.83081102],[-38.56550481,-3.830839],[-38.56540592,-3.83086972],[-38.56534787,-3.83088858],[-38.56530057,-3.83091069],[-38.56525059,-3.83093819],[-38.56519146,-3.83096839],[-38.56513986,-3.83099373],[-38.56506085,-3.83102769],[-38.56494153,-3.83107405],[-38.56464163,-3.83118941],[-38.56385587,-3.83147399],[-38.56310666,-3.83174241],[-38.56228435,-3.83203345],[-38.56146754,-3.83233332],[-38.56146143,-3.83231605],[-38.56101235,-3.83105504],[-38.56077765,-3.83039282],[-38.56075035,-3.83032064],[-38.56069402,-3.83011491],[-38.56061154,-3.82984489],[-38.56042565,-3.82931097],[-38.56010903,-3.82842052],[-38.55984675,-3.827668],[-38.55970094,-3.82724747],[-38.55956958,-3.82688425],[-38.55952488,-3.82675383],[-38.55929256,-3.82682684],[-38.55918692,-3.82686285],[-38.55896151,-3.82597781],[-38.55888272,-3.82559956],[-38.55885585,-3.82518933],[-38.55887208,-3.82452374],[-38.55877997,-3.82362821],[-38.55873776,-3.8231569],[-38.55869383,-3.82291553],[-38.55811484,-3.82106806],[-38.55807284,-3.82081465],[-38.55800593,-3.82051786],[-38.5578565,-3.82003135],[-38.55720007,-3.81789421],[-38.55611525,-3.81436234],[-38.55581396,-3.81338673],[-38.55525646,-3.81158773],[-38.55461498,-3.80947277],[-38.55468337,-3.80944942],[-38.5548795,-3.80933101],[-38.55492273,-3.80930453],[-38.55506819,-3.80916308],[-38.55546301,-3.80877085],[-38.55561969,-3.80862038],[-38.55581064,-3.80844174],[-38.55598418,-3.80826704],[-38.55626835,-3.80799034],[-38.55650423,-3.80775872],[-38.55689455,-3.80737888],[-38.55704899,-3.80723687],[-38.55728992,-3.80700244],[-38.55751793,-3.80677927],[-38.55770327,-3.80658427],[-38.5578746,-3.80633514],[-38.55800812,-3.80613059],[-38.558996,-3.80448636],[-38.55974706,-3.80327778],[-38.55985492,-3.80311658],[-38.55994706,-3.80295311],[-38.56001675,-3.80278963],[-38.5600662,-3.80268252],[-38.56009318,-3.80260472],[-38.56012691,-3.80250776],[-38.56022082,-3.80217739],[-38.56025451,-3.80207528],[-38.56030345,-3.80195246],[-38.56033437,-3.80185606],[-38.5603799,-3.80173429],[-38.56042487,-3.80160068],[-38.56047489,-3.80148399],[-38.56052826,-3.80139098],[-38.56057882,-3.80131319],[-38.56069004,-3.80117454],[-38.56113945,-3.80060299],[-38.56122276,-3.80049704],[-38.5614404,-3.80021781],[-38.56177582,-3.79978747],[-38.56180777,-3.79967478],[-38.56187133,-3.79945054],[-38.56195906,-3.79915535],[-38.56198295,-3.799075],[-38.56207256,-3.79876013],[-38.56221322,-3.79826594],[-38.56231954,-3.79787954],[-38.56235196,-3.79776785],[-38.56239789,-3.79762744],[-38.56245766,-3.79747064],[-38.56254857,-3.79722991],[-38.5626096,-3.79706679],[-38.56270443,-3.79684626],[-38.56283352,-3.79658858],[-38.56300615,-3.79625016],[-38.56310143,-3.79606686],[-38.56311747,-3.79603626],[-38.56313005,-3.79601575],[-38.56314451,-3.7959962],[-38.56319638,-3.79592617],[-38.56349523,-3.79556179],[-38.56347257,-3.79550124],[-38.56335194,-3.79519319],[-38.5630225,-3.7943655],[-38.56283319,-3.79389374],[-38.56256797,-3.79322272],[-38.56255463,-3.79310069],[-38.56207358,-3.79180453],[-38.5617155,-3.79088037],[-38.56122599,-3.78958015],[-38.560629,-3.78799444],[-38.56065914,-3.78799722],[-38.56069345,-3.78799036],[-38.56074371,-3.78798804],[-38.56079171,-3.78799267],[-38.5608534,-3.78799044],[-38.56090375,-3.78798359],[-38.56096545,-3.78796752],[-38.56101805,-3.78794683],[-38.5610638,-3.78794686],[-38.56112324,-3.78795838],[-38.56117573,-3.78797224],[-38.56121923,-3.78798602],[-38.56124661,-3.78798603],[-38.56126724,-3.7879608],[-38.56128553,-3.78794009],[-38.56132672,-3.7878919],[-38.56136788,-3.78787817],[-38.56143759,-3.78786554],[-38.56151758,-3.78784269],[-38.56167538,-3.78780595],[-38.56179653,-3.78777163],[-38.56191884,-3.78775098],[-38.56223436,-3.78768917],[-38.56236234,-3.78767774],[-38.56260814,-3.78762965],[-38.5627019,-3.78759984],[-38.56281847,-3.78754246],[-38.56295107,-3.78748743],[-38.56305854,-3.7874209],[-38.56312719,-3.78737959],[-38.5631798,-3.78735212],[-38.56326437,-3.78734755],[-38.56334209,-3.7873361],[-38.56342784,-3.78732691],[-38.56350323,-3.78729945],[-38.56358096,-3.78727651],[-38.56364501,-3.78725818],[-38.56371589,-3.78723523],[-38.56379363,-3.78721003],[-38.56388055,-3.78718022],[-38.56393541,-3.78715501],[-38.56401315,-3.78712746],[-38.56411034,-3.78709765],[-38.56413321,-3.78710915],[-38.56415833,-3.78711604],[-38.56418347,-3.78709769],[-38.56421095,-3.78707246],[-38.56424978,-3.78704724],[-38.56428869,-3.7870289],[-38.56432067,-3.78701969],[-38.56434353,-3.78703806],[-38.56438694,-3.78703582],[-38.5644235,-3.78704272],[-38.56447609,-3.78705188],[-38.56452635,-3.7870519],[-38.56457894,-3.78705654],[-38.56462928,-3.78705657],[-38.56467729,-3.78705659],[-38.56472529,-3.787052],[-38.5647687,-3.78704515],[-38.56481553,-3.78704753],[-38.56485219,-3.78704293],[-38.56489786,-3.7870292],[-38.56494361,-3.78702226],[-38.56499847,-3.78700854],[-38.56503736,-3.7870338],[-38.56506013,-3.78705905],[-38.56509669,-3.78707291],[-38.565131,-3.78707293],[-38.56516991,-3.78706146],[-38.56520423,-3.78704998],[-38.56524765,-3.78703852],[-38.56528196,-3.78703392],[-38.56531392,-3.7870523],[-38.56535048,-3.7870753],[-38.56538938,-3.78709142],[-38.56545564,-3.78712357],[-38.56548535,-3.78714656],[-38.56551505,-3.78718792],[-38.56552188,-3.78722465],[-38.56552186,-3.787266],[-38.56553436,-3.78730273],[-38.5655755,-3.78733261],[-38.56561898,-3.78736936],[-38.56565093,-3.7874061],[-38.56567604,-3.7874452],[-38.56569205,-3.7874842],[-38.56570573,-3.78751641],[-38.56573769,-3.78753705],[-38.56576515,-3.78754168],[-38.56582459,-3.78754171],[-38.56587034,-3.78754173],[-38.56592979,-3.78753489],[-38.56598923,-3.78752343],[-38.56605777,-3.78751197],[-38.56611947,-3.78750278],[-38.56616747,-3.78749828],[-38.56622691,-3.78750057],[-38.56629329,-3.78749147],[-38.56637445,-3.78746391],[-38.56641786,-3.78745706],[-38.56648639,-3.78746397],[-38.56656186,-3.78747088],[-38.56663958,-3.78747092],[-38.56671268,-3.78753293],[-38.5667383,-3.78755445],[-38.56678812,-3.78759159],[-38.56680216,-3.78759358],[-38.56685669,-3.78760183],[-38.56691843,-3.78761002],[-38.56697138,-3.78762492],[-38.56706311,-3.78765954],[-38.56711225,-3.787704],[-38.56715899,-3.78777313],[-38.56723883,-3.7878683],[-38.56729566,-3.7879334],[-38.56731732,-3.7879537],[-38.56734012,-3.78797269],[-38.56736399,-3.78799031],[-38.56738885,-3.7880065],[-38.56741461,-3.78802119],[-38.56744118,-3.78803435],[-38.56745568,-3.78803995],[-38.56747075,-3.7880437],[-38.56748616,-3.78804557],[-38.56750169,-3.7880455],[-38.56759385,-3.78803839],[-38.56762099,-3.78803524],[-38.56764792,-3.78803059],[-38.56767455,-3.78802447],[-38.56768852,-3.78802133],[-38.56770266,-3.78801911],[-38.56771692,-3.78801782],[-38.56773123,-3.78801747],[-38.56774553,-3.78801804],[-38.56775976,-3.78801955],[-38.56777387,-3.78802199],[-38.56779764,-3.78802775],[-38.56782098,-3.7880351],[-38.56784376,-3.78804401],[-38.5678659,-3.78805445],[-38.56788325,-3.7880626],[-38.56790111,-3.78806954],[-38.56791941,-3.78807522],[-38.56793805,-3.78807963],[-38.56806745,-3.78810554],[-38.56809643,-3.78811045],[-38.56812565,-3.78811363],[-38.568155,-3.78811505],[-38.56824506,-3.78811372],[-38.56833483,-3.78810639],[-38.56837108,-3.78810327],[-38.56840745,-3.78810225],[-38.56844382,-3.78810334],[-38.56848006,-3.78810652],[-38.5685377,-3.78811468],[-38.56859489,-3.78812557],[-38.5687417,-3.78815189],[-38.5687575,-3.7881546],[-38.56877312,-3.78815816],[-38.56878854,-3.78816256],[-38.56880369,-3.78816778],[-38.56894231,-3.78821993],[-38.5692209,-3.78832128],[-38.56935882,-3.78837215],[-38.56942292,-3.78839625],[-38.56953122,-3.78843978],[-38.56967057,-3.78850102],[-38.56969957,-3.788514],[-38.56975197,-3.78853437],[-38.56988354,-3.78858389],[-38.57004237,-3.78865429],[-38.57006582,-3.78866538],[-38.57009776,-3.78867927],[-38.57013018,-3.788692],[-38.5702453,-3.78873847],[-38.57026214,-3.78874746],[-38.57027839,-3.78875748],[-38.570294,-3.78876848],[-38.57037671,-3.78883091],[-38.57040347,-3.78885057],[-38.57045389,-3.78888443],[-38.5704633,-3.78889067],[-38.57047243,-3.78889733],[-38.57048197,-3.78890514],[-38.57049096,-3.78891358],[-38.57049937,-3.78892261],[-38.57050714,-3.78893219],[-38.57052974,-3.78896035],[-38.57055392,-3.78898716],[-38.57056966,-3.78900306],[-38.57060346,-3.78903726],[-38.57063595,-3.78907273],[-38.57064897,-3.78908855],[-38.57066088,-3.78910524],[-38.57068525,-3.78914167],[-38.57073916,-3.78922004],[-38.57077852,-3.78927389],[-38.57082,-3.78932611],[-38.57083804,-3.78934755],[-38.57093382,-3.78946157],[-38.57096011,-3.78949364],[-38.57100449,-3.7895486],[-38.57101973,-3.78956881],[-38.5710338,-3.78958986],[-38.57104665,-3.78961167],[-38.57105598,-3.78962978],[-38.5710838,-3.7896849],[-38.57111357,-3.78973853],[-38.57114626,-3.78979229],[-38.57118094,-3.78984478],[-38.57120261,-3.78987758],[-38.57122835,-3.78992039],[-38.57127364,-3.78999433],[-38.57132359,-3.79006517],[-38.57133366,-3.79007835],[-38.57135389,-3.79010628],[-38.5713723,-3.79013545],[-38.57144393,-3.79024891],[-38.57145347,-3.79026287],[-38.57149909,-3.79032501],[-38.57154726,-3.79038713],[-38.57158161,-3.7904279],[-38.57160759,-3.79045763],[-38.57162473,-3.79047586],[-38.5716429,-3.79049307],[-38.57166202,-3.79050919],[-38.57169757,-3.79053605],[-38.5717344,-3.79056111],[-38.57176043,-3.79057708],[-38.57178734,-3.79059148],[-38.57181505,-3.79060427],[-38.57184346,-3.7906154],[-38.57187247,-3.79062484],[-38.57191385,-3.79063809],[-38.57195528,-3.79065368],[-38.57199586,-3.79067137],[-38.57204056,-3.79069395],[-38.57208081,-3.79072535],[-38.57226561,-3.79078113],[-38.57245692,-3.79083886],[-38.57264609,-3.79089595],[-38.57283212,-3.7909521],[-38.57302355,-3.79100987],[-38.57321874,-3.79106729],[-38.57442231,-3.79145897],[-38.57468472,-3.791456],[-38.57465735,-3.79082838],[-38.57813576,-3.79071384],[-38.57810128,-3.7900654],[-38.57843846,-3.79042192],[-38.5793664,-3.79142433],[-38.57983542,-3.79193315],[-38.58032127,-3.79246228],[-38.58160154,-3.79384321],[-38.58301213,-3.79535822],[-38.58314896,-3.79523048],[-38.58351757,-3.79487494],[-38.58362418,-3.79476849],[-38.58370056,-3.79469823],[-38.58417948,-3.79424103],[-38.58475756,-3.79486329],[-38.58565036,-3.79584728],[-38.58636983,-3.79662691],[-38.58670084,-3.79579054],[-38.58707867,-3.79486881],[-38.58743267,-3.79396057],[-38.58777319,-3.7931112],[-38.58810703,-3.79225455],[-38.5886185,-3.79100259],[-38.5880194,-3.79037518],[-38.58693365,-3.78926122],[-38.58568775,-3.78798128],[-38.58545235,-3.78778043],[-38.58515988,-3.78753189],[-38.58482583,-3.78732278],[-38.5846443,-3.78691322],[-38.5844665,-3.78655971],[-38.5842704,-3.78629015],[-38.58398714,-3.78586105],[-38.58370736,-3.78545038],[-38.58344885,-3.78509382],[-38.58325022,-3.78486608],[-38.58286794,-3.78442191],[-38.5826719,-3.78419763],[-38.58258289,-3.78409428],[-38.58246262,-3.78395417],[-38.5823347,-3.78380928],[-38.58201862,-3.78344061],[-38.58182576,-3.78322058],[-38.581688,-3.78306209],[-38.58163688,-3.78300322],[-38.58138971,-3.78272034],[-38.58131792,-3.78263856],[-38.58120109,-3.78250777],[-38.58093511,-3.78220065],[-38.5807502,-3.78199048],[-38.58047707,-3.78167909],[-38.5802821,-3.78145454],[-38.58020183,-3.78136451],[-38.58012792,-3.78127767],[-38.57982897,-3.7809226],[-38.57942204,-3.78045814],[-38.57926526,-3.78027488],[-38.57904711,-3.78002916],[-38.57865923,-3.77959886],[-38.57850536,-3.77941372],[-38.57808694,-3.7789422],[-38.5780298,-3.77887726],[-38.57791016,-3.77874398],[-38.57773024,-3.77853451],[-38.57770839,-3.77850727],[-38.57768177,-3.77847784],[-38.57751295,-3.7782828],[-38.5774097,-3.77816578],[-38.57731089,-3.77805071],[-38.57719618,-3.77792125],[-38.57708545,-3.77779419],[-38.57702955,-3.777731],[-38.57684153,-3.77751417],[-38.57673715,-3.77739457],[-38.57663808,-3.77728242],[-38.57643621,-3.77705148],[-38.57627912,-3.77687155],[-38.5762028,-3.77678002],[-38.57596161,-3.77651287],[-38.57576267,-3.77628771],[-38.57514085,-3.77559568],[-38.57486948,-3.77529419],[-38.57463353,-3.77503658],[-38.57321492,-3.77347949],[-38.57284404,-3.77309304],[-38.57215815,-3.77236494],[-38.57173085,-3.77192313],[-38.57128411,-3.77147058],[-38.57085757,-3.77102699],[-38.57060723,-3.77059667],[-38.57045379,-3.77025513],[-38.57041428,-3.77017833],[-38.57038052,-3.77009139],[-38.56981719,-3.76787933],[-38.56968834,-3.76761437],[-38.56936177,-3.7671967],[-38.56906668,-3.76690286],[-38.56828443,-3.76636115],[-38.56802945,-3.76610188],[-38.5675024,-3.76537601],[-38.56670831,-3.76413909],[-38.56538659,-3.7648426],[-38.56508541,-3.7650005],[-38.56474354,-3.7651502],[-38.56380477,-3.76556119],[-38.55981364,-3.76723638],[-38.55971441,-3.76699364],[-38.5595805,-3.76666729],[-38.55938221,-3.76618623],[-38.55920726,-3.76576048],[-38.55898816,-3.76522327],[-38.55877571,-3.76470617],[-38.55868074,-3.76447234],[-38.55857993,-3.76422678],[-38.5584508,-3.76391585],[-38.55832084,-3.76359403],[-38.55824732,-3.7634108],[-38.55809319,-3.7630412],[-38.55790324,-3.76258276],[-38.55773246,-3.76217126],[-38.5576833,-3.76206231],[-38.55761747,-3.76192234],[-38.55753164,-3.76175053],[-38.55745081,-3.76159715],[-38.55737331,-3.76145969],[-38.5572933,-3.7613281],[-38.55722245,-3.76121411],[-38.55715161,-3.76111017],[-38.55706575,-3.76098444],[-38.55699907,-3.76089056],[-38.55692655,-3.76080087],[-38.55683819,-3.76069022],[-38.55671898,-3.76055106],[-38.5565812,-3.76038696],[-38.55642508,-3.76020857],[-38.55622706,-3.75998744],[-38.55597543,-3.75971157],[-38.55587112,-3.75959529],[-38.55579662,-3.75951018],[-38.55557787,-3.75926864],[-38.55548668,-3.75916555],[-38.55537642,-3.75903969],[-38.55522502,-3.75886828],[-38.55510939,-3.75873942],[-38.55499138,-3.75860936],[-38.55491688,-3.75852485],[-38.55484714,-3.75844453],[-38.5547631,-3.75835283],[-38.55466297,-3.75824135],[-38.55452409,-3.75808013],[-38.55428866,-3.75781821],[-38.55416767,-3.75768335],[-38.5539984,-3.75749216],[-38.5538768,-3.7573585],[-38.55367594,-3.75712895],[-38.55359369,-3.75703336],[-38.55351561,-3.75694705],[-38.55377649,-3.75671834],[-38.55414999,-3.75637705],[-38.55475021,-3.755831],[-38.55518815,-3.75542984],[-38.55538035,-3.75525633],[-38.55528177,-3.75515593],[-38.55540884,-3.75502455],[-38.55194862,-3.75159352],[-38.551223,-3.7508467],[-38.5511765,-3.75079884],[-38.55049588,-3.75011775],[-38.54980713,-3.74943709],[-38.54892271,-3.74856608],[-38.54832368,-3.74797166],[-38.54766659,-3.74732682],[-38.54654771,-3.74620698],[-38.54541299,-3.74508316],[-38.5451557,-3.74482973],[-38.54493538,-3.74456041],[-38.54479476,-3.74439352],[-38.54466097,-3.74421812],[-38.54422561,-3.74368479],[-38.54384365,-3.74327128],[-38.54361868,-3.7430718],[-38.54332834,-3.7428966],[-38.54325452,-3.74269631],[-38.54315043,-3.74231301],[-38.54308727,-3.74191115],[-38.54307281,-3.74179445],[-38.54307829,-3.74141252],[-38.5431287,-3.7409484],[-38.54321346,-3.74041004],[-38.54332204,-3.7397762],[-38.54340147,-3.73933862],[-38.54351269,-3.73870744],[-38.54364242,-3.73800731],[-38.54361388,-3.73799913],[-38.54265038,-3.73761248],[-38.54163936,-3.73721087],[-38.54162948,-3.73721054],[-38.54161959,-3.73721037],[-38.5416097,-3.73721037],[-38.54159981,-3.73721055],[-38.54158993,-3.73721089],[-38.54158005,-3.7372114],[-38.54157019,-3.73721208],[-38.54156033,-3.73721293],[-38.54155049,-3.73721394],[-38.54154068,-3.73721513],[-38.54153088,-3.73721648],[-38.5415211,-3.737218],[-38.54151136,-3.73721969],[-38.54150164,-3.73722154],[-38.54149196,-3.73722356],[-38.53880142,-3.73774768],[-38.53860368,-3.73778664],[-38.53859338,-3.73778846],[-38.53858319,-3.73779082],[-38.53857314,-3.73779371],[-38.53856325,-3.73779711],[-38.53855355,-3.73780103],[-38.53854406,-3.73780545],[-38.53853481,-3.73781035],[-38.53852583,-3.73781574],[-38.53851715,-3.73782158],[-38.53850877,-3.73782787],[-38.53850073,-3.73783458],[-38.53817223,-3.73813337],[-38.5377935,-3.73774868],[-38.53776974,-3.73772385],[-38.53774641,-3.73769861],[-38.5377235,-3.73767298],[-38.53770102,-3.73764696],[-38.53767899,-3.73762056],[-38.53765741,-3.7375938],[-38.53763628,-3.73756667],[-38.5376156,-3.73753918],[-38.5375954,-3.73751135],[-38.53757567,-3.73748318],[-38.53755641,-3.73745468],[-38.53753764,-3.73742585],[-38.53751935,-3.73739671],[-38.53750156,-3.73736726],[-38.53748427,-3.73733751],[-38.53746748,-3.73730748],[-38.5374512,-3.73727716],[-38.53743543,-3.73724657],[-38.53714926,-3.73628891],[-38.53678509,-3.73506162],[-38.53668437,-3.73472201],[-38.53663529,-3.73455151],[-38.53650876,-3.73412669],[-38.53630974,-3.73345552],[-38.53621816,-3.73314758],[-38.53618484,-3.73304475],[-38.53605217,-3.73308554],[-38.53591701,-3.73312557],[-38.53485535,-3.73346457],[-38.53400855,-3.73373218],[-38.532779,-3.7341314],[-38.53236075,-3.73426069],[-38.5318948,-3.73440186],[-38.53115642,-3.73462557],[-38.53062559,-3.73478898],[-38.52864889,-3.73541772],[-38.52766578,-3.73572487],[-38.52659136,-3.7360668],[-38.52579053,-3.73632079],[-38.52528686,-3.73647928],[-38.52424812,-3.73680315],[-38.52392831,-3.73690353]]]},"geometry_name":"The_geom","properties":{"id":4,"nome":"Distrito 4","area_ha":5961,"fonte":"SME - Secretaria Municipal de Educação de Fortaleza","ano_ref":2023,"data_atual":"08/Ago/2023","epsg_codif":"EPSG: 31984 (SIRGAS 2000 - UTM 24S); Codificação: UTF-8"}},{"type":"Feature","id":"vw_DistritosEducacao_2023.fid-3da4354c_18dace4b5a0_-54b8","geometry":{"type":"Polygon","coordinates":[[[-38.53618484,-3.73304475],[-38.53621816,-3.73314758],[-38.53630974,-3.73345552],[-38.53650876,-3.73412669],[-38.53663529,-3.73455151],[-38.53668437,-3.73472201],[-38.53678509,-3.73506162],[-38.53714926,-3.73628891],[-38.53743543,-3.73724657],[-38.5374512,-3.73727716],[-38.53746748,-3.73730748],[-38.53748427,-3.73733751],[-38.53750156,-3.73736726],[-38.53751935,-3.73739671],[-38.53753764,-3.73742585],[-38.53755641,-3.73745468],[-38.53757567,-3.73748318],[-38.5375954,-3.73751135],[-38.5376156,-3.73753918],[-38.53763628,-3.73756667],[-38.53765741,-3.7375938],[-38.53767899,-3.73762056],[-38.53770102,-3.73764696],[-38.5377235,-3.73767298],[-38.53774641,-3.73769861],[-38.53776974,-3.73772385],[-38.5377935,-3.73774868],[-38.53817223,-3.73813337],[-38.53850073,-3.73783458],[-38.53850877,-3.73782787],[-38.53851715,-3.73782158],[-38.53852583,-3.73781574],[-38.53853481,-3.73781035],[-38.53854406,-3.73780545],[-38.53855355,-3.73780103],[-38.53856325,-3.73779711],[-38.53857314,-3.73779371],[-38.53858319,-3.73779082],[-38.53859338,-3.73778846],[-38.53860368,-3.73778664],[-38.53880142,-3.73774768],[-38.54149196,-3.73722356],[-38.54150164,-3.73722154],[-38.54151136,-3.73721969],[-38.5415211,-3.737218],[-38.54153088,-3.73721648],[-38.54154068,-3.73721513],[-38.54155049,-3.73721394],[-38.54156033,-3.73721293],[-38.54157019,-3.73721208],[-38.54158005,-3.7372114],[-38.54158993,-3.73721089],[-38.54159981,-3.73721055],[-38.5416097,-3.73721037],[-38.54161959,-3.73721037],[-38.54162948,-3.73721054],[-38.54163936,-3.73721087],[-38.54265038,-3.73761248],[-38.54361388,-3.73799913],[-38.54364242,-3.73800731],[-38.54351269,-3.73870744],[-38.54340147,-3.73933862],[-38.54332204,-3.7397762],[-38.54321346,-3.74041004],[-38.5431287,-3.7409484],[-38.54307829,-3.74141252],[-38.54307281,-3.74179445],[-38.54308727,-3.74191115],[-38.54315043,-3.74231301],[-38.54325452,-3.74269631],[-38.54332834,-3.7428966],[-38.54361868,-3.7430718],[-38.54384365,-3.74327128],[-38.54422561,-3.74368479],[-38.54466097,-3.74421812],[-38.54479476,-3.74439352],[-38.54493538,-3.74456041],[-38.5451557,-3.74482973],[-38.54541299,-3.74508316],[-38.54654771,-3.74620698],[-38.54766659,-3.74732682],[-38.54832368,-3.74797166],[-38.54892271,-3.74856608],[-38.54980713,-3.74943709],[-38.55049588,-3.75011775],[-38.5511765,-3.75079884],[-38.551223,-3.7508467],[-38.55194862,-3.75159352],[-38.55540884,-3.75502455],[-38.55528177,-3.75515593],[-38.55538035,-3.75525633],[-38.55518815,-3.75542984],[-38.55475021,-3.755831],[-38.55414999,-3.75637705],[-38.55377649,-3.75671834],[-38.55351561,-3.75694705],[-38.55359369,-3.75703336],[-38.55367594,-3.75712895],[-38.5538768,-3.7573585],[-38.5539984,-3.75749216],[-38.55416767,-3.75768335],[-38.55428866,-3.75781821],[-38.55452409,-3.75808013],[-38.55466297,-3.75824135],[-38.5547631,-3.75835283],[-38.55484714,-3.75844453],[-38.55491688,-3.75852485],[-38.55499138,-3.75860936],[-38.55510939,-3.75873942],[-38.55522502,-3.75886828],[-38.55537642,-3.75903969],[-38.55548668,-3.75916555],[-38.55557787,-3.75926864],[-38.55579662,-3.75951018],[-38.55587112,-3.75959529],[-38.55597543,-3.75971157],[-38.55622706,-3.75998744],[-38.55642508,-3.76020857],[-38.5565812,-3.76038696],[-38.55671898,-3.76055106],[-38.55683819,-3.76069022],[-38.55692655,-3.76080087],[-38.55699907,-3.76089056],[-38.55706575,-3.76098444],[-38.55715161,-3.76111017],[-38.55722245,-3.76121411],[-38.5572933,-3.7613281],[-38.55737331,-3.76145969],[-38.55745081,-3.76159715],[-38.55753164,-3.76175053],[-38.55761747,-3.76192234],[-38.5576833,-3.76206231],[-38.55773246,-3.76217126],[-38.55790324,-3.76258276],[-38.55809319,-3.7630412],[-38.55824732,-3.7634108],[-38.55832084,-3.76359403],[-38.5584508,-3.76391585],[-38.55857993,-3.76422678],[-38.55868074,-3.76447234],[-38.55877571,-3.76470617],[-38.55898816,-3.76522327],[-38.55920726,-3.76576048],[-38.55938221,-3.76618623],[-38.5595805,-3.76666729],[-38.55971441,-3.76699364],[-38.55981364,-3.76723638],[-38.56380477,-3.76556119],[-38.56474354,-3.7651502],[-38.56508541,-3.7650005],[-38.56538659,-3.7648426],[-38.56670831,-3.76413909],[-38.5675024,-3.76537601],[-38.56802945,-3.76610188],[-38.56828443,-3.76636115],[-38.56906668,-3.76690286],[-38.56936177,-3.7671967],[-38.56968834,-3.76761437],[-38.56981719,-3.76787933],[-38.57038052,-3.77009139],[-38.57041428,-3.77017833],[-38.57045379,-3.77025513],[-38.57060723,-3.77059667],[-38.57085757,-3.77102699],[-38.57128411,-3.77147058],[-38.57173085,-3.77192313],[-38.57215815,-3.77236494],[-38.57284404,-3.77309304],[-38.57321492,-3.77347949],[-38.57463353,-3.77503658],[-38.57486948,-3.77529419],[-38.57514085,-3.77559568],[-38.57576267,-3.77628771],[-38.57596161,-3.77651287],[-38.5762028,-3.77678002],[-38.57673046,-3.77656983],[-38.57694441,-3.77648659],[-38.57700511,-3.77646799],[-38.57705469,-3.77645417],[-38.57709471,-3.77644806],[-38.57765984,-3.77640121],[-38.57777276,-3.77638875],[-38.57790345,-3.77636778],[-38.5779737,-3.77635397],[-38.57805508,-3.77633297],[-38.57811367,-3.7763141],[-38.57819001,-3.77628556],[-38.57825735,-3.77626038],[-38.57858556,-3.77612315],[-38.5786158,-3.77611037],[-38.57893021,-3.77597741],[-38.57903678,-3.77593912],[-38.57911419,-3.77591413],[-38.57919849,-3.77588914],[-38.57931248,-3.77586044],[-38.57946358,-3.77582484],[-38.57969686,-3.7757733],[-38.58002292,-3.77569997],[-38.58036329,-3.77562611],[-38.58091944,-3.77550497],[-38.58125637,-3.77542552],[-38.58146791,-3.77537557],[-38.58160707,-3.77534207],[-38.58171093,-3.77531724],[-38.58176102,-3.775305],[-38.58190856,-3.77526949],[-38.58193261,-3.7752637],[-38.58195806,-3.77525705],[-38.58199146,-3.77524668],[-38.58203149,-3.77523286],[-38.58207113,-3.7752141],[-38.58209937,-3.77519841],[-38.58213436,-3.77517713],[-38.58217732,-3.77514519],[-38.58222081,-3.77511114],[-38.58228922,-3.77505366],[-38.58244089,-3.77492166],[-38.58261391,-3.77477116],[-38.58264401,-3.77474497],[-38.58282857,-3.77458264],[-38.58301472,-3.77442084],[-38.58317594,-3.77428087],[-38.58337854,-3.77409831],[-38.58341513,-3.77406105],[-38.58345332,-3.77402167],[-38.58348833,-3.77398174],[-38.58351272,-3.77395406],[-38.58362253,-3.77380874],[-38.58365595,-3.77376562],[-38.58368989,-3.77372783],[-38.5837302,-3.77369004],[-38.58376997,-3.77365438],[-38.5838124,-3.77362085],[-38.58385164,-3.77359211],[-38.58388717,-3.7735703],[-38.58425173,-3.77335587],[-38.58439306,-3.77327261],[-38.58440391,-3.77326621],[-38.5844922,-3.77321487],[-38.58459348,-3.7731614],[-38.58465854,-3.77313481],[-38.58467573,-3.77312992],[-38.58472282,-3.7731201],[-38.58473769,-3.773117],[-38.58478965,-3.77311441],[-38.58483285,-3.77311225],[-38.58486759,-3.77311256],[-38.5848962,-3.77311282],[-38.58493087,-3.77311672],[-38.58495796,-3.77311977],[-38.58500646,-3.77312752],[-38.58506158,-3.77314005],[-38.585093,-3.77314933],[-38.58511485,-3.77315579],[-38.58516706,-3.77317286],[-38.58521688,-3.77319152],[-38.58526936,-3.77321178],[-38.5853213,-3.77323577],[-38.58537059,-3.77325922],[-38.58546254,-3.77330746],[-38.58549126,-3.77332402],[-38.58550043,-3.77332931],[-38.5855423,-3.77335276],[-38.5855847,-3.77337701],[-38.58586426,-3.77353583],[-38.58610169,-3.77367174],[-38.58619761,-3.7737245],[-38.5862999,-3.77377461],[-38.58639689,-3.77381566],[-38.58646368,-3.77384285],[-38.58647567,-3.77384724],[-38.5865612,-3.77387857],[-38.58667675,-3.77391165],[-38.58673771,-3.77392392],[-38.58680291,-3.77393567],[-38.58687659,-3.7739405],[-38.58747667,-3.7739754],[-38.58792619,-3.7740049],[-38.58824637,-3.77402955],[-38.58850971,-3.7740535],[-38.58864076,-3.77406541],[-38.58902575,-3.77381851],[-38.58937095,-3.77360566],[-38.58962336,-3.77345029],[-38.58972729,-3.77339229],[-38.58986888,-3.77330077],[-38.58998766,-3.77321988],[-38.59023213,-3.77303788],[-38.59035887,-3.77295114],[-38.59048773,-3.77285907],[-38.59066304,-3.77270963],[-38.59070251,-3.77267599],[-38.59078365,-3.77261478],[-38.59086531,-3.77256264],[-38.5909475,-3.77251741],[-38.59130996,-3.77282271],[-38.59148695,-3.77296285],[-38.59155312,-3.77302409],[-38.5916136,-3.77308006],[-38.59166394,-3.77312109],[-38.59169944,-3.7731504],[-38.59182292,-3.77323672],[-38.59195646,-3.77333264],[-38.59202589,-3.77338592],[-38.59208099,-3.77343973],[-38.59214034,-3.77349781],[-38.5926543,-3.77403696],[-38.59395462,-3.77303217],[-38.5950619,-3.77216522],[-38.59556199,-3.77177512],[-38.59561287,-3.77179324],[-38.59571993,-3.7718327],[-38.59577824,-3.77185616],[-38.59583335,-3.77189346],[-38.59589482,-3.77195313],[-38.59594779,-3.7720309],[-38.59598195,-3.77210787],[-38.59600205,-3.77220054],[-38.59600477,-3.77224845],[-38.59601257,-3.77238586],[-38.5960162,-3.77254881],[-38.59602888,-3.77264999],[-38.59609877,-3.77282416],[-38.59611787,-3.77287552],[-38.59619425,-3.77285008],[-38.59631944,-3.77280239],[-38.59637497,-3.77277791],[-38.59644641,-3.77274495],[-38.59666538,-3.77258845],[-38.59689128,-3.77243679],[-38.5969512,-3.77239368],[-38.5970159,-3.77235218],[-38.59707582,-3.77231919],[-38.59714369,-3.77228674],[-38.59720519,-3.77226227],[-38.5974809,-3.7721511],[-38.5978311,-3.7720021],[-38.59796439,-3.77264469],[-38.59801245,-3.77282554],[-38.59806263,-3.77294961],[-38.59816513,-3.77307581],[-38.59834297,-3.77321887],[-38.59853132,-3.77329044],[-38.59867364,-3.77330943],[-38.59884737,-3.7733011],[-38.59995887,-3.7731292],[-38.60009492,-3.77313137],[-38.60026025,-3.7731756],[-38.60036906,-3.77323242],[-38.60045904,-3.77328292],[-38.60064104,-3.77351008],[-38.60108868,-3.77412213],[-38.60134809,-3.7744082],[-38.60144432,-3.77450496],[-38.60177705,-3.77467331],[-38.60206586,-3.77474704],[-38.60358874,-3.77491176],[-38.60367745,-3.77492439],[-38.60537066,-3.77512701],[-38.60590408,-3.77519171],[-38.60594597,-3.77519659],[-38.60598597,-3.77520125],[-38.6071308,-3.77543478],[-38.60762682,-3.77552752],[-38.60888703,-3.77569362],[-38.60983934,-3.77581685],[-38.61019114,-3.77586238],[-38.61154385,-3.77603742],[-38.61260388,-3.77617945],[-38.61312503,-3.77623224],[-38.61454508,-3.77637404],[-38.61649854,-3.77657861],[-38.61794414,-3.77672743],[-38.61957877,-3.77690897],[-38.62061899,-3.77700194],[-38.62117364,-3.77705685],[-38.62119309,-3.77705892],[-38.62118641,-3.77703534],[-38.62145317,-3.77702868],[-38.62101277,-3.77616815],[-38.62057314,-3.77533425],[-38.62047093,-3.77514827],[-38.62034644,-3.77490847],[-38.62025116,-3.7747439],[-38.62022494,-3.77469143],[-38.61985989,-3.77397366],[-38.6195449,-3.77336612],[-38.61945865,-3.77320351],[-38.61935986,-3.77300803],[-38.6192266,-3.77275765],[-38.61914477,-3.77260366],[-38.61906705,-3.77244262],[-38.61901041,-3.77234149],[-38.61891112,-3.77215045],[-38.61884989,-3.77203454],[-38.61878425,-3.7719103],[-38.61871276,-3.77177497],[-38.61851338,-3.7714021],[-38.61832088,-3.77101303],[-38.61816652,-3.77066715],[-38.61792225,-3.77029993],[-38.61763304,-3.76993402],[-38.61738536,-3.76958958],[-38.61711536,-3.76925058],[-38.61683775,-3.76887578],[-38.61679291,-3.76882885],[-38.61682135,-3.76878296],[-38.61694671,-3.7686642],[-38.61675174,-3.76836405],[-38.61661948,-3.7681125],[-38.61639894,-3.76762044],[-38.6161363,-3.76701626],[-38.61578178,-3.76621955],[-38.61561872,-3.76582475],[-38.61535601,-3.76524261],[-38.61505592,-3.76456529],[-38.6148542,-3.76409676],[-38.6145605,-3.76341475],[-38.61415951,-3.76247481],[-38.61401922,-3.7621401],[-38.61376306,-3.76157396],[-38.61347324,-3.76091865],[-38.61314135,-3.76015319],[-38.61257025,-3.75883706],[-38.61193643,-3.75743803],[-38.61184702,-3.75727345],[-38.61156078,-3.75674655],[-38.61121677,-3.75617367],[-38.61121097,-3.75616483],[-38.61099752,-3.75586039],[-38.61089111,-3.75570861],[-38.61085275,-3.75566357],[-38.60983124,-3.75446388],[-38.60934181,-3.75399615],[-38.60924992,-3.75391959],[-38.60866786,-3.75343463],[-38.60864818,-3.75341958],[-38.60826269,-3.75313149],[-38.60790615,-3.75286504],[-38.6070103,-3.75225864],[-38.60632869,-3.75180897],[-38.60557261,-3.75128936],[-38.6047508,-3.75074289],[-38.6041455,-3.75033379],[-38.60346274,-3.74987102],[-38.60269617,-3.7493704],[-38.60212371,-3.74897492],[-38.60210624,-3.74896285],[-38.60153948,-3.74864725],[-38.60133244,-3.74846557],[-38.60115975,-3.74825684],[-38.60099419,-3.7480358],[-38.60079584,-3.74768255],[-38.60064174,-3.74733469],[-38.60045947,-3.74682052],[-38.60017893,-3.74599137],[-38.59989768,-3.74517296],[-38.59988838,-3.74514591],[-38.59986792,-3.7450835],[-38.599577,-3.74419588],[-38.59942693,-3.74374993],[-38.59938955,-3.74364008],[-38.59919628,-3.74307204],[-38.59893107,-3.74222914],[-38.59918835,-3.74193751],[-38.59925381,-3.74186314],[-38.5993306,-3.74180629],[-38.59938262,-3.74175933],[-38.59940004,-3.74173947],[-38.59943464,-3.74170001],[-38.59946188,-3.74167786],[-38.59951387,-3.74165084],[-38.59960307,-3.74161108],[-38.59971703,-3.74157891],[-38.59978133,-3.74155686],[-38.59981858,-3.74154431],[-38.59986058,-3.74152349],[-38.59991246,-3.74151009],[-38.60000159,-3.74150515],[-38.60005356,-3.7415027],[-38.60009065,-3.74150276],[-38.60016746,-3.74151998],[-38.60020955,-3.74152739],[-38.60025162,-3.74155458],[-38.6002739,-3.74157682],[-38.60031103,-3.74160399],[-38.60034817,-3.74162376],[-38.60036673,-3.74164105],[-38.6003952,-3.74167317],[-38.60042243,-3.74170034],[-38.60046928,-3.74173008],[-38.60049612,-3.74173274],[-38.60053323,-3.74173521],[-38.60056292,-3.74173768],[-38.60059014,-3.74173768],[-38.60060994,-3.74174015],[-38.60072687,-3.74173438],[-38.60078386,-3.74172205],[-38.60085052,-3.7416949],[-38.60091997,-3.74164551],[-38.60094738,-3.7416183],[-38.60098204,-3.74158618],[-38.60102413,-3.74155407],[-38.60105879,-3.74151207],[-38.60109116,-3.74146505],[-38.60111573,-3.74142067],[-38.60115072,-3.74134883],[-38.60119002,-3.74126503],[-38.60120592,-3.74119567],[-38.60120439,-3.74116983],[-38.60120439,-3.74114901],[-38.60119994,-3.74110397],[-38.60120517,-3.74107943],[-38.60123955,-3.74087364],[-38.60142695,-3.7404356],[-38.60148871,-3.74029827],[-38.60150728,-3.74024139],[-38.60153324,-3.74011075],[-38.60155755,-3.74000672],[-38.60156244,-3.73997217],[-38.60158218,-3.73990304],[-38.60160171,-3.73984149],[-38.60160433,-3.73978212],[-38.60161691,-3.73971772],[-38.60162682,-3.73966831],[-38.60163131,-3.73963341],[-38.60164912,-3.73955713],[-38.60165902,-3.73949784],[-38.60168353,-3.739237],[-38.60168434,-3.7392272],[-38.60169404,-3.73911024],[-38.60170834,-3.73901835],[-38.601711,-3.7389614],[-38.60171572,-3.73890965],[-38.60171572,-3.73883554],[-38.6017182,-3.73876883],[-38.6017182,-3.73867003],[-38.60172315,-3.73858109],[-38.60172563,-3.73850203],[-38.60172316,-3.7384625],[-38.60171573,-3.73839827],[-38.60170084,-3.7383096],[-38.60169841,-3.7381784],[-38.60165635,-3.73801451],[-38.60164649,-3.73794772],[-38.60165074,-3.73782428],[-38.60165142,-3.73780441],[-38.60165386,-3.73773536],[-38.60165882,-3.73767607],[-38.60165882,-3.73762666],[-38.60166625,-3.73755996],[-38.60167863,-3.73750561],[-38.60170091,-3.73743891],[-38.60171824,-3.7374068],[-38.60175043,-3.73736233],[-38.60179252,-3.73731539],[-38.60182718,-3.73728575],[-38.60185689,-3.73726351],[-38.60190647,-3.73722877],[-38.60194617,-3.73721126],[-38.60204281,-3.73718154],[-38.60209329,-3.73714844],[-38.60219982,-3.73709158],[-38.60223704,-3.73707176],[-38.60225912,-3.73704966],[-38.60228405,-3.73701496],[-38.60230132,-3.73698039],[-38.60230616,-3.73693593],[-38.60230596,-3.73688894],[-38.60229361,-3.73685923],[-38.60227126,-3.73681219],[-38.60225159,-3.73677761],[-38.60221451,-3.73674551],[-38.60216064,-3.73670383],[-38.6020928,-3.73662332],[-38.60207017,-3.73658962],[-38.60201725,-3.73652617],[-38.60196781,-3.73646943],[-38.60190261,-3.73639463],[-38.60186309,-3.73634282],[-38.60180631,-3.73626637],[-38.60177165,-3.73621202],[-38.601552,-3.73585663],[-38.60152724,-3.73578252],[-38.60148763,-3.73567629],[-38.60146288,-3.7355997],[-38.6014406,-3.73553053],[-38.6014109,-3.73545642],[-38.60138614,-3.73538971],[-38.60135644,-3.73532301],[-38.60132425,-3.7352489],[-38.60129455,-3.73515008],[-38.60119006,-3.73486545],[-38.60118163,-3.7348425],[-38.60117078,-3.73481292],[-38.60116087,-3.73477834],[-38.60115345,-3.7346894],[-38.60114355,-3.73462517],[-38.60114108,-3.73457329],[-38.60114108,-3.734514],[-38.60114356,-3.73444977],[-38.60117822,-3.73439048],[-38.60130943,-3.73424714],[-38.60133245,-3.73422608],[-38.60136887,-3.73419275],[-38.60142091,-3.73416798],[-38.60148033,-3.7341458],[-38.60154228,-3.73412106],[-38.60160915,-3.73409141],[-38.60166131,-3.73407151],[-38.60175036,-3.73403949],[-38.6017948,-3.7340149],[-38.60184926,-3.7339902],[-38.60191104,-3.73396312],[-38.60196303,-3.73394336],[-38.60201997,-3.73390136],[-38.60205711,-3.7338643],[-38.60211157,-3.73381984],[-38.60212982,-3.73379832],[-38.60216511,-3.7337567],[-38.60219327,-3.73372349],[-38.60223289,-3.73367162],[-38.60230676,-3.73356099],[-38.60233647,-3.7335227],[-38.60246764,-3.73337579],[-38.60251467,-3.7333264],[-38.60254683,-3.73328445],[-38.60259142,-3.7332424],[-38.60264094,-3.73320041],[-38.60273501,-3.73314104],[-38.60283432,-3.73307989],[-38.60291079,-3.73301019],[-38.6029726,-3.73295582],[-38.60301526,-3.73288663],[-38.60307172,-3.73281503],[-38.60312123,-3.73276563],[-38.60318306,-3.73269155],[-38.60320776,-3.73265946],[-38.60324255,-3.73262482],[-38.60328463,-3.73258035],[-38.60332424,-3.73252848],[-38.60340595,-3.73249389],[-38.60345051,-3.73246671],[-38.60348269,-3.73243707],[-38.6035124,-3.73240496],[-38.60354459,-3.73237284],[-38.60356687,-3.7323432],[-38.60359866,-3.73229195],[-38.60362631,-3.73225975],[-38.60364486,-3.73223697],[-38.60367212,-3.73218882],[-38.60376358,-3.73202728],[-38.60425479,-3.73115968],[-38.6043746,-3.73093955],[-38.60458321,-3.73055629],[-38.60462585,-3.73037348],[-38.60464526,-3.73029029],[-38.60462196,-3.73011119],[-38.60462171,-3.73009431],[-38.60464775,-3.72996914],[-38.60475682,-3.72950129],[-38.60483609,-3.72927898],[-38.60507866,-3.72900722],[-38.60532343,-3.72868179],[-38.60546108,-3.72846935],[-38.60565066,-3.72817676],[-38.60578533,-3.72796892],[-38.60588211,-3.72772434],[-38.60591161,-3.72746002],[-38.60592647,-3.72724756],[-38.60599819,-3.72706936],[-38.60610224,-3.72698324],[-38.60619616,-3.72691125],[-38.60626793,-3.72688718],[-38.6063004,-3.72687629],[-38.60634649,-3.72687541],[-38.60641322,-3.72686604],[-38.60661654,-3.72687543],[-38.60672925,-3.72684563],[-38.60682935,-3.72679254],[-38.60691515,-3.72673657],[-38.60696482,-3.72668982],[-38.60701083,-3.7266552],[-38.60704672,-3.72663035],[-38.60708534,-3.72660452],[-38.60712967,-3.72657294],[-38.60716971,-3.72654136],[-38.60721118,-3.7265184],[-38.60726299,-3.72647658],[-38.6073384,-3.72644361],[-38.60740758,-3.7263932],[-38.60747921,-3.72636121],[-38.60756183,-3.72630587],[-38.6076161,-3.72626036],[-38.60767792,-3.72622448],[-38.60773926,-3.7261903],[-38.6078057,-3.72613908],[-38.60784761,-3.72611946],[-38.60789346,-3.72608621],[-38.60796779,-3.72603232],[-38.6080054,-3.72599986],[-38.60808812,-3.72596002],[-38.60815578,-3.72593022],[-38.60822365,-3.72589173],[-38.608286,-3.72585043],[-38.60838526,-3.7257978],[-38.60847071,-3.72574193],[-38.60848209,-3.72573047],[-38.60852463,-3.72568766],[-38.6085688,-3.72565093],[-38.60867682,-3.72558033],[-38.60870382,-3.72554855],[-38.60870898,-3.72552417],[-38.6087132,-3.7255042],[-38.60870972,-3.72546405],[-38.60871267,-3.72537999],[-38.60869881,-3.72532387],[-38.60868722,-3.72527068],[-38.60870706,-3.72521479],[-38.60872599,-3.72519585],[-38.60874608,-3.72509229],[-38.60878519,-3.72503318],[-38.60881734,-3.72498434],[-38.608857,-3.72493955],[-38.60889415,-3.72490488],[-38.60894306,-3.72484519],[-38.60896965,-3.72482314],[-38.60901343,-3.72481346],[-38.60905372,-3.72478566],[-38.60908197,-3.7247568],[-38.60913556,-3.72470345],[-38.60925643,-3.72465043],[-38.60930081,-3.72462317],[-38.6093228,-3.72454024],[-38.60934051,-3.72445297],[-38.60935,-3.72436458],[-38.6093516,-3.72427653],[-38.6093509,-3.72418991],[-38.60936566,-3.72410595],[-38.60943243,-3.72402164],[-38.60952486,-3.7239859],[-38.60966418,-3.72397624],[-38.6096982,-3.72399457],[-38.6097561,-3.72403598],[-38.60982968,-3.72406548],[-38.60982881,-3.72409582],[-38.60985433,-3.72414116],[-38.60995502,-3.72417253],[-38.60996369,-3.72417524],[-38.61003088,-3.72421723],[-38.61011435,-3.72423527],[-38.61018522,-3.724226],[-38.61024462,-3.72418419],[-38.61027883,-3.72410282],[-38.6102907,-3.724046],[-38.61028488,-3.72398728],[-38.61028075,-3.72388963],[-38.61028597,-3.72381649],[-38.61028614,-3.72375267],[-38.61030942,-3.72370209],[-38.61032009,-3.72369021],[-38.61037856,-3.72362515],[-38.61045124,-3.72354811],[-38.61051424,-3.72351874],[-38.61058969,-3.72352497],[-38.61070259,-3.72357321],[-38.61076029,-3.72359568],[-38.61078654,-3.72361543],[-38.61084944,-3.72359442],[-38.61094717,-3.7236168],[-38.6110673,-3.72360209],[-38.61120791,-3.72356483],[-38.61131948,-3.72352769],[-38.61138341,-3.72344923],[-38.61139799,-3.72343378],[-38.61149741,-3.72332835],[-38.61158038,-3.72324791],[-38.61164034,-3.72319304],[-38.61176904,-3.72312907],[-38.61184371,-3.72309841],[-38.61192922,-3.72308591],[-38.61201139,-3.7230838],[-38.61212578,-3.72307041],[-38.61220532,-3.72305667],[-38.61231701,-3.72302538],[-38.61241128,-3.72297264],[-38.61245567,-3.72295434],[-38.61256979,-3.72290558],[-38.61262459,-3.72285948],[-38.61272714,-3.72278514],[-38.61282348,-3.72271163],[-38.61301344,-3.72264839],[-38.61307616,-3.72260844],[-38.61312409,-3.72255912],[-38.61316777,-3.72251245],[-38.61326678,-3.72246644],[-38.61334608,-3.72244531],[-38.61343625,-3.72242725],[-38.61350337,-3.72240509],[-38.61355214,-3.72239785],[-38.61359624,-3.7223913],[-38.61368659,-3.72238225],[-38.61378366,-3.72238304],[-38.61395795,-3.72241307],[-38.61421273,-3.72252221],[-38.61425121,-3.7225685],[-38.61431949,-3.72261582],[-38.61442222,-3.72268331],[-38.61445697,-3.72271394],[-38.61451427,-3.72273864],[-38.6146147,-3.72276702],[-38.6147051,-3.72277992],[-38.61478021,-3.72277293],[-38.61481078,-3.72273773],[-38.61485559,-3.72270001],[-38.61490035,-3.72266941],[-38.61494494,-3.7226038],[-38.61499142,-3.72253313],[-38.61503394,-3.72245109],[-38.6150433,-3.72236398],[-38.61504864,-3.72226039],[-38.61504495,-3.72212247],[-38.61504137,-3.72186572],[-38.61505137,-3.72180655],[-38.61509671,-3.72171147],[-38.61513249,-3.72164966],[-38.61517417,-3.72159275],[-38.61521887,-3.72153354],[-38.61526329,-3.72148397],[-38.61536137,-3.72143474],[-38.61544505,-3.72140334],[-38.61549859,-3.72137178],[-38.61554057,-3.72133192],[-38.61557142,-3.7212989],[-38.61562303,-3.72125469],[-38.61572298,-3.72119775],[-38.6157644,-3.72116623],[-38.61591925,-3.72103633],[-38.6159571,-3.72097722],[-38.6159998,-3.72092272],[-38.61607109,-3.72087051],[-38.61612823,-3.72082533],[-38.61619732,-3.72078724],[-38.61626884,-3.72076102],[-38.61634297,-3.72074417],[-38.61643838,-3.72073461],[-38.61653186,-3.720732],[-38.61660145,-3.72073184],[-38.61666127,-3.72073656],[-38.61670669,-3.72074846],[-38.61686441,-3.72087087],[-38.61694331,-3.7209329],[-38.61698633,-3.72097563],[-38.61703896,-3.72103156],[-38.61708685,-3.72112879],[-38.61709165,-3.72115505],[-38.61710122,-3.72119568],[-38.61711564,-3.72124576],[-38.61711804,-3.72132464],[-38.61711085,-3.72143941],[-38.61708926,-3.7215326],[-38.61707489,-3.72161626],[-38.61706529,-3.72166636],[-38.61706288,-3.72171163],[-38.61706287,-3.72176885],[-38.61707242,-3.72181403],[-38.61708436,-3.72185447],[-38.6170987,-3.72190219],[-38.61713215,-3.72196889],[-38.61717751,-3.72203069],[-38.61721807,-3.7220734],[-38.61727539,-3.72208291],[-38.61734229,-3.72209008],[-38.61739485,-3.72209486],[-38.61745472,-3.72209749],[-38.61751231,-3.72209305],[-38.61757001,-3.72203855],[-38.61762121,-3.7219774],[-38.61765283,-3.72191082],[-38.61768928,-3.72183935],[-38.61772846,-3.72172956],[-38.61776121,-3.72162933],[-38.61782255,-3.72154064],[-38.61785033,-3.72149217],[-38.61790444,-3.72142509],[-38.61794887,-3.72133427],[-38.61797209,-3.72127225],[-38.61801139,-3.72115323],[-38.61801969,-3.72110111],[-38.61802956,-3.72103913],[-38.61804995,-3.72075676],[-38.61804229,-3.72069246],[-38.61804144,-3.72063524],[-38.61801922,-3.72054969],[-38.61799742,-3.72049039],[-38.61797815,-3.72041932],[-38.61796115,-3.72036959],[-38.61793263,-3.72032226],[-38.61786433,-3.72025362],[-38.61784652,-3.72024185],[-38.61781479,-3.7202209],[-38.6178033,-3.7202133],[-38.61778387,-3.72020396],[-38.61771902,-3.7201728],[-38.61769313,-3.72016063],[-38.617658,-3.72014411],[-38.6176181,-3.72013682],[-38.6175517,-3.72014385],[-38.61748739,-3.72015334],[-38.61741359,-3.72017471],[-38.61735647,-3.72018418],[-38.61724921,-3.72018647],[-38.61717045,-3.72016731],[-38.61706051,-3.72012658],[-38.61697192,-3.72008575],[-38.61689749,-3.72004238],[-38.61686141,-3.72001106],[-38.61681374,-3.7199244],[-38.61672775,-3.71976805],[-38.61672317,-3.71975971],[-38.6167316,-3.71957402],[-38.6167321,-3.71956287],[-38.61674181,-3.71954614],[-38.61682797,-3.71939757],[-38.6168938,-3.71928406],[-38.61695924,-3.71921032],[-38.61701497,-3.71914021],[-38.61707557,-3.7190385],[-38.61711919,-3.71897567],[-38.6171616,-3.71892611],[-38.61718949,-3.718891],[-38.61724146,-3.71882724],[-38.61727159,-3.71880702],[-38.61153898,-3.72066829],[-38.60625929,-3.72248035],[-38.60596399,-3.7225632],[-38.60574193,-3.72263319],[-38.60554088,-3.72268857],[-38.60544114,-3.7227168],[-38.60535951,-3.72273197],[-38.60533829,-3.72265519],[-38.60523825,-3.72268329],[-38.60173975,-3.72371217],[-38.59969681,-3.72429898],[-38.59768925,-3.72488689],[-38.59758308,-3.72492422],[-38.5970015,-3.72509587],[-38.59616668,-3.72534242],[-38.59608865,-3.72536503],[-38.59557144,-3.72551264],[-38.59355851,-3.72610251],[-38.59153997,-3.7266874],[-38.58946585,-3.7272933],[-38.58873208,-3.72750807],[-38.58802981,-3.72771658],[-38.58734946,-3.72792557],[-38.58665629,-3.7281385],[-38.58593357,-3.72836412],[-38.58497617,-3.72863395],[-38.58496271,-3.7287049],[-38.58493751,-3.72882916],[-38.58492231,-3.72892498],[-38.58489728,-3.72906138],[-38.58487165,-3.72923331],[-38.58485704,-3.72934256],[-38.58483645,-3.72950643],[-38.58480723,-3.72973657],[-38.58479335,-3.72986925],[-38.58476591,-3.73008744],[-38.58474502,-3.73026863],[-38.58473517,-3.73035817],[-38.58472264,-3.73046921],[-38.58470981,-3.73057488],[-38.58469221,-3.73071875],[-38.58467969,-3.73081815],[-38.58466567,-3.73093645],[-38.58460918,-3.73142399],[-38.58459943,-3.73151473],[-38.58459227,-3.73155931],[-38.58458371,-3.73161616],[-38.58452604,-3.73159144],[-38.58417439,-3.73143478],[-38.58331685,-3.73105433],[-38.58260963,-3.7307404],[-38.58181774,-3.73038839],[-38.58180011,-3.73038055],[-38.58117076,-3.73010107],[-38.58074029,-3.72990948],[-38.58051319,-3.72980891],[-38.58005708,-3.72960599],[-38.57904339,-3.72915526],[-38.57854157,-3.72893159],[-38.57751038,-3.72847431],[-38.57721843,-3.72834439],[-38.57698439,-3.72824374],[-38.57679677,-3.72815746],[-38.57558841,-3.72762075],[-38.57531328,-3.72749834],[-38.57512983,-3.72741677],[-38.57497303,-3.72734707],[-38.57433136,-3.72706403],[-38.57384195,-3.72684582],[-38.57347209,-3.72668033],[-38.57332496,-3.72661523],[-38.57310336,-3.7265178],[-38.57284247,-3.72640194],[-38.57264549,-3.72631453],[-38.5724363,-3.72621996],[-38.57221062,-3.72611905],[-38.57207652,-3.72605785],[-38.57188821,-3.72596901],[-38.57184535,-3.72594741],[-38.57180287,-3.72592506],[-38.57176078,-3.72590197],[-38.57171909,-3.72587817],[-38.57167782,-3.72585364],[-38.57163697,-3.7258284],[-38.57159656,-3.72580245],[-38.57155661,-3.72577581],[-38.57151712,-3.72574849],[-38.5714781,-3.72572047],[-38.57143958,-3.72569179],[-38.57140155,-3.72566245],[-38.57136403,-3.72563245],[-38.57132703,-3.7256018],[-38.57129056,-3.72557052],[-38.57125464,-3.7255386],[-38.57121927,-3.72550608],[-38.57118446,-3.72547294],[-38.57115023,-3.7254392],[-38.57111658,-3.72540488],[-38.57108353,-3.72536997],[-38.57105108,-3.7253345],[-38.57101925,-3.72529847],[-38.57098804,-3.7252619],[-38.57095746,-3.72522479],[-38.57092753,-3.72518716],[-38.57089824,-3.72514901],[-38.57086962,-3.72511036],[-38.57084166,-3.72507122],[-38.57081438,-3.7250316],[-38.57069496,-3.72485268],[-38.57057904,-3.72466307],[-38.57030099,-3.72417082],[-38.57003438,-3.72369652],[-38.5697185,-3.72313601],[-38.56964903,-3.72301099],[-38.5694554,-3.72266339],[-38.56920267,-3.72221563],[-38.56901598,-3.72188951],[-38.56900649,-3.72187429],[-38.56900059,-3.72186486],[-38.56898478,-3.72184047],[-38.56896856,-3.72181637],[-38.56895191,-3.72179256],[-38.56893487,-3.72176903],[-38.56891741,-3.72174581],[-38.56889956,-3.72172289],[-38.56888132,-3.72170029],[-38.5688627,-3.72167801],[-38.56884369,-3.72165606],[-38.5688243,-3.72163443],[-38.56880455,-3.72161315],[-38.56878443,-3.72159222],[-38.56876396,-3.72157164],[-38.56874313,-3.72155142],[-38.56872196,-3.72153156],[-38.56870045,-3.72151207],[-38.5686786,-3.72149296],[-38.56865644,-3.72147424],[-38.56863395,-3.7214559],[-38.56861115,-3.72143795],[-38.56858804,-3.72142041],[-38.56856463,-3.72140326],[-38.56854094,-3.72138653],[-38.56851696,-3.72137022],[-38.5684927,-3.72135432],[-38.56846817,-3.72133884],[-38.56844337,-3.7213238],[-38.56841833,-3.72130918],[-38.56839303,-3.72129501],[-38.56836749,-3.72128128],[-38.56834172,-3.72126799],[-38.56831573,-3.72125515],[-38.56828952,-3.72124277],[-38.5682631,-3.72123085],[-38.56823648,-3.72121938],[-38.56820966,-3.72120838],[-38.56818266,-3.72119785],[-38.56815548,-3.72118779],[-38.56812813,-3.7211782],[-38.56810063,-3.72116909],[-38.56807296,-3.72116046],[-38.56804516,-3.72115232],[-38.5675317,-3.7210119],[-38.56713424,-3.72090435],[-38.56700537,-3.72087256],[-38.56699165,-3.72082687],[-38.56669493,-3.72074667],[-38.56608134,-3.72058136],[-38.56565091,-3.72046613],[-38.56513898,-3.72033],[-38.56415388,-3.72006544],[-38.56386541,-3.7199877],[-38.56364714,-3.71992993],[-38.56342491,-3.7198697],[-38.5625955,-3.71964693],[-38.56188117,-3.71945595],[-38.56157179,-3.71937375],[-38.56149194,-3.71970373],[-38.56136467,-3.72022875],[-38.56127351,-3.72058204],[-38.5612105,-3.7208151],[-38.56110956,-3.72120273],[-38.56099513,-3.72162373],[-38.56070939,-3.72155025],[-38.55928319,-3.7211605],[-38.55864932,-3.7209966],[-38.55863684,-3.72099332],[-38.55862421,-3.72099068],[-38.55861147,-3.72098869],[-38.55859864,-3.72098736],[-38.55858576,-3.72098669],[-38.55857286,-3.72098668],[-38.55855998,-3.72098734],[-38.55854714,-3.72098866],[-38.5585344,-3.72099063],[-38.55852177,-3.72099326],[-38.55850928,-3.72099653],[-38.55828808,-3.72104876],[-38.55770807,-3.72117879],[-38.55568087,-3.72164015],[-38.55452192,-3.72190428],[-38.55264685,-3.72233109],[-38.55183586,-3.72251661],[-38.55169038,-3.72255634],[-38.55137063,-3.72266032],[-38.55058675,-3.72291401],[-38.5505203,-3.7229343],[-38.54967769,-3.72321231],[-38.54931975,-3.72333013],[-38.54932656,-3.72335121],[-38.54899566,-3.72346507],[-38.54894809,-3.72348211],[-38.548967,-3.72358937],[-38.5489882,-3.72370775],[-38.54903037,-3.72392442],[-38.54908859,-3.7241946],[-38.54915782,-3.72453992],[-38.5488362,-3.72452488],[-38.54811205,-3.72453594],[-38.54780474,-3.72454722],[-38.54744281,-3.72457538],[-38.54691486,-3.72461129],[-38.54631269,-3.72464893],[-38.54619445,-3.72466029],[-38.54579117,-3.72672493],[-38.54568767,-3.72671659],[-38.54552199,-3.72670735],[-38.5453594,-3.72676016],[-38.54520428,-3.7268116],[-38.54500097,-3.72687898],[-38.54455867,-3.72702774],[-38.54433474,-3.72710014],[-38.54407241,-3.72718684],[-38.54362509,-3.72733192],[-38.54289154,-3.72756954],[-38.54205106,-3.72784418],[-38.54156669,-3.72800287],[-38.54091647,-3.72821409],[-38.54040917,-3.72837795],[-38.54024819,-3.72842201],[-38.54024585,-3.72843816],[-38.53999923,-3.73013187],[-38.53997329,-3.73031166],[-38.53993716,-3.73056244],[-38.53992291,-3.73063493],[-38.54020028,-3.73069783],[-38.54021054,-3.73072633],[-38.54024722,-3.7308282],[-38.54033479,-3.73106624],[-38.54054031,-3.73164783],[-38.54033936,-3.73171347],[-38.53931829,-3.73204756],[-38.53837118,-3.73234914],[-38.53654208,-3.73293492],[-38.53618484,-3.73304475]]]},"geometry_name":"The_geom","properties":{"id":5,"nome":"Distrito 3","area_ha":3497,"fonte":"SME - Secretaria Municipal de Educação de Fortaleza","ano_ref":2023,"data_atual":"08/Ago/2023","epsg_codif":"EPSG: 31984 (SIRGAS 2000 - UTM 24S); Codificação: UTF-8"}},{"type":"Feature","id":"vw_DistritosEducacao_2023.fid-3da4354c_18dace4b5a0_-54b7","geometry":{"type":"Polygon","coordinates":[[[-38.51115076,-3.71934958],[-38.51145127,-3.72032485],[-38.51150027,-3.72048403],[-38.51155018,-3.72064655],[-38.5116428,-3.72092527],[-38.51168309,-3.72105813],[-38.51180666,-3.72144822],[-38.51189747,-3.72172785],[-38.51199669,-3.72204198],[-38.51208149,-3.72230104],[-38.51214883,-3.72251893],[-38.51223573,-3.72278494],[-38.51234457,-3.72314689],[-38.5124101,-3.72338233],[-38.51243957,-3.72345799],[-38.51245732,-3.72350823],[-38.51247506,-3.72356058],[-38.51252527,-3.72371765],[-38.51255865,-3.72382024],[-38.51261309,-3.72401057],[-38.51301747,-3.72528882],[-38.51330295,-3.7262041],[-38.51338134,-3.72646415],[-38.5134408,-3.72662952],[-38.51352246,-3.72688037],[-38.51368251,-3.7274064],[-38.51387784,-3.72802612],[-38.51390462,-3.72812409],[-38.51407693,-3.72865653],[-38.51415826,-3.72891642],[-38.5143526,-3.72955027],[-38.51459106,-3.73029394],[-38.51481154,-3.73098994],[-38.51496179,-3.73148177],[-38.5151741,-3.73215706],[-38.51532631,-3.73265152],[-38.51545043,-3.73305886],[-38.51559121,-3.73350433],[-38.51575519,-3.7340251],[-38.51583881,-3.73429797],[-38.51613801,-3.73525862],[-38.51640781,-3.73611802],[-38.51666734,-3.73603368],[-38.51670359,-3.73616091],[-38.51695935,-3.73698513],[-38.51727356,-3.73801284],[-38.5175107,-3.7387884],[-38.51755352,-3.73891358],[-38.5178788,-3.73880758],[-38.51818774,-3.73871308],[-38.5193705,-3.73833671],[-38.52037718,-3.73802038],[-38.52122481,-3.73775311],[-38.52221218,-3.73744171],[-38.52298813,-3.73719659],[-38.52380172,-3.73694327],[-38.52392831,-3.73690353],[-38.52424812,-3.73680315],[-38.52528686,-3.73647928],[-38.52579053,-3.73632079],[-38.52659136,-3.7360668],[-38.52766578,-3.73572487],[-38.52864889,-3.73541772],[-38.53062559,-3.73478898],[-38.53115642,-3.73462557],[-38.5318948,-3.73440186],[-38.53236075,-3.73426069],[-38.532779,-3.7341314],[-38.53400855,-3.73373218],[-38.53485535,-3.73346457],[-38.53591701,-3.73312557],[-38.53605217,-3.73308554],[-38.53618484,-3.73304475],[-38.53654208,-3.73293492],[-38.53837118,-3.73234914],[-38.53931829,-3.73204756],[-38.54033936,-3.73171347],[-38.54054031,-3.73164783],[-38.54033479,-3.73106624],[-38.54024722,-3.7308282],[-38.54021054,-3.73072633],[-38.54020028,-3.73069783],[-38.53992291,-3.73063493],[-38.53993716,-3.73056244],[-38.53997329,-3.73031166],[-38.53999923,-3.73013187],[-38.54024585,-3.72843816],[-38.54024819,-3.72842201],[-38.54040917,-3.72837795],[-38.54091647,-3.72821409],[-38.54156669,-3.72800287],[-38.54205106,-3.72784418],[-38.54289154,-3.72756954],[-38.54362509,-3.72733192],[-38.54407241,-3.72718684],[-38.54433474,-3.72710014],[-38.54455867,-3.72702774],[-38.54500097,-3.72687898],[-38.54520428,-3.7268116],[-38.5453594,-3.72676016],[-38.54552199,-3.72670735],[-38.54568767,-3.72671659],[-38.54579117,-3.72672493],[-38.54619445,-3.72466029],[-38.54631269,-3.72464893],[-38.54691486,-3.72461129],[-38.54744281,-3.72457538],[-38.54780474,-3.72454722],[-38.54811205,-3.72453594],[-38.5488362,-3.72452488],[-38.54915782,-3.72453992],[-38.54908859,-3.7241946],[-38.54903037,-3.72392442],[-38.5489882,-3.72370775],[-38.548967,-3.72358937],[-38.54894809,-3.72348211],[-38.54899566,-3.72346507],[-38.54932656,-3.72335121],[-38.54931975,-3.72333013],[-38.54967769,-3.72321231],[-38.5505203,-3.7229343],[-38.55058675,-3.72291401],[-38.55137063,-3.72266032],[-38.55169038,-3.72255634],[-38.55183586,-3.72251661],[-38.55264685,-3.72233109],[-38.55452192,-3.72190428],[-38.55568087,-3.72164015],[-38.55770807,-3.72117879],[-38.55828808,-3.72104876],[-38.55850928,-3.72099653],[-38.55852177,-3.72099326],[-38.5585344,-3.72099063],[-38.55854714,-3.72098866],[-38.55855998,-3.72098734],[-38.55857286,-3.72098668],[-38.55858576,-3.72098669],[-38.55859864,-3.72098736],[-38.55861147,-3.72098869],[-38.55862421,-3.72099068],[-38.55863684,-3.72099332],[-38.55864932,-3.7209966],[-38.55928319,-3.7211605],[-38.56070939,-3.72155025],[-38.56099513,-3.72162373],[-38.56110956,-3.72120273],[-38.5612105,-3.7208151],[-38.56127351,-3.72058204],[-38.56136467,-3.72022875],[-38.56149194,-3.71970373],[-38.56157179,-3.71937375],[-38.56188117,-3.71945595],[-38.5625955,-3.71964693],[-38.56342491,-3.7198697],[-38.56364714,-3.71992993],[-38.56386541,-3.7199877],[-38.56415388,-3.72006544],[-38.56513898,-3.72033],[-38.56565091,-3.72046613],[-38.56608134,-3.72058136],[-38.56669493,-3.72074667],[-38.56699165,-3.72082687],[-38.56700537,-3.72087256],[-38.56713424,-3.72090435],[-38.5675317,-3.7210119],[-38.56804516,-3.72115232],[-38.56807296,-3.72116046],[-38.56810063,-3.72116909],[-38.56812813,-3.7211782],[-38.56815548,-3.72118779],[-38.56818266,-3.72119785],[-38.56820966,-3.72120838],[-38.56823648,-3.72121938],[-38.5682631,-3.72123085],[-38.56828952,-3.72124277],[-38.56831573,-3.72125515],[-38.56834172,-3.72126799],[-38.56836749,-3.72128128],[-38.56839303,-3.72129501],[-38.56841833,-3.72130918],[-38.56844337,-3.7213238],[-38.56846817,-3.72133884],[-38.5684927,-3.72135432],[-38.56851696,-3.72137022],[-38.56854094,-3.72138653],[-38.56856463,-3.72140326],[-38.56858804,-3.72142041],[-38.56861115,-3.72143795],[-38.56863395,-3.7214559],[-38.56865644,-3.72147424],[-38.5686786,-3.72149296],[-38.56870045,-3.72151207],[-38.56872196,-3.72153156],[-38.56874313,-3.72155142],[-38.56876396,-3.72157164],[-38.56878443,-3.72159222],[-38.56880455,-3.72161315],[-38.5688243,-3.72163443],[-38.56884369,-3.72165606],[-38.5688627,-3.72167801],[-38.56888132,-3.72170029],[-38.56889956,-3.72172289],[-38.56891741,-3.72174581],[-38.56893487,-3.72176903],[-38.56895191,-3.72179256],[-38.56896856,-3.72181637],[-38.56898478,-3.72184047],[-38.56900059,-3.72186486],[-38.56900649,-3.72187429],[-38.56901598,-3.72188951],[-38.56920267,-3.72221563],[-38.5694554,-3.72266339],[-38.56964903,-3.72301099],[-38.5697185,-3.72313601],[-38.57003438,-3.72369652],[-38.57030099,-3.72417082],[-38.57057904,-3.72466307],[-38.57069496,-3.72485268],[-38.57081438,-3.7250316],[-38.57084166,-3.72507122],[-38.57086962,-3.72511036],[-38.57089824,-3.72514901],[-38.57092753,-3.72518716],[-38.57095746,-3.72522479],[-38.57098804,-3.7252619],[-38.57101925,-3.72529847],[-38.57105108,-3.7253345],[-38.57108353,-3.72536997],[-38.57111658,-3.72540488],[-38.57115023,-3.7254392],[-38.57118446,-3.72547294],[-38.57121927,-3.72550608],[-38.57125464,-3.7255386],[-38.57129056,-3.72557052],[-38.57132703,-3.7256018],[-38.57136403,-3.72563245],[-38.57140155,-3.72566245],[-38.57143958,-3.72569179],[-38.5714781,-3.72572047],[-38.57151712,-3.72574849],[-38.57155661,-3.72577581],[-38.57159656,-3.72580245],[-38.57163697,-3.7258284],[-38.57167782,-3.72585364],[-38.57171909,-3.72587817],[-38.57176078,-3.72590197],[-38.57180287,-3.72592506],[-38.57184535,-3.72594741],[-38.57188821,-3.72596901],[-38.57207652,-3.72605785],[-38.57221062,-3.72611905],[-38.5724363,-3.72621996],[-38.57264549,-3.72631453],[-38.57284247,-3.72640194],[-38.57310336,-3.7265178],[-38.57332496,-3.72661523],[-38.57347209,-3.72668033],[-38.57384195,-3.72684582],[-38.57433136,-3.72706403],[-38.57497303,-3.72734707],[-38.57512983,-3.72741677],[-38.57531328,-3.72749834],[-38.57558841,-3.72762075],[-38.57679677,-3.72815746],[-38.57698439,-3.72824374],[-38.57721843,-3.72834439],[-38.57751038,-3.72847431],[-38.57854157,-3.72893159],[-38.57904339,-3.72915526],[-38.58005708,-3.72960599],[-38.58051319,-3.72980891],[-38.58074029,-3.72990948],[-38.58117076,-3.73010107],[-38.58180011,-3.73038055],[-38.58181774,-3.73038839],[-38.58260963,-3.7307404],[-38.58331685,-3.73105433],[-38.58417439,-3.73143478],[-38.58452604,-3.73159144],[-38.58458371,-3.73161616],[-38.58459227,-3.73155931],[-38.58459943,-3.73151473],[-38.58460918,-3.73142399],[-38.58466567,-3.73093645],[-38.58467969,-3.73081815],[-38.58469221,-3.73071875],[-38.58470981,-3.73057488],[-38.58472264,-3.73046921],[-38.58473517,-3.73035817],[-38.58474502,-3.73026863],[-38.58476591,-3.73008744],[-38.58479335,-3.72986925],[-38.58480723,-3.72973657],[-38.58483645,-3.72950643],[-38.58485704,-3.72934256],[-38.58487165,-3.72923331],[-38.58489728,-3.72906138],[-38.58492231,-3.72892498],[-38.58493751,-3.72882916],[-38.58496271,-3.7287049],[-38.58497617,-3.72863395],[-38.58593357,-3.72836412],[-38.58665629,-3.7281385],[-38.58734946,-3.72792557],[-38.58802981,-3.72771658],[-38.58873208,-3.72750807],[-38.58946585,-3.7272933],[-38.59153997,-3.7266874],[-38.59355851,-3.72610251],[-38.59557144,-3.72551264],[-38.59608865,-3.72536503],[-38.59616668,-3.72534242],[-38.5970015,-3.72509587],[-38.59758308,-3.72492422],[-38.59768925,-3.72488689],[-38.59969681,-3.72429898],[-38.60173975,-3.72371217],[-38.60523825,-3.72268329],[-38.60533829,-3.72265519],[-38.60535951,-3.72273197],[-38.60544114,-3.7227168],[-38.60554088,-3.72268857],[-38.60574193,-3.72263319],[-38.60596399,-3.7225632],[-38.60625929,-3.72248035],[-38.61153898,-3.72066829],[-38.61727159,-3.71880702],[-38.61732092,-3.71876655],[-38.61734851,-3.71874161],[-38.61737364,-3.71872638],[-38.61742508,-3.71871029],[-38.61746564,-3.71869651],[-38.61751896,-3.71867609],[-38.61756525,-3.71866727],[-38.61761645,-3.71865548],[-38.61766237,-3.7186532],[-38.61774788,-3.7186456],[-38.61777409,-3.71864572],[-38.61780146,-3.71864707],[-38.61783826,-3.71866047],[-38.61786913,-3.7186726],[-38.6179142,-3.7186896],[-38.61795108,-3.71870524],[-38.61798563,-3.71872082],[-38.61800929,-3.71873767],[-38.61802904,-3.71875287],[-38.61806027,-3.71877605],[-38.61808291,-3.71879754],[-38.61811486,-3.71882867],[-38.61813369,-3.71885382],[-38.61815388,-3.71890152],[-38.61816512,-3.71893393],[-38.61816815,-3.71896388],[-38.61825182,-3.71914508],[-38.61826526,-3.71917121],[-38.61830867,-3.71922812],[-38.61834103,-3.71926246],[-38.61836838,-3.71929206],[-38.61838759,-3.71931097],[-38.61842217,-3.71934288],[-38.61844729,-3.71936531],[-38.61846865,-3.71938659],[-38.61848408,-3.71940432],[-38.61850691,-3.71943138],[-38.61852837,-3.71944785],[-38.61854974,-3.71946437],[-38.61857105,-3.71947736],[-38.61860422,-3.71949388],[-38.61864217,-3.71950681],[-38.61867777,-3.71951735],[-38.61871445,-3.71952798],[-38.61874639,-3.71954215],[-38.61881982,-3.71956797],[-38.61889078,-3.71957033],[-38.61894636,-3.71957035],[-38.61900904,-3.71957035],[-38.6190469,-3.71957043],[-38.61908238,-3.7195704],[-38.6191297,-3.71956567],[-38.61919599,-3.71955396],[-38.61922202,-3.71954924],[-38.61924807,-3.71953982],[-38.61928357,-3.71952329],[-38.61934173,-3.71949863],[-38.61937607,-3.71947856],[-38.61940705,-3.71945268],[-38.61944149,-3.71941962],[-38.61946423,-3.71938424],[-38.61948319,-3.71936532],[-38.6195096,-3.71933582],[-38.61952866,-3.71930151],[-38.61954073,-3.71927313],[-38.61955267,-3.71923761],[-38.61957204,-3.71919733],[-38.61958885,-3.71916414],[-38.61961041,-3.71911906],[-38.61962854,-3.71908817],[-38.61964654,-3.71905729],[-38.61967197,-3.71901919],[-38.61969112,-3.71898828],[-38.61971641,-3.71895968],[-38.61974166,-3.71892988],[-38.61975725,-3.7189037],[-38.61979075,-3.71885252],[-38.61982917,-3.71880126],[-38.6198508,-3.71877144],[-38.61987003,-3.71874518],[-38.62011024,-3.71837676],[-38.62019649,-3.71827182],[-38.62024454,-3.71818823],[-38.62028462,-3.71808577],[-38.6203418,-3.71795473],[-38.62037973,-3.7177953],[-38.62049659,-3.71740842],[-38.62052981,-3.7171813],[-38.62053671,-3.71712521],[-38.62054025,-3.717054],[-38.62054346,-3.71700459],[-38.62054885,-3.71697234],[-38.6205584,-3.71686051],[-38.62055933,-3.71681355],[-38.62055702,-3.71678617],[-38.6205522,-3.71675392],[-38.62048952,-3.71641724],[-38.62047336,-3.71635202],[-38.62043543,-3.71627043],[-38.62040833,-3.71620511],[-38.62039204,-3.71617243],[-38.62035378,-3.71610701],[-38.62034278,-3.7160743],[-38.6203263,-3.7160525],[-38.62030431,-3.71601437],[-38.62028231,-3.71597082],[-38.62026584,-3.71594362],[-38.620222,-3.71588383],[-38.62012358,-3.71575904],[-38.62003088,-3.7156724],[-38.61999275,-3.71563455],[-38.61992201,-3.71555891],[-38.6198731,-3.71550484],[-38.6198568,-3.71548323],[-38.61972922,-3.71537252],[-38.6196722,-3.71531556],[-38.61961235,-3.7152502],[-38.6195688,-3.7151903],[-38.61949797,-3.71507594],[-38.6194598,-3.71499427],[-38.61943252,-3.71492351],[-38.6193834,-3.71481452],[-38.61934798,-3.71471666],[-38.6191294,-3.71374891],[-38.61912486,-3.71359627],[-38.61910975,-3.71338001],[-38.61907658,-3.71317153],[-38.61904317,-3.71296185],[-38.61898778,-3.71271843],[-38.61898761,-3.71269128],[-38.61895477,-3.71247459],[-38.61894928,-3.71240956],[-38.61893833,-3.71232282],[-38.61889475,-3.71217637],[-38.61886211,-3.71211124],[-38.61884035,-3.71207324],[-38.61879685,-3.71202438],[-38.61871036,-3.71196533],[-38.61866153,-3.71192201],[-38.61859642,-3.71187328],[-38.61854216,-3.71182997],[-38.61849875,-3.71179748],[-38.61844992,-3.71176499],[-38.61836311,-3.71170543],[-38.61829157,-3.71165007],[-38.61822755,-3.71160807],[-38.6181849,-3.71156564],[-38.61810503,-3.71147537],[-38.61795653,-3.71115058],[-38.61789836,-3.7109563],[-38.61787229,-3.71071952],[-38.61784526,-3.71031073],[-38.61789769,-3.71008898],[-38.61797704,-3.7099741],[-38.61801425,-3.70994094],[-38.61805677,-3.70989667],[-38.61810471,-3.70984676],[-38.61814748,-3.7098132],[-38.61819066,-3.70977473],[-38.61824512,-3.70974238],[-38.61830498,-3.70971002],[-38.61834854,-3.70969937],[-38.61844651,-3.70969453],[-38.61859326,-3.7096953],[-38.61880487,-3.70969642],[-38.6188971,-3.70971209],[-38.61902711,-3.70972908],[-38.61915688,-3.70973539],[-38.61924332,-3.70974669],[-38.61932977,-3.70976862],[-38.61942175,-3.70981187],[-38.61951366,-3.70984978],[-38.61963244,-3.70988787],[-38.61968672,-3.70990388],[-38.61982143,-3.70991516],[-38.61989676,-3.70992625],[-38.61995053,-3.70993186],[-38.6200365,-3.7099376],[-38.62017603,-3.70993819],[-38.62028861,-3.70994404],[-38.62042262,-3.70994451],[-38.62047635,-3.70995],[-38.62054079,-3.70995013],[-38.62058374,-3.70995022],[-38.62063741,-3.70995033],[-38.62068587,-3.70992884],[-38.6207238,-3.70990185],[-38.62075093,-3.70988025],[-38.6208266,-3.7098425],[-38.62086455,-3.7098155],[-38.62090244,-3.70979391],[-38.62095167,-3.7097559],[-38.62102332,-3.70968515],[-38.62105103,-3.70965247],[-38.62108391,-3.70963067],[-38.62111741,-3.70958158],[-38.6211512,-3.70952153],[-38.62116816,-3.70948874],[-38.6211747,-3.70943952],[-38.62131207,-3.70867473],[-38.62142559,-3.70836062],[-38.62145255,-3.70828482],[-38.62145792,-3.70824697],[-38.6214741,-3.70819837],[-38.62149026,-3.70812818],[-38.62150638,-3.70803105],[-38.6215117,-3.70795015],[-38.62151698,-3.7078047],[-38.6215385,-3.70764321],[-38.62154391,-3.70754093],[-38.62157094,-3.70742244],[-38.62157094,-3.70738475],[-38.62158175,-3.70734703],[-38.62158716,-3.70729317],[-38.62160339,-3.70724465],[-38.62161962,-3.70719612],[-38.62163588,-3.70716369],[-38.62165216,-3.70710966],[-38.62168481,-3.70703917],[-38.62171202,-3.70699568],[-38.62173929,-3.70694131],[-38.62176652,-3.7068816],[-38.62178282,-3.70683829],[-38.6218045,-3.70680042],[-38.62182622,-3.70675169],[-38.62185876,-3.70669214],[-38.62189673,-3.70662718],[-38.621932,-3.70656762],[-38.62195918,-3.70650798],[-38.62201089,-3.70642103],[-38.62202729,-3.70638292],[-38.62205455,-3.70633395],[-38.62208719,-3.70629046],[-38.62211988,-3.70624148],[-38.62213627,-3.70620878],[-38.62235755,-3.70556663],[-38.62236327,-3.70553446],[-38.62238013,-3.70548086],[-38.62239143,-3.70543793],[-38.62240823,-3.705395],[-38.62243075,-3.70532512],[-38.62246941,-3.70522793],[-38.62248069,-3.70514679],[-38.62248038,-3.70507616],[-38.62251095,-3.70482098],[-38.62252086,-3.70469101],[-38.6225202,-3.70457743],[-38.62251982,-3.70451259],[-38.62252462,-3.7043938],[-38.62252443,-3.70432902],[-38.62252424,-3.70426426],[-38.62252668,-3.70418875],[-38.62252912,-3.70411327],[-38.6225342,-3.70403246],[-38.62254466,-3.70397867],[-38.62256033,-3.70389266],[-38.62257123,-3.70379554],[-38.62257169,-3.70364419],[-38.62256662,-3.70355761],[-38.62254555,-3.70345457],[-38.62251919,-3.7033297],[-38.62249795,-3.70326982],[-38.62249268,-3.70324265],[-38.62243394,-3.70313351],[-38.62235773,-3.70302044],[-38.62223219,-3.70287618],[-38.62187292,-3.70264867],[-38.62184571,-3.70262169],[-38.62176432,-3.70257852],[-38.62168871,-3.70254081],[-38.62162395,-3.70251387],[-38.62155919,-3.70248694],[-38.62147285,-3.70245461],[-38.62140272,-3.70243845],[-38.62134335,-3.70241689],[-38.6212678,-3.70240072],[-38.62118685,-3.70238994],[-38.62115987,-3.70238993],[-38.6210465,-3.70237913],[-38.62093313,-3.70237906],[-38.62084123,-3.70237901],[-38.62075461,-3.70237896],[-38.62059192,-3.70237887],[-38.62050499,-3.70238423],[-38.62042336,-3.70239501],[-38.62036346,-3.70240582],[-38.62028175,-3.70242748],[-38.6201945,-3.70244916],[-38.62016722,-3.70245458],[-38.62009623,-3.70247629],[-38.62004702,-3.70249801],[-38.62001419,-3.70251431],[-38.61998135,-3.70253062],[-38.61991563,-3.70255782],[-38.61982264,-3.70259048],[-38.61965315,-3.70264493],[-38.61954921,-3.70266675],[-38.61943972,-3.70269403],[-38.61928655,-3.70272676],[-38.61920472,-3.70273765],[-38.61907379,-3.70275398],[-38.6189865,-3.70277031],[-38.61694785,-3.70301511],[-38.61690425,-3.70301522],[-38.61645133,-3.7030427],[-38.61608008,-3.70307005],[-38.61567068,-3.70310272],[-38.61526674,-3.70315174],[-38.61463085,-3.70319436],[-38.61453913,-3.70319404],[-38.61173782,-3.70329197],[-38.61164548,-3.70327572],[-38.61154766,-3.70327032],[-38.61143346,-3.70326483],[-38.61135738,-3.70325942],[-38.6112976,-3.70325398],[-38.61121069,-3.7032431],[-38.61109663,-3.70323766],[-38.60998189,-3.70315635],[-38.6089605,-3.70302052],[-38.60721779,-3.70262907],[-38.60626076,-3.702358],[-38.60496133,-3.70239598],[-38.60419947,-3.70252536],[-38.60336432,-3.7027805],[-38.6027482,-3.70298754],[-38.60135086,-3.70334622],[-38.60057764,-3.70348777],[-38.59986942,-3.70352582],[-38.59903745,-3.70352116],[-38.59735375,-3.70337456],[-38.59647861,-3.7031835],[-38.5955816,-3.70301972],[-38.59423943,-3.70250628],[-38.59343548,-3.70195499],[-38.59190893,-3.70097713],[-38.5907109,-3.7002201],[-38.58996571,-3.69954563],[-38.58947278,-3.69919874],[-38.58860235,-3.6980404],[-38.58814066,-3.69731583],[-38.58776976,-3.69671677],[-38.5875832,-3.69640598],[-38.58763299,-3.6945464],[-38.58762661,-3.69252737],[-38.58751081,-3.69208829],[-38.58727,-3.69172159],[-38.58666652,-3.69202503],[-38.58589936,-3.69263795],[-38.58510044,-3.69317703],[-38.58459647,-3.69346204],[-38.58413423,-3.69368401],[-38.58371236,-3.69383],[-38.58299845,-3.69379502],[-38.58240446,-3.693815],[-38.58178551,-3.69387822],[-38.58140426,-3.69381815],[-38.58099956,-3.693064],[-38.58091134,-3.6927705],[-38.58128699,-3.69216256],[-38.58119369,-3.69208702],[-38.58069873,-3.69281381],[-38.5808446,-3.6932075],[-38.58066579,-3.69353057],[-38.5800103,-3.6941287],[-38.5794978,-3.69472681],[-38.57871944,-3.69539707],[-38.57830597,-3.69568374],[-38.57785319,-3.69587496],[-38.5774601,-3.69592263],[-38.57728955,-3.6957095],[-38.57643086,-3.69455588],[-38.57629711,-3.69465898],[-38.57721049,-3.69588994],[-38.57706675,-3.69629354],[-38.57675675,-3.69678399],[-38.57617271,-3.69746593],[-38.57548138,-3.69821955],[-38.57504049,-3.69859034],[-38.57482594,-3.69869799],[-38.57462338,-3.69875778],[-38.57444477,-3.69866189],[-38.57418712,-3.69832487],[-38.57408672,-3.69825312],[-38.5739835,-3.6982765],[-38.57398032,-3.69839841],[-38.57403894,-3.69852596],[-38.57384111,-3.69867906],[-38.57370524,-3.69880585],[-38.57337155,-3.69906899],[-38.57307443,-3.69925967],[-38.57226409,-3.69995343],[-38.57166821,-3.70033609],[-38.57101284,-3.70064698],[-38.57063117,-3.69985037],[-38.57067599,-3.69973041],[-38.57062324,-3.69961267],[-38.57046932,-3.69958189],[-38.57034431,-3.69970271],[-38.57035707,-3.69982026],[-38.57042949,-3.69989265],[-38.57051625,-3.6999561],[-38.57085658,-3.70070201],[-38.57052428,-3.70089806],[-38.56954717,-3.70136431],[-38.56917322,-3.70148237],[-38.56888957,-3.70164688],[-38.56842674,-3.70193403],[-38.56818875,-3.70208168],[-38.56814103,-3.70226124],[-38.56734263,-3.70263185],[-38.56666351,-3.70288284],[-38.56598435,-3.70303811],[-38.56497167,-3.70313332],[-38.56385749,-3.70319174],[-38.56319345,-3.70317044],[-38.56279735,-3.70231434],[-38.56248086,-3.70160573],[-38.56207386,-3.7006442],[-38.56207394,-3.70047186],[-38.56222846,-3.70022683],[-38.56319549,-3.69890604],[-38.56336333,-3.69869549],[-38.56355394,-3.6986975],[-38.56418728,-3.69881909],[-38.5642557,-3.6987948],[-38.56426535,-3.69873522],[-38.56424204,-3.69868252],[-38.56331957,-3.69852887],[-38.56189941,-3.70047496],[-38.56193875,-3.70064216],[-38.56317794,-3.7036109],[-38.56319353,-3.70381031],[-38.56232644,-3.70431686],[-38.5613558,-3.70479993],[-38.5608816,-3.70495665],[-38.56002679,-3.7052013],[-38.55972892,-3.70516533],[-38.55963444,-3.705018],[-38.55939564,-3.70460264],[-38.55921162,-3.70411967],[-38.55916028,-3.70398499],[-38.55905948,-3.70387195],[-38.5589684,-3.70394003],[-38.55926458,-3.70468635],[-38.55916911,-3.70488976],[-38.55888315,-3.70515287],[-38.55852564,-3.70534421],[-38.55811131,-3.70552304],[-38.5576094,-3.70581201],[-38.5572764,-3.70596501],[-38.55724611,-3.70597733],[-38.55689315,-3.70612132],[-38.5565356,-3.70639643],[-38.55630925,-3.70648009],[-38.55610668,-3.70656376],[-38.55591141,-3.70661566],[-38.55566599,-3.70633611],[-38.55504701,-3.70535441],[-38.55474242,-3.70485624],[-38.55459937,-3.70496382],[-38.55521351,-3.70590508],[-38.55537748,-3.70631099],[-38.55503436,-3.70669485],[-38.55458149,-3.70706563],[-38.55441464,-3.70719718],[-38.554224,-3.7073886],[-38.55366383,-3.70783115],[-38.55302322,-3.70831347],[-38.5525317,-3.70853667],[-38.55225777,-3.70851256],[-38.55203155,-3.70817735],[-38.55168155,-3.70755752],[-38.55146894,-3.7071972],[-38.55131716,-3.70729141],[-38.55184094,-3.70810543],[-38.55200752,-3.70850049],[-38.55194786,-3.70876372],[-38.55176909,-3.70896709],[-38.55117046,-3.70943604],[-38.55054736,-3.70985404],[-38.55021939,-3.71001798],[-38.5498813,-3.71025999],[-38.54926888,-3.7105631],[-38.54889711,-3.71062922],[-38.54869469,-3.71041372],[-38.54843283,-3.71003054],[-38.54802847,-3.709339],[-38.54764997,-3.70877455],[-38.54755652,-3.70890441],[-38.54798356,-3.70964639],[-38.54843258,-3.71053318],[-38.54842058,-3.71074866],[-38.54796768,-3.71114332],[-38.54743139,-3.71154996],[-38.54703807,-3.71174108],[-38.54689428,-3.71183429],[-38.54687129,-3.71184885],[-38.5465853,-3.71199237],[-38.54616829,-3.71213581],[-38.5459182,-3.71198008],[-38.54570288,-3.71161496],[-38.54546645,-3.71122212],[-38.54535689,-3.71111652],[-38.54525806,-3.7112178],[-38.54535854,-3.71141727],[-38.54563102,-3.7118268],[-38.54577512,-3.71212358],[-38.54534604,-3.71261405],[-38.54483167,-3.71294905],[-38.54439259,-3.71325985],[-38.543904,-3.71354683],[-38.54349887,-3.71369019],[-38.54329636,-3.71365417],[-38.54303444,-3.71337884],[-38.54276062,-3.71297177],[-38.54261773,-3.71292384],[-38.54237939,-3.71305535],[-38.54216501,-3.71298341],[-38.54199757,-3.71246302],[-38.54161722,-3.71134782],[-38.54148154,-3.71113001],[-38.54138047,-3.71111088],[-38.54136923,-3.71122775],[-38.54147027,-3.71153669],[-38.54159031,-3.71187247],[-38.54179595,-3.71250446],[-38.54206458,-3.71327948],[-38.54239066,-3.71425214],[-38.54212848,-3.71449138],[-38.54170932,-3.71472397],[-38.54156837,-3.7148022],[-38.54105592,-3.71523283],[-38.54061495,-3.71555575],[-38.54010244,-3.71593843],[-38.5393636,-3.71636893],[-38.53897046,-3.71648832],[-38.5388991,-3.71621309],[-38.53870856,-3.71602147],[-38.53858935,-3.71615303],[-38.53857737,-3.7163326],[-38.53686141,-3.7171934],[-38.53642049,-3.71739663],[-38.53614949,-3.71745294],[-38.53577437,-3.71736797],[-38.53552125,-3.71734296],[-38.53538844,-3.71729503],[-38.53530347,-3.71722207],[-38.53523152,-3.71722203],[-38.53429975,-3.71771866],[-38.53302473,-3.71831633],[-38.5324648,-3.71844766],[-38.53128512,-3.71893772],[-38.53074894,-3.71911701],[-38.53030838,-3.71863803],[-38.53022986,-3.7184584],[-38.5300797,-3.71825665],[-38.52982028,-3.71831303],[-38.52968905,-3.71836241],[-38.52825928,-3.71869673],[-38.52797331,-3.71879238],[-38.5279756,-3.7188756],[-38.52807067,-3.71894118],[-38.52841186,-3.71884309],[-38.52997879,-3.71851741],[-38.53045339,-3.71909035],[-38.53046053,-3.71921302],[-38.53035278,-3.71931402],[-38.52892585,-3.71971438],[-38.52850884,-3.71983385],[-38.52810929,-3.71947104],[-38.52782342,-3.71937002],[-38.52744427,-3.71941297],[-38.52621453,-3.71970804],[-38.52559249,-3.719945],[-38.52512549,-3.7197602],[-38.52474443,-3.71949673],[-38.52472598,-3.71928334],[-38.52511921,-3.7190203],[-38.52505972,-3.71894844],[-38.52501285,-3.71897412],[-38.524974,-3.71899542],[-38.52451817,-3.71924529],[-38.5243753,-3.71917339],[-38.52425632,-3.71886221],[-38.52408236,-3.71856475],[-38.52407421,-3.71855082],[-38.52401826,-3.71845516],[-38.52445919,-3.71823991],[-38.52461446,-3.71819078],[-38.52479884,-3.71809251],[-38.52475713,-3.71797681],[-38.52386344,-3.71833539],[-38.52373258,-3.71802411],[-38.52379595,-3.71798783],[-38.52449077,-3.7176908],[-38.52436709,-3.71741621],[-38.52366614,-3.71774612],[-38.52349985,-3.71731412],[-38.52335328,-3.71738944],[-38.52344151,-3.71761999],[-38.52300534,-3.71795381],[-38.52261396,-3.71813049],[-38.52240814,-3.71779369],[-38.52230973,-3.7174684],[-38.52650967,-3.71558419],[-38.52747437,-3.71617111],[-38.52759273,-3.71602738],[-38.52655471,-3.71540143],[-38.52225427,-3.71731493],[-38.52104026,-3.71785511],[-38.5208193,-3.71746346],[-38.52071011,-3.71716803],[-38.52067341,-3.71699475],[-38.52064069,-3.71684029],[-38.52048373,-3.71609939],[-38.52036927,-3.71612735],[-38.52056564,-3.71729099],[-38.52022248,-3.71739492],[-38.52021112,-3.71734378],[-38.51999209,-3.71635743],[-38.51994398,-3.71614082],[-38.51985647,-3.71574672],[-38.51970156,-3.71578255],[-38.5200931,-3.7174081],[-38.52010807,-3.71747026],[-38.51986749,-3.71770612],[-38.51941809,-3.71785046],[-38.51789497,-3.71820042],[-38.51736296,-3.71833628],[-38.51700184,-3.71835426],[-38.5169892,-3.71833211],[-38.51639399,-3.71583203],[-38.51627412,-3.71585001],[-38.51685891,-3.7183901],[-38.51647723,-3.71842707],[-38.51573857,-3.71851044],[-38.51527067,-3.71849426],[-38.51430885,-3.71876096],[-38.5133204,-3.71877342],[-38.51268546,-3.71868577],[-38.51178012,-3.71858946],[-38.51172378,-3.71844842],[-38.51119113,-3.71350566],[-38.51093776,-3.71353286],[-38.51150486,-3.71871138],[-38.51149553,-3.7190206],[-38.51123486,-3.71929781],[-38.51115076,-3.71934958]]]},"geometry_name":"The_geom","properties":{"id":6,"nome":"Distrito 1","area_ha":2660,"fonte":"SME - Secretaria Municipal de Educação de Fortaleza","ano_ref":2023,"data_atual":"08/Ago/2023","epsg_codif":"EPSG: 31984 (SIRGAS 2000 - UTM 24S); Codificação: UTF-8"}},{"type":"Feature","id":"vw_DistritosEducacao_2023.fid-3da4354c_18dace4b5a0_-54bc","geometry":{"type":"Polygon","coordinates":[[[-38.44599553,-3.80521233],[-38.44612425,-3.80523128],[-38.44642075,-3.80527968],[-38.44668652,-3.80532904],[-38.44696808,-3.80538953],[-38.44712564,-3.80542335],[-38.44738786,-3.80546795],[-38.44780725,-3.80553487],[-38.44827877,-3.80561055],[-38.44863261,-3.80565918],[-38.44900147,-3.80568718],[-38.44925581,-3.80570903],[-38.44954964,-3.80573144],[-38.44980502,-3.80575223],[-38.45000933,-3.80576876],[-38.45030895,-3.80579328],[-38.4505617,-3.80581249],[-38.45084395,-3.80583753],[-38.45109775,-3.80585991],[-38.45126099,-3.80587377],[-38.45145003,-3.80588923],[-38.45187865,-3.80593049],[-38.45207103,-3.80594613],[-38.45244595,-3.80597458],[-38.4526313,-3.80599304],[-38.45285737,-3.80601998],[-38.45319997,-3.80607662],[-38.45371247,-3.80616017],[-38.45416881,-3.80623522],[-38.45459426,-3.8063032],[-38.45483717,-3.80634144],[-38.45495091,-3.80636197],[-38.45522822,-3.80641504],[-38.45572666,-3.80652044],[-38.45623283,-3.80663149],[-38.456567,-3.80670505],[-38.45683658,-3.80676376],[-38.45730765,-3.80686633],[-38.45752036,-3.8069116],[-38.45764982,-3.80694299],[-38.45778573,-3.80698032],[-38.45798228,-3.80704928],[-38.45828554,-3.80715442],[-38.45850456,-3.80722903],[-38.45869775,-3.80728671],[-38.45890105,-3.80734438],[-38.45922229,-3.80742584],[-38.45948739,-3.80747791],[-38.4596907,-3.80752205],[-38.45987492,-3.80755376],[-38.4600861,-3.80759001],[-38.46045118,-3.80763537],[-38.46073314,-3.80766038],[-38.46097016,-3.80768197],[-38.46106846,-3.80769444],[-38.46121561,-3.80771992],[-38.46137904,-3.80775162],[-38.46160374,-3.8077938],[-38.46187129,-3.8075958],[-38.46206665,-3.80748454],[-38.46239203,-3.80729688],[-38.46255391,-3.80720073],[-38.462826,-3.80704469],[-38.4630912,-3.80689787],[-38.46339143,-3.80672341],[-38.46377432,-3.80647925],[-38.46397295,-3.80634449],[-38.46405504,-3.80629094],[-38.46444601,-3.80599203],[-38.46471815,-3.80576048],[-38.46498626,-3.80553642],[-38.46519928,-3.80534173],[-38.4652722,-3.8052703],[-38.46531355,-3.80520808],[-38.46535089,-3.80513951],[-38.46536814,-3.80507842],[-38.46537852,-3.80500637],[-38.46538201,-3.80492914],[-38.46538609,-3.80483173],[-38.46538442,-3.80473489],[-38.46538509,-3.80459021],[-38.46539781,-3.80443805],[-38.46541049,-3.8043418],[-38.46543468,-3.8042029],[-38.46545482,-3.80409858],[-38.46548876,-3.8039764],[-38.46558191,-3.80365943],[-38.46560721,-3.80357875],[-38.46562333,-3.80349691],[-38.46564411,-3.80328596],[-38.46567939,-3.80285137],[-38.46569386,-3.80263926],[-38.46573079,-3.80231131],[-38.46576941,-3.8020214],[-38.46579537,-3.80180007],[-38.46583001,-3.80145771],[-38.46584795,-3.80121275],[-38.46586931,-3.80100986],[-38.46588778,-3.80082715],[-38.46594402,-3.80083122],[-38.46611042,-3.80084459],[-38.46661651,-3.80088755],[-38.46688792,-3.80090847],[-38.46725056,-3.80093694],[-38.46754148,-3.80096018],[-38.46799822,-3.80099677],[-38.46834422,-3.80102696],[-38.46895015,-3.80107691],[-38.4691573,-3.8010926],[-38.46926345,-3.80110477],[-38.46947346,-3.80111988],[-38.46966913,-3.8011373],[-38.47006562,-3.80116867],[-38.47026932,-3.80118839],[-38.47045638,-3.80120349],[-38.47063425,-3.80122377],[-38.47077196,-3.80123712],[-38.47122355,-3.80126333],[-38.47147143,-3.80128942],[-38.47192244,-3.80132659],[-38.47238951,-3.80136723],[-38.47285142,-3.80140786],[-38.4733489,-3.8014537],[-38.47390147,-3.80150303],[-38.47436395,-3.80154136],[-38.47506944,-3.80160692],[-38.47528203,-3.80162924],[-38.47536322,-3.80163592],[-38.47550466,-3.80164984],[-38.47576832,-3.80167738],[-38.47588853,-3.80168841],[-38.4761037,-3.80170814],[-38.47637712,-3.80173078],[-38.47666775,-3.80175229],[-38.47695437,-3.80177552],[-38.47729291,-3.80180166],[-38.47758497,-3.80182605],[-38.47788737,-3.80185015],[-38.47817255,-3.80187454],[-38.47844998,-3.80190035],[-38.478629,-3.80191487],[-38.47905247,-3.80195288],[-38.47925014,-3.80197087],[-38.47935856,-3.80197525],[-38.4794667,-3.80070504],[-38.47957101,-3.79946166],[-38.47968183,-3.79821565],[-38.47973699,-3.79736964],[-38.47978163,-3.79697275],[-38.47983949,-3.79628254],[-38.47988127,-3.79571536],[-38.47991401,-3.7954348],[-38.48000601,-3.79430707],[-38.48001978,-3.7939716],[-38.4800699,-3.79320178],[-38.48010468,-3.79292811],[-38.48019227,-3.79247893],[-38.48024375,-3.791965],[-38.4803531,-3.79067262],[-38.48045857,-3.78944677],[-38.48067772,-3.78692362],[-38.48149399,-3.78699823],[-38.48248579,-3.78708349],[-38.48281074,-3.78711191],[-38.4832311,-3.78714784],[-38.48367266,-3.78718751],[-38.48404638,-3.78722235],[-38.48410204,-3.78722717],[-38.48472701,-3.78728559],[-38.48567322,-3.78736763],[-38.48573153,-3.78736873],[-38.48581318,-3.78736558],[-38.48587096,-3.78736349],[-38.48593192,-3.7873598],[-38.48599713,-3.78735557],[-38.48605704,-3.78735082],[-38.48633113,-3.78731264],[-38.48659939,-3.78727446],[-38.48808755,-3.78707778],[-38.48841386,-3.78703484],[-38.48958764,-3.78688377],[-38.49001706,-3.78682971],[-38.49042316,-3.78677989],[-38.49069566,-3.78674704],[-38.49074974,-3.78674068],[-38.49079798,-3.78673698],[-38.49085311,-3.78673541],[-38.49089095,-3.78673654],[-38.49090772,-3.78673704],[-38.49096073,-3.78673867],[-38.49106569,-3.78674512],[-38.49152952,-3.78677149],[-38.49184599,-3.78679031],[-38.49200873,-3.78680213],[-38.4920856,-3.78680856],[-38.49212535,-3.78681231],[-38.49229126,-3.78684969],[-38.49239568,-3.78687424],[-38.49243861,-3.78688811],[-38.4926591,-3.78695694],[-38.49284831,-3.78702201],[-38.49290927,-3.78703802],[-38.49294743,-3.78704391],[-38.49303543,-3.78704342],[-38.49308951,-3.78703813],[-38.49314252,-3.78703071],[-38.49333446,-3.78697863],[-38.49343891,-3.786951],[-38.49354707,-3.78692391],[-38.49381164,-3.78685271],[-38.49402107,-3.78679425],[-38.49435881,-3.7866954],[-38.49475435,-3.78657742],[-38.49491606,-3.78653092],[-38.49459755,-3.78545506],[-38.49427853,-3.7843627],[-38.49396532,-3.78328152],[-38.49487251,-3.78301153],[-38.49489482,-3.78292687],[-38.49512244,-3.78213689],[-38.49513358,-3.78212106],[-38.49515175,-3.7820983],[-38.49520374,-3.78202325],[-38.49525839,-3.78195086],[-38.49530719,-3.78190083],[-38.49565245,-3.78163052],[-38.49569275,-3.78160126],[-38.49574101,-3.78157146],[-38.49580253,-3.78152304],[-38.49585133,-3.78147994],[-38.49589217,-3.78143203],[-38.49593091,-3.78137401],[-38.4963071,-3.78077622],[-38.49635325,-3.78072353],[-38.49639675,-3.78068202],[-38.49645403,-3.78063413],[-38.49697642,-3.78023185],[-38.49700983,-3.78020684],[-38.49703476,-3.78019142],[-38.4974993,-3.77991371],[-38.49762815,-3.77986054],[-38.49767269,-3.77983713],[-38.49771777,-3.77980521],[-38.49774375,-3.77978605],[-38.4977671,-3.77975838],[-38.49779255,-3.77974135],[-38.4978249,-3.77972433],[-38.49785565,-3.77971423],[-38.49867162,-3.77950756],[-38.49875857,-3.77947459],[-38.49882221,-3.77942883],[-38.49887367,-3.77936869],[-38.49892248,-3.77929203],[-38.4989607,-3.77921218],[-38.49898725,-3.77913019],[-38.49901062,-3.7790434],[-38.49904038,-3.77892307],[-38.49906536,-3.77880221],[-38.49909034,-3.77869039],[-38.49910789,-3.77860041],[-38.49913024,-3.77845558],[-38.49916005,-3.77823301],[-38.49920743,-3.77788477],[-38.49921807,-3.77782247],[-38.49923242,-3.77775965],[-38.49925154,-3.77769469],[-38.49927331,-3.77763027],[-38.49930038,-3.77757331],[-38.49932585,-3.77753764],[-38.49964759,-3.77713951],[-38.499707,-3.77706233],[-38.49974468,-3.77699685],[-38.49976963,-3.77693723],[-38.49978291,-3.77688771],[-38.49978559,-3.77683073],[-38.49978403,-3.77677961],[-38.49977823,-3.77673275],[-38.49972914,-3.77636262],[-38.50001121,-3.77626853],[-38.50040516,-3.77613457],[-38.50125032,-3.77586401],[-38.50168509,-3.77572634],[-38.50192696,-3.7756502],[-38.50220947,-3.77554544],[-38.50268693,-3.77521486],[-38.503314,-3.77472844],[-38.50368849,-3.7743557],[-38.50401201,-3.77400203],[-38.50439838,-3.77366428],[-38.5048734,-3.77320481],[-38.50517575,-3.77293392],[-38.50537139,-3.77274825],[-38.50592512,-3.77235287],[-38.50650792,-3.77210116],[-38.50823304,-3.77175461],[-38.50891955,-3.77152418],[-38.50946612,-3.7713527],[-38.50941837,-3.77079886],[-38.5093226,-3.77017115],[-38.50917312,-3.76951501],[-38.50899711,-3.76890785],[-38.50890496,-3.76854857],[-38.50868769,-3.76798394],[-38.50851267,-3.76749819],[-38.50836396,-3.76714304],[-38.50709816,-3.76385445],[-38.50699283,-3.76363474],[-38.50684961,-3.76337348],[-38.50677528,-3.76325963],[-38.50665703,-3.76311401],[-38.50650385,-3.76295045],[-38.50622234,-3.76260227],[-38.50610754,-3.76241756],[-38.5063649,-3.76244702],[-38.50668568,-3.7624472],[-38.50691802,-3.76245846],[-38.50761763,-3.76254217],[-38.50776694,-3.76254787],[-38.50803025,-3.76258209],[-38.50819287,-3.7626203],[-38.50832834,-3.76258148],[-38.50848325,-3.7625594],[-38.50862149,-3.76254835],[-38.50927166,-3.76267001],[-38.50978293,-3.76276567],[-38.51014791,-3.76279917],[-38.51041898,-3.76279932],[-38.51083659,-3.76276627],[-38.5109417,-3.76274968],[-38.51106886,-3.76274975],[-38.51150587,-3.76265555],[-38.51178804,-3.7626112],[-38.5120717,-3.76258045],[-38.51220917,-3.76256662],[-38.51244906,-3.76245045],[-38.5125431,-3.76241721],[-38.5127035,-3.76239505],[-38.51305193,-3.76239524],[-38.51319025,-3.76241197],[-38.51339354,-3.76244878],[-38.51349443,-3.76246768],[-38.51358842,-3.76251776],[-38.51370459,-3.76252344],[-38.51403161,-3.76248571],[-38.51442576,-3.76238886],[-38.51466082,-3.7623143],[-38.51510617,-3.76217303],[-38.51588346,-3.76183394],[-38.51611121,-3.76174643],[-38.51654669,-3.76157911],[-38.51700543,-3.76125459],[-38.5172767,-3.76106268],[-38.51756831,-3.76076126],[-38.51770751,-3.76061738],[-38.51792365,-3.76026525],[-38.51798076,-3.76018521],[-38.51899789,-3.76006581],[-38.51903611,-3.75980557],[-38.51908572,-3.75950064],[-38.51911945,-3.75930297],[-38.51915465,-3.75913313],[-38.51917596,-3.75904026],[-38.51919677,-3.75896726],[-38.51926114,-3.75878849],[-38.51929185,-3.7586991],[-38.51934333,-3.7585829],[-38.51940965,-3.75845877],[-38.51949675,-3.75832074],[-38.5195492,-3.75825123],[-38.51961936,-3.75799091],[-38.5196415,-3.75787904],[-38.51968274,-3.75765553],[-38.51980522,-3.7570695],[-38.51988136,-3.75670334],[-38.52001639,-3.75599815],[-38.52012034,-3.75546553],[-38.52015352,-3.75529398],[-38.52023488,-3.75488192],[-38.52047297,-3.75366011],[-38.52049691,-3.75353987],[-38.52058766,-3.75304086],[-38.52066015,-3.75267032],[-38.52075235,-3.75219971],[-38.52081533,-3.7518775],[-38.52089371,-3.75147814],[-38.52099384,-3.75097168],[-38.52116282,-3.75013756],[-38.52133948,-3.74928802],[-38.52150256,-3.74849928],[-38.52159044,-3.74808268],[-38.52165159,-3.74780313],[-38.52183458,-3.74695087],[-38.521956,-3.74634275],[-38.52213537,-3.74549593],[-38.52227036,-3.74485152],[-38.52243977,-3.74405643],[-38.5225974,-3.74331308],[-38.52263723,-3.74312072],[-38.5227188,-3.74272675],[-38.52288821,-3.74193076],[-38.52329996,-3.73996665],[-38.52364739,-3.73829615],[-38.52389837,-3.7370486],[-38.52392831,-3.73690353],[-38.52380172,-3.73694327],[-38.52298813,-3.73719659],[-38.52221218,-3.73744171],[-38.52122481,-3.73775311],[-38.52037718,-3.73802038],[-38.5193705,-3.73833671],[-38.51818774,-3.73871308],[-38.5178788,-3.73880758],[-38.51755352,-3.73891358],[-38.5175107,-3.7387884],[-38.51727356,-3.73801284],[-38.51695935,-3.73698513],[-38.51670359,-3.73616091],[-38.51666734,-3.73603368],[-38.51640781,-3.73611802],[-38.51613801,-3.73525862],[-38.51583881,-3.73429797],[-38.51575519,-3.7340251],[-38.51559121,-3.73350433],[-38.51545043,-3.73305886],[-38.51532631,-3.73265152],[-38.5151741,-3.73215706],[-38.51496179,-3.73148177],[-38.51481154,-3.73098994],[-38.51459106,-3.73029394],[-38.5143526,-3.72955027],[-38.51415826,-3.72891642],[-38.51407693,-3.72865653],[-38.51390462,-3.72812409],[-38.51387784,-3.72802612],[-38.51368251,-3.7274064],[-38.51352246,-3.72688037],[-38.5134408,-3.72662952],[-38.51338134,-3.72646415],[-38.51330295,-3.7262041],[-38.51301747,-3.72528882],[-38.51261309,-3.72401057],[-38.51255865,-3.72382024],[-38.51252527,-3.72371765],[-38.51247506,-3.72356058],[-38.51245732,-3.72350823],[-38.51243957,-3.72345799],[-38.5124101,-3.72338233],[-38.51234457,-3.72314689],[-38.51223573,-3.72278494],[-38.51214883,-3.72251893],[-38.51208149,-3.72230104],[-38.51199669,-3.72204198],[-38.51189747,-3.72172785],[-38.51180666,-3.72144822],[-38.51168309,-3.72105813],[-38.5116428,-3.72092527],[-38.51155018,-3.72064655],[-38.51150027,-3.72048403],[-38.51145127,-3.72032485],[-38.51115076,-3.71934958],[-38.51095957,-3.71946719],[-38.51063723,-3.71970521],[-38.5099359,-3.72018275],[-38.50913744,-3.72058922],[-38.50854171,-3.72081623],[-38.50805314,-3.72101942],[-38.50750473,-3.72116123],[-38.506802,-3.72141369],[-38.50608715,-3.72159278],[-38.50507431,-3.7219273],[-38.50467096,-3.72203079],[-38.50466766,-3.72202135],[-38.50415216,-3.72049684],[-38.50397246,-3.72056893],[-38.50471643,-3.72275287],[-38.50453701,-3.72280902],[-38.50435113,-3.72243113],[-38.50425056,-3.72252653],[-38.50442234,-3.7229265],[-38.50418012,-3.72314754],[-38.50332493,-3.7235179],[-38.50221401,-3.72391241],[-38.50102256,-3.72415102],[-38.49991452,-3.72435394],[-38.4989375,-3.72456878],[-38.49828223,-3.7246282],[-38.49718607,-3.72484298],[-38.49585164,-3.72503373],[-38.49525606,-3.72498553],[-38.49493444,-3.72497358],[-38.49487492,-3.72462728],[-38.49472027,-3.72458613],[-38.49416986,-3.72289191],[-38.49457207,-3.72272358],[-38.49454669,-3.72260712],[-38.49416984,-3.72269224],[-38.4940915,-3.72258512],[-38.49388656,-3.72262569],[-38.49443233,-3.72445709],[-38.494057,-3.72457536],[-38.49363521,-3.72466846],[-38.49301463,-3.72466082],[-38.49252621,-3.72462444],[-38.49155131,-3.72443291],[-38.49073849,-3.72427584],[-38.49049132,-3.72390569],[-38.49025053,-3.72358702],[-38.48994372,-3.72327102],[-38.48953879,-3.72304344],[-38.48908626,-3.72275595],[-38.48881284,-3.72263161],[-38.48852214,-3.7224287],[-38.48812901,-3.72240693],[-38.48772869,-3.7224821],[-38.48732198,-3.7226099],[-38.48685848,-3.72267088],[-38.48628654,-3.72286197],[-38.48581012,-3.72276598],[-38.48507353,-3.72238948],[-38.48482159,-3.72233451],[-38.48458199,-3.72228905],[-38.48433318,-3.72227443],[-38.48401146,-3.72235801],[-38.48363025,-3.72238176],[-38.48301652,-3.72242157],[-38.48229107,-3.72224075],[-38.4817524,-3.72203109],[-38.48129272,-3.72181434],[-38.48068945,-3.72151092],[-38.47995692,-3.721128],[-38.47964812,-3.72099067],[-38.47938684,-3.72090701],[-38.47931057,-3.72088218],[-38.47889401,-3.72069431],[-38.47909288,-3.71993518],[-38.47889893,-3.7199062],[-38.47870204,-3.72034994],[-38.47808299,-3.72021745],[-38.47792428,-3.72046277],[-38.47770625,-3.7203254],[-38.47768851,-3.72031635],[-38.47777785,-3.72015336],[-38.4778381,-3.72005055],[-38.4778597,-3.72006297],[-38.47791686,-3.71996481],[-38.47785798,-3.7199317],[-38.47779902,-3.72003141],[-38.47781676,-3.72004305],[-38.47774345,-3.72016005],[-38.47766948,-3.72030342],[-38.47736222,-3.72011125],[-38.47739742,-3.72003944],[-38.4772219,-3.71991324],[-38.47716012,-3.71999795],[-38.47688057,-3.71983642],[-38.47655127,-3.71960414],[-38.47628944,-3.71929185],[-38.47627832,-3.71925584],[-38.47667871,-3.71897236],[-38.47666278,-3.71894341],[-38.47626188,-3.71921139],[-38.47604373,-3.71859543],[-38.47598436,-3.71817645],[-38.47615901,-3.71767874],[-38.47658172,-3.71727069],[-38.47680252,-3.7173558],[-38.47704905,-3.71747802],[-38.47753792,-3.71728913],[-38.47745938,-3.71702732],[-38.4772153,-3.71626082],[-38.47738122,-3.7154756],[-38.47727271,-3.71531695],[-38.4826167,-3.71228965],[-38.48289825,-3.71102377],[-38.48302092,-3.71063881],[-38.48310406,-3.71066934],[-38.48332829,-3.70987873],[-38.48307938,-3.70980784],[-38.48242267,-3.71219897],[-38.47721366,-3.71515346],[-38.47540646,-3.71250414],[-38.47524227,-3.71227206],[-38.475036,-3.71166472],[-38.47453155,-3.71026335],[-38.47405181,-3.70893519],[-38.47316974,-3.70638714],[-38.47349651,-3.70607006],[-38.47390414,-3.70573281],[-38.47426887,-3.70539553],[-38.4744601,-3.70514021],[-38.47471037,-3.70494884],[-38.47542625,-3.70419177],[-38.47480607,-3.7035145],[-38.47543011,-3.70252252],[-38.47606063,-3.70181652],[-38.47625129,-3.70118163],[-38.47793465,-3.70064739],[-38.47948548,-3.70021478],[-38.48138012,-3.69933032],[-38.48199972,-3.69909131],[-38.48241673,-3.69911544],[-38.4825597,-3.69900787],[-38.48250034,-3.69873254],[-38.48217867,-3.69874429],[-38.48108237,-3.69924637],[-38.47974774,-3.69985587],[-38.47421926,-3.70139649],[-38.47358777,-3.70163549],[-38.47280094,-3.70248477],[-38.47138176,-3.70518858],[-38.47051109,-3.70679175],[-38.46922413,-3.70747318],[-38.4686164,-3.70773606],[-38.46817559,-3.7077358],[-38.46783011,-3.70781936],[-38.46777052,-3.70792707],[-38.46772269,-3.70809459],[-38.46763917,-3.70832197],[-38.46715055,-3.70862084],[-38.46685921,-3.70851373],[-38.46281561,-3.70631247],[-38.46071259,-3.70524839],[-38.46057616,-3.70509678],[-38.46045936,-3.70510766],[-38.46038416,-3.70525968],[-38.46045933,-3.70544464],[-38.46383956,-3.70724249],[-38.46403002,-3.70754186],[-38.46405365,-3.70793676],[-38.46388616,-3.70896589],[-38.46387413,-3.70920525],[-38.46379057,-3.70950437],[-38.46370687,-3.71000704],[-38.46367146,-3.7104147],[-38.46354665,-3.71079807],[-38.46348342,-3.71275281],[-38.46330235,-3.71346793],[-38.46303549,-3.71433678],[-38.46272853,-3.71526287],[-38.46223745,-3.71635187],[-38.46173039,-3.7180961],[-38.46140046,-3.71912441],[-38.46136786,-3.71922605],[-38.46130066,-3.71943618],[-38.46101429,-3.720178],[-38.46063247,-3.721207],[-38.45953222,-3.7237115],[-38.45843751,-3.7261125],[-38.45793236,-3.72691951],[-38.45755943,-3.7276895],[-38.45718538,-3.72851649],[-38.45718543,-3.72902355],[-38.45663864,-3.72972604],[-38.45635947,-3.73028757],[-38.45628367,-3.73044004],[-38.4561905,-3.73110699],[-38.45559645,-3.73193909],[-38.45495457,-3.73307303],[-38.45433928,-3.73429792],[-38.45377509,-3.7354709],[-38.45323673,-3.73680846],[-38.45227127,-3.73839616],[-38.4520119,-3.73928247],[-38.45144761,-3.74018225],[-38.4504457,-3.7420008],[-38.44977759,-3.74358008],[-38.44946727,-3.74411348],[-38.44900409,-3.74490989],[-38.44792909,-3.74707135],[-38.44748746,-3.74795889],[-38.44608737,-3.75039179],[-38.4459304,-3.75069077],[-38.44264039,-3.75754179],[-38.44099868,-3.76035339],[-38.44038775,-3.76173938],[-38.43951979,-3.762722],[-38.43897108,-3.76384667],[-38.43799338,-3.76504281],[-38.43694356,-3.76719629],[-38.43617402,-3.76828183],[-38.43606096,-3.76857181],[-38.43586614,-3.7690715],[-38.43560859,-3.76939446],[-38.43544877,-3.76946107],[-38.43525033,-3.76954086],[-38.43453487,-3.77059359],[-38.43370018,-3.77162227],[-38.43294584,-3.77293106],[-38.43290035,-3.77301],[-38.43282319,-3.77314387],[-38.43281762,-3.77315354],[-38.43208974,-3.77449831],[-38.43142946,-3.77571819],[-38.43139335,-3.77578491],[-38.43025048,-3.77787782],[-38.42957312,-3.77908746],[-38.42880718,-3.78033013],[-38.42685663,-3.78344337],[-38.42471647,-3.78743344],[-38.42344257,-3.78949529],[-38.42094377,-3.79400727],[-38.41864152,-3.7969319],[-38.41805152,-3.79829997],[-38.41713351,-3.7995559],[-38.41592878,-3.80129048],[-38.41526086,-3.80241495],[-38.41423544,-3.80361101],[-38.4131152,-3.80525496],[-38.41006872,-3.80968631],[-38.40943147,-3.81045528],[-38.40899767,-3.81094331],[-38.40861463,-3.8120193],[-38.40792669,-3.81301937],[-38.40693159,-3.81460932],[-38.40570657,-3.81658332],[-38.40412198,-3.81849183],[-38.40335882,-3.81937695],[-38.40281041,-3.81992705],[-38.40221401,-3.82086013],[-38.40187994,-3.82155404],[-38.40168906,-3.8218651],[-38.40168875,-3.82231987],[-38.40178367,-3.82296612],[-38.40176719,-3.82375946],[-38.40188599,-3.82404179],[-38.40190514,-3.8242973],[-38.40166596,-3.82491953],[-38.40139391,-3.82552075],[-38.40132769,-3.82608303],[-38.40135706,-3.82658513],[-38.40180448,-3.82686136],[-38.40230171,-3.82673958],[-38.40296566,-3.82646503],[-38.40353402,-3.82596887],[-38.40447309,-3.82508469],[-38.40528851,-3.82455595],[-38.40593114,-3.82398574],[-38.40599727,-3.82381897],[-38.40583437,-3.8231306],[-38.40581415,-3.82299792],[-38.40576596,-3.82268176],[-38.40573199,-3.82206034],[-38.40586987,-3.82154252],[-38.40635138,-3.82109406],[-38.40700482,-3.82050758],[-38.40841463,-3.81961096],[-38.40989382,-3.81885654],[-38.40989472,-3.81883207],[-38.42797793,-3.809372],[-38.43009899,-3.80826235],[-38.43624437,-3.80504728],[-38.43979766,-3.80318828],[-38.44275348,-3.80164184],[-38.44292921,-3.80154991],[-38.44310602,-3.80184488],[-38.4431893,-3.80215421],[-38.44328967,-3.80243525],[-38.44330827,-3.80248733],[-38.44348673,-3.80277287],[-38.44350938,-3.80278985],[-38.44377227,-3.80298702],[-38.44437903,-3.80339153],[-38.44445041,-3.80381983],[-38.44448611,-3.80422434],[-38.44455733,-3.80428765],[-38.4446826,-3.804399],[-38.44470026,-3.8044147],[-38.44471355,-3.80441042],[-38.44481833,-3.80437674],[-38.44503338,-3.80430762],[-38.44529313,-3.80435957],[-38.44533081,-3.80436711],[-38.44546168,-3.80467644],[-38.44569193,-3.80480347],[-38.44580671,-3.80486679],[-38.44594415,-3.80509956],[-38.44600314,-3.80519947],[-38.44599553,-3.80521233]]]},"geometry_name":"The_geom","properties":{"id":1,"nome":"Distrito 2","area_ha":7304,"fonte":"SME - Secretaria Municipal de Educação de Fortaleza","ano_ref":2023,"data_atual":"08/Ago/2023","epsg_codif":"EPSG: 31984 (SIRGAS 2000 - UTM 24S); Codificação: UTF-8"}},{"type":"Feature","id":"vw_DistritosEducacao_2023.fid-3da4354c_18dace4b5a0_-54bb","geometry":{"type":"Polygon","coordinates":[[[-38.44599553,-3.80521233],[-38.44579557,-3.80555044],[-38.44558569,-3.8059053],[-38.44546636,-3.80619245],[-38.44533518,-3.80638385],[-38.44526351,-3.80667103],[-38.44508458,-3.80701798],[-38.44438105,-3.80792707],[-38.44316676,-3.80927894],[-38.44221891,-3.81167296],[-38.44227078,-3.81373204],[-38.44260376,-3.81579109],[-38.44396102,-3.81792813],[-38.44518967,-3.81926616],[-38.44524847,-3.81955568],[-38.44547192,-3.82065599],[-38.44545896,-3.82155528],[-38.44574078,-3.82642006],[-38.4473799,-3.83146506],[-38.44755787,-3.8319197],[-38.44834014,-3.83391807],[-38.44988765,-3.83787128],[-38.45147676,-3.83970116],[-38.45329593,-3.84037018],[-38.45590809,-3.84073121],[-38.45605797,-3.84081862],[-38.45718395,-3.84147529],[-38.45812197,-3.84266923],[-38.45881004,-3.84306713],[-38.45931013,-3.84308822],[-38.45940981,-3.84306863],[-38.46016522,-3.84292017],[-38.46020839,-3.84291769],[-38.46089412,-3.8428782],[-38.46187403,-3.84319317],[-38.46266599,-3.84348621],[-38.46327031,-3.8436109],[-38.46337412,-3.84363232],[-38.46362412,-3.84361123],[-38.46379131,-3.84344404],[-38.46364512,-3.84294091],[-38.46362421,-3.84247989],[-38.46362939,-3.84240718],[-38.46363787,-3.84228813],[-38.46364506,-3.84218714],[-38.46402005,-3.84208219],[-38.46445801,-3.84216628],[-38.46462504,-3.84233417],[-38.4649368,-3.84289917],[-38.46513462,-3.84311588],[-38.46516688,-3.84315122],[-38.46577765,-3.8432952],[-38.4658751,-3.84331817],[-38.46633395,-3.84350718],[-38.46640529,-3.84367797],[-38.46659391,-3.84412954],[-38.46660501,-3.84415612],[-38.46681277,-3.8445121],[-38.46714684,-3.84474316],[-38.46731265,-3.84535],[-38.46720525,-3.84595289],[-38.46730833,-3.84635946],[-38.46743216,-3.84805714],[-38.46759962,-3.84878004],[-38.46760968,-3.84909406],[-38.4676618,-3.84938718],[-38.46784991,-3.8497012],[-38.46850691,-3.85047623],[-38.46867627,-3.85074521],[-38.46872474,-3.85082218],[-38.46890304,-3.85088519],[-38.46902811,-3.85089529],[-38.46918405,-3.85074915],[-38.46930934,-3.85058102],[-38.46944434,-3.85038203],[-38.46962208,-3.85018319],[-38.46995496,-3.85018324],[-38.4703819,-3.85025617],[-38.47064288,-3.85036127],[-38.47082192,-3.85053753],[-38.47105999,-3.85069613],[-38.47106966,-3.8510941],[-38.47118498,-3.85120923],[-38.47133078,-3.85130418],[-38.47145596,-3.85150311],[-38.4714559,-3.85229889],[-38.47130983,-3.85244485],[-38.47112188,-3.85257084],[-38.47105991,-3.85273901],[-38.47114275,-3.85304224],[-38.47120572,-3.85334615],[-38.4713099,-3.85362918],[-38.47148686,-3.85371824],[-38.47166383,-3.8538073],[-38.47207111,-3.85383818],[-38.47266132,-3.85399709],[-38.47282828,-3.85410211],[-38.47296319,-3.85431106],[-38.47341471,-3.85442521],[-38.47345129,-3.85451919],[-38.47349065,-3.85461327],[-38.47376095,-3.85475431],[-38.47377441,-3.85476133],[-38.47390705,-3.85482233],[-38.47407418,-3.85479114],[-38.47453324,-3.85451922],[-38.47478294,-3.85447712],[-38.47497012,-3.8545192],[-38.47523112,-3.8546133],[-38.47568895,-3.8550112],[-38.4758458,-3.85525209],[-38.47591891,-3.85556608],[-38.4759386,-3.85581704],[-38.47590761,-3.85606898],[-38.47581376,-3.85643503],[-38.47568881,-3.85679096],[-38.47554199,-3.85706945],[-38.4755228,-3.85710587],[-38.47536591,-3.85731495],[-38.4753447,-3.85754598],[-38.47534471,-3.85781801],[-38.4754387,-3.85805913],[-38.47561596,-3.85811124],[-38.47591101,-3.85812684],[-38.47601198,-3.85813218],[-38.47606722,-3.85813217],[-38.47625207,-3.85813212],[-38.47647087,-3.85828922],[-38.47674195,-3.85853037],[-38.47695012,-3.85864515],[-38.47724202,-3.85873921],[-38.47777402,-3.85921117],[-38.47790897,-3.85950417],[-38.47802379,-3.85980817],[-38.4780439,-3.86003809],[-38.47804391,-3.86022701],[-38.47787769,-3.86047786],[-38.47770089,-3.86054087],[-38.47753385,-3.86077096],[-38.47738766,-3.86100195],[-38.47735349,-3.86117302],[-38.4773459,-3.861211],[-38.47739798,-3.86137334],[-38.47743991,-3.86150409],[-38.47777404,-3.86200721],[-38.47789975,-3.86216084],[-38.47796235,-3.8622373],[-38.47848276,-3.86219865],[-38.47883638,-3.86220962],[-38.47931679,-3.86223506],[-38.4797127,-3.86227709],[-38.47994197,-3.86243417],[-38.47995781,-3.86245408],[-38.48019174,-3.86274808],[-38.48028585,-3.86290398],[-38.48065478,-3.86351514],[-38.48069517,-3.86355335],[-38.48082185,-3.8636732],[-38.48100915,-3.86373527],[-38.48119715,-3.86368315],[-38.48159323,-3.86341105],[-38.48165712,-3.86338889],[-38.48192096,-3.86329736],[-38.48239035,-3.86313454],[-38.48265118,-3.86311342],[-38.48304714,-3.86313457],[-38.48313573,-3.86316834],[-38.48319955,-3.86319267],[-38.48326485,-3.86321756],[-38.48374839,-3.86361408],[-38.48412955,-3.86382973],[-38.48424329,-3.86385072],[-38.48429319,-3.86388172],[-38.48442716,-3.86426076],[-38.48539216,-3.86448873],[-38.48557482,-3.86461848],[-38.48571373,-3.86471632],[-38.48583271,-3.86500362],[-38.48593979,-3.86526697],[-38.48662196,-3.86582703],[-38.48785457,-3.86635727],[-38.48837538,-3.86681812],[-38.48866105,-3.86739966],[-38.48878594,-3.86790162],[-38.48888419,-3.86924489],[-38.48890402,-3.8696849],[-38.48902901,-3.87010389],[-38.48948876,-3.87121332],[-38.48996894,-3.87180496],[-38.49044282,-3.87246622],[-38.490729,-3.87295512],[-38.4909439,-3.87322817],[-38.4910143,-3.87346767],[-38.49105802,-3.8735841],[-38.49111495,-3.87365618],[-38.49118712,-3.87366327],[-38.49135913,-3.87369924],[-38.49143696,-3.87376328],[-38.4915588,-3.8738793],[-38.49163799,-3.87399413],[-38.49177368,-3.87429623],[-38.49188093,-3.87446117],[-38.49188094,-3.87457601],[-38.49185962,-3.87467709],[-38.49185973,-3.87474199],[-38.49178771,-3.87485696],[-38.49171568,-3.87494296],[-38.4916807,-3.87510805],[-38.49166561,-3.87526703],[-38.49176584,-3.87538917],[-38.49183107,-3.8754322],[-38.49186005,-3.87541009],[-38.49188814,-3.87536701],[-38.49192415,-3.87533827],[-38.4919879,-3.8753462],[-38.49203069,-3.87572009],[-38.49201661,-3.87583497],[-38.49199467,-3.87596413],[-38.49200297,-3.87606509],[-38.49203794,-3.87619417],[-38.4921962,-3.87623729],[-38.49232492,-3.87628124],[-38.49239572,-3.87635316],[-38.49240284,-3.87654],[-38.49233163,-3.87665496],[-38.49231798,-3.87674806],[-38.49229564,-3.876849],[-38.49223182,-3.87692802],[-38.49223199,-3.87700021],[-38.49232489,-3.87701418],[-38.49235975,-3.8771001],[-38.49239582,-3.87717217],[-38.49244599,-3.87720125],[-38.49251103,-3.87724416],[-38.49253869,-3.87730908],[-38.49257471,-3.87744613],[-38.49264663,-3.87765398],[-38.49267466,-3.87791301],[-38.49260374,-3.87805696],[-38.4925318,-3.87813586],[-38.49248896,-3.87820098],[-38.49252492,-3.87841705],[-38.49248892,-3.87851696],[-38.49243156,-3.87865414],[-38.49245289,-3.87880524],[-38.49256092,-3.8789131],[-38.4925678,-3.87912102],[-38.4925386,-3.87933007],[-38.49253862,-3.879445],[-38.49251772,-3.87953893],[-38.4924028,-3.87960997],[-38.49242486,-3.87973307],[-38.49251781,-3.88000613],[-38.49259703,-3.88017916],[-38.49275421,-3.88025835],[-38.49284694,-3.88029428],[-38.49291098,-3.88035825],[-38.49298984,-3.88040931],[-38.4931327,-3.88056016],[-38.49317588,-3.88068207],[-38.49319098,-3.8808261],[-38.4932688,-3.88099821],[-38.49341165,-3.88120713],[-38.49341991,-3.88128606],[-38.49341163,-3.88134391],[-38.49336189,-3.88137994],[-38.49338394,-3.88149504],[-38.49346167,-3.88173926],[-38.49357693,-3.88207007],[-38.49359088,-3.88217804],[-38.49359082,-3.88231502],[-38.49357687,-3.88237901],[-38.49356967,-3.88249411],[-38.49361298,-3.88255236],[-38.49370597,-3.88255917],[-38.49385599,-3.88260926],[-38.49394877,-3.88270312],[-38.49394867,-3.88279607],[-38.49391989,-3.88289705],[-38.49391996,-3.88298314],[-38.4939559,-3.88309115],[-38.4939278,-3.88323483],[-38.49382665,-3.88327772],[-38.49375569,-3.88334995],[-38.49377669,-3.88357308],[-38.49384866,-3.88381826],[-38.4938988,-3.88395417],[-38.49394899,-3.88396919],[-38.49406423,-3.88392615],[-38.49422792,-3.88394019],[-38.49436387,-3.88409815],[-38.49440398,-3.88422019],[-38.49450705,-3.88422828],[-38.494557,-3.88417697],[-38.49467881,-3.88421333],[-38.49480081,-3.88435726],[-38.4948095,-3.88438481],[-38.49488692,-3.88463029],[-38.49490784,-3.88478113],[-38.49499397,-3.88486828],[-38.49518006,-3.88496825],[-38.49530894,-3.88515523],[-38.49545188,-3.88530629],[-38.4955088,-3.88538637],[-38.49577415,-3.8853863],[-38.49595986,-3.88543635],[-38.49608174,-3.88558019],[-38.49609576,-3.88580307],[-38.49603888,-3.88602612],[-38.49608179,-3.88628522],[-38.49615331,-3.88628522],[-38.49622483,-3.88628521],[-38.49633899,-3.88637132],[-38.49661122,-3.88637834],[-38.49675405,-3.88642824],[-38.49690493,-3.88654323],[-38.49704102,-3.88655825],[-38.49719799,-3.88660825],[-38.49734809,-3.88662323],[-38.49743401,-3.88665829],[-38.49748397,-3.88678814],[-38.49748379,-3.88702523],[-38.49756291,-3.88714823],[-38.4977851,-3.88728426],[-38.49792101,-3.88734943],[-38.49827906,-3.88750022],[-38.49864407,-3.88758632],[-38.49878027,-3.88758626],[-38.49908694,-3.88753615],[-38.4993022,-3.88752928],[-38.49970289,-3.8876442],[-38.49997486,-3.88767418],[-38.500182,-3.88775924],[-38.50063983,-3.8878453],[-38.50068298,-3.88791726],[-38.50073288,-3.88796424],[-38.50078279,-3.88801121],[-38.50094813,-3.88802527],[-38.50106997,-3.8880472],[-38.50109771,-3.88814719],[-38.50119115,-3.8881763],[-38.50132738,-3.88810425],[-38.50137705,-3.88803911],[-38.501449,-3.88798219],[-38.50154215,-3.88797524],[-38.50171358,-3.8881269],[-38.50176758,-3.88817467],[-38.50187563,-3.88818208],[-38.50281973,-3.8882441],[-38.50396381,-3.88804834],[-38.50455471,-3.88824018],[-38.50464901,-3.88868012],[-38.50456195,-3.88911291],[-38.50464284,-3.88926208],[-38.50519469,-3.88978802],[-38.50541982,-3.88991326],[-38.50546892,-3.89031379],[-38.505755,-3.890542],[-38.5066775,-3.890021],[-38.50757092,-3.88944538],[-38.50805016,-3.88903923],[-38.50829763,-3.88885124],[-38.508505,-3.888748],[-38.509004,-3.888716],[-38.509505,-3.88888],[-38.510856,-3.888698],[-38.51163339,-3.88906861],[-38.51265878,-3.89026513],[-38.51274668,-3.8907198],[-38.51294042,-3.89132699],[-38.51323733,-3.8921989],[-38.51355137,-3.89314119],[-38.51406444,-3.89460306],[-38.514651,-3.894035],[-38.51579399,-3.89292549],[-38.51676588,-3.89204122],[-38.51782545,-3.89111711],[-38.52020022,-3.88901404],[-38.52615144,-3.88372281],[-38.531158,-3.879367],[-38.53074499,-3.87919552],[-38.530399,-3.878976],[-38.53014275,-3.87882562],[-38.52997691,-3.87861978],[-38.52977508,-3.87831989],[-38.52963608,-3.87800386],[-38.52942297,-3.87725886],[-38.52920034,-3.87648321],[-38.529021,-3.875954],[-38.52883099,-3.8755677],[-38.52848521,-3.87484586],[-38.52825797,-3.87408527],[-38.52806201,-3.87334794],[-38.527907,-3.872743],[-38.52775174,-3.87247842],[-38.52745459,-3.87206253],[-38.52701708,-3.87138967],[-38.52667735,-3.87094593],[-38.52645252,-3.87069304],[-38.52593786,-3.87015986],[-38.5254745,-3.869739],[-38.52479344,-3.86924636],[-38.52443209,-3.86899921],[-38.523802,-3.86863],[-38.523078,-3.868262],[-38.522425,-3.867977],[-38.5218505,-3.8677575],[-38.5212592,-3.86755548],[-38.52074646,-3.86738668],[-38.520516,-3.867253],[-38.52036164,-3.8671179],[-38.52025674,-3.86696513],[-38.520195,-3.86678],[-38.51992736,-3.86620283],[-38.519562,-3.865311],[-38.519294,-3.865035],[-38.51909502,-3.86482748],[-38.518954,-3.864611],[-38.52228729,-3.86394714],[-38.52322614,-3.8637444],[-38.52492684,-3.86337716],[-38.52708079,-3.86287571],[-38.52847775,-3.86254175],[-38.5292203,-3.86236123],[-38.53284255,-3.86151756],[-38.53613156,-3.86076239],[-38.53917637,-3.85987843],[-38.53987053,-3.85970826],[-38.54231933,-3.85919018],[-38.54135871,-3.85336727],[-38.54084232,-3.85035919],[-38.54039053,-3.84757126],[-38.53974549,-3.84368544],[-38.53949366,-3.84201164],[-38.53933945,-3.84179515],[-38.53902172,-3.84136327],[-38.53846188,-3.84057631],[-38.53839039,-3.84051528],[-38.53833316,-3.84047732],[-38.53826456,-3.84044425],[-38.53585216,-3.84315253],[-38.535847,-3.84308744],[-38.53582115,-3.84293789],[-38.53579279,-3.84290702],[-38.53573606,-3.84289985],[-38.53569355,-3.84288318],[-38.53560342,-3.84283437],[-38.53554167,-3.84278331],[-38.53549214,-3.84276908],[-38.53540729,-3.84279029],[-38.53535063,-3.84279026],[-38.53529058,-3.8427583],[-38.53524458,-3.84270499],[-38.53523047,-3.84264817],[-38.53525878,-3.8425949],[-38.53529069,-3.84255583],[-38.53528009,-3.84250254],[-38.53522358,-3.84239585],[-38.53515647,-3.84226084],[-38.53514587,-3.84220049],[-38.53516708,-3.84212234],[-38.53520965,-3.84201218],[-38.53534062,-3.84181331],[-38.53546798,-3.84164819],[-38.53554584,-3.84155234],[-38.53556362,-3.84148839],[-38.53554591,-3.8414351],[-38.53544697,-3.84135688],[-38.53537271,-3.84127153],[-38.53532323,-3.84116846],[-38.53530564,-3.84104415],[-38.53532686,-3.8409518],[-38.53534113,-3.84087011],[-38.53531285,-3.84071911],[-38.53529877,-3.84060186],[-38.53529881,-3.84051655],[-38.53533073,-3.84045623],[-38.53534137,-3.84042783],[-38.53533076,-3.8403958],[-38.53529889,-3.8403709],[-38.53525298,-3.84033179],[-38.53517873,-3.84022871],[-38.53512572,-3.84017187],[-38.53503378,-3.84012921],[-38.53488168,-3.84009357],[-38.53473668,-3.84007929],[-38.53454573,-3.84011112],[-38.53441125,-3.84013593],[-38.53430876,-3.84011814],[-38.53426989,-3.84004348],[-38.53425221,-3.83994043],[-38.53427001,-3.83982682],[-38.5343054,-3.83967232],[-38.53434086,-3.83954795],[-38.53437981,-3.83946981],[-38.53436924,-3.83936323],[-38.53434103,-3.83923177],[-38.53424207,-3.83902925],[-38.53411841,-3.83887639],[-38.53404243,-3.83880352],[-38.53395054,-3.83868976],[-38.53385501,-3.83861869],[-38.53375248,-3.83853332],[-38.53365001,-3.83847998],[-38.53356509,-3.8384622],[-38.5334908,-3.83843728],[-38.53342724,-3.83838749],[-38.53326106,-3.83824528],[-38.53317502,-3.83816231],[-38.53303198,-3.83803556],[-38.53294409,-3.837903],[-38.53281226,-3.83772623],[-38.53268044,-3.83752739],[-38.53252661,-3.83736165],[-38.53251799,-3.83734925],[-38.53242775,-3.83719595],[-38.53237287,-3.83701923],[-38.53236199,-3.8368094],[-38.53240608,-3.83661065],[-38.53239516,-3.83646708],[-38.53231829,-3.83631244],[-38.53219141,-3.83620056],[-38.53199958,-3.83608035],[-38.53193565,-3.83603073],[-38.53181276,-3.83592565],[-38.53161025,-3.83562165],[-38.53142961,-3.83546745],[-38.5312206,-3.83526538],[-38.53109196,-3.83508093],[-38.53102913,-3.83467859],[-38.53096524,-3.83458071],[-38.53089259,-3.83449857],[-38.53074733,-3.83430845],[-38.53066461,-3.83417611],[-38.53058725,-3.83402786],[-38.53053779,-3.83393314],[-38.53046183,-3.83377136],[-38.53042613,-3.83367852],[-38.53031866,-3.83334645],[-38.53031452,-3.83325799],[-38.5303126,-3.83321721],[-38.53031683,-3.83320591],[-38.53034942,-3.83311878],[-38.53048425,-3.83301424],[-38.53055029,-3.83294967],[-38.53072331,-3.83278053],[-38.5309195,-3.83250372],[-38.5310299,-3.8322761],[-38.53110965,-3.83208538],[-38.53117716,-3.83186388],[-38.53123238,-3.83171007],[-38.53122632,-3.831587],[-38.53119576,-3.83146391],[-38.53113454,-3.83138387],[-38.53110396,-3.8312854],[-38.53108563,-3.83118693],[-38.53109183,-3.83105155],[-38.53112254,-3.83091004],[-38.53111036,-3.8307808],[-38.53107365,-3.83068232],[-38.53098182,-3.83057151],[-38.53090835,-3.83049147],[-38.53081647,-3.83044834],[-38.53071234,-3.83042367],[-38.53060208,-3.830399],[-38.53050407,-3.83038048],[-38.53035705,-3.83036194],[-38.53025292,-3.83033111],[-38.53014881,-3.83025106],[-38.53009984,-3.83017719],[-38.5299284,-3.83000479],[-38.52983656,-3.82990013],[-38.52962222,-3.82975232],[-38.52940785,-3.8296599],[-38.52914446,-3.82958591],[-38.52891169,-3.8295304],[-38.52872792,-3.82949337],[-38.52859787,-3.82942932],[-38.52853399,-3.82943446],[-38.52848404,-3.82943522],[-38.52847422,-3.82943447],[-38.5284646,-3.82943238],[-38.52845536,-3.82942898],[-38.52844666,-3.82942433],[-38.52843868,-3.82941854],[-38.52841804,-3.82935735],[-38.52837278,-3.82922238],[-38.52833355,-3.8291056],[-38.52831734,-3.82905729],[-38.52827968,-3.82898864],[-38.52821847,-3.82890103],[-38.52813935,-3.82879875],[-38.52806729,-3.82873386],[-38.52798909,-3.82868364],[-38.52780915,-3.82854959],[-38.52765795,-3.82843069],[-38.52755147,-3.82838235],[-38.52747749,-3.82836953],[-38.52742848,-3.82837045],[-38.52739078,-3.82837422],[-38.52734931,-3.82838271],[-38.52731019,-3.82838601],[-38.52726072,-3.82838219],[-38.52723951,-3.82837413],[-38.52721643,-3.8283585],[-38.52719241,-3.82833861],[-38.52713166,-3.82825952],[-38.52700123,-3.82806727],[-38.52698194,-3.82801993],[-38.52696971,-3.82798679],[-38.52696217,-3.82797211],[-38.52695181,-3.82796074],[-38.52688258,-3.82788024],[-38.52675872,-3.82775473],[-38.52662307,-3.82762401],[-38.52656608,-3.82756245],[-38.52654442,-3.82753403],[-38.5264931,-3.8274649],[-38.52641916,-3.82736829],[-38.52631461,-3.82725132],[-38.52626845,-3.82721059],[-38.52623595,-3.82718974],[-38.52620391,-3.82717268],[-38.52615586,-3.82715704],[-38.52611581,-3.82714802],[-38.52606869,-3.82714137],[-38.5260489,-3.82713662],[-38.52602769,-3.82712809],[-38.52598341,-3.82710203],[-38.52593536,-3.82707408],[-38.52586046,-3.82702481],[-38.52572197,-3.82693527],[-38.52559807,-3.82686231],[-38.5254949,-3.82680498],[-38.52538185,-3.8267216],[-38.52531025,-3.82666808],[-38.52527964,-3.8266354],[-38.52525279,-3.82661077],[-38.52522735,-3.82659324],[-38.52520003,-3.82657713],[-38.52514067,-3.82653781],[-38.52510063,-3.82651554],[-38.52505446,-3.82648664],[-38.52501961,-3.82645586],[-38.52497675,-3.82641512],[-38.52494519,-3.82638765],[-38.52489385,-3.82635307],[-38.52482695,-3.8263199],[-38.52473178,-3.82627535],[-38.52465781,-3.82624312],[-38.52459845,-3.82622936],[-38.52458101,-3.82622935],[-38.52456169,-3.82623171],[-38.52454284,-3.82623691],[-38.52450984,-3.82624872],[-38.52446224,-3.82626621],[-38.52445046,-3.82626762],[-38.52442737,-3.82626524],[-38.52439485,-3.82625907],[-38.52431476,-3.82623347],[-38.52429309,-3.82621973],[-38.52427896,-3.82620504],[-38.52426577,-3.82618989],[-38.5242474,-3.82617426],[-38.5242328,-3.82616715],[-38.52420877,-3.82615578],[-38.52417061,-3.82613872],[-38.52412349,-3.8261278],[-38.52409098,-3.82611784],[-38.52406837,-3.82610647],[-38.52404859,-3.82608895],[-38.52403116,-3.82607095],[-38.52401845,-3.82604917],[-38.52399821,-3.82601082],[-38.52395773,-3.82592891],[-38.52390735,-3.82583894],[-38.52385464,-3.82571111],[-38.52382829,-3.8256453],[-38.52379251,-3.82558659],[-38.52374353,-3.82553212],[-38.52367995,-3.82546251],[-38.52361354,-3.82540851],[-38.52353487,-3.82535024],[-38.5234496,-3.8253005],[-38.52336434,-3.82525311],[-38.52324044,-3.82517542],[-38.52318062,-3.82513799],[-38.52309676,-3.82509676],[-38.52303645,-3.82507543],[-38.52299876,-3.82506262],[-38.52298086,-3.82505267],[-38.52296531,-3.8250432],[-38.52294859,-3.82502828],[-38.52292917,-3.82500543],[-38.52290797,-3.82497962],[-38.5228736,-3.82494055],[-38.52284322,-3.82490764],[-38.5228053,-3.82487827],[-38.52275866,-3.82484889],[-38.52271579,-3.82482757],[-38.52266444,-3.82481145],[-38.52262015,-3.82479486],[-38.52256832,-3.82477495],[-38.52253817,-3.82476499],[-38.52247173,-3.8247517],[-38.52238032,-3.82473697],[-38.52230493,-3.82473267],[-38.52223613,-3.82472695],[-38.52216639,-3.82471603],[-38.52207263,-3.82469467],[-38.52196378,-3.8246771],[-38.52184786,-3.82466094],[-38.52169142,-3.82463861],[-38.52155524,-3.82463143],[-38.52151425,-3.82462478],[-38.52148975,-3.82461767],[-38.52146148,-3.82460629],[-38.52143698,-3.82458971],[-38.52141296,-3.8245684],[-38.52140166,-3.8245523],[-38.5213913,-3.82453383],[-38.52138424,-3.82452105],[-38.52138001,-3.82451205],[-38.52120534,-3.82420617],[-38.52112435,-3.82410199],[-38.52107492,-3.8240125],[-38.52104622,-3.82392681],[-38.52100952,-3.82382123],[-38.52097424,-3.82370572],[-38.52096391,-3.82364938],[-38.52096157,-3.8236224],[-38.52096488,-3.82359637],[-38.5209729,-3.82357176],[-38.52097858,-3.82353958],[-38.52097765,-3.82351023],[-38.52097389,-3.82349082],[-38.5209114,-3.82315376],[-38.52090014,-3.8230695],[-38.52089169,-3.82300985],[-38.52085501,-3.82287919],[-38.52076756,-3.82250899],[-38.52072192,-3.82239914],[-38.52069697,-3.8223499],[-38.52066825,-3.8223035],[-38.52064941,-3.82227887],[-38.52063293,-3.82224763],[-38.52062118,-3.82220975],[-38.52060283,-3.8221572],[-38.52058683,-3.8221179],[-38.52054587,-3.82203883],[-38.52051621,-3.82198675],[-38.52049408,-3.8219607],[-38.52046676,-3.82193134],[-38.52041448,-3.82188445],[-38.5203622,-3.82183472],[-38.52033441,-3.82181435],[-38.52030096,-3.8217954],[-38.52026563,-3.82177786],[-38.52023076,-3.8217679],[-38.52018883,-3.82176125],[-38.52014077,-3.82175507],[-38.52009365,-3.82174463],[-38.52006962,-3.82173657],[-38.52004936,-3.82172567],[-38.52002816,-3.82171099],[-38.52000885,-3.82169157],[-38.51998672,-3.82167262],[-38.51995374,-3.82164657],[-38.5199203,-3.82162762],[-38.51969699,-3.82152714],[-38.51965458,-3.82151434],[-38.51948166,-3.82147638],[-38.5194581,-3.821465],[-38.51943596,-3.8214489],[-38.51941101,-3.82142048],[-38.51940206,-3.82139965],[-38.51939454,-3.8213755],[-38.5193856,-3.82135278],[-38.51937052,-3.82133715],[-38.51933708,-3.82131015],[-38.5193173,-3.82129121],[-38.51930176,-3.82126611],[-38.5192867,-3.82123344],[-38.51920103,-3.8210734],[-38.51916478,-3.82100285],[-38.5190829,-3.82080306],[-38.51902268,-3.82061984],[-38.51902082,-3.8205815],[-38.51902513,-3.82044518],[-38.51902185,-3.82040967],[-38.51901999,-3.82037938],[-38.51902377,-3.82036376],[-38.51903133,-3.82032684],[-38.51905541,-3.82022935],[-38.51910919,-3.82013755],[-38.51913892,-3.82005946],[-38.51915309,-3.81998942],[-38.5191503,-3.81992409],[-38.51913855,-3.81986397],[-38.51911456,-3.81980148],[-38.51909009,-3.81972952],[-38.51908964,-3.81969591],[-38.5191005,-3.81965521],[-38.51911513,-3.81961498],[-38.51912739,-3.81959842],[-38.51914578,-3.81958896],[-38.51917122,-3.81958614],[-38.51921458,-3.81958332],[-38.51926831,-3.81957294],[-38.51931214,-3.81955403],[-38.51934515,-3.81952044],[-38.5193791,-3.8194717],[-38.5194027,-3.81941302],[-38.51942018,-3.81933257],[-38.51943248,-3.81924926],[-38.51942733,-3.81918441],[-38.51940615,-3.81913659],[-38.51937461,-3.81908498],[-38.51933459,-3.8190168],[-38.51931906,-3.81897229],[-38.51930307,-3.81892353],[-38.51928896,-3.81886388],[-38.5192711,-3.81878908],[-38.51925887,-3.81875499],[-38.51924522,-3.81871996],[-38.51923347,-3.818657],[-38.51923587,-3.81859168],[-38.51925004,-3.81851879],[-38.51926844,-3.81848614],[-38.51929579,-3.81845586],[-38.51933115,-3.81842937],[-38.51938111,-3.81840479],[-38.5194438,-3.81837595],[-38.51947633,-3.81834378],[-38.51950746,-3.81830262],[-38.51954614,-3.81823826],[-38.51960038,-3.81814173],[-38.51961359,-3.81811381],[-38.51962162,-3.81807737],[-38.51962306,-3.81802814],[-38.51961604,-3.81795288],[-38.51960338,-3.81783359],[-38.51959775,-3.81778862],[-38.51958128,-3.81775358],[-38.51955821,-3.81770576],[-38.51952103,-3.81762716],[-38.51948387,-3.81750928],[-38.51942364,-3.81732889],[-38.51940852,-3.81728249],[-38.5194103,-3.81723934],[-38.51941712,-3.8172134],[-38.51942796,-3.81719684],[-38.51943693,-3.81717412],[-38.51944213,-3.8171462],[-38.5194511,-3.81710786],[-38.51945395,-3.8170752],[-38.51945162,-3.81703166],[-38.51944787,-3.81699379],[-38.51944129,-3.81695308],[-38.51942718,-3.81690195],[-38.51941307,-3.81685886],[-38.51938672,-3.81678453],[-38.51933167,-3.81664155],[-38.51929967,-3.81655255],[-38.51927472,-3.81650851],[-38.51924082,-3.8164711],[-38.51920314,-3.81642753],[-38.5191763,-3.8163958],[-38.51916264,-3.81637307],[-38.51915418,-3.81634703],[-38.51914524,-3.816312],[-38.51912502,-3.81624383],[-38.51910996,-3.8161998],[-38.51909961,-3.81618039],[-38.51908359,-3.81616144],[-38.51905675,-3.81613303],[-38.5190431,-3.81611077],[-38.51902521,-3.81607053],[-38.51900828,-3.81601324],[-38.51897488,-3.81591146],[-38.51893299,-3.81581582],[-38.5189137,-3.8157609],[-38.51890101,-3.81571119],[-38.51888785,-3.8156416],[-38.51888362,-3.81561935],[-38.51887656,-3.8156042],[-38.51886573,-3.81558668],[-38.51881818,-3.81550808],[-38.51877674,-3.81546025],[-38.51873623,-3.81542472],[-38.51869336,-3.81540198],[-38.5186439,-3.81537829],[-38.51860433,-3.81535886],[-38.51857418,-3.81533896],[-38.51854214,-3.81531906],[-38.51851294,-3.81529538],[-38.51846773,-3.8152466],[-38.51841876,-3.81518456],[-38.51839522,-3.815141],[-38.51837544,-3.81510927],[-38.51835378,-3.81507991],[-38.5183147,-3.81503398],[-38.51828456,-3.81499089],[-38.51825584,-3.8149459],[-38.51821347,-3.81488435],[-38.51817296,-3.81484219],[-38.51815366,-3.81481094],[-38.51814566,-3.81478396],[-38.51813298,-3.81471484],[-38.51811653,-3.81463105],[-38.51810478,-3.8145785],[-38.51809113,-3.8145501],[-38.51807276,-3.81453305],[-38.51804921,-3.81451646],[-38.51801765,-3.8144942],[-38.5179795,-3.81446436],[-38.51795076,-3.81444493],[-38.51788057,-3.81440987],[-38.51779623,-3.81438],[-38.51771567,-3.81435108],[-38.51761343,-3.81430984],[-38.51754559,-3.81427667],[-38.51749707,-3.81425297],[-38.51740567,-3.81421553],[-38.51734348,-3.8142065],[-38.51727892,-3.8142022],[-38.51719598,-3.814196],[-38.51708383,-3.81419499],[-38.51699572,-3.81418074],[-38.51691422,-3.81414662],[-38.51687183,-3.81410636],[-38.51683981,-3.81406043],[-38.51677814,-3.81395673],[-38.5167207,-3.81385351],[-38.51671223,-3.81383552],[-38.51671036,-3.81381137],[-38.51671509,-3.81378298],[-38.51673162,-3.81370252],[-38.51673211,-3.81367128],[-38.51672789,-3.81364145],[-38.51672036,-3.81361494],[-38.51670294,-3.81358653],[-38.51668364,-3.81356475],[-38.51666009,-3.81354485],[-38.51663324,-3.8135136],[-38.51661253,-3.81347903],[-38.51659464,-3.81344021],[-38.51655181,-3.81334551],[-38.51650993,-3.8132442],[-38.51647841,-3.81315377],[-38.51645393,-3.81310737],[-38.51642567,-3.81307469],[-38.5163748,-3.81303963],[-38.51631638,-3.81301499],[-38.51625843,-3.81299839],[-38.51617079,-3.81298035],[-38.51609116,-3.81296516],[-38.51591588,-3.81293098],[-38.51580374,-3.81291009],[-38.5157816,-3.81290203],[-38.5157604,-3.81289019],[-38.51573967,-3.81287503],[-38.51571,-3.81284945],[-38.5156629,-3.81280256],[-38.5156144,-3.81274573],[-38.5155527,-3.8126799],[-38.51551173,-3.81263349],[-38.51547077,-3.81257146],[-38.51545759,-3.81253737],[-38.51544913,-3.81249997],[-38.51543927,-3.81243985],[-38.51543319,-3.81235133],[-38.51542804,-3.81229406],[-38.51541535,-3.81223062],[-38.51539701,-3.81217144],[-38.51535654,-3.81207533],[-38.51530524,-3.81195318],[-38.51527935,-3.81189968],[-38.51524781,-3.81184664],[-38.51522757,-3.81180545],[-38.51521298,-3.81177136],[-38.5151777,-3.81166532],[-38.515149,-3.81157536],[-38.51514054,-3.81153418],[-38.51513775,-3.81148021],[-38.51513778,-3.81142247],[-38.515143,-3.81136046],[-38.5151482,-3.81133206],[-38.51515245,-3.81131739],[-38.51515434,-3.81130414],[-38.51511574,-3.81113862],[-38.51510744,-3.81109384],[-38.51509679,-3.81104398],[-38.51508801,-3.81101494],[-38.51506417,-3.81094929],[-38.51498887,-3.81077316],[-38.51495436,-3.81069804],[-38.51492111,-3.81060083],[-38.51489102,-3.81048658],[-38.51483959,-3.81032119],[-38.51479379,-3.81019999],[-38.51476931,-3.81015075],[-38.51474548,-3.8100649],[-38.51474112,-3.81000368],[-38.5147443,-3.80992984],[-38.51475816,-3.80987557],[-38.51478269,-3.80981374],[-38.51480596,-3.80977588],[-38.51483928,-3.80973993],[-38.51488831,-3.80970146],[-38.51495054,-3.80965794],[-38.51503853,-3.80960435],[-38.5151039,-3.80956399],[-38.51515545,-3.80950911],[-38.51518627,-3.80945864],[-38.51519885,-3.80942394],[-38.51520517,-3.80937029],[-38.51520582,-3.80933053],[-38.51519957,-3.80925669],[-38.51518642,-3.80918347],[-38.51516511,-3.8090869],[-38.51510489,-3.80891583],[-38.51506034,-3.80880409],[-38.51501706,-3.80867784],[-38.51499447,-3.80862166],[-38.5149813,-3.8085781],[-38.51497002,-3.80852887],[-38.51494499,-3.8083553],[-38.51492941,-3.80811735],[-38.51492506,-3.80803215],[-38.51490193,-3.8078226],[-38.51489818,-3.80778284],[-38.51490388,-3.80771279],[-38.51492276,-3.80765789],[-38.51495231,-3.80761373],[-38.51501329,-3.80755633],[-38.51512834,-3.8074327],[-38.51516293,-3.80737844],[-38.51518306,-3.80733364],[-38.51520131,-3.80728442],[-38.51520951,-3.80722573],[-38.5152064,-3.80716956],[-38.51519009,-3.80712663],[-38.51516749,-3.80708434],[-38.51506511,-3.80701549],[-38.51482524,-3.80676984],[-38.5147342,-3.80665303],[-38.51470407,-3.80660631],[-38.5146865,-3.80656591],[-38.51467584,-3.80651983],[-38.51467147,-3.80647628],[-38.5146866,-3.80639046],[-38.51471554,-3.8063078],[-38.51475077,-3.80623397],[-38.51477341,-3.80619486],[-38.51480736,-3.80616206],[-38.51488467,-3.80611603],[-38.51505059,-3.80601704],[-38.51516311,-3.80593695],[-38.51526304,-3.80587263],[-38.51529573,-3.8058373],[-38.51530957,-3.80580891],[-38.51532216,-3.80576411],[-38.51533666,-3.8056827],[-38.51533859,-3.80559939],[-38.51533425,-3.80550409],[-38.51532862,-3.80545234],[-38.51532551,-3.80540374],[-38.51533185,-3.8053015],[-38.51534571,-3.80522893],[-38.5153734,-3.80514816],[-38.51539543,-3.80507622],[-38.5154093,-3.80499797],[-38.51541878,-3.80489763],[-38.5154119,-3.80484082],[-38.51540124,-3.80480232],[-38.51536609,-3.80473982],[-38.51531208,-3.80469561],[-38.51523985,-3.80465644],[-38.51515755,-3.80462862],[-38.51505327,-3.8046071],[-38.51495212,-3.80459001],[-38.51487674,-3.80456156],[-38.514802,-3.80450598],[-38.51475113,-3.80446367],[-38.5147235,-3.80443399],[-38.51470468,-3.80439169],[-38.51468525,-3.80430648],[-38.51468027,-3.80422759],[-38.51469478,-3.80411778],[-38.51472184,-3.80403954],[-38.51477091,-3.80393417],[-38.51483882,-3.80383512],[-38.51489289,-3.80376067],[-38.51496958,-3.8036995],[-38.51507015,-3.80363518],[-38.51512546,-3.8036005],[-38.51515626,-3.80356896],[-38.51516759,-3.80353615],[-38.51517578,-3.80349198],[-38.51518336,-3.8034276],[-38.51518655,-3.80332852],[-38.51518724,-3.80321997],[-38.51517789,-3.80309626],[-38.5151654,-3.8029593],[-38.51515667,-3.80283812],[-38.51514665,-3.80278005],[-38.51512407,-3.80271061],[-38.51506946,-3.80261402],[-38.51502616,-3.80252816],[-38.51499541,-3.80246251],[-38.51496907,-3.80236719],[-38.5149666,-3.80229146],[-38.51496978,-3.80222456],[-38.51498238,-3.80215956],[-38.51501824,-3.80208195],[-38.51507985,-3.80201067],[-38.51513958,-3.80193118],[-38.5151641,-3.8019009],[-38.51517732,-3.80186935],[-38.51518487,-3.80183969],[-38.51518489,-3.80180498],[-38.51517801,-3.80175196],[-38.51516171,-3.80168758],[-38.5151429,-3.80160994],[-38.51509901,-3.8014616],[-38.51507705,-3.80139974],[-38.51504191,-3.80132651],[-38.51502246,-3.80126402],[-38.51501559,-3.80118891],[-38.51501624,-3.80115356],[-38.51502317,-3.80112769],[-38.51504141,-3.80109678],[-38.51506844,-3.80107407],[-38.51510237,-3.80105579],[-38.51515956,-3.80104194],[-38.51522176,-3.80103314],[-38.51528146,-3.80101802],[-38.51533111,-3.80098965],[-38.51537511,-3.80095307],[-38.51540718,-3.80090765],[-38.51543486,-3.80085465],[-38.51544556,-3.80081615],[-38.51545504,-3.80072402],[-38.51545759,-3.8006609],[-38.51544949,-3.80053846],[-38.51543384,-3.80042233],[-38.51541816,-3.80037056],[-38.51539431,-3.80032511],[-38.5153265,-3.8002405],[-38.51527066,-3.80010983],[-38.51515578,-3.79992547],[-38.51505659,-3.79978089],[-38.51500825,-3.79972343],[-38.51496556,-3.79965777],[-38.51490402,-3.79959147],[-38.5148588,-3.7995561],[-38.51474135,-3.79947714],[-38.51466222,-3.79942724],[-38.51455983,-3.79937921],[-38.51447566,-3.79933625],[-38.51441915,-3.7992851],[-38.51435133,-3.79921374],[-38.5143099,-3.79914871],[-38.51426972,-3.79908684],[-38.514244,-3.79901361],[-38.51424027,-3.79894671],[-38.5142384,-3.79890948],[-38.51424911,-3.79886215],[-38.51427553,-3.7988123],[-38.51430257,-3.7987713],[-38.514334,-3.79873849],[-38.51440127,-3.79867479],[-38.51444778,-3.79863505],[-38.51446979,-3.79860856],[-38.51448614,-3.79857449],[-38.51449244,-3.79854357],[-38.51449248,-3.79848424],[-38.51448436,-3.79839588],[-38.51447058,-3.79831635],[-38.5144593,-3.79825575],[-38.51442544,-3.79813835],[-38.5143903,-3.79805754],[-38.51436645,-3.79800451],[-38.51432627,-3.79795021],[-38.51427479,-3.79789338],[-38.51421324,-3.79784286],[-38.51411904,-3.79777086],[-38.51406251,-3.79772539],[-38.5140148,-3.79766603],[-38.5139583,-3.79757638],[-38.51388927,-3.7974274],[-38.51386291,-3.79737815],[-38.51384031,-3.79734153],[-38.51381269,-3.7973087],[-38.51376998,-3.79728217],[-38.51373606,-3.79726827],[-38.51369836,-3.79726572],[-38.51363804,-3.79726569],[-38.51355007,-3.79728078],[-38.51348473,-3.79728706],[-38.51334147,-3.79729076],[-38.51329246,-3.79729074],[-38.51322964,-3.79728439],[-38.51319069,-3.79727427],[-38.51315551,-3.79726036],[-38.51312537,-3.79724015],[-38.51309899,-3.79721363],[-38.51307639,-3.79717575],[-38.51305883,-3.79712777],[-38.51305131,-3.79709621],[-38.51304881,-3.79706087],[-38.51304883,-3.79702805],[-38.51305264,-3.7969662],[-38.51305518,-3.79691066],[-38.51305648,-3.79683114],[-38.51305532,-3.79665948],[-38.5130504,-3.79647266],[-38.51306682,-3.7963212],[-38.51309454,-3.79618615],[-38.51315117,-3.79604608],[-38.51319016,-3.7959792],[-38.51326308,-3.79590351],[-38.51336367,-3.79580384],[-38.51347556,-3.79569409],[-38.51354596,-3.79564743],[-38.51358744,-3.79562094],[-38.51362892,-3.79560582],[-38.51367793,-3.79559323],[-38.51374202,-3.79558821],[-38.51383501,-3.79558574],[-38.51394308,-3.79558706],[-38.51400843,-3.795577],[-38.51406121,-3.7955682],[-38.51409766,-3.79555181],[-38.51412657,-3.79553668],[-38.51415423,-3.79551019],[-38.51417435,-3.79548369],[-38.51419196,-3.79544205],[-38.51420581,-3.79540166],[-38.51421589,-3.79535118],[-38.51422597,-3.79530448],[-38.51426874,-3.7952111],[-38.51430397,-3.79513538],[-38.51436685,-3.7950458],[-38.5144247,-3.79497262],[-38.51447876,-3.7949108],[-38.51451776,-3.79484266],[-38.51457313,-3.79468617],[-38.5146059,-3.79451831],[-38.5146613,-3.7943126],[-38.5147104,-3.79415863],[-38.51473936,-3.79404252],[-38.51475959,-3.793833],[-38.51474208,-3.7936752],[-38.51471829,-3.79352751],[-38.51469698,-3.79342904],[-38.51464678,-3.79331667],[-38.51457398,-3.79317021],[-38.51455266,-3.79310077],[-38.51453673,-3.79303059],[-38.51451254,-3.79292404],[-38.51450253,-3.79286218],[-38.51447741,-3.79282935],[-38.51444978,-3.79281166],[-38.51441083,-3.79280533],[-38.51435302,-3.79280529],[-38.51427762,-3.79281535],[-38.51421729,-3.79283677],[-38.51414189,-3.79285945],[-38.51406272,-3.79286067],[-38.51399738,-3.79285306],[-38.51392829,-3.79282525],[-38.51386674,-3.79277473],[-38.51381777,-3.79271664],[-38.51379519,-3.79263836],[-38.51378644,-3.79255757],[-38.51380344,-3.79243849],[-38.51381798,-3.7923367],[-38.51385323,-3.79222059],[-38.51389222,-3.79214866],[-38.51394126,-3.79209063],[-38.51399532,-3.79204017],[-38.51403932,-3.79201747],[-38.5141097,-3.79199732],[-38.51415619,-3.79199482],[-38.51423661,-3.79200117],[-38.51429818,-3.79201131],[-38.51435218,-3.79203147],[-38.51437607,-3.79204038],[-38.51443888,-3.79207324],[-38.51453058,-3.79212378],[-38.51461222,-3.79219325],[-38.51468004,-3.79226145],[-38.51473279,-3.79230944],[-38.51477675,-3.7923385],[-38.5148358,-3.7923663],[-38.5148961,-3.79238653],[-38.51493631,-3.7923916],[-38.51498155,-3.79239037],[-38.51503559,-3.79238409],[-38.51507706,-3.79237149],[-38.51512357,-3.79233743],[-38.51516381,-3.79229454],[-38.51520784,-3.79220621],[-38.5152783,-3.79204089],[-38.51534752,-3.79185159],[-38.51538401,-3.79175189],[-38.51540416,-3.79167491],[-38.51542683,-3.7915853],[-38.51543315,-3.79151083],[-38.51542315,-3.79143257],[-38.51542322,-3.79129751],[-38.51541574,-3.79119905],[-38.51538692,-3.79104377],[-38.5153692,-3.79096857],[-38.515328,-3.79079381],[-38.51531295,-3.79073701],[-38.51530796,-3.7906802],[-38.51530925,-3.79062088],[-38.51534201,-3.79046059],[-38.51535337,-3.7903634],[-38.51535971,-3.79026621],[-38.51536353,-3.79017659],[-38.51535604,-3.79009076],[-38.51533348,-3.78998093],[-38.51526947,-3.78984204],[-38.5152306,-3.78969434],[-38.51518422,-3.78948352],[-38.51515793,-3.78932067],[-38.5151379,-3.78918055],[-38.51508897,-3.78903536],[-38.5150463,-3.78893436],[-38.51500111,-3.78886239],[-38.51494962,-3.78879925],[-38.51466325,-3.78857314],[-38.51460547,-3.78852893],[-38.51453763,-3.78849355],[-38.5144321,-3.78845941],[-38.51436802,-3.78845559],[-38.51428885,-3.7884568],[-38.51420591,-3.78847064],[-38.51414558,-3.78849207],[-38.51407016,-3.78853746],[-38.51400731,-3.78857782],[-38.5139608,-3.78860052],[-38.51390802,-3.78861816],[-38.51384518,-3.78862191],[-38.51378613,-3.78862188],[-38.51371828,-3.78860543],[-38.51366551,-3.78858394],[-38.51361653,-3.78854604],[-38.51348468,-3.78837557],[-38.51331139,-3.78816215],[-38.51322852,-3.78804976],[-38.51314566,-3.78792223],[-38.51311429,-3.78784647],[-38.51309422,-3.78778461],[-38.51307791,-3.7877278],[-38.51307794,-3.78768362],[-38.51308173,-3.78764323],[-38.51309307,-3.78759149],[-38.51310317,-3.78750692],[-38.51312279,-3.78724565],[-38.51314113,-3.78703044],[-38.51315,-3.78689981],[-38.51315639,-3.78671489],[-38.51315266,-3.78662969],[-38.51314831,-3.78655269],[-38.51314206,-3.78648831],[-38.51310193,-3.78634344],[-38.51306301,-3.78628394],[-38.51303162,-3.78623469],[-38.51300526,-3.78618292],[-38.51298394,-3.78611728],[-38.51296764,-3.7860491],[-38.51295888,-3.78598094],[-38.5129539,-3.78591277],[-38.51295393,-3.78585092],[-38.51296653,-3.7857916],[-38.51299923,-3.78573356],[-38.51304827,-3.78567552],[-38.51310108,-3.78562128],[-38.51316016,-3.78557208],[-38.51321422,-3.78553046],[-38.51325319,-3.78550145],[-38.51328965,-3.7854636],[-38.51331858,-3.78542323],[-38.51334122,-3.78537275],[-38.51336389,-3.78528819],[-38.51338404,-3.78519858],[-38.51344705,-3.78488684],[-38.51346217,-3.78480354],[-38.51347731,-3.78470509],[-38.51348112,-3.78461926],[-38.51347865,-3.78454984],[-38.51347366,-3.78448798],[-38.51346365,-3.78441477],[-38.51346118,-3.78432641],[-38.51345746,-3.78423679],[-38.51346001,-3.78417746],[-38.5134638,-3.78413455],[-38.51347136,-3.78410173],[-38.51347766,-3.78406639],[-38.51348774,-3.78402853],[-38.51349404,-3.78399698],[-38.51349783,-3.78394775],[-38.51349409,-3.78390231],[-38.51348532,-3.78386381],[-38.51346649,-3.78381773],[-38.51345017,-3.78378679],[-38.51343009,-3.78375775],[-38.51340811,-3.7837388],[-38.5133767,-3.78372427],[-38.51333775,-3.78371794],[-38.5133101,-3.78371918],[-38.51328497,-3.78372548],[-38.51326234,-3.78373746],[-38.51322903,-3.78376016],[-38.51319697,-3.78378665],[-38.51317497,-3.78380936],[-38.51314102,-3.78384721],[-38.51312091,-3.78385982],[-38.51309766,-3.7838699],[-38.5130719,-3.78387494],[-38.51303985,-3.78387744],[-38.51301221,-3.78387553],[-38.51298771,-3.7838711],[-38.51295065,-3.7838553],[-38.51273208,-3.78371318],[-38.51262026,-3.78365087],[-38.51289332,-3.78307298],[-38.51344274,-3.78188937],[-38.51413788,-3.78039344],[-38.51419411,-3.78027244],[-38.51440267,-3.77958282],[-38.51449717,-3.77926968],[-38.51451264,-3.779214],[-38.51480328,-3.77809589],[-38.51490781,-3.77812247],[-38.51580831,-3.77838331],[-38.51647671,-3.77856293],[-38.51750638,-3.77882611],[-38.51773581,-3.77888652],[-38.5178481,-3.77891622],[-38.5179195,-3.77893242],[-38.51790777,-3.77886709],[-38.51790178,-3.77883374],[-38.5178727,-3.77865711],[-38.51783888,-3.77846775],[-38.51781508,-3.77832889],[-38.51780757,-3.77827461],[-38.51781018,-3.77810547],[-38.51782035,-3.77788963],[-38.51783113,-3.77770661],[-38.51784385,-3.77744407],[-38.51785783,-3.77714745],[-38.51786867,-3.77685461],[-38.51787626,-3.77676563],[-38.51788517,-3.7765643],[-38.51789787,-3.77631312],[-38.51791499,-3.77603354],[-38.5179207,-3.7759313],[-38.5179314,-3.7758925],[-38.51794222,-3.7756492],[-38.51794797,-3.77546744],[-38.51795877,-3.77525286],[-38.51796449,-3.77514368],[-38.51797781,-3.77490576],[-38.51798354,-3.77476754],[-38.51799311,-3.77451068],[-38.51801153,-3.77413832],[-38.51803253,-3.77367067],[-38.51804707,-3.77354648],[-38.51805783,-3.77336333],[-38.51806798,-3.77318725],[-38.51811812,-3.7721266],[-38.51815596,-3.77139653],[-38.51820125,-3.77043435],[-38.5182219,-3.77005624],[-38.51719214,-3.7698924],[-38.5170703,-3.76988246],[-38.51718622,-3.76947524],[-38.51731999,-3.76898658],[-38.51743099,-3.76855055],[-38.51756576,-3.76802514],[-38.51766983,-3.76760401],[-38.51774516,-3.76727822],[-38.51782444,-3.7669733],[-38.51790869,-3.76661673],[-38.51795826,-3.76639921],[-38.51801476,-3.76615363],[-38.51806853,-3.76592494],[-38.51811761,-3.76569599],[-38.51814884,-3.76553931],[-38.51816347,-3.76545612],[-38.51818852,-3.76532079],[-38.51820042,-3.76525275],[-38.51822622,-3.76510177],[-38.51826293,-3.76486586],[-38.51829816,-3.76464188],[-38.5183324,-3.76441938],[-38.51838153,-3.7640916],[-38.51842122,-3.7638403],[-38.51846588,-3.76354927],[-38.51848722,-3.76341666],[-38.5185428,-3.76304567],[-38.51859788,-3.76267815],[-38.51866835,-3.76221528],[-38.51875767,-3.76162229],[-38.51881721,-3.76123888],[-38.51886485,-3.76093196],[-38.51889661,-3.76072436],[-38.51894622,-3.7604085],[-38.51897997,-3.76017805],[-38.51899789,-3.76006581],[-38.51798076,-3.76018521],[-38.51792365,-3.76026525],[-38.51770751,-3.76061738],[-38.51756831,-3.76076126],[-38.5172767,-3.76106268],[-38.51700543,-3.76125459],[-38.51654669,-3.76157911],[-38.51611121,-3.76174643],[-38.51588346,-3.76183394],[-38.51510617,-3.76217303],[-38.51466082,-3.7623143],[-38.51442576,-3.76238886],[-38.51403161,-3.76248571],[-38.51370459,-3.76252344],[-38.51358842,-3.76251776],[-38.51349443,-3.76246768],[-38.51339354,-3.76244878],[-38.51319025,-3.76241197],[-38.51305193,-3.76239524],[-38.5127035,-3.76239505],[-38.5125431,-3.76241721],[-38.51244906,-3.76245045],[-38.51220917,-3.76256662],[-38.5120717,-3.76258045],[-38.51178804,-3.7626112],[-38.51150587,-3.76265555],[-38.51106886,-3.76274975],[-38.5109417,-3.76274968],[-38.51083659,-3.76276627],[-38.51041898,-3.76279932],[-38.51014791,-3.76279917],[-38.50978293,-3.76276567],[-38.50927166,-3.76267001],[-38.50862149,-3.76254835],[-38.50848325,-3.7625594],[-38.50832834,-3.76258148],[-38.50819287,-3.7626203],[-38.50803025,-3.76258209],[-38.50776694,-3.76254787],[-38.50761763,-3.76254217],[-38.50691802,-3.76245846],[-38.50668568,-3.7624472],[-38.5063649,-3.76244702],[-38.50610754,-3.76241756],[-38.50622234,-3.76260227],[-38.50650385,-3.76295045],[-38.50665703,-3.76311401],[-38.50677528,-3.76325963],[-38.50684961,-3.76337348],[-38.50699283,-3.76363474],[-38.50709816,-3.76385445],[-38.50836396,-3.76714304],[-38.50851267,-3.76749819],[-38.50868769,-3.76798394],[-38.50890496,-3.76854857],[-38.50899711,-3.76890785],[-38.50917312,-3.76951501],[-38.5093226,-3.77017115],[-38.50941837,-3.77079886],[-38.50946612,-3.7713527],[-38.50891955,-3.77152418],[-38.50823304,-3.77175461],[-38.50650792,-3.77210116],[-38.50592512,-3.77235287],[-38.50537139,-3.77274825],[-38.50517575,-3.77293392],[-38.5048734,-3.77320481],[-38.50439838,-3.77366428],[-38.50401201,-3.77400203],[-38.50368849,-3.7743557],[-38.503314,-3.77472844],[-38.50268693,-3.77521486],[-38.50220947,-3.77554544],[-38.50192696,-3.7756502],[-38.50168509,-3.77572634],[-38.50125032,-3.77586401],[-38.50040516,-3.77613457],[-38.50001121,-3.77626853],[-38.49972914,-3.77636262],[-38.49977823,-3.77673275],[-38.49978403,-3.77677961],[-38.49978559,-3.77683073],[-38.49978291,-3.77688771],[-38.49976963,-3.77693723],[-38.49974468,-3.77699685],[-38.499707,-3.77706233],[-38.49964759,-3.77713951],[-38.49932585,-3.77753764],[-38.49930038,-3.77757331],[-38.49927331,-3.77763027],[-38.49925154,-3.77769469],[-38.49923242,-3.77775965],[-38.49921807,-3.77782247],[-38.49920743,-3.77788477],[-38.49916005,-3.77823301],[-38.49913024,-3.77845558],[-38.49910789,-3.77860041],[-38.49909034,-3.77869039],[-38.49906536,-3.77880221],[-38.49904038,-3.77892307],[-38.49901062,-3.7790434],[-38.49898725,-3.77913019],[-38.4989607,-3.77921218],[-38.49892248,-3.77929203],[-38.49887367,-3.77936869],[-38.49882221,-3.77942883],[-38.49875857,-3.77947459],[-38.49867162,-3.77950756],[-38.49785565,-3.77971423],[-38.4978249,-3.77972433],[-38.49779255,-3.77974135],[-38.4977671,-3.77975838],[-38.49774375,-3.77978605],[-38.49771777,-3.77980521],[-38.49767269,-3.77983713],[-38.49762815,-3.77986054],[-38.4974993,-3.77991371],[-38.49703476,-3.78019142],[-38.49700983,-3.78020684],[-38.49697642,-3.78023185],[-38.49645403,-3.78063413],[-38.49639675,-3.78068202],[-38.49635325,-3.78072353],[-38.4963071,-3.78077622],[-38.49593091,-3.78137401],[-38.49589217,-3.78143203],[-38.49585133,-3.78147994],[-38.49580253,-3.78152304],[-38.49574101,-3.78157146],[-38.49569275,-3.78160126],[-38.49565245,-3.78163052],[-38.49530719,-3.78190083],[-38.49525839,-3.78195086],[-38.49520374,-3.78202325],[-38.49515175,-3.7820983],[-38.49513358,-3.78212106],[-38.49512244,-3.78213689],[-38.49489482,-3.78292687],[-38.49487251,-3.78301153],[-38.49396532,-3.78328152],[-38.49427853,-3.7843627],[-38.49459755,-3.78545506],[-38.49491606,-3.78653092],[-38.49475435,-3.78657742],[-38.49435881,-3.7866954],[-38.49402107,-3.78679425],[-38.49381164,-3.78685271],[-38.49354707,-3.78692391],[-38.49343891,-3.786951],[-38.49333446,-3.78697863],[-38.49314252,-3.78703071],[-38.49308951,-3.78703813],[-38.49303543,-3.78704342],[-38.49294743,-3.78704391],[-38.49290927,-3.78703802],[-38.49284831,-3.78702201],[-38.4926591,-3.78695694],[-38.49243861,-3.78688811],[-38.49239568,-3.78687424],[-38.49229126,-3.78684969],[-38.49212535,-3.78681231],[-38.4920856,-3.78680856],[-38.49200873,-3.78680213],[-38.49184599,-3.78679031],[-38.49152952,-3.78677149],[-38.49106569,-3.78674512],[-38.49096073,-3.78673867],[-38.49090772,-3.78673704],[-38.49089095,-3.78673654],[-38.49085311,-3.78673541],[-38.49079798,-3.78673698],[-38.49074974,-3.78674068],[-38.49069566,-3.78674704],[-38.49042316,-3.78677989],[-38.49001706,-3.78682971],[-38.48958764,-3.78688377],[-38.48841386,-3.78703484],[-38.48808755,-3.78707778],[-38.48659939,-3.78727446],[-38.48633113,-3.78731264],[-38.48605704,-3.78735082],[-38.48599713,-3.78735557],[-38.48593192,-3.7873598],[-38.48587096,-3.78736349],[-38.48581318,-3.78736558],[-38.48573153,-3.78736873],[-38.48567322,-3.78736763],[-38.48472701,-3.78728559],[-38.48410204,-3.78722717],[-38.48404638,-3.78722235],[-38.48367266,-3.78718751],[-38.4832311,-3.78714784],[-38.48281074,-3.78711191],[-38.48248579,-3.78708349],[-38.48149399,-3.78699823],[-38.48067772,-3.78692362],[-38.48045857,-3.78944677],[-38.4803531,-3.79067262],[-38.48024375,-3.791965],[-38.48019227,-3.79247893],[-38.48010468,-3.79292811],[-38.4800699,-3.79320178],[-38.48001978,-3.7939716],[-38.48000601,-3.79430707],[-38.47991401,-3.7954348],[-38.47988127,-3.79571536],[-38.47983949,-3.79628254],[-38.47978163,-3.79697275],[-38.47973699,-3.79736964],[-38.47968183,-3.79821565],[-38.47957101,-3.79946166],[-38.4794667,-3.80070504],[-38.47935856,-3.80197525],[-38.47925014,-3.80197087],[-38.47905247,-3.80195288],[-38.478629,-3.80191487],[-38.47844998,-3.80190035],[-38.47817255,-3.80187454],[-38.47788737,-3.80185015],[-38.47758497,-3.80182605],[-38.47729291,-3.80180166],[-38.47695437,-3.80177552],[-38.47666775,-3.80175229],[-38.47637712,-3.80173078],[-38.4761037,-3.80170814],[-38.47588853,-3.80168841],[-38.47576832,-3.80167738],[-38.47550466,-3.80164984],[-38.47536322,-3.80163592],[-38.47528203,-3.80162924],[-38.47506944,-3.80160692],[-38.47436395,-3.80154136],[-38.47390147,-3.80150303],[-38.4733489,-3.8014537],[-38.47285142,-3.80140786],[-38.47238951,-3.80136723],[-38.47192244,-3.80132659],[-38.47147143,-3.80128942],[-38.47122355,-3.80126333],[-38.47077196,-3.80123712],[-38.47063425,-3.80122377],[-38.47045638,-3.80120349],[-38.47026932,-3.80118839],[-38.47006562,-3.80116867],[-38.46966913,-3.8011373],[-38.46947346,-3.80111988],[-38.46926345,-3.80110477],[-38.4691573,-3.8010926],[-38.46895015,-3.80107691],[-38.46834422,-3.80102696],[-38.46799822,-3.80099677],[-38.46754148,-3.80096018],[-38.46725056,-3.80093694],[-38.46688792,-3.80090847],[-38.46661651,-3.80088755],[-38.46611042,-3.80084459],[-38.46594402,-3.80083122],[-38.46588778,-3.80082715],[-38.46586931,-3.80100986],[-38.46584795,-3.80121275],[-38.46583001,-3.80145771],[-38.46579537,-3.80180007],[-38.46576941,-3.8020214],[-38.46573079,-3.80231131],[-38.46569386,-3.80263926],[-38.46567939,-3.80285137],[-38.46564411,-3.80328596],[-38.46562333,-3.80349691],[-38.46560721,-3.80357875],[-38.46558191,-3.80365943],[-38.46548876,-3.8039764],[-38.46545482,-3.80409858],[-38.46543468,-3.8042029],[-38.46541049,-3.8043418],[-38.46539781,-3.80443805],[-38.46538509,-3.80459021],[-38.46538442,-3.80473489],[-38.46538609,-3.80483173],[-38.46538201,-3.80492914],[-38.46537852,-3.80500637],[-38.46536814,-3.80507842],[-38.46535089,-3.80513951],[-38.46531355,-3.80520808],[-38.4652722,-3.8052703],[-38.46519928,-3.80534173],[-38.46498626,-3.80553642],[-38.46471815,-3.80576048],[-38.46444601,-3.80599203],[-38.46405504,-3.80629094],[-38.46397295,-3.80634449],[-38.46377432,-3.80647925],[-38.46339143,-3.80672341],[-38.4630912,-3.80689787],[-38.462826,-3.80704469],[-38.46255391,-3.80720073],[-38.46239203,-3.80729688],[-38.46206665,-3.80748454],[-38.46187129,-3.8075958],[-38.46160374,-3.8077938],[-38.46137904,-3.80775162],[-38.46121561,-3.80771992],[-38.46106846,-3.80769444],[-38.46097016,-3.80768197],[-38.46073314,-3.80766038],[-38.46045118,-3.80763537],[-38.4600861,-3.80759001],[-38.45987492,-3.80755376],[-38.4596907,-3.80752205],[-38.45948739,-3.80747791],[-38.45922229,-3.80742584],[-38.45890105,-3.80734438],[-38.45869775,-3.80728671],[-38.45850456,-3.80722903],[-38.45828554,-3.80715442],[-38.45798228,-3.80704928],[-38.45778573,-3.80698032],[-38.45764982,-3.80694299],[-38.45752036,-3.8069116],[-38.45730765,-3.80686633],[-38.45683658,-3.80676376],[-38.456567,-3.80670505],[-38.45623283,-3.80663149],[-38.45572666,-3.80652044],[-38.45522822,-3.80641504],[-38.45495091,-3.80636197],[-38.45483717,-3.80634144],[-38.45459426,-3.8063032],[-38.45416881,-3.80623522],[-38.45371247,-3.80616017],[-38.45319997,-3.80607662],[-38.45285737,-3.80601998],[-38.4526313,-3.80599304],[-38.45244595,-3.80597458],[-38.45207103,-3.80594613],[-38.45187865,-3.80593049],[-38.45145003,-3.80588923],[-38.45126099,-3.80587377],[-38.45109775,-3.80585991],[-38.45084395,-3.80583753],[-38.4505617,-3.80581249],[-38.45030895,-3.80579328],[-38.45000933,-3.80576876],[-38.44980502,-3.80575223],[-38.44954964,-3.80573144],[-38.44925581,-3.80570903],[-38.44900147,-3.80568718],[-38.44863261,-3.80565918],[-38.44827877,-3.80561055],[-38.44780725,-3.80553487],[-38.44738786,-3.80546795],[-38.44712564,-3.80542335],[-38.44696808,-3.80538953],[-38.44668652,-3.80532904],[-38.44642075,-3.80527968],[-38.44612425,-3.80523128],[-38.44599553,-3.80521233]]]},"geometry_name":"The_geom","properties":{"id":2,"nome":"Distrito 6","area_ha":7605,"fonte":"SME - Secretaria Municipal de Educação de Fortaleza","ano_ref":2023,"data_atual":"08/Ago/2023","epsg_codif":"EPSG: 31984 (SIRGAS 2000 - UTM 24S); Codificação: UTF-8"}},{"type":"Feature","id":"vw_DistritosEducacao_2023.fid-3da4354c_18dace4b5a0_-54ba","geometry":{"type":"Polygon","coordinates":[[[-38.5762028,-3.77678002],[-38.57627912,-3.77687155],[-38.57643621,-3.77705148],[-38.57663808,-3.77728242],[-38.57673715,-3.77739457],[-38.57684153,-3.77751417],[-38.57702955,-3.777731],[-38.57708545,-3.77779419],[-38.57719618,-3.77792125],[-38.57731089,-3.77805071],[-38.5774097,-3.77816578],[-38.57751295,-3.7782828],[-38.57768177,-3.77847784],[-38.57770839,-3.77850727],[-38.57773024,-3.77853451],[-38.57791016,-3.77874398],[-38.5780298,-3.77887726],[-38.57808694,-3.7789422],[-38.57850536,-3.77941372],[-38.57865923,-3.77959886],[-38.57904711,-3.78002916],[-38.57926526,-3.78027488],[-38.57942204,-3.78045814],[-38.57982897,-3.7809226],[-38.58012792,-3.78127767],[-38.58020183,-3.78136451],[-38.5802821,-3.78145454],[-38.58047707,-3.78167909],[-38.5807502,-3.78199048],[-38.58093511,-3.78220065],[-38.58120109,-3.78250777],[-38.58131792,-3.78263856],[-38.58138971,-3.78272034],[-38.58163688,-3.78300322],[-38.581688,-3.78306209],[-38.58182576,-3.78322058],[-38.58201862,-3.78344061],[-38.5823347,-3.78380928],[-38.58246262,-3.78395417],[-38.58258289,-3.78409428],[-38.5826719,-3.78419763],[-38.58286794,-3.78442191],[-38.58325022,-3.78486608],[-38.58344885,-3.78509382],[-38.58370736,-3.78545038],[-38.58398714,-3.78586105],[-38.5842704,-3.78629015],[-38.5844665,-3.78655971],[-38.5846443,-3.78691322],[-38.58482583,-3.78732278],[-38.58515988,-3.78753189],[-38.58545235,-3.78778043],[-38.58568775,-3.78798128],[-38.58693365,-3.78926122],[-38.5880194,-3.79037518],[-38.5886185,-3.79100259],[-38.58810703,-3.79225455],[-38.58777319,-3.7931112],[-38.58743267,-3.79396057],[-38.58707867,-3.79486881],[-38.58670084,-3.79579054],[-38.58636983,-3.79662691],[-38.58565036,-3.79584728],[-38.58475756,-3.79486329],[-38.58417948,-3.79424103],[-38.58370056,-3.79469823],[-38.58362418,-3.79476849],[-38.58351757,-3.79487494],[-38.58314896,-3.79523048],[-38.58301213,-3.79535822],[-38.58160154,-3.79384321],[-38.58032127,-3.79246228],[-38.57983542,-3.79193315],[-38.5793664,-3.79142433],[-38.57843846,-3.79042192],[-38.57810128,-3.7900654],[-38.57813576,-3.79071384],[-38.57465735,-3.79082838],[-38.57468472,-3.791456],[-38.57442231,-3.79145897],[-38.57321874,-3.79106729],[-38.57302355,-3.79100987],[-38.57283212,-3.7909521],[-38.57264609,-3.79089595],[-38.57245692,-3.79083886],[-38.57226561,-3.79078113],[-38.57208081,-3.79072535],[-38.57204056,-3.79069395],[-38.57199586,-3.79067137],[-38.57195528,-3.79065368],[-38.57191385,-3.79063809],[-38.57187247,-3.79062484],[-38.57184346,-3.7906154],[-38.57181505,-3.79060427],[-38.57178734,-3.79059148],[-38.57176043,-3.79057708],[-38.5717344,-3.79056111],[-38.57169757,-3.79053605],[-38.57166202,-3.79050919],[-38.5716429,-3.79049307],[-38.57162473,-3.79047586],[-38.57160759,-3.79045763],[-38.57158161,-3.7904279],[-38.57154726,-3.79038713],[-38.57149909,-3.79032501],[-38.57145347,-3.79026287],[-38.57144393,-3.79024891],[-38.5713723,-3.79013545],[-38.57135389,-3.79010628],[-38.57133366,-3.79007835],[-38.57132359,-3.79006517],[-38.57127364,-3.78999433],[-38.57122835,-3.78992039],[-38.57120261,-3.78987758],[-38.57118094,-3.78984478],[-38.57114626,-3.78979229],[-38.57111357,-3.78973853],[-38.5710838,-3.7896849],[-38.57105598,-3.78962978],[-38.57104665,-3.78961167],[-38.5710338,-3.78958986],[-38.57101973,-3.78956881],[-38.57100449,-3.7895486],[-38.57096011,-3.78949364],[-38.57093382,-3.78946157],[-38.57083804,-3.78934755],[-38.57082,-3.78932611],[-38.57077852,-3.78927389],[-38.57073916,-3.78922004],[-38.57068525,-3.78914167],[-38.57066088,-3.78910524],[-38.57064897,-3.78908855],[-38.57063595,-3.78907273],[-38.57060346,-3.78903726],[-38.57056966,-3.78900306],[-38.57055392,-3.78898716],[-38.57052974,-3.78896035],[-38.57050714,-3.78893219],[-38.57049937,-3.78892261],[-38.57049096,-3.78891358],[-38.57048197,-3.78890514],[-38.57047243,-3.78889733],[-38.5704633,-3.78889067],[-38.57045389,-3.78888443],[-38.57040347,-3.78885057],[-38.57037671,-3.78883091],[-38.570294,-3.78876848],[-38.57027839,-3.78875748],[-38.57026214,-3.78874746],[-38.5702453,-3.78873847],[-38.57013018,-3.788692],[-38.57009776,-3.78867927],[-38.57006582,-3.78866538],[-38.57004237,-3.78865429],[-38.56988354,-3.78858389],[-38.56975197,-3.78853437],[-38.56969957,-3.788514],[-38.56967057,-3.78850102],[-38.56953122,-3.78843978],[-38.56942292,-3.78839625],[-38.56935882,-3.78837215],[-38.5692209,-3.78832128],[-38.56894231,-3.78821993],[-38.56880369,-3.78816778],[-38.56878854,-3.78816256],[-38.56877312,-3.78815816],[-38.5687575,-3.7881546],[-38.5687417,-3.78815189],[-38.56859489,-3.78812557],[-38.5685377,-3.78811468],[-38.56848006,-3.78810652],[-38.56844382,-3.78810334],[-38.56840745,-3.78810225],[-38.56837108,-3.78810327],[-38.56833483,-3.78810639],[-38.56824506,-3.78811372],[-38.568155,-3.78811505],[-38.56812565,-3.78811363],[-38.56809643,-3.78811045],[-38.56806745,-3.78810554],[-38.56793805,-3.78807963],[-38.56791941,-3.78807522],[-38.56790111,-3.78806954],[-38.56788325,-3.7880626],[-38.5678659,-3.78805445],[-38.56784376,-3.78804401],[-38.56782098,-3.7880351],[-38.56779764,-3.78802775],[-38.56777387,-3.78802199],[-38.56775976,-3.78801955],[-38.56774553,-3.78801804],[-38.56773123,-3.78801747],[-38.56771692,-3.78801782],[-38.56770266,-3.78801911],[-38.56768852,-3.78802133],[-38.56767455,-3.78802447],[-38.56764792,-3.78803059],[-38.56762099,-3.78803524],[-38.56759385,-3.78803839],[-38.56750169,-3.7880455],[-38.56748616,-3.78804557],[-38.56747075,-3.7880437],[-38.56745568,-3.78803995],[-38.56744118,-3.78803435],[-38.56741461,-3.78802119],[-38.56738885,-3.7880065],[-38.56736399,-3.78799031],[-38.56734012,-3.78797269],[-38.56731732,-3.7879537],[-38.56729566,-3.7879334],[-38.56723883,-3.7878683],[-38.56715899,-3.78777313],[-38.56711225,-3.787704],[-38.56706311,-3.78765954],[-38.56697138,-3.78762492],[-38.56691843,-3.78761002],[-38.56685669,-3.78760183],[-38.56680216,-3.78759358],[-38.56678812,-3.78759159],[-38.5667383,-3.78755445],[-38.56671268,-3.78753293],[-38.56663958,-3.78747092],[-38.56656186,-3.78747088],[-38.56648639,-3.78746397],[-38.56641786,-3.78745706],[-38.56637445,-3.78746391],[-38.56629329,-3.78749147],[-38.56622691,-3.78750057],[-38.56616747,-3.78749828],[-38.56611947,-3.78750278],[-38.56605777,-3.78751197],[-38.56598923,-3.78752343],[-38.56592979,-3.78753489],[-38.56587034,-3.78754173],[-38.56582459,-3.78754171],[-38.56576515,-3.78754168],[-38.56573769,-3.78753705],[-38.56570573,-3.78751641],[-38.56569205,-3.7874842],[-38.56567604,-3.7874452],[-38.56565093,-3.7874061],[-38.56561898,-3.78736936],[-38.5655755,-3.78733261],[-38.56553436,-3.78730273],[-38.56552186,-3.787266],[-38.56552188,-3.78722465],[-38.56551505,-3.78718792],[-38.56548535,-3.78714656],[-38.56545564,-3.78712357],[-38.56538938,-3.78709142],[-38.56535048,-3.7870753],[-38.56531392,-3.7870523],[-38.56528196,-3.78703392],[-38.56524765,-3.78703852],[-38.56520423,-3.78704998],[-38.56516991,-3.78706146],[-38.565131,-3.78707293],[-38.56509669,-3.78707291],[-38.56506013,-3.78705905],[-38.56503736,-3.7870338],[-38.56499847,-3.78700854],[-38.56494361,-3.78702226],[-38.56489786,-3.7870292],[-38.56485219,-3.78704293],[-38.56481553,-3.78704753],[-38.5647687,-3.78704515],[-38.56472529,-3.787052],[-38.56467729,-3.78705659],[-38.56462928,-3.78705657],[-38.56457894,-3.78705654],[-38.56452635,-3.7870519],[-38.56447609,-3.78705188],[-38.5644235,-3.78704272],[-38.56438694,-3.78703582],[-38.56434353,-3.78703806],[-38.56432067,-3.78701969],[-38.56428869,-3.7870289],[-38.56424978,-3.78704724],[-38.56421095,-3.78707246],[-38.56418347,-3.78709769],[-38.56415833,-3.78711604],[-38.56413321,-3.78710915],[-38.56411034,-3.78709765],[-38.56401315,-3.78712746],[-38.56393541,-3.78715501],[-38.56388055,-3.78718022],[-38.56379363,-3.78721003],[-38.56371589,-3.78723523],[-38.56364501,-3.78725818],[-38.56358096,-3.78727651],[-38.56350323,-3.78729945],[-38.56342784,-3.78732691],[-38.56334209,-3.7873361],[-38.56326437,-3.78734755],[-38.5631798,-3.78735212],[-38.56312719,-3.78737959],[-38.56305854,-3.7874209],[-38.56295107,-3.78748743],[-38.56281847,-3.78754246],[-38.5627019,-3.78759984],[-38.56260814,-3.78762965],[-38.56236234,-3.78767774],[-38.56223436,-3.78768917],[-38.56191884,-3.78775098],[-38.56179653,-3.78777163],[-38.56167538,-3.78780595],[-38.56151758,-3.78784269],[-38.56143759,-3.78786554],[-38.56136788,-3.78787817],[-38.56132672,-3.7878919],[-38.56128553,-3.78794009],[-38.56126724,-3.7879608],[-38.56124661,-3.78798603],[-38.56121923,-3.78798602],[-38.56117573,-3.78797224],[-38.56112324,-3.78795838],[-38.5610638,-3.78794686],[-38.56101805,-3.78794683],[-38.56096545,-3.78796752],[-38.56090375,-3.78798359],[-38.5608534,-3.78799044],[-38.56079171,-3.78799267],[-38.56074371,-3.78798804],[-38.56069345,-3.78799036],[-38.56065914,-3.78799722],[-38.560629,-3.78799444],[-38.56122599,-3.78958015],[-38.5617155,-3.79088037],[-38.56207358,-3.79180453],[-38.56255463,-3.79310069],[-38.56256797,-3.79322272],[-38.56283319,-3.79389374],[-38.5630225,-3.7943655],[-38.56335194,-3.79519319],[-38.56347257,-3.79550124],[-38.56349523,-3.79556179],[-38.56319638,-3.79592617],[-38.56314451,-3.7959962],[-38.56313005,-3.79601575],[-38.56311747,-3.79603626],[-38.56310143,-3.79606686],[-38.56300615,-3.79625016],[-38.56283352,-3.79658858],[-38.56270443,-3.79684626],[-38.5626096,-3.79706679],[-38.56254857,-3.79722991],[-38.56245766,-3.79747064],[-38.56239789,-3.79762744],[-38.56235196,-3.79776785],[-38.56231954,-3.79787954],[-38.56221322,-3.79826594],[-38.56207256,-3.79876013],[-38.56198295,-3.799075],[-38.56195906,-3.79915535],[-38.56187133,-3.79945054],[-38.56180777,-3.79967478],[-38.56177582,-3.79978747],[-38.5614404,-3.80021781],[-38.56122276,-3.80049704],[-38.56113945,-3.80060299],[-38.56069004,-3.80117454],[-38.56057882,-3.80131319],[-38.56052826,-3.80139098],[-38.56047489,-3.80148399],[-38.56042487,-3.80160068],[-38.5603799,-3.80173429],[-38.56033437,-3.80185606],[-38.56030345,-3.80195246],[-38.56025451,-3.80207528],[-38.56022082,-3.80217739],[-38.56012691,-3.80250776],[-38.56009318,-3.80260472],[-38.5600662,-3.80268252],[-38.56001675,-3.80278963],[-38.55994706,-3.80295311],[-38.55985492,-3.80311658],[-38.55974706,-3.80327778],[-38.558996,-3.80448636],[-38.55800812,-3.80613059],[-38.5578746,-3.80633514],[-38.55770327,-3.80658427],[-38.55751793,-3.80677927],[-38.55728992,-3.80700244],[-38.55704899,-3.80723687],[-38.55689455,-3.80737888],[-38.55650423,-3.80775872],[-38.55626835,-3.80799034],[-38.55598418,-3.80826704],[-38.55581064,-3.80844174],[-38.55561969,-3.80862038],[-38.55546301,-3.80877085],[-38.55506819,-3.80916308],[-38.55492273,-3.80930453],[-38.5548795,-3.80933101],[-38.55468337,-3.80944942],[-38.55461498,-3.80947277],[-38.55525646,-3.81158773],[-38.55581396,-3.81338673],[-38.55611525,-3.81436234],[-38.55720007,-3.81789421],[-38.5578565,-3.82003135],[-38.55800593,-3.82051786],[-38.55807284,-3.82081465],[-38.55811484,-3.82106806],[-38.55869383,-3.82291553],[-38.55873776,-3.8231569],[-38.55877997,-3.82362821],[-38.55887208,-3.82452374],[-38.55885585,-3.82518933],[-38.55888272,-3.82559956],[-38.55896151,-3.82597781],[-38.55918692,-3.82686285],[-38.55929256,-3.82682684],[-38.55952488,-3.82675383],[-38.55956958,-3.82688425],[-38.55970094,-3.82724747],[-38.55984675,-3.827668],[-38.56010903,-3.82842052],[-38.56042565,-3.82931097],[-38.56061154,-3.82984489],[-38.56069402,-3.83011491],[-38.56075035,-3.83032064],[-38.56077765,-3.83039282],[-38.56101235,-3.83105504],[-38.56146143,-3.83231605],[-38.56146754,-3.83233332],[-38.56228435,-3.83203345],[-38.56310666,-3.83174241],[-38.56385587,-3.83147399],[-38.56464163,-3.83118941],[-38.56494153,-3.83107405],[-38.56506085,-3.83102769],[-38.56513986,-3.83099373],[-38.56519146,-3.83096839],[-38.56525059,-3.83093819],[-38.56530057,-3.83091069],[-38.56534787,-3.83088858],[-38.56540592,-3.83086972],[-38.56550481,-3.830839],[-38.5656671,-3.83081102],[-38.56574341,-3.83079648],[-38.56580683,-3.83078086],[-38.56588745,-3.83075608],[-38.56602557,-3.83070109],[-38.56607932,-3.83068547],[-38.56613145,-3.83067146],[-38.56619648,-3.83065908],[-38.56627171,-3.83065426],[-38.56631201,-3.83065968],[-38.56635714,-3.83067103],[-38.56640281,-3.83067538],[-38.56643237,-3.83067647],[-38.56646354,-3.83067325],[-38.56649148,-3.8306684],[-38.56652641,-3.83065871],[-38.56656887,-3.83064199],[-38.56661832,-3.83062205],[-38.56667315,-3.83058537],[-38.56748541,-3.82996938],[-38.56810576,-3.82949094],[-38.56862345,-3.82906479],[-38.56892717,-3.82882691],[-38.56925617,-3.82855504],[-38.56952657,-3.82833388],[-38.56958409,-3.82828695],[-38.56963947,-3.82823786],[-38.56967925,-3.82819308],[-38.56973033,-3.82813589],[-38.5697814,-3.8280868],[-38.56988086,-3.82798699],[-38.5700529,-3.82782677],[-38.57018461,-3.82770593],[-38.5703889,-3.82751874],[-38.57048029,-3.82743297],[-38.57058566,-3.82733586],[-38.57065017,-3.82727922],[-38.57061527,-3.82723441],[-38.57088298,-3.82700784],[-38.57118726,-3.82674567],[-38.57142378,-3.82656767],[-38.57183018,-3.82624942],[-38.57187749,-3.82621274],[-38.57203014,-3.82612214],[-38.5724494,-3.82588054],[-38.57285146,-3.82564217],[-38.57295574,-3.82558069],[-38.57338847,-3.82525651],[-38.57413798,-3.82428875],[-38.5740538,-3.8239656],[-38.57451358,-3.82379994],[-38.57532325,-3.82354051],[-38.57568656,-3.82342626],[-38.57612833,-3.82329478],[-38.57692159,-3.82304149],[-38.57725373,-3.82292399],[-38.57744614,-3.82286147],[-38.57822093,-3.82261049],[-38.57851634,-3.8235414],[-38.57894192,-3.82484903],[-38.57913507,-3.82543532],[-38.57914959,-3.82552443],[-38.57915734,-3.82559836],[-38.57915942,-3.82569858],[-38.57915457,-3.825791],[-38.57914856,-3.82582314],[-38.57913014,-3.82587004],[-38.57911314,-3.82591837],[-38.57909966,-3.82597345],[-38.5790883,-3.82605589],[-38.57908775,-3.82610583],[-38.5790921,-3.82615323],[-38.57910433,-3.82619895],[-38.57911922,-3.82623591],[-38.5791319,-3.82626542],[-38.57914763,-3.82628853],[-38.57917956,-3.82633183],[-38.57921075,-3.82636604],[-38.57924486,-3.82639647],[-38.5792966,-3.82643254],[-38.57935096,-3.82646622],[-38.57944169,-3.82656731],[-38.57947882,-3.82661637],[-38.57950463,-3.82666116],[-38.57953502,-3.82672231],[-38.57963619,-3.82697282],[-38.58010648,-3.82842215],[-38.58033249,-3.82911865],[-38.58093192,-3.83096594],[-38.58132191,-3.8321678],[-38.58160016,-3.83306371],[-38.58210058,-3.8345824],[-38.58251545,-3.83584942],[-38.58295861,-3.83717226],[-38.58344182,-3.8386726],[-38.58346442,-3.83895975],[-38.58346382,-3.83898419],[-38.58353895,-3.83892685],[-38.58363267,-3.83889122],[-38.58371495,-3.83888365],[-38.58380228,-3.83889797],[-38.5838978,-3.83894428],[-38.58397076,-3.83901327],[-38.58423342,-3.83938927],[-38.58544056,-3.83908126],[-38.5870156,-3.83867937],[-38.58707087,-3.83866527],[-38.58721128,-3.8387306],[-38.58759957,-3.83891126],[-38.58839247,-3.83836356],[-38.58951568,-3.83758769],[-38.58959872,-3.83753033],[-38.58980827,-3.83723649],[-38.58987496,-3.83715577],[-38.59002501,-3.83697414],[-38.59412703,-3.83416358],[-38.59415884,-3.83414585],[-38.59428366,-3.83410439],[-38.59441469,-3.83401193],[-38.59451524,-3.83394714],[-38.59462636,-3.83391723],[-38.59625655,-3.83347891],[-38.59641885,-3.83343526],[-38.5966354,-3.83337502],[-38.59681727,-3.83326899],[-38.59727378,-3.83305038],[-38.59758543,-3.83290504],[-38.59802856,-3.83267542],[-38.59830369,-3.83253496],[-38.5985776,-3.83239572],[-38.59901587,-3.8321282],[-38.59935674,-3.83195965],[-38.59953082,-3.83188149],[-38.59977674,-3.83173123],[-38.60054247,-3.8313465],[-38.60131917,-3.83093854],[-38.60139586,-3.83089456],[-38.60149203,-3.83085916],[-38.60192299,-3.83061485],[-38.60220056,-3.83046828],[-38.60249881,-3.83031805],[-38.60273864,-3.83019591],[-38.6030515,-3.83004935],[-38.60312819,-3.83001149],[-38.60326088,-3.82995287],[-38.60339722,-3.82989548],[-38.60347879,-3.82984906],[-38.60450626,-3.82930918],[-38.60543148,-3.82879982],[-38.60641391,-3.82827336],[-38.60735256,-3.8277683],[-38.60833378,-3.82724969],[-38.60931766,-3.826741],[-38.60945208,-3.82669511],[-38.6122208,-3.8252286],[-38.61322186,-3.82474076],[-38.61320505,-3.82468625],[-38.61319724,-3.82466094],[-38.61360089,-3.82444221],[-38.61469532,-3.82393495],[-38.61473783,-3.82385246],[-38.61476127,-3.82364109],[-38.61473655,-3.82350347],[-38.61472229,-3.82346652],[-38.61469519,-3.82339631],[-38.61468942,-3.82338137],[-38.61465374,-3.82330755],[-38.61463943,-3.82327795],[-38.6144617,-3.82316378],[-38.6144336,-3.82314573],[-38.61436011,-3.82312398],[-38.61433639,-3.82311696],[-38.61425779,-3.8230207],[-38.61418777,-3.82292732],[-38.61414946,-3.82285702],[-38.61499211,-3.82244885],[-38.61694782,-3.82142775],[-38.61778103,-3.82099265],[-38.61786101,-3.8209509],[-38.61813467,-3.82121801],[-38.619002,-3.82034475],[-38.61979872,-3.81956814],[-38.62059973,-3.81880014],[-38.62140503,-3.81804364],[-38.62250026,-3.81696568],[-38.62152013,-3.81525911],[-38.62554166,-3.81223084],[-38.62686084,-3.81122854],[-38.62767343,-3.81064615],[-38.62806692,-3.81037119],[-38.62820446,-3.81035344],[-38.63052704,-3.80974407],[-38.63015356,-3.80825432],[-38.6297677,-3.80653665],[-38.63322877,-3.80567014],[-38.6352794,-3.80523034],[-38.63548443,-3.80519154],[-38.63610714,-3.80507397],[-38.63614985,-3.8050659],[-38.63634131,-3.80502973],[-38.63662385,-3.80494472],[-38.63666543,-3.80493221],[-38.63675124,-3.80486331],[-38.63697117,-3.80481813],[-38.63716536,-3.80478148],[-38.63739783,-3.80474185],[-38.63772611,-3.80468822],[-38.63790294,-3.80139537],[-38.63785646,-3.80132319],[-38.63777215,-3.80119227],[-38.63766719,-3.80113562],[-38.63753282,-3.80110215],[-38.63735591,-3.80102835],[-38.63734134,-3.80101489],[-38.63725209,-3.80093248],[-38.63717834,-3.80089529],[-38.63712082,-3.800847],[-38.63710312,-3.80083656],[-38.63707521,-3.80083038],[-38.63704661,-3.80082403],[-38.63702005,-3.800816],[-38.63698613,-3.80080607],[-38.63696159,-3.80080444],[-38.63691892,-3.80079383],[-38.63689033,-3.80078392],[-38.63685536,-3.8007722],[-38.63683187,-3.80076732],[-38.63681487,-3.80075084],[-38.63679802,-3.80073938],[-38.63678119,-3.80072175],[-38.63676375,-3.80070379],[-38.63674517,-3.800677],[-38.63672429,-3.80064694],[-38.63670912,-3.80062724],[-38.63668638,-3.80060193],[-38.63665138,-3.80057195],[-38.63662578,-3.80055203],[-38.63659734,-3.80053426],[-38.63657057,-3.80051644],[-38.63654669,-3.80050192],[-38.63652449,-3.80049196],[-38.63649371,-3.80047747],[-38.6364688,-3.80046739],[-38.63643825,-3.80045582],[-38.63640718,-3.80044253],[-38.63637812,-3.80042443],[-38.63634945,-3.80040854],[-38.63611957,-3.80029634],[-38.63609351,-3.80027958],[-38.63607337,-3.80026621],[-38.63604312,-3.80024762],[-38.63602108,-3.80023522],[-38.63599697,-3.80022442],[-38.63597707,-3.800219],[-38.63594861,-3.80020897],[-38.63592204,-3.80019911],[-38.63588663,-3.80019427],[-38.63585681,-3.80018672],[-38.63582441,-3.8001749],[-38.63579519,-3.80016755],[-38.63575485,-3.80016342],[-38.63572936,-3.8001547],[-38.63570065,-3.80013652],[-38.6356839,-3.80012188],[-38.63566622,-3.8001011],[-38.63564592,-3.8000734],[-38.63561787,-3.80003798],[-38.63560561,-3.80002053],[-38.63558861,-3.79999821],[-38.63557784,-3.79998195],[-38.63556533,-3.79996518],[-38.63555693,-3.79994819],[-38.63554596,-3.79992743],[-38.63553644,-3.79989966],[-38.63552573,-3.79987202],[-38.63551568,-3.79985303],[-38.63550567,-3.79982776],[-38.63547835,-3.79977834],[-38.6354704,-3.79975014],[-38.63542998,-3.79963271],[-38.63542248,-3.7995841],[-38.6354189,-3.79952867],[-38.63541941,-3.79949722],[-38.63541893,-3.79945528],[-38.63541539,-3.79941536],[-38.6354044,-3.7993396],[-38.63538493,-3.79926953],[-38.63536565,-3.79919956],[-38.63534662,-3.79914893],[-38.6353158,-3.79909391],[-38.63528859,-3.79906367],[-38.6352284,-3.79904375],[-38.63519103,-3.79903884],[-38.63518274,-3.79906878],[-38.63514014,-3.79906743],[-38.63510642,-3.79908841],[-38.63508446,-3.7990901],[-38.63506416,-3.79909308],[-38.63504122,-3.79908812],[-38.63501964,-3.79908728],[-38.63499683,-3.79907469],[-38.63498191,-3.7990575],[-38.63496336,-3.79902361],[-38.63494424,-3.798966],[-38.63492817,-3.79894038],[-38.63488776,-3.79892417],[-38.6348556,-3.79891637],[-38.63481638,-3.7988673],[-38.63480258,-3.79883336],[-38.6347928,-3.79879414],[-38.63479731,-3.79873141],[-38.63481719,-3.79867562],[-38.63482756,-3.79864995],[-38.63482803,-3.7986022],[-38.63482758,-3.79855297],[-38.63482719,-3.79850984],[-38.63481275,-3.79847615],[-38.63472602,-3.79844445],[-38.63468765,-3.79843063],[-38.63464868,-3.79841359],[-38.63461379,-3.79838215],[-38.63460443,-3.79836467],[-38.63459432,-3.79832337],[-38.63458132,-3.79828723],[-38.63457297,-3.79825502],[-38.63456773,-3.79821998],[-38.63456585,-3.79819269],[-38.63456315,-3.79817506],[-38.63455449,-3.79814559],[-38.63454114,-3.79810796],[-38.63452545,-3.79806346],[-38.63447816,-3.79797705],[-38.6344525,-3.79789952],[-38.63441007,-3.79781104],[-38.63437974,-3.79775323],[-38.63436383,-3.7977021],[-38.63435952,-3.79765791],[-38.6343529,-3.79758446],[-38.63435275,-3.79751445],[-38.63436103,-3.79745961],[-38.6343764,-3.79743038],[-38.63438465,-3.79740338],[-38.63441525,-3.79732714],[-38.63442216,-3.7972934],[-38.63443015,-3.79726939],[-38.63444003,-3.79724835],[-38.63445254,-3.79720562],[-38.63446665,-3.79717828],[-38.63448939,-3.79715407],[-38.63450372,-3.79711868],[-38.63452,-3.7971064],[-38.63453839,-3.79709493],[-38.63455572,-3.79708049],[-38.63458043,-3.79706539],[-38.63460378,-3.7970547],[-38.63467894,-3.79702265],[-38.63472256,-3.79701035],[-38.63477753,-3.79698348],[-38.63481069,-3.79697167],[-38.63484412,-3.796961],[-38.63489715,-3.79693388],[-38.63494668,-3.7969125],[-38.63499668,-3.79686934],[-38.63503201,-3.7968274],[-38.63507012,-3.79680097],[-38.63512241,-3.7967771],[-38.63516884,-3.79672299],[-38.63518844,-3.79669636],[-38.63521664,-3.79665088],[-38.63522395,-3.79663417],[-38.635234,-3.79661121],[-38.63524317,-3.79658961],[-38.63525575,-3.79655461],[-38.63526179,-3.79653262],[-38.6352687,-3.79651338],[-38.63529075,-3.79647277],[-38.6352972,-3.79645223],[-38.63530088,-3.79642074],[-38.635305,-3.79635154],[-38.63530664,-3.79629455],[-38.63531196,-3.79626527],[-38.63532219,-3.79624124],[-38.63533695,-3.79621574],[-38.63535114,-3.79619549],[-38.63535751,-3.79611998],[-38.63536212,-3.79609138],[-38.63535237,-3.79604655],[-38.63531893,-3.79600633],[-38.63528961,-3.79598422],[-38.63526378,-3.79596476],[-38.63522458,-3.79594212],[-38.63519483,-3.7959113],[-38.63517767,-3.79587348],[-38.63515954,-3.79582976],[-38.6351412,-3.79579217],[-38.63512448,-3.79573922],[-38.63512486,-3.79567004],[-38.63513271,-3.79563439],[-38.63514595,-3.79559393],[-38.63515483,-3.7955551],[-38.63516767,-3.79552176],[-38.63517983,-3.79549851],[-38.6352009,-3.79547347],[-38.63521756,-3.79545951],[-38.63526473,-3.79542011],[-38.63530731,-3.79534888],[-38.63536062,-3.79526652],[-38.63538096,-3.7952232],[-38.63539552,-3.7951728],[-38.6354122,-3.79511454],[-38.63542076,-3.79507783],[-38.63543532,-3.79503682],[-38.63545431,-3.79499833],[-38.63548339,-3.79495566],[-38.6355073,-3.79494245],[-38.63556549,-3.79491863],[-38.63559982,-3.79489703],[-38.63562828,-3.79487149],[-38.63566726,-3.79479327],[-38.63568062,-3.79474222],[-38.63568267,-3.79469175],[-38.6356937,-3.79460114],[-38.63569585,-3.79455291],[-38.63571304,-3.7945036],[-38.63571288,-3.79443505],[-38.6356848,-3.79436745],[-38.63565977,-3.79431313],[-38.63564783,-3.7942881],[-38.63563114,-3.79426236],[-38.6356224,-3.79423644],[-38.63561865,-3.7942052],[-38.63561133,-3.79417735],[-38.63560314,-3.79415397],[-38.63559434,-3.7941304],[-38.63558407,-3.79410735],[-38.63557556,-3.79408296],[-38.63556838,-3.79404973],[-38.63556459,-3.79402838],[-38.63556064,-3.79400546],[-38.63555641,-3.7939837],[-38.63555767,-3.79395628],[-38.63554353,-3.79387496],[-38.63553984,-3.79384604],[-38.63553019,-3.79380636],[-38.63551829,-3.79376463],[-38.63551492,-3.793728],[-38.63550906,-3.79369622],[-38.63548405,-3.79365921],[-38.63546031,-3.79362718],[-38.63545063,-3.79361412],[-38.63539254,-3.79358407],[-38.63535504,-3.79357449],[-38.63532647,-3.7935679],[-38.63528801,-3.79355883],[-38.63526502,-3.79356028],[-38.63524528,-3.7935491],[-38.63523401,-3.79354272],[-38.63520582,-3.79354595],[-38.63518525,-3.79353819],[-38.63515827,-3.7935342],[-38.63512873,-3.79353075],[-38.63509428,-3.79352687],[-38.63505958,-3.79352056],[-38.63503372,-3.7935128],[-38.63500913,-3.79350905],[-38.63498376,-3.79349716],[-38.63495894,-3.79347983],[-38.63494506,-3.79346804],[-38.63492537,-3.79345611],[-38.6349059,-3.79344398],[-38.63488933,-3.79341789],[-38.63487999,-3.79339594],[-38.63487566,-3.79337305],[-38.63487398,-3.79334512],[-38.6348746,-3.79331007],[-38.63487917,-3.79328432],[-38.63489168,-3.79325687],[-38.63489815,-3.79323328],[-38.6349095,-3.79321704],[-38.63492065,-3.79319486],[-38.63494424,-3.79316458],[-38.63495574,-3.79313884],[-38.63497598,-3.79309353],[-38.6349788,-3.79304322],[-38.63493429,-3.79297125],[-38.63489918,-3.79295027],[-38.63486187,-3.79293343],[-38.63485756,-3.79291178],[-38.63485345,-3.79289114],[-38.63487211,-3.79283624],[-38.63493145,-3.79277559],[-38.63495274,-3.79274749],[-38.6349703,-3.79272565],[-38.63498941,-3.79270869],[-38.63502168,-3.79268684],[-38.6350491,-3.79267019],[-38.63508289,-3.79265734],[-38.63509306,-3.79265273],[-38.63510957,-3.79264094],[-38.63513628,-3.79262692],[-38.63515853,-3.79260647],[-38.63516965,-3.79257639],[-38.63517388,-3.79255011],[-38.63517444,-3.79251908],[-38.63517541,-3.7924857],[-38.63517474,-3.79246469],[-38.63516614,-3.79243256],[-38.63516,-3.79241293],[-38.63515383,-3.7923947],[-38.6351481,-3.7923705],[-38.63514222,-3.79234227],[-38.63516393,-3.79223839],[-38.6351855,-3.79221486],[-38.63520794,-3.79219761],[-38.63522155,-3.7921809],[-38.63523523,-3.79216304],[-38.63524827,-3.79214041],[-38.63525551,-3.79211999],[-38.63526524,-3.79209363],[-38.63527182,-3.79206734],[-38.63527717,-3.79204352],[-38.63527852,-3.79202127],[-38.63528001,-3.79199962],[-38.63527722,-3.7919802],[-38.63527347,-3.79195835],[-38.63526754,-3.79193451],[-38.63525445,-3.79189313],[-38.63524428,-3.79186669],[-38.63523613,-3.79184869],[-38.6352174,-3.79182599],[-38.63519134,-3.7918089],[-38.6351676,-3.79180044],[-38.63514419,-3.7917906],[-38.63512608,-3.79178186],[-38.63510405,-3.79176632],[-38.63508019,-3.79174683],[-38.63506411,-3.79173049],[-38.63505345,-3.79171712],[-38.63499011,-3.79159499],[-38.63498797,-3.79157006],[-38.63498308,-3.79154879],[-38.63497631,-3.79152337],[-38.63496835,-3.7915009],[-38.63496105,-3.79148251],[-38.63495223,-3.79145777],[-38.63437925,-3.79123031],[-38.63385512,-3.79074855],[-38.63342927,-3.79058085],[-38.6315443,-3.78368742],[-38.63145755,-3.78371364],[-38.63137643,-3.78374236],[-38.63119661,-3.78378135],[-38.6310944,-3.78378901],[-38.63099506,-3.7838084],[-38.63095384,-3.7838244],[-38.63090094,-3.78387019],[-38.63027795,-3.78405335],[-38.62802831,-3.78467768],[-38.62781682,-3.78400375],[-38.62762291,-3.78330951],[-38.62760788,-3.78325007],[-38.62756057,-3.78306299],[-38.62745186,-3.78262977],[-38.62646169,-3.78289876],[-38.626009,-3.78302431],[-38.62580621,-3.78231491],[-38.62563212,-3.78165049],[-38.6255787,-3.7814501],[-38.62550343,-3.78116776],[-38.62544766,-3.78095855],[-38.62539145,-3.78097405],[-38.62402231,-3.78135168],[-38.6239523,-3.78137099],[-38.62251637,-3.7817875],[-38.62212587,-3.78036606],[-38.62194065,-3.77968217],[-38.62173116,-3.77897464],[-38.62133659,-3.77756529],[-38.62119309,-3.77705892],[-38.62117364,-3.77705685],[-38.62061899,-3.77700194],[-38.61957877,-3.77690897],[-38.61794414,-3.77672743],[-38.61649854,-3.77657861],[-38.61454508,-3.77637404],[-38.61312503,-3.77623224],[-38.61260388,-3.77617945],[-38.61154385,-3.77603742],[-38.61019114,-3.77586238],[-38.60983934,-3.77581685],[-38.60888703,-3.77569362],[-38.60762682,-3.77552752],[-38.6071308,-3.77543478],[-38.60598597,-3.77520125],[-38.60594597,-3.77519659],[-38.60590408,-3.77519171],[-38.60537066,-3.77512701],[-38.60367745,-3.77492439],[-38.60358874,-3.77491176],[-38.60206586,-3.77474704],[-38.60177705,-3.77467331],[-38.60144432,-3.77450496],[-38.60134809,-3.7744082],[-38.60108868,-3.77412213],[-38.60064104,-3.77351008],[-38.60045904,-3.77328292],[-38.60036906,-3.77323242],[-38.60026025,-3.7731756],[-38.60009492,-3.77313137],[-38.59995887,-3.7731292],[-38.59884737,-3.7733011],[-38.59867364,-3.77330943],[-38.59853132,-3.77329044],[-38.59834297,-3.77321887],[-38.59816513,-3.77307581],[-38.59806263,-3.77294961],[-38.59801245,-3.77282554],[-38.59796439,-3.77264469],[-38.5978311,-3.7720021],[-38.5974809,-3.7721511],[-38.59720519,-3.77226227],[-38.59714369,-3.77228674],[-38.59707582,-3.77231919],[-38.5970159,-3.77235218],[-38.5969512,-3.77239368],[-38.59689128,-3.77243679],[-38.59666538,-3.77258845],[-38.59644641,-3.77274495],[-38.59637497,-3.77277791],[-38.59631944,-3.77280239],[-38.59619425,-3.77285008],[-38.59611787,-3.77287552],[-38.59609877,-3.77282416],[-38.59602888,-3.77264999],[-38.5960162,-3.77254881],[-38.59601257,-3.77238586],[-38.59600477,-3.77224845],[-38.59600205,-3.77220054],[-38.59598195,-3.77210787],[-38.59594779,-3.7720309],[-38.59589482,-3.77195313],[-38.59583335,-3.77189346],[-38.59577824,-3.77185616],[-38.59571993,-3.7718327],[-38.59561287,-3.77179324],[-38.59556199,-3.77177512],[-38.5950619,-3.77216522],[-38.59395462,-3.77303217],[-38.5926543,-3.77403696],[-38.59214034,-3.77349781],[-38.59208099,-3.77343973],[-38.59202589,-3.77338592],[-38.59195646,-3.77333264],[-38.59182292,-3.77323672],[-38.59169944,-3.7731504],[-38.59166394,-3.77312109],[-38.5916136,-3.77308006],[-38.59155312,-3.77302409],[-38.59148695,-3.77296285],[-38.59130996,-3.77282271],[-38.5909475,-3.77251741],[-38.59086531,-3.77256264],[-38.59078365,-3.77261478],[-38.59070251,-3.77267599],[-38.59066304,-3.77270963],[-38.59048773,-3.77285907],[-38.59035887,-3.77295114],[-38.59023213,-3.77303788],[-38.58998766,-3.77321988],[-38.58986888,-3.77330077],[-38.58972729,-3.77339229],[-38.58962336,-3.77345029],[-38.58937095,-3.77360566],[-38.58902575,-3.77381851],[-38.58864076,-3.77406541],[-38.58850971,-3.7740535],[-38.58824637,-3.77402955],[-38.58792619,-3.7740049],[-38.58747667,-3.7739754],[-38.58687659,-3.7739405],[-38.58680291,-3.77393567],[-38.58673771,-3.77392392],[-38.58667675,-3.77391165],[-38.5865612,-3.77387857],[-38.58647567,-3.77384724],[-38.58646368,-3.77384285],[-38.58639689,-3.77381566],[-38.5862999,-3.77377461],[-38.58619761,-3.7737245],[-38.58610169,-3.77367174],[-38.58586426,-3.77353583],[-38.5855847,-3.77337701],[-38.5855423,-3.77335276],[-38.58550043,-3.77332931],[-38.58549126,-3.77332402],[-38.58546254,-3.77330746],[-38.58537059,-3.77325922],[-38.5853213,-3.77323577],[-38.58526936,-3.77321178],[-38.58521688,-3.77319152],[-38.58516706,-3.77317286],[-38.58511485,-3.77315579],[-38.585093,-3.77314933],[-38.58506158,-3.77314005],[-38.58500646,-3.77312752],[-38.58495796,-3.77311977],[-38.58493087,-3.77311672],[-38.5848962,-3.77311282],[-38.58486759,-3.77311256],[-38.58483285,-3.77311225],[-38.58478965,-3.77311441],[-38.58473769,-3.773117],[-38.58472282,-3.7731201],[-38.58467573,-3.77312992],[-38.58465854,-3.77313481],[-38.58459348,-3.7731614],[-38.5844922,-3.77321487],[-38.58440391,-3.77326621],[-38.58439306,-3.77327261],[-38.58425173,-3.77335587],[-38.58388717,-3.7735703],[-38.58385164,-3.77359211],[-38.5838124,-3.77362085],[-38.58376997,-3.77365438],[-38.5837302,-3.77369004],[-38.58368989,-3.77372783],[-38.58365595,-3.77376562],[-38.58362253,-3.77380874],[-38.58351272,-3.77395406],[-38.58348833,-3.77398174],[-38.58345332,-3.77402167],[-38.58341513,-3.77406105],[-38.58337854,-3.77409831],[-38.58317594,-3.77428087],[-38.58301472,-3.77442084],[-38.58282857,-3.77458264],[-38.58264401,-3.77474497],[-38.58261391,-3.77477116],[-38.58244089,-3.77492166],[-38.58228922,-3.77505366],[-38.58222081,-3.77511114],[-38.58217732,-3.77514519],[-38.58213436,-3.77517713],[-38.58209937,-3.77519841],[-38.58207113,-3.7752141],[-38.58203149,-3.77523286],[-38.58199146,-3.77524668],[-38.58195806,-3.77525705],[-38.58193261,-3.7752637],[-38.58190856,-3.77526949],[-38.58176102,-3.775305],[-38.58171093,-3.77531724],[-38.58160707,-3.77534207],[-38.58146791,-3.77537557],[-38.58125637,-3.77542552],[-38.58091944,-3.77550497],[-38.58036329,-3.77562611],[-38.58002292,-3.77569997],[-38.57969686,-3.7757733],[-38.57946358,-3.77582484],[-38.57931248,-3.77586044],[-38.57919849,-3.77588914],[-38.57911419,-3.77591413],[-38.57903678,-3.77593912],[-38.57893021,-3.77597741],[-38.5786158,-3.77611037],[-38.57858556,-3.77612315],[-38.57825735,-3.77626038],[-38.57819001,-3.77628556],[-38.57811367,-3.7763141],[-38.57805508,-3.77633297],[-38.5779737,-3.77635397],[-38.57790345,-3.77636778],[-38.57777276,-3.77638875],[-38.57765984,-3.77640121],[-38.57709471,-3.77644806],[-38.57705469,-3.77645417],[-38.57700511,-3.77646799],[-38.57694441,-3.77648659],[-38.57673046,-3.77656983],[-38.5762028,-3.77678002]]]},"geometry_name":"The_geom","properties":{"id":3,"nome":"Distrito 5","area_ha":4192,"fonte":"SME - Secretaria Municipal de Educação de Fortaleza","ano_ref":2023,"data_atual":"08/Ago/2023","epsg_codif":"EPSG: 31984 (SIRGAS 2000 - UTM 24S); Codificação: UTF-8"}},{"type":"Feature","id":"vw_DistritosEducacao_2023.fid-3da4354c_18dace4b5a0_-54b9","geometry":{"type":"Polygon","coordinates":[[[-38.52392831,-3.73690353],[-38.52389837,-3.7370486],[-38.52364739,-3.73829615],[-38.52329996,-3.73996665],[-38.52288821,-3.74193076],[-38.5227188,-3.74272675],[-38.52263723,-3.74312072],[-38.5225974,-3.74331308],[-38.52243977,-3.74405643],[-38.52227036,-3.74485152],[-38.52213537,-3.74549593],[-38.521956,-3.74634275],[-38.52183458,-3.74695087],[-38.52165159,-3.74780313],[-38.52159044,-3.74808268],[-38.52150256,-3.74849928],[-38.52133948,-3.74928802],[-38.52116282,-3.75013756],[-38.52099384,-3.75097168],[-38.52089371,-3.75147814],[-38.52081533,-3.7518775],[-38.52075235,-3.75219971],[-38.52066015,-3.75267032],[-38.52058766,-3.75304086],[-38.52049691,-3.75353987],[-38.52047297,-3.75366011],[-38.52023488,-3.75488192],[-38.52015352,-3.75529398],[-38.52012034,-3.75546553],[-38.52001639,-3.75599815],[-38.51988136,-3.75670334],[-38.51980522,-3.7570695],[-38.51968274,-3.75765553],[-38.5196415,-3.75787904],[-38.51961936,-3.75799091],[-38.5195492,-3.75825123],[-38.51949675,-3.75832074],[-38.51940965,-3.75845877],[-38.51934333,-3.7585829],[-38.51929185,-3.7586991],[-38.51926114,-3.75878849],[-38.51919677,-3.75896726],[-38.51917596,-3.75904026],[-38.51915465,-3.75913313],[-38.51911945,-3.75930297],[-38.51908572,-3.75950064],[-38.51903611,-3.75980557],[-38.51899789,-3.76006581],[-38.51897997,-3.76017805],[-38.51894622,-3.7604085],[-38.51889661,-3.76072436],[-38.51886485,-3.76093196],[-38.51881721,-3.76123888],[-38.51875767,-3.76162229],[-38.51866835,-3.76221528],[-38.51859788,-3.76267815],[-38.5185428,-3.76304567],[-38.51848722,-3.76341666],[-38.51846588,-3.76354927],[-38.51842122,-3.7638403],[-38.51838153,-3.7640916],[-38.5183324,-3.76441938],[-38.51829816,-3.76464188],[-38.51826293,-3.76486586],[-38.51822622,-3.76510177],[-38.51820042,-3.76525275],[-38.51818852,-3.76532079],[-38.51816347,-3.76545612],[-38.51814884,-3.76553931],[-38.51811761,-3.76569599],[-38.51806853,-3.76592494],[-38.51801476,-3.76615363],[-38.51795826,-3.76639921],[-38.51790869,-3.76661673],[-38.51782444,-3.7669733],[-38.51774516,-3.76727822],[-38.51766983,-3.76760401],[-38.51756576,-3.76802514],[-38.51743099,-3.76855055],[-38.51731999,-3.76898658],[-38.51718622,-3.76947524],[-38.5170703,-3.76988246],[-38.51719214,-3.7698924],[-38.5182219,-3.77005624],[-38.51820125,-3.77043435],[-38.51815596,-3.77139653],[-38.51811812,-3.7721266],[-38.51806798,-3.77318725],[-38.51805783,-3.77336333],[-38.51804707,-3.77354648],[-38.51803253,-3.77367067],[-38.51801153,-3.77413832],[-38.51799311,-3.77451068],[-38.51798354,-3.77476754],[-38.51797781,-3.77490576],[-38.51796449,-3.77514368],[-38.51795877,-3.77525286],[-38.51794797,-3.77546744],[-38.51794222,-3.7756492],[-38.5179314,-3.7758925],[-38.5179207,-3.7759313],[-38.51791499,-3.77603354],[-38.51789787,-3.77631312],[-38.51788517,-3.7765643],[-38.51787626,-3.77676563],[-38.51786867,-3.77685461],[-38.51785783,-3.77714745],[-38.51784385,-3.77744407],[-38.51783113,-3.77770661],[-38.51782035,-3.77788963],[-38.51781018,-3.77810547],[-38.51780757,-3.77827461],[-38.51781508,-3.77832889],[-38.51783888,-3.77846775],[-38.5178727,-3.77865711],[-38.51790178,-3.77883374],[-38.51790777,-3.77886709],[-38.5179195,-3.77893242],[-38.5178481,-3.77891622],[-38.51773581,-3.77888652],[-38.51750638,-3.77882611],[-38.51647671,-3.77856293],[-38.51580831,-3.77838331],[-38.51490781,-3.77812247],[-38.51480328,-3.77809589],[-38.51451264,-3.779214],[-38.51449717,-3.77926968],[-38.51440267,-3.77958282],[-38.51419411,-3.78027244],[-38.51413788,-3.78039344],[-38.51344274,-3.78188937],[-38.51289332,-3.78307298],[-38.51262026,-3.78365087],[-38.51273208,-3.78371318],[-38.51295065,-3.7838553],[-38.51298771,-3.7838711],[-38.51301221,-3.78387553],[-38.51303985,-3.78387744],[-38.5130719,-3.78387494],[-38.51309766,-3.7838699],[-38.51312091,-3.78385982],[-38.51314102,-3.78384721],[-38.51317497,-3.78380936],[-38.51319697,-3.78378665],[-38.51322903,-3.78376016],[-38.51326234,-3.78373746],[-38.51328497,-3.78372548],[-38.5133101,-3.78371918],[-38.51333775,-3.78371794],[-38.5133767,-3.78372427],[-38.51340811,-3.7837388],[-38.51343009,-3.78375775],[-38.51345017,-3.78378679],[-38.51346649,-3.78381773],[-38.51348532,-3.78386381],[-38.51349409,-3.78390231],[-38.51349783,-3.78394775],[-38.51349404,-3.78399698],[-38.51348774,-3.78402853],[-38.51347766,-3.78406639],[-38.51347136,-3.78410173],[-38.5134638,-3.78413455],[-38.51346001,-3.78417746],[-38.51345746,-3.78423679],[-38.51346118,-3.78432641],[-38.51346365,-3.78441477],[-38.51347366,-3.78448798],[-38.51347865,-3.78454984],[-38.51348112,-3.78461926],[-38.51347731,-3.78470509],[-38.51346217,-3.78480354],[-38.51344705,-3.78488684],[-38.51338404,-3.78519858],[-38.51336389,-3.78528819],[-38.51334122,-3.78537275],[-38.51331858,-3.78542323],[-38.51328965,-3.7854636],[-38.51325319,-3.78550145],[-38.51321422,-3.78553046],[-38.51316016,-3.78557208],[-38.51310108,-3.78562128],[-38.51304827,-3.78567552],[-38.51299923,-3.78573356],[-38.51296653,-3.7857916],[-38.51295393,-3.78585092],[-38.5129539,-3.78591277],[-38.51295888,-3.78598094],[-38.51296764,-3.7860491],[-38.51298394,-3.78611728],[-38.51300526,-3.78618292],[-38.51303162,-3.78623469],[-38.51306301,-3.78628394],[-38.51310193,-3.78634344],[-38.51314206,-3.78648831],[-38.51314831,-3.78655269],[-38.51315266,-3.78662969],[-38.51315639,-3.78671489],[-38.51315,-3.78689981],[-38.51314113,-3.78703044],[-38.51312279,-3.78724565],[-38.51310317,-3.78750692],[-38.51309307,-3.78759149],[-38.51308173,-3.78764323],[-38.51307794,-3.78768362],[-38.51307791,-3.7877278],[-38.51309422,-3.78778461],[-38.51311429,-3.78784647],[-38.51314566,-3.78792223],[-38.51322852,-3.78804976],[-38.51331139,-3.78816215],[-38.51348468,-3.78837557],[-38.51361653,-3.78854604],[-38.51366551,-3.78858394],[-38.51371828,-3.78860543],[-38.51378613,-3.78862188],[-38.51384518,-3.78862191],[-38.51390802,-3.78861816],[-38.5139608,-3.78860052],[-38.51400731,-3.78857782],[-38.51407016,-3.78853746],[-38.51414558,-3.78849207],[-38.51420591,-3.78847064],[-38.51428885,-3.7884568],[-38.51436802,-3.78845559],[-38.5144321,-3.78845941],[-38.51453763,-3.78849355],[-38.51460547,-3.78852893],[-38.51466325,-3.78857314],[-38.51494962,-3.78879925],[-38.51500111,-3.78886239],[-38.5150463,-3.78893436],[-38.51508897,-3.78903536],[-38.5151379,-3.78918055],[-38.51515793,-3.78932067],[-38.51518422,-3.78948352],[-38.5152306,-3.78969434],[-38.51526947,-3.78984204],[-38.51533348,-3.78998093],[-38.51535604,-3.79009076],[-38.51536353,-3.79017659],[-38.51535971,-3.79026621],[-38.51535337,-3.7903634],[-38.51534201,-3.79046059],[-38.51530925,-3.79062088],[-38.51530796,-3.7906802],[-38.51531295,-3.79073701],[-38.515328,-3.79079381],[-38.5153692,-3.79096857],[-38.51538692,-3.79104377],[-38.51541574,-3.79119905],[-38.51542322,-3.79129751],[-38.51542315,-3.79143257],[-38.51543315,-3.79151083],[-38.51542683,-3.7915853],[-38.51540416,-3.79167491],[-38.51538401,-3.79175189],[-38.51534752,-3.79185159],[-38.5152783,-3.79204089],[-38.51520784,-3.79220621],[-38.51516381,-3.79229454],[-38.51512357,-3.79233743],[-38.51507706,-3.79237149],[-38.51503559,-3.79238409],[-38.51498155,-3.79239037],[-38.51493631,-3.7923916],[-38.5148961,-3.79238653],[-38.5148358,-3.7923663],[-38.51477675,-3.7923385],[-38.51473279,-3.79230944],[-38.51468004,-3.79226145],[-38.51461222,-3.79219325],[-38.51453058,-3.79212378],[-38.51443888,-3.79207324],[-38.51437607,-3.79204038],[-38.51435218,-3.79203147],[-38.51429818,-3.79201131],[-38.51423661,-3.79200117],[-38.51415619,-3.79199482],[-38.5141097,-3.79199732],[-38.51403932,-3.79201747],[-38.51399532,-3.79204017],[-38.51394126,-3.79209063],[-38.51389222,-3.79214866],[-38.51385323,-3.79222059],[-38.51381798,-3.7923367],[-38.51380344,-3.79243849],[-38.51378644,-3.79255757],[-38.51379519,-3.79263836],[-38.51381777,-3.79271664],[-38.51386674,-3.79277473],[-38.51392829,-3.79282525],[-38.51399738,-3.79285306],[-38.51406272,-3.79286067],[-38.51414189,-3.79285945],[-38.51421729,-3.79283677],[-38.51427762,-3.79281535],[-38.51435302,-3.79280529],[-38.51441083,-3.79280533],[-38.51444978,-3.79281166],[-38.51447741,-3.79282935],[-38.51450253,-3.79286218],[-38.51451254,-3.79292404],[-38.51453673,-3.79303059],[-38.51455266,-3.79310077],[-38.51457398,-3.79317021],[-38.51464678,-3.79331667],[-38.51469698,-3.79342904],[-38.51471829,-3.79352751],[-38.51474208,-3.7936752],[-38.51475959,-3.793833],[-38.51473936,-3.79404252],[-38.5147104,-3.79415863],[-38.5146613,-3.7943126],[-38.5146059,-3.79451831],[-38.51457313,-3.79468617],[-38.51451776,-3.79484266],[-38.51447876,-3.7949108],[-38.5144247,-3.79497262],[-38.51436685,-3.7950458],[-38.51430397,-3.79513538],[-38.51426874,-3.7952111],[-38.51422597,-3.79530448],[-38.51421589,-3.79535118],[-38.51420581,-3.79540166],[-38.51419196,-3.79544205],[-38.51417435,-3.79548369],[-38.51415423,-3.79551019],[-38.51412657,-3.79553668],[-38.51409766,-3.79555181],[-38.51406121,-3.7955682],[-38.51400843,-3.795577],[-38.51394308,-3.79558706],[-38.51383501,-3.79558574],[-38.51374202,-3.79558821],[-38.51367793,-3.79559323],[-38.51362892,-3.79560582],[-38.51358744,-3.79562094],[-38.51354596,-3.79564743],[-38.51347556,-3.79569409],[-38.51336367,-3.79580384],[-38.51326308,-3.79590351],[-38.51319016,-3.7959792],[-38.51315117,-3.79604608],[-38.51309454,-3.79618615],[-38.51306682,-3.7963212],[-38.5130504,-3.79647266],[-38.51305532,-3.79665948],[-38.51305648,-3.79683114],[-38.51305518,-3.79691066],[-38.51305264,-3.7969662],[-38.51304883,-3.79702805],[-38.51304881,-3.79706087],[-38.51305131,-3.79709621],[-38.51305883,-3.79712777],[-38.51307639,-3.79717575],[-38.51309899,-3.79721363],[-38.51312537,-3.79724015],[-38.51315551,-3.79726036],[-38.51319069,-3.79727427],[-38.51322964,-3.79728439],[-38.51329246,-3.79729074],[-38.51334147,-3.79729076],[-38.51348473,-3.79728706],[-38.51355007,-3.79728078],[-38.51363804,-3.79726569],[-38.51369836,-3.79726572],[-38.51373606,-3.79726827],[-38.51376998,-3.79728217],[-38.51381269,-3.7973087],[-38.51384031,-3.79734153],[-38.51386291,-3.79737815],[-38.51388927,-3.7974274],[-38.5139583,-3.79757638],[-38.5140148,-3.79766603],[-38.51406251,-3.79772539],[-38.51411904,-3.79777086],[-38.51421324,-3.79784286],[-38.51427479,-3.79789338],[-38.51432627,-3.79795021],[-38.51436645,-3.79800451],[-38.5143903,-3.79805754],[-38.51442544,-3.79813835],[-38.5144593,-3.79825575],[-38.51447058,-3.79831635],[-38.51448436,-3.79839588],[-38.51449248,-3.79848424],[-38.51449244,-3.79854357],[-38.51448614,-3.79857449],[-38.51446979,-3.79860856],[-38.51444778,-3.79863505],[-38.51440127,-3.79867479],[-38.514334,-3.79873849],[-38.51430257,-3.7987713],[-38.51427553,-3.7988123],[-38.51424911,-3.79886215],[-38.5142384,-3.79890948],[-38.51424027,-3.79894671],[-38.514244,-3.79901361],[-38.51426972,-3.79908684],[-38.5143099,-3.79914871],[-38.51435133,-3.79921374],[-38.51441915,-3.7992851],[-38.51447566,-3.79933625],[-38.51455983,-3.79937921],[-38.51466222,-3.79942724],[-38.51474135,-3.79947714],[-38.5148588,-3.7995561],[-38.51490402,-3.79959147],[-38.51496556,-3.79965777],[-38.51500825,-3.79972343],[-38.51505659,-3.79978089],[-38.51515578,-3.79992547],[-38.51527066,-3.80010983],[-38.5153265,-3.8002405],[-38.51539431,-3.80032511],[-38.51541816,-3.80037056],[-38.51543384,-3.80042233],[-38.51544949,-3.80053846],[-38.51545759,-3.8006609],[-38.51545504,-3.80072402],[-38.51544556,-3.80081615],[-38.51543486,-3.80085465],[-38.51540718,-3.80090765],[-38.51537511,-3.80095307],[-38.51533111,-3.80098965],[-38.51528146,-3.80101802],[-38.51522176,-3.80103314],[-38.51515956,-3.80104194],[-38.51510237,-3.80105579],[-38.51506844,-3.80107407],[-38.51504141,-3.80109678],[-38.51502317,-3.80112769],[-38.51501624,-3.80115356],[-38.51501559,-3.80118891],[-38.51502246,-3.80126402],[-38.51504191,-3.80132651],[-38.51507705,-3.80139974],[-38.51509901,-3.8014616],[-38.5151429,-3.80160994],[-38.51516171,-3.80168758],[-38.51517801,-3.80175196],[-38.51518489,-3.80180498],[-38.51518487,-3.80183969],[-38.51517732,-3.80186935],[-38.5151641,-3.8019009],[-38.51513958,-3.80193118],[-38.51507985,-3.80201067],[-38.51501824,-3.80208195],[-38.51498238,-3.80215956],[-38.51496978,-3.80222456],[-38.5149666,-3.80229146],[-38.51496907,-3.80236719],[-38.51499541,-3.80246251],[-38.51502616,-3.80252816],[-38.51506946,-3.80261402],[-38.51512407,-3.80271061],[-38.51514665,-3.80278005],[-38.51515667,-3.80283812],[-38.5151654,-3.8029593],[-38.51517789,-3.80309626],[-38.51518724,-3.80321997],[-38.51518655,-3.80332852],[-38.51518336,-3.8034276],[-38.51517578,-3.80349198],[-38.51516759,-3.80353615],[-38.51515626,-3.80356896],[-38.51512546,-3.8036005],[-38.51507015,-3.80363518],[-38.51496958,-3.8036995],[-38.51489289,-3.80376067],[-38.51483882,-3.80383512],[-38.51477091,-3.80393417],[-38.51472184,-3.80403954],[-38.51469478,-3.80411778],[-38.51468027,-3.80422759],[-38.51468525,-3.80430648],[-38.51470468,-3.80439169],[-38.5147235,-3.80443399],[-38.51475113,-3.80446367],[-38.514802,-3.80450598],[-38.51487674,-3.80456156],[-38.51495212,-3.80459001],[-38.51505327,-3.8046071],[-38.51515755,-3.80462862],[-38.51523985,-3.80465644],[-38.51531208,-3.80469561],[-38.51536609,-3.80473982],[-38.51540124,-3.80480232],[-38.5154119,-3.80484082],[-38.51541878,-3.80489763],[-38.5154093,-3.80499797],[-38.51539543,-3.80507622],[-38.5153734,-3.80514816],[-38.51534571,-3.80522893],[-38.51533185,-3.8053015],[-38.51532551,-3.80540374],[-38.51532862,-3.80545234],[-38.51533425,-3.80550409],[-38.51533859,-3.80559939],[-38.51533666,-3.8056827],[-38.51532216,-3.80576411],[-38.51530957,-3.80580891],[-38.51529573,-3.8058373],[-38.51526304,-3.80587263],[-38.51516311,-3.80593695],[-38.51505059,-3.80601704],[-38.51488467,-3.80611603],[-38.51480736,-3.80616206],[-38.51477341,-3.80619486],[-38.51475077,-3.80623397],[-38.51471554,-3.8063078],[-38.5146866,-3.80639046],[-38.51467147,-3.80647628],[-38.51467584,-3.80651983],[-38.5146865,-3.80656591],[-38.51470407,-3.80660631],[-38.5147342,-3.80665303],[-38.51482524,-3.80676984],[-38.51506511,-3.80701549],[-38.51516749,-3.80708434],[-38.51519009,-3.80712663],[-38.5152064,-3.80716956],[-38.51520951,-3.80722573],[-38.51520131,-3.80728442],[-38.51518306,-3.80733364],[-38.51516293,-3.80737844],[-38.51512834,-3.8074327],[-38.51501329,-3.80755633],[-38.51495231,-3.80761373],[-38.51492276,-3.80765789],[-38.51490388,-3.80771279],[-38.51489818,-3.80778284],[-38.51490193,-3.8078226],[-38.51492506,-3.80803215],[-38.51492941,-3.80811735],[-38.51494499,-3.8083553],[-38.51497002,-3.80852887],[-38.5149813,-3.8085781],[-38.51499447,-3.80862166],[-38.51501706,-3.80867784],[-38.51506034,-3.80880409],[-38.51510489,-3.80891583],[-38.51516511,-3.8090869],[-38.51518642,-3.80918347],[-38.51519957,-3.80925669],[-38.51520582,-3.80933053],[-38.51520517,-3.80937029],[-38.51519885,-3.80942394],[-38.51518627,-3.80945864],[-38.51515545,-3.80950911],[-38.5151039,-3.80956399],[-38.51503853,-3.80960435],[-38.51495054,-3.80965794],[-38.51488831,-3.80970146],[-38.51483928,-3.80973993],[-38.51480596,-3.80977588],[-38.51478269,-3.80981374],[-38.51475816,-3.80987557],[-38.5147443,-3.80992984],[-38.51474112,-3.81000368],[-38.51474548,-3.8100649],[-38.51476931,-3.81015075],[-38.51479379,-3.81019999],[-38.51483959,-3.81032119],[-38.51489102,-3.81048658],[-38.51492111,-3.81060083],[-38.51495436,-3.81069804],[-38.51498887,-3.81077316],[-38.51506417,-3.81094929],[-38.51508801,-3.81101494],[-38.51509679,-3.81104398],[-38.51510744,-3.81109384],[-38.51511574,-3.81113862],[-38.51515434,-3.81130414],[-38.51515245,-3.81131739],[-38.5151482,-3.81133206],[-38.515143,-3.81136046],[-38.51513778,-3.81142247],[-38.51513775,-3.81148021],[-38.51514054,-3.81153418],[-38.515149,-3.81157536],[-38.5151777,-3.81166532],[-38.51521298,-3.81177136],[-38.51522757,-3.81180545],[-38.51524781,-3.81184664],[-38.51527935,-3.81189968],[-38.51530524,-3.81195318],[-38.51535654,-3.81207533],[-38.51539701,-3.81217144],[-38.51541535,-3.81223062],[-38.51542804,-3.81229406],[-38.51543319,-3.81235133],[-38.51543927,-3.81243985],[-38.51544913,-3.81249997],[-38.51545759,-3.81253737],[-38.51547077,-3.81257146],[-38.51551173,-3.81263349],[-38.5155527,-3.8126799],[-38.5156144,-3.81274573],[-38.5156629,-3.81280256],[-38.51571,-3.81284945],[-38.51573967,-3.81287503],[-38.5157604,-3.81289019],[-38.5157816,-3.81290203],[-38.51580374,-3.81291009],[-38.51591588,-3.81293098],[-38.51609116,-3.81296516],[-38.51617079,-3.81298035],[-38.51625843,-3.81299839],[-38.51631638,-3.81301499],[-38.5163748,-3.81303963],[-38.51642567,-3.81307469],[-38.51645393,-3.81310737],[-38.51647841,-3.81315377],[-38.51650993,-3.8132442],[-38.51655181,-3.81334551],[-38.51659464,-3.81344021],[-38.51661253,-3.81347903],[-38.51663324,-3.8135136],[-38.51666009,-3.81354485],[-38.51668364,-3.81356475],[-38.51670294,-3.81358653],[-38.51672036,-3.81361494],[-38.51672789,-3.81364145],[-38.51673211,-3.81367128],[-38.51673162,-3.81370252],[-38.51671509,-3.81378298],[-38.51671036,-3.81381137],[-38.51671223,-3.81383552],[-38.5167207,-3.81385351],[-38.51677814,-3.81395673],[-38.51683981,-3.81406043],[-38.51687183,-3.81410636],[-38.51691422,-3.81414662],[-38.51699572,-3.81418074],[-38.51708383,-3.81419499],[-38.51719598,-3.814196],[-38.51727892,-3.8142022],[-38.51734348,-3.8142065],[-38.51740567,-3.81421553],[-38.51749707,-3.81425297],[-38.51754559,-3.81427667],[-38.51761343,-3.81430984],[-38.51771567,-3.81435108],[-38.51779623,-3.81438],[-38.51788057,-3.81440987],[-38.51795076,-3.81444493],[-38.5179795,-3.81446436],[-38.51801765,-3.8144942],[-38.51804921,-3.81451646],[-38.51807276,-3.81453305],[-38.51809113,-3.8145501],[-38.51810478,-3.8145785],[-38.51811653,-3.81463105],[-38.51813298,-3.81471484],[-38.51814566,-3.81478396],[-38.51815366,-3.81481094],[-38.51817296,-3.81484219],[-38.51821347,-3.81488435],[-38.51825584,-3.8149459],[-38.51828456,-3.81499089],[-38.5183147,-3.81503398],[-38.51835378,-3.81507991],[-38.51837544,-3.81510927],[-38.51839522,-3.815141],[-38.51841876,-3.81518456],[-38.51846773,-3.8152466],[-38.51851294,-3.81529538],[-38.51854214,-3.81531906],[-38.51857418,-3.81533896],[-38.51860433,-3.81535886],[-38.5186439,-3.81537829],[-38.51869336,-3.81540198],[-38.51873623,-3.81542472],[-38.51877674,-3.81546025],[-38.51881818,-3.81550808],[-38.51886573,-3.81558668],[-38.51887656,-3.8156042],[-38.51888362,-3.81561935],[-38.51888785,-3.8156416],[-38.51890101,-3.81571119],[-38.5189137,-3.8157609],[-38.51893299,-3.81581582],[-38.51897488,-3.81591146],[-38.51900828,-3.81601324],[-38.51902521,-3.81607053],[-38.5190431,-3.81611077],[-38.51905675,-3.81613303],[-38.51908359,-3.81616144],[-38.51909961,-3.81618039],[-38.51910996,-3.8161998],[-38.51912502,-3.81624383],[-38.51914524,-3.816312],[-38.51915418,-3.81634703],[-38.51916264,-3.81637307],[-38.5191763,-3.8163958],[-38.51920314,-3.81642753],[-38.51924082,-3.8164711],[-38.51927472,-3.81650851],[-38.51929967,-3.81655255],[-38.51933167,-3.81664155],[-38.51938672,-3.81678453],[-38.51941307,-3.81685886],[-38.51942718,-3.81690195],[-38.51944129,-3.81695308],[-38.51944787,-3.81699379],[-38.51945162,-3.81703166],[-38.51945395,-3.8170752],[-38.5194511,-3.81710786],[-38.51944213,-3.8171462],[-38.51943693,-3.81717412],[-38.51942796,-3.81719684],[-38.51941712,-3.8172134],[-38.5194103,-3.81723934],[-38.51940852,-3.81728249],[-38.51942364,-3.81732889],[-38.51948387,-3.81750928],[-38.51952103,-3.81762716],[-38.51955821,-3.81770576],[-38.51958128,-3.81775358],[-38.51959775,-3.81778862],[-38.51960338,-3.81783359],[-38.51961604,-3.81795288],[-38.51962306,-3.81802814],[-38.51962162,-3.81807737],[-38.51961359,-3.81811381],[-38.51960038,-3.81814173],[-38.51954614,-3.81823826],[-38.51950746,-3.81830262],[-38.51947633,-3.81834378],[-38.5194438,-3.81837595],[-38.51938111,-3.81840479],[-38.51933115,-3.81842937],[-38.51929579,-3.81845586],[-38.51926844,-3.81848614],[-38.51925004,-3.81851879],[-38.51923587,-3.81859168],[-38.51923347,-3.818657],[-38.51924522,-3.81871996],[-38.51925887,-3.81875499],[-38.5192711,-3.81878908],[-38.51928896,-3.81886388],[-38.51930307,-3.81892353],[-38.51931906,-3.81897229],[-38.51933459,-3.8190168],[-38.51937461,-3.81908498],[-38.51940615,-3.81913659],[-38.51942733,-3.81918441],[-38.51943248,-3.81924926],[-38.51942018,-3.81933257],[-38.5194027,-3.81941302],[-38.5193791,-3.8194717],[-38.51934515,-3.81952044],[-38.51931214,-3.81955403],[-38.51926831,-3.81957294],[-38.51921458,-3.81958332],[-38.51917122,-3.81958614],[-38.51914578,-3.81958896],[-38.51912739,-3.81959842],[-38.51911513,-3.81961498],[-38.5191005,-3.81965521],[-38.51908964,-3.81969591],[-38.51909009,-3.81972952],[-38.51911456,-3.81980148],[-38.51913855,-3.81986397],[-38.5191503,-3.81992409],[-38.51915309,-3.81998942],[-38.51913892,-3.82005946],[-38.51910919,-3.82013755],[-38.51905541,-3.82022935],[-38.51903133,-3.82032684],[-38.51902377,-3.82036376],[-38.51901999,-3.82037938],[-38.51902185,-3.82040967],[-38.51902513,-3.82044518],[-38.51902082,-3.8205815],[-38.51902268,-3.82061984],[-38.5190829,-3.82080306],[-38.51916478,-3.82100285],[-38.51920103,-3.8210734],[-38.5192867,-3.82123344],[-38.51930176,-3.82126611],[-38.5193173,-3.82129121],[-38.51933708,-3.82131015],[-38.51937052,-3.82133715],[-38.5193856,-3.82135278],[-38.51939454,-3.8213755],[-38.51940206,-3.82139965],[-38.51941101,-3.82142048],[-38.51943596,-3.8214489],[-38.5194581,-3.821465],[-38.51948166,-3.82147638],[-38.51965458,-3.82151434],[-38.51969699,-3.82152714],[-38.5199203,-3.82162762],[-38.51995374,-3.82164657],[-38.51998672,-3.82167262],[-38.52000885,-3.82169157],[-38.52002816,-3.82171099],[-38.52004936,-3.82172567],[-38.52006962,-3.82173657],[-38.52009365,-3.82174463],[-38.52014077,-3.82175507],[-38.52018883,-3.82176125],[-38.52023076,-3.8217679],[-38.52026563,-3.82177786],[-38.52030096,-3.8217954],[-38.52033441,-3.82181435],[-38.5203622,-3.82183472],[-38.52041448,-3.82188445],[-38.52046676,-3.82193134],[-38.52049408,-3.8219607],[-38.52051621,-3.82198675],[-38.52054587,-3.82203883],[-38.52058683,-3.8221179],[-38.52060283,-3.8221572],[-38.52062118,-3.82220975],[-38.52063293,-3.82224763],[-38.52064941,-3.82227887],[-38.52066825,-3.8223035],[-38.52069697,-3.8223499],[-38.52072192,-3.82239914],[-38.52076756,-3.82250899],[-38.52085501,-3.82287919],[-38.52089169,-3.82300985],[-38.52090014,-3.8230695],[-38.5209114,-3.82315376],[-38.52097389,-3.82349082],[-38.52097765,-3.82351023],[-38.52097858,-3.82353958],[-38.5209729,-3.82357176],[-38.52096488,-3.82359637],[-38.52096157,-3.8236224],[-38.52096391,-3.82364938],[-38.52097424,-3.82370572],[-38.52100952,-3.82382123],[-38.52104622,-3.82392681],[-38.52107492,-3.8240125],[-38.52112435,-3.82410199],[-38.52120534,-3.82420617],[-38.52138001,-3.82451205],[-38.52138424,-3.82452105],[-38.5213913,-3.82453383],[-38.52140166,-3.8245523],[-38.52141296,-3.8245684],[-38.52143698,-3.82458971],[-38.52146148,-3.82460629],[-38.52148975,-3.82461767],[-38.52151425,-3.82462478],[-38.52155524,-3.82463143],[-38.52169142,-3.82463861],[-38.52184786,-3.82466094],[-38.52196378,-3.8246771],[-38.52207263,-3.82469467],[-38.52216639,-3.82471603],[-38.52223613,-3.82472695],[-38.52230493,-3.82473267],[-38.52238032,-3.82473697],[-38.52247173,-3.8247517],[-38.52253817,-3.82476499],[-38.52256832,-3.82477495],[-38.52262015,-3.82479486],[-38.52266444,-3.82481145],[-38.52271579,-3.82482757],[-38.52275866,-3.82484889],[-38.5228053,-3.82487827],[-38.52284322,-3.82490764],[-38.5228736,-3.82494055],[-38.52290797,-3.82497962],[-38.52292917,-3.82500543],[-38.52294859,-3.82502828],[-38.52296531,-3.8250432],[-38.52298086,-3.82505267],[-38.52299876,-3.82506262],[-38.52303645,-3.82507543],[-38.52309676,-3.82509676],[-38.52318062,-3.82513799],[-38.52324044,-3.82517542],[-38.52336434,-3.82525311],[-38.5234496,-3.8253005],[-38.52353487,-3.82535024],[-38.52361354,-3.82540851],[-38.52367995,-3.82546251],[-38.52374353,-3.82553212],[-38.52379251,-3.82558659],[-38.52382829,-3.8256453],[-38.52385464,-3.82571111],[-38.52390735,-3.82583894],[-38.52395773,-3.82592891],[-38.52399821,-3.82601082],[-38.52401845,-3.82604917],[-38.52403116,-3.82607095],[-38.52404859,-3.82608895],[-38.52406837,-3.82610647],[-38.52409098,-3.82611784],[-38.52412349,-3.8261278],[-38.52417061,-3.82613872],[-38.52420877,-3.82615578],[-38.5242328,-3.82616715],[-38.5242474,-3.82617426],[-38.52426577,-3.82618989],[-38.52427896,-3.82620504],[-38.52429309,-3.82621973],[-38.52431476,-3.82623347],[-38.52439485,-3.82625907],[-38.52442737,-3.82626524],[-38.52445046,-3.82626762],[-38.52446224,-3.82626621],[-38.52450984,-3.82624872],[-38.52454284,-3.82623691],[-38.52456169,-3.82623171],[-38.52458101,-3.82622935],[-38.52459845,-3.82622936],[-38.52465781,-3.82624312],[-38.52473178,-3.82627535],[-38.52482695,-3.8263199],[-38.52489385,-3.82635307],[-38.52494519,-3.82638765],[-38.52497675,-3.82641512],[-38.52501961,-3.82645586],[-38.52505446,-3.82648664],[-38.52510063,-3.82651554],[-38.52514067,-3.82653781],[-38.52520003,-3.82657713],[-38.52522735,-3.82659324],[-38.52525279,-3.82661077],[-38.52527964,-3.8266354],[-38.52531025,-3.82666808],[-38.52538185,-3.8267216],[-38.5254949,-3.82680498],[-38.52559807,-3.82686231],[-38.52572197,-3.82693527],[-38.52586046,-3.82702481],[-38.52593536,-3.82707408],[-38.52598341,-3.82710203],[-38.52602769,-3.82712809],[-38.5260489,-3.82713662],[-38.52606869,-3.82714137],[-38.52611581,-3.82714802],[-38.52615586,-3.82715704],[-38.52620391,-3.82717268],[-38.52623595,-3.82718974],[-38.52626845,-3.82721059],[-38.52631461,-3.82725132],[-38.52641916,-3.82736829],[-38.5264931,-3.8274649],[-38.52654442,-3.82753403],[-38.52656608,-3.82756245],[-38.52662307,-3.82762401],[-38.52675872,-3.82775473],[-38.52688258,-3.82788024],[-38.52695181,-3.82796074],[-38.52696217,-3.82797211],[-38.52696971,-3.82798679],[-38.52698194,-3.82801993],[-38.52700123,-3.82806727],[-38.52713166,-3.82825952],[-38.52719241,-3.82833861],[-38.52721643,-3.8283585],[-38.52723951,-3.82837413],[-38.52726072,-3.82838219],[-38.52731019,-3.82838601],[-38.52734931,-3.82838271],[-38.52739078,-3.82837422],[-38.52742848,-3.82837045],[-38.52747749,-3.82836953],[-38.52755147,-3.82838235],[-38.52765795,-3.82843069],[-38.52780915,-3.82854959],[-38.52798909,-3.82868364],[-38.52806729,-3.82873386],[-38.52813935,-3.82879875],[-38.52821847,-3.82890103],[-38.52827968,-3.82898864],[-38.52831734,-3.82905729],[-38.52833355,-3.8291056],[-38.52837278,-3.82922238],[-38.52841804,-3.82935735],[-38.52843868,-3.82941854],[-38.52844666,-3.82942433],[-38.52845536,-3.82942898],[-38.5284646,-3.82943238],[-38.52847422,-3.82943447],[-38.52848404,-3.82943522],[-38.52853399,-3.82943446],[-38.52859787,-3.82942932],[-38.52872792,-3.82949337],[-38.52891169,-3.8295304],[-38.52914446,-3.82958591],[-38.52940785,-3.8296599],[-38.52962222,-3.82975232],[-38.52983656,-3.82990013],[-38.5299284,-3.83000479],[-38.53009984,-3.83017719],[-38.53014881,-3.83025106],[-38.53025292,-3.83033111],[-38.53035705,-3.83036194],[-38.53050407,-3.83038048],[-38.53060208,-3.830399],[-38.53071234,-3.83042367],[-38.53081647,-3.83044834],[-38.53090835,-3.83049147],[-38.53098182,-3.83057151],[-38.53107365,-3.83068232],[-38.53111036,-3.8307808],[-38.53112254,-3.83091004],[-38.53109183,-3.83105155],[-38.53108563,-3.83118693],[-38.53110396,-3.8312854],[-38.53113454,-3.83138387],[-38.53119576,-3.83146391],[-38.53122632,-3.831587],[-38.53123238,-3.83171007],[-38.53117716,-3.83186388],[-38.53110965,-3.83208538],[-38.5310299,-3.8322761],[-38.5309195,-3.83250372],[-38.53072331,-3.83278053],[-38.53055029,-3.83294967],[-38.53048425,-3.83301424],[-38.53034942,-3.83311878],[-38.53031683,-3.83320591],[-38.5303126,-3.83321721],[-38.53031452,-3.83325799],[-38.53031866,-3.83334645],[-38.53042613,-3.83367852],[-38.53046183,-3.83377136],[-38.53053779,-3.83393314],[-38.53058725,-3.83402786],[-38.53066461,-3.83417611],[-38.53074733,-3.83430845],[-38.53089259,-3.83449857],[-38.53096524,-3.83458071],[-38.53102913,-3.83467859],[-38.53109196,-3.83508093],[-38.5312206,-3.83526538],[-38.53142961,-3.83546745],[-38.53161025,-3.83562165],[-38.53181276,-3.83592565],[-38.53193565,-3.83603073],[-38.53199958,-3.83608035],[-38.53219141,-3.83620056],[-38.53231829,-3.83631244],[-38.53239516,-3.83646708],[-38.53240608,-3.83661065],[-38.53236199,-3.8368094],[-38.53237287,-3.83701923],[-38.53242775,-3.83719595],[-38.53251799,-3.83734925],[-38.53252661,-3.83736165],[-38.53268044,-3.83752739],[-38.53281226,-3.83772623],[-38.53294409,-3.837903],[-38.53303198,-3.83803556],[-38.53317502,-3.83816231],[-38.53326106,-3.83824528],[-38.53342724,-3.83838749],[-38.5334908,-3.83843728],[-38.53356509,-3.8384622],[-38.53365001,-3.83847998],[-38.53375248,-3.83853332],[-38.53385501,-3.83861869],[-38.53395054,-3.83868976],[-38.53404243,-3.83880352],[-38.53411841,-3.83887639],[-38.53424207,-3.83902925],[-38.53434103,-3.83923177],[-38.53436924,-3.83936323],[-38.53437981,-3.83946981],[-38.53434086,-3.83954795],[-38.5343054,-3.83967232],[-38.53427001,-3.83982682],[-38.53425221,-3.83994043],[-38.53426989,-3.84004348],[-38.53430876,-3.84011814],[-38.53441125,-3.84013593],[-38.53454573,-3.84011112],[-38.53473668,-3.84007929],[-38.53488168,-3.84009357],[-38.53503378,-3.84012921],[-38.53512572,-3.84017187],[-38.53517873,-3.84022871],[-38.53525298,-3.84033179],[-38.53529889,-3.8403709],[-38.53533076,-3.8403958],[-38.53534137,-3.84042783],[-38.53533073,-3.84045623],[-38.53529881,-3.84051655],[-38.53529877,-3.84060186],[-38.53531285,-3.84071911],[-38.53534113,-3.84087011],[-38.53532686,-3.8409518],[-38.53530564,-3.84104415],[-38.53532323,-3.84116846],[-38.53537271,-3.84127153],[-38.53544697,-3.84135688],[-38.53554591,-3.8414351],[-38.53556362,-3.84148839],[-38.53554584,-3.84155234],[-38.53546798,-3.84164819],[-38.53534062,-3.84181331],[-38.53520965,-3.84201218],[-38.53516708,-3.84212234],[-38.53514587,-3.84220049],[-38.53515647,-3.84226084],[-38.53522358,-3.84239585],[-38.53528009,-3.84250254],[-38.53529069,-3.84255583],[-38.53525878,-3.8425949],[-38.53523047,-3.84264817],[-38.53524458,-3.84270499],[-38.53529058,-3.8427583],[-38.53535063,-3.84279026],[-38.53540729,-3.84279029],[-38.53549214,-3.84276908],[-38.53554167,-3.84278331],[-38.53560342,-3.84283437],[-38.53569355,-3.84288318],[-38.53573606,-3.84289985],[-38.53579279,-3.84290702],[-38.53582115,-3.84293789],[-38.535847,-3.84308744],[-38.53585216,-3.84315253],[-38.53826456,-3.84044425],[-38.53833316,-3.84047732],[-38.53839039,-3.84051528],[-38.53846188,-3.84057631],[-38.53902172,-3.84136327],[-38.53933945,-3.84179515],[-38.53949366,-3.84201164],[-38.53974549,-3.84368544],[-38.54039053,-3.84757126],[-38.54084232,-3.85035919],[-38.54135871,-3.85336727],[-38.54284409,-3.85282046],[-38.54464096,-3.85215924],[-38.54531211,-3.85178861],[-38.5506731,-3.84962105],[-38.55088345,-3.8493667],[-38.55344445,-3.84839565],[-38.55694499,-3.84699933],[-38.55727016,-3.84684538],[-38.55729219,-3.84692689],[-38.55943411,-3.84612525],[-38.55952408,-3.84610866],[-38.5608511,-3.84563498],[-38.56311704,-3.84482302],[-38.56557068,-3.84386813],[-38.56548804,-3.84363337],[-38.56547289,-3.84356801],[-38.56564043,-3.84358949],[-38.56581222,-3.84360954],[-38.56601951,-3.84362961],[-38.56628218,-3.84363545],[-38.56635886,-3.84362408],[-38.56660024,-3.84360424],[-38.56673088,-3.84358291],[-38.56698364,-3.8435317],[-38.56739829,-3.84344919],[-38.56765461,-3.84338141],[-38.56793276,-3.84331126],[-38.56826385,-3.84322707],[-38.56858886,-3.84314411],[-38.56886396,-3.84307426],[-38.56895495,-3.84305077],[-38.56907333,-3.84302057],[-38.56954197,-3.84290009],[-38.56997714,-3.84278845],[-38.57053708,-3.8426457],[-38.57106233,-3.84251087],[-38.57121996,-3.84247244],[-38.57143785,-3.84241571],[-38.57224642,-3.84220798],[-38.57316606,-3.84197433],[-38.5738672,-3.84179558],[-38.57464198,-3.84159792],[-38.57509176,-3.84148384],[-38.57538786,-3.84140666],[-38.57572564,-3.84131973],[-38.57628741,-3.84117331],[-38.57705672,-3.8409732],[-38.57778433,-3.84078376],[-38.57824537,-3.8406651],[-38.57939659,-3.84036799],[-38.58006395,-3.84019625],[-38.58103258,-3.83994397],[-38.58147688,-3.8398256],[-38.58169355,-3.83976795],[-38.58226627,-3.83961358],[-38.58286395,-3.8394525],[-38.5829382,-3.83943664],[-38.58334879,-3.83939354],[-38.5833755,-3.83932072],[-38.58336931,-3.839233],[-38.58336667,-3.83919568],[-38.5833767,-3.83913718],[-38.58340843,-3.83904966],[-38.58346382,-3.83898419],[-38.58346442,-3.83895975],[-38.58344182,-3.8386726],[-38.58295861,-3.83717226],[-38.58251545,-3.83584942],[-38.58210058,-3.8345824],[-38.58160016,-3.83306371],[-38.58132191,-3.8321678],[-38.58093192,-3.83096594],[-38.58033249,-3.82911865],[-38.58010648,-3.82842215],[-38.57963619,-3.82697282],[-38.57953502,-3.82672231],[-38.57950463,-3.82666116],[-38.57947882,-3.82661637],[-38.57944169,-3.82656731],[-38.57935096,-3.82646622],[-38.5792966,-3.82643254],[-38.57924486,-3.82639647],[-38.57921075,-3.82636604],[-38.57917956,-3.82633183],[-38.57914763,-3.82628853],[-38.5791319,-3.82626542],[-38.57911922,-3.82623591],[-38.57910433,-3.82619895],[-38.5790921,-3.82615323],[-38.57908775,-3.82610583],[-38.5790883,-3.82605589],[-38.57909966,-3.82597345],[-38.57911314,-3.82591837],[-38.57913014,-3.82587004],[-38.57914856,-3.82582314],[-38.57915457,-3.825791],[-38.57915942,-3.82569858],[-38.57915734,-3.82559836],[-38.57914959,-3.82552443],[-38.57913507,-3.82543532],[-38.57894192,-3.82484903],[-38.57851634,-3.8235414],[-38.57822093,-3.82261049],[-38.57744614,-3.82286147],[-38.57725373,-3.82292399],[-38.57692159,-3.82304149],[-38.57612833,-3.82329478],[-38.57568656,-3.82342626],[-38.57532325,-3.82354051],[-38.57451358,-3.82379994],[-38.5740538,-3.8239656],[-38.57413798,-3.82428875],[-38.57338847,-3.82525651],[-38.57295574,-3.82558069],[-38.57285146,-3.82564217],[-38.5724494,-3.82588054],[-38.57203014,-3.82612214],[-38.57187749,-3.82621274],[-38.57183018,-3.82624942],[-38.57142378,-3.82656767],[-38.57118726,-3.82674567],[-38.57088298,-3.82700784],[-38.57061527,-3.82723441],[-38.57065017,-3.82727922],[-38.57058566,-3.82733586],[-38.57048029,-3.82743297],[-38.5703889,-3.82751874],[-38.57018461,-3.82770593],[-38.5700529,-3.82782677],[-38.56988086,-3.82798699],[-38.5697814,-3.8280868],[-38.56973033,-3.82813589],[-38.56967925,-3.82819308],[-38.56963947,-3.82823786],[-38.56958409,-3.82828695],[-38.56952657,-3.82833388],[-38.56925617,-3.82855504],[-38.56892717,-3.82882691],[-38.56862345,-3.82906479],[-38.56810576,-3.82949094],[-38.56748541,-3.82996938],[-38.56667315,-3.83058537],[-38.56661832,-3.83062205],[-38.56656887,-3.83064199],[-38.56652641,-3.83065871],[-38.56649148,-3.8306684],[-38.56646354,-3.83067325],[-38.56643237,-3.83067647],[-38.56640281,-3.83067538],[-38.56635714,-3.83067103],[-38.56631201,-3.83065968],[-38.56627171,-3.83065426],[-38.56619648,-3.83065908],[-38.56613145,-3.83067146],[-38.56607932,-3.83068547],[-38.56602557,-3.83070109],[-38.56588745,-3.83075608],[-38.56580683,-3.83078086],[-38.56574341,-3.83079648],[-38.5656671,-3.83081102],[-38.56550481,-3.830839],[-38.56540592,-3.83086972],[-38.56534787,-3.83088858],[-38.56530057,-3.83091069],[-38.56525059,-3.83093819],[-38.56519146,-3.83096839],[-38.56513986,-3.83099373],[-38.56506085,-3.83102769],[-38.56494153,-3.83107405],[-38.56464163,-3.83118941],[-38.56385587,-3.83147399],[-38.56310666,-3.83174241],[-38.56228435,-3.83203345],[-38.56146754,-3.83233332],[-38.56146143,-3.83231605],[-38.56101235,-3.83105504],[-38.56077765,-3.83039282],[-38.56075035,-3.83032064],[-38.56069402,-3.83011491],[-38.56061154,-3.82984489],[-38.56042565,-3.82931097],[-38.56010903,-3.82842052],[-38.55984675,-3.827668],[-38.55970094,-3.82724747],[-38.55956958,-3.82688425],[-38.55952488,-3.82675383],[-38.55929256,-3.82682684],[-38.55918692,-3.82686285],[-38.55896151,-3.82597781],[-38.55888272,-3.82559956],[-38.55885585,-3.82518933],[-38.55887208,-3.82452374],[-38.55877997,-3.82362821],[-38.55873776,-3.8231569],[-38.55869383,-3.82291553],[-38.55811484,-3.82106806],[-38.55807284,-3.82081465],[-38.55800593,-3.82051786],[-38.5578565,-3.82003135],[-38.55720007,-3.81789421],[-38.55611525,-3.81436234],[-38.55581396,-3.81338673],[-38.55525646,-3.81158773],[-38.55461498,-3.80947277],[-38.55468337,-3.80944942],[-38.5548795,-3.80933101],[-38.55492273,-3.80930453],[-38.55506819,-3.80916308],[-38.55546301,-3.80877085],[-38.55561969,-3.80862038],[-38.55581064,-3.80844174],[-38.55598418,-3.80826704],[-38.55626835,-3.80799034],[-38.55650423,-3.80775872],[-38.55689455,-3.80737888],[-38.55704899,-3.80723687],[-38.55728992,-3.80700244],[-38.55751793,-3.80677927],[-38.55770327,-3.80658427],[-38.5578746,-3.80633514],[-38.55800812,-3.80613059],[-38.558996,-3.80448636],[-38.55974706,-3.80327778],[-38.55985492,-3.80311658],[-38.55994706,-3.80295311],[-38.56001675,-3.80278963],[-38.5600662,-3.80268252],[-38.56009318,-3.80260472],[-38.56012691,-3.80250776],[-38.56022082,-3.80217739],[-38.56025451,-3.80207528],[-38.56030345,-3.80195246],[-38.56033437,-3.80185606],[-38.5603799,-3.80173429],[-38.56042487,-3.80160068],[-38.56047489,-3.80148399],[-38.56052826,-3.80139098],[-38.56057882,-3.80131319],[-38.56069004,-3.80117454],[-38.56113945,-3.80060299],[-38.56122276,-3.80049704],[-38.5614404,-3.80021781],[-38.56177582,-3.79978747],[-38.56180777,-3.79967478],[-38.56187133,-3.79945054],[-38.56195906,-3.79915535],[-38.56198295,-3.799075],[-38.56207256,-3.79876013],[-38.56221322,-3.79826594],[-38.56231954,-3.79787954],[-38.56235196,-3.79776785],[-38.56239789,-3.79762744],[-38.56245766,-3.79747064],[-38.56254857,-3.79722991],[-38.5626096,-3.79706679],[-38.56270443,-3.79684626],[-38.56283352,-3.79658858],[-38.56300615,-3.79625016],[-38.56310143,-3.79606686],[-38.56311747,-3.79603626],[-38.56313005,-3.79601575],[-38.56314451,-3.7959962],[-38.56319638,-3.79592617],[-38.56349523,-3.79556179],[-38.56347257,-3.79550124],[-38.56335194,-3.79519319],[-38.5630225,-3.7943655],[-38.56283319,-3.79389374],[-38.56256797,-3.79322272],[-38.56255463,-3.79310069],[-38.56207358,-3.79180453],[-38.5617155,-3.79088037],[-38.56122599,-3.78958015],[-38.560629,-3.78799444],[-38.56065914,-3.78799722],[-38.56069345,-3.78799036],[-38.56074371,-3.78798804],[-38.56079171,-3.78799267],[-38.5608534,-3.78799044],[-38.56090375,-3.78798359],[-38.56096545,-3.78796752],[-38.56101805,-3.78794683],[-38.5610638,-3.78794686],[-38.56112324,-3.78795838],[-38.56117573,-3.78797224],[-38.56121923,-3.78798602],[-38.56124661,-3.78798603],[-38.56126724,-3.7879608],[-38.56128553,-3.78794009],[-38.56132672,-3.7878919],[-38.56136788,-3.78787817],[-38.56143759,-3.78786554],[-38.56151758,-3.78784269],[-38.56167538,-3.78780595],[-38.56179653,-3.78777163],[-38.56191884,-3.78775098],[-38.56223436,-3.78768917],[-38.56236234,-3.78767774],[-38.56260814,-3.78762965],[-38.5627019,-3.78759984],[-38.56281847,-3.78754246],[-38.56295107,-3.78748743],[-38.56305854,-3.7874209],[-38.56312719,-3.78737959],[-38.5631798,-3.78735212],[-38.56326437,-3.78734755],[-38.56334209,-3.7873361],[-38.56342784,-3.78732691],[-38.56350323,-3.78729945],[-38.56358096,-3.78727651],[-38.56364501,-3.78725818],[-38.56371589,-3.78723523],[-38.56379363,-3.78721003],[-38.56388055,-3.78718022],[-38.56393541,-3.78715501],[-38.56401315,-3.78712746],[-38.56411034,-3.78709765],[-38.56413321,-3.78710915],[-38.56415833,-3.78711604],[-38.56418347,-3.78709769],[-38.56421095,-3.78707246],[-38.56424978,-3.78704724],[-38.56428869,-3.7870289],[-38.56432067,-3.78701969],[-38.56434353,-3.78703806],[-38.56438694,-3.78703582],[-38.5644235,-3.78704272],[-38.56447609,-3.78705188],[-38.56452635,-3.7870519],[-38.56457894,-3.78705654],[-38.56462928,-3.78705657],[-38.56467729,-3.78705659],[-38.56472529,-3.787052],[-38.5647687,-3.78704515],[-38.56481553,-3.78704753],[-38.56485219,-3.78704293],[-38.56489786,-3.7870292],[-38.56494361,-3.78702226],[-38.56499847,-3.78700854],[-38.56503736,-3.7870338],[-38.56506013,-3.78705905],[-38.56509669,-3.78707291],[-38.565131,-3.78707293],[-38.56516991,-3.78706146],[-38.56520423,-3.78704998],[-38.56524765,-3.78703852],[-38.56528196,-3.78703392],[-38.56531392,-3.7870523],[-38.56535048,-3.7870753],[-38.56538938,-3.78709142],[-38.56545564,-3.78712357],[-38.56548535,-3.78714656],[-38.56551505,-3.78718792],[-38.56552188,-3.78722465],[-38.56552186,-3.787266],[-38.56553436,-3.78730273],[-38.5655755,-3.78733261],[-38.56561898,-3.78736936],[-38.56565093,-3.7874061],[-38.56567604,-3.7874452],[-38.56569205,-3.7874842],[-38.56570573,-3.78751641],[-38.56573769,-3.78753705],[-38.56576515,-3.78754168],[-38.56582459,-3.78754171],[-38.56587034,-3.78754173],[-38.56592979,-3.78753489],[-38.56598923,-3.78752343],[-38.56605777,-3.78751197],[-38.56611947,-3.78750278],[-38.56616747,-3.78749828],[-38.56622691,-3.78750057],[-38.56629329,-3.78749147],[-38.56637445,-3.78746391],[-38.56641786,-3.78745706],[-38.56648639,-3.78746397],[-38.56656186,-3.78747088],[-38.56663958,-3.78747092],[-38.56671268,-3.78753293],[-38.5667383,-3.78755445],[-38.56678812,-3.78759159],[-38.56680216,-3.78759358],[-38.56685669,-3.78760183],[-38.56691843,-3.78761002],[-38.56697138,-3.78762492],[-38.56706311,-3.78765954],[-38.56711225,-3.787704],[-38.56715899,-3.78777313],[-38.56723883,-3.7878683],[-38.56729566,-3.7879334],[-38.56731732,-3.7879537],[-38.56734012,-3.78797269],[-38.56736399,-3.78799031],[-38.56738885,-3.7880065],[-38.56741461,-3.78802119],[-38.56744118,-3.78803435],[-38.56745568,-3.78803995],[-38.56747075,-3.7880437],[-38.56748616,-3.78804557],[-38.56750169,-3.7880455],[-38.56759385,-3.78803839],[-38.56762099,-3.78803524],[-38.56764792,-3.78803059],[-38.56767455,-3.78802447],[-38.56768852,-3.78802133],[-38.56770266,-3.78801911],[-38.56771692,-3.78801782],[-38.56773123,-3.78801747],[-38.56774553,-3.78801804],[-38.56775976,-3.78801955],[-38.56777387,-3.78802199],[-38.56779764,-3.78802775],[-38.56782098,-3.7880351],[-38.56784376,-3.78804401],[-38.5678659,-3.78805445],[-38.56788325,-3.7880626],[-38.56790111,-3.78806954],[-38.56791941,-3.78807522],[-38.56793805,-3.78807963],[-38.56806745,-3.78810554],[-38.56809643,-3.78811045],[-38.56812565,-3.78811363],[-38.568155,-3.78811505],[-38.56824506,-3.78811372],[-38.56833483,-3.78810639],[-38.56837108,-3.78810327],[-38.56840745,-3.78810225],[-38.56844382,-3.78810334],[-38.56848006,-3.78810652],[-38.5685377,-3.78811468],[-38.56859489,-3.78812557],[-38.5687417,-3.78815189],[-38.5687575,-3.7881546],[-38.56877312,-3.78815816],[-38.56878854,-3.78816256],[-38.56880369,-3.78816778],[-38.56894231,-3.78821993],[-38.5692209,-3.78832128],[-38.56935882,-3.78837215],[-38.56942292,-3.78839625],[-38.56953122,-3.78843978],[-38.56967057,-3.78850102],[-38.56969957,-3.788514],[-38.56975197,-3.78853437],[-38.56988354,-3.78858389],[-38.57004237,-3.78865429],[-38.57006582,-3.78866538],[-38.57009776,-3.78867927],[-38.57013018,-3.788692],[-38.5702453,-3.78873847],[-38.57026214,-3.78874746],[-38.57027839,-3.78875748],[-38.570294,-3.78876848],[-38.57037671,-3.78883091],[-38.57040347,-3.78885057],[-38.57045389,-3.78888443],[-38.5704633,-3.78889067],[-38.57047243,-3.78889733],[-38.57048197,-3.78890514],[-38.57049096,-3.78891358],[-38.57049937,-3.78892261],[-38.57050714,-3.78893219],[-38.57052974,-3.78896035],[-38.57055392,-3.78898716],[-38.57056966,-3.78900306],[-38.57060346,-3.78903726],[-38.57063595,-3.78907273],[-38.57064897,-3.78908855],[-38.57066088,-3.78910524],[-38.57068525,-3.78914167],[-38.57073916,-3.78922004],[-38.57077852,-3.78927389],[-38.57082,-3.78932611],[-38.57083804,-3.78934755],[-38.57093382,-3.78946157],[-38.57096011,-3.78949364],[-38.57100449,-3.7895486],[-38.57101973,-3.78956881],[-38.5710338,-3.78958986],[-38.57104665,-3.78961167],[-38.57105598,-3.78962978],[-38.5710838,-3.7896849],[-38.57111357,-3.78973853],[-38.57114626,-3.78979229],[-38.57118094,-3.78984478],[-38.57120261,-3.78987758],[-38.57122835,-3.78992039],[-38.57127364,-3.78999433],[-38.57132359,-3.79006517],[-38.57133366,-3.79007835],[-38.57135389,-3.79010628],[-38.5713723,-3.79013545],[-38.57144393,-3.79024891],[-38.57145347,-3.79026287],[-38.57149909,-3.79032501],[-38.57154726,-3.79038713],[-38.57158161,-3.7904279],[-38.57160759,-3.79045763],[-38.57162473,-3.79047586],[-38.5716429,-3.79049307],[-38.57166202,-3.79050919],[-38.57169757,-3.79053605],[-38.5717344,-3.79056111],[-38.57176043,-3.79057708],[-38.57178734,-3.79059148],[-38.57181505,-3.79060427],[-38.57184346,-3.7906154],[-38.57187247,-3.79062484],[-38.57191385,-3.79063809],[-38.57195528,-3.79065368],[-38.57199586,-3.79067137],[-38.57204056,-3.79069395],[-38.57208081,-3.79072535],[-38.57226561,-3.79078113],[-38.57245692,-3.79083886],[-38.57264609,-3.79089595],[-38.57283212,-3.7909521],[-38.57302355,-3.79100987],[-38.57321874,-3.79106729],[-38.57442231,-3.79145897],[-38.57468472,-3.791456],[-38.57465735,-3.79082838],[-38.57813576,-3.79071384],[-38.57810128,-3.7900654],[-38.57843846,-3.79042192],[-38.5793664,-3.79142433],[-38.57983542,-3.79193315],[-38.58032127,-3.79246228],[-38.58160154,-3.79384321],[-38.58301213,-3.79535822],[-38.58314896,-3.79523048],[-38.58351757,-3.79487494],[-38.58362418,-3.79476849],[-38.58370056,-3.79469823],[-38.58417948,-3.79424103],[-38.58475756,-3.79486329],[-38.58565036,-3.79584728],[-38.58636983,-3.79662691],[-38.58670084,-3.79579054],[-38.58707867,-3.79486881],[-38.58743267,-3.79396057],[-38.58777319,-3.7931112],[-38.58810703,-3.79225455],[-38.5886185,-3.79100259],[-38.5880194,-3.79037518],[-38.58693365,-3.78926122],[-38.58568775,-3.78798128],[-38.58545235,-3.78778043],[-38.58515988,-3.78753189],[-38.58482583,-3.78732278],[-38.5846443,-3.78691322],[-38.5844665,-3.78655971],[-38.5842704,-3.78629015],[-38.58398714,-3.78586105],[-38.58370736,-3.78545038],[-38.58344885,-3.78509382],[-38.58325022,-3.78486608],[-38.58286794,-3.78442191],[-38.5826719,-3.78419763],[-38.58258289,-3.78409428],[-38.58246262,-3.78395417],[-38.5823347,-3.78380928],[-38.58201862,-3.78344061],[-38.58182576,-3.78322058],[-38.581688,-3.78306209],[-38.58163688,-3.78300322],[-38.58138971,-3.78272034],[-38.58131792,-3.78263856],[-38.58120109,-3.78250777],[-38.58093511,-3.78220065],[-38.5807502,-3.78199048],[-38.58047707,-3.78167909],[-38.5802821,-3.78145454],[-38.58020183,-3.78136451],[-38.58012792,-3.78127767],[-38.57982897,-3.7809226],[-38.57942204,-3.78045814],[-38.57926526,-3.78027488],[-38.57904711,-3.78002916],[-38.57865923,-3.77959886],[-38.57850536,-3.77941372],[-38.57808694,-3.7789422],[-38.5780298,-3.77887726],[-38.57791016,-3.77874398],[-38.57773024,-3.77853451],[-38.57770839,-3.77850727],[-38.57768177,-3.77847784],[-38.57751295,-3.7782828],[-38.5774097,-3.77816578],[-38.57731089,-3.77805071],[-38.57719618,-3.77792125],[-38.57708545,-3.77779419],[-38.57702955,-3.777731],[-38.57684153,-3.77751417],[-38.57673715,-3.77739457],[-38.57663808,-3.77728242],[-38.57643621,-3.77705148],[-38.57627912,-3.77687155],[-38.5762028,-3.77678002],[-38.57596161,-3.77651287],[-38.57576267,-3.77628771],[-38.57514085,-3.77559568],[-38.57486948,-3.77529419],[-38.57463353,-3.77503658],[-38.57321492,-3.77347949],[-38.57284404,-3.77309304],[-38.57215815,-3.77236494],[-38.57173085,-3.77192313],[-38.57128411,-3.77147058],[-38.57085757,-3.77102699],[-38.57060723,-3.77059667],[-38.57045379,-3.77025513],[-38.57041428,-3.77017833],[-38.57038052,-3.77009139],[-38.56981719,-3.76787933],[-38.56968834,-3.76761437],[-38.56936177,-3.7671967],[-38.56906668,-3.76690286],[-38.56828443,-3.76636115],[-38.56802945,-3.76610188],[-38.5675024,-3.76537601],[-38.56670831,-3.76413909],[-38.56538659,-3.7648426],[-38.56508541,-3.7650005],[-38.56474354,-3.7651502],[-38.56380477,-3.76556119],[-38.55981364,-3.76723638],[-38.55971441,-3.76699364],[-38.5595805,-3.76666729],[-38.55938221,-3.76618623],[-38.55920726,-3.76576048],[-38.55898816,-3.76522327],[-38.55877571,-3.76470617],[-38.55868074,-3.76447234],[-38.55857993,-3.76422678],[-38.5584508,-3.76391585],[-38.55832084,-3.76359403],[-38.55824732,-3.7634108],[-38.55809319,-3.7630412],[-38.55790324,-3.76258276],[-38.55773246,-3.76217126],[-38.5576833,-3.76206231],[-38.55761747,-3.76192234],[-38.55753164,-3.76175053],[-38.55745081,-3.76159715],[-38.55737331,-3.76145969],[-38.5572933,-3.7613281],[-38.55722245,-3.76121411],[-38.55715161,-3.76111017],[-38.55706575,-3.76098444],[-38.55699907,-3.76089056],[-38.55692655,-3.76080087],[-38.55683819,-3.76069022],[-38.55671898,-3.76055106],[-38.5565812,-3.76038696],[-38.55642508,-3.76020857],[-38.55622706,-3.75998744],[-38.55597543,-3.75971157],[-38.55587112,-3.75959529],[-38.55579662,-3.75951018],[-38.55557787,-3.75926864],[-38.55548668,-3.75916555],[-38.55537642,-3.75903969],[-38.55522502,-3.75886828],[-38.55510939,-3.75873942],[-38.55499138,-3.75860936],[-38.55491688,-3.75852485],[-38.55484714,-3.75844453],[-38.5547631,-3.75835283],[-38.55466297,-3.75824135],[-38.55452409,-3.75808013],[-38.55428866,-3.75781821],[-38.55416767,-3.75768335],[-38.5539984,-3.75749216],[-38.5538768,-3.7573585],[-38.55367594,-3.75712895],[-38.55359369,-3.75703336],[-38.55351561,-3.75694705],[-38.55377649,-3.75671834],[-38.55414999,-3.75637705],[-38.55475021,-3.755831],[-38.55518815,-3.75542984],[-38.55538035,-3.75525633],[-38.55528177,-3.75515593],[-38.55540884,-3.75502455],[-38.55194862,-3.75159352],[-38.551223,-3.7508467],[-38.5511765,-3.75079884],[-38.55049588,-3.75011775],[-38.54980713,-3.74943709],[-38.54892271,-3.74856608],[-38.54832368,-3.74797166],[-38.54766659,-3.74732682],[-38.54654771,-3.74620698],[-38.54541299,-3.74508316],[-38.5451557,-3.74482973],[-38.54493538,-3.74456041],[-38.54479476,-3.74439352],[-38.54466097,-3.74421812],[-38.54422561,-3.74368479],[-38.54384365,-3.74327128],[-38.54361868,-3.7430718],[-38.54332834,-3.7428966],[-38.54325452,-3.74269631],[-38.54315043,-3.74231301],[-38.54308727,-3.74191115],[-38.54307281,-3.74179445],[-38.54307829,-3.74141252],[-38.5431287,-3.7409484],[-38.54321346,-3.74041004],[-38.54332204,-3.7397762],[-38.54340147,-3.73933862],[-38.54351269,-3.73870744],[-38.54364242,-3.73800731],[-38.54361388,-3.73799913],[-38.54265038,-3.73761248],[-38.54163936,-3.73721087],[-38.54162948,-3.73721054],[-38.54161959,-3.73721037],[-38.5416097,-3.73721037],[-38.54159981,-3.73721055],[-38.54158993,-3.73721089],[-38.54158005,-3.7372114],[-38.54157019,-3.73721208],[-38.54156033,-3.73721293],[-38.54155049,-3.73721394],[-38.54154068,-3.73721513],[-38.54153088,-3.73721648],[-38.5415211,-3.737218],[-38.54151136,-3.73721969],[-38.54150164,-3.73722154],[-38.54149196,-3.73722356],[-38.53880142,-3.73774768],[-38.53860368,-3.73778664],[-38.53859338,-3.73778846],[-38.53858319,-3.73779082],[-38.53857314,-3.73779371],[-38.53856325,-3.73779711],[-38.53855355,-3.73780103],[-38.53854406,-3.73780545],[-38.53853481,-3.73781035],[-38.53852583,-3.73781574],[-38.53851715,-3.73782158],[-38.53850877,-3.73782787],[-38.53850073,-3.73783458],[-38.53817223,-3.73813337],[-38.5377935,-3.73774868],[-38.53776974,-3.73772385],[-38.53774641,-3.73769861],[-38.5377235,-3.73767298],[-38.53770102,-3.73764696],[-38.53767899,-3.73762056],[-38.53765741,-3.7375938],[-38.53763628,-3.73756667],[-38.5376156,-3.73753918],[-38.5375954,-3.73751135],[-38.53757567,-3.73748318],[-38.53755641,-3.73745468],[-38.53753764,-3.73742585],[-38.53751935,-3.73739671],[-38.53750156,-3.73736726],[-38.53748427,-3.73733751],[-38.53746748,-3.73730748],[-38.5374512,-3.73727716],[-38.53743543,-3.73724657],[-38.53714926,-3.73628891],[-38.53678509,-3.73506162],[-38.53668437,-3.73472201],[-38.53663529,-3.73455151],[-38.53650876,-3.73412669],[-38.53630974,-3.73345552],[-38.53621816,-3.73314758],[-38.53618484,-3.73304475],[-38.53605217,-3.73308554],[-38.53591701,-3.73312557],[-38.53485535,-3.73346457],[-38.53400855,-3.73373218],[-38.532779,-3.7341314],[-38.53236075,-3.73426069],[-38.5318948,-3.73440186],[-38.53115642,-3.73462557],[-38.53062559,-3.73478898],[-38.52864889,-3.73541772],[-38.52766578,-3.73572487],[-38.52659136,-3.7360668],[-38.52579053,-3.73632079],[-38.52528686,-3.73647928],[-38.52424812,-3.73680315],[-38.52392831,-3.73690353]]]},"geometry_name":"The_geom","properties":{"id":4,"nome":"Distrito 4","area_ha":5961,"fonte":"SME - Secretaria Municipal de Educação de Fortaleza","ano_ref":2023,"data_atual":"08/Ago/2023","epsg_codif":"EPSG: 31984 (SIRGAS 2000 - UTM 24S); Codificação: UTF-8"}},{"type":"Feature","id":"vw_DistritosEducacao_2023.fid-3da4354c_18dace4b5a0_-54b8","geometry":{"type":"Polygon","coordinates":[[[-38.53618484,-3.73304475],[-38.53621816,-3.73314758],[-38.53630974,-3.73345552],[-38.53650876,-3.73412669],[-38.53663529,-3.73455151],[-38.53668437,-3.73472201],[-38.53678509,-3.73506162],[-38.53714926,-3.73628891],[-38.53743543,-3.73724657],[-38.5374512,-3.73727716],[-38.53746748,-3.73730748],[-38.53748427,-3.73733751],[-38.53750156,-3.73736726],[-38.53751935,-3.73739671],[-38.53753764,-3.73742585],[-38.53755641,-3.73745468],[-38.53757567,-3.73748318],[-38.5375954,-3.73751135],[-38.5376156,-3.73753918],[-38.53763628,-3.73756667],[-38.53765741,-3.7375938],[-38.53767899,-3.73762056],[-38.53770102,-3.73764696],[-38.5377235,-3.73767298],[-38.53774641,-3.73769861],[-38.53776974,-3.73772385],[-38.5377935,-3.73774868],[-38.53817223,-3.73813337],[-38.53850073,-3.73783458],[-38.53850877,-3.73782787],[-38.53851715,-3.73782158],[-38.53852583,-3.73781574],[-38.53853481,-3.73781035],[-38.53854406,-3.73780545],[-38.53855355,-3.73780103],[-38.53856325,-3.73779711],[-38.53857314,-3.73779371],[-38.53858319,-3.73779082],[-38.53859338,-3.73778846],[-38.53860368,-3.73778664],[-38.53880142,-3.73774768],[-38.54149196,-3.73722356],[-38.54150164,-3.73722154],[-38.54151136,-3.73721969],[-38.5415211,-3.737218],[-38.54153088,-3.73721648],[-38.54154068,-3.73721513],[-38.54155049,-3.73721394],[-38.54156033,-3.73721293],[-38.54157019,-3.73721208],[-38.54158005,-3.7372114],[-38.54158993,-3.73721089],[-38.54159981,-3.73721055],[-38.5416097,-3.73721037],[-38.54161959,-3.73721037],[-38.54162948,-3.73721054],[-38.54163936,-3.73721087],[-38.54265038,-3.73761248],[-38.54361388,-3.73799913],[-38.54364242,-3.73800731],[-38.54351269,-3.73870744],[-38.54340147,-3.73933862],[-38.54332204,-3.7397762],[-38.54321346,-3.74041004],[-38.5431287,-3.7409484],[-38.54307829,-3.74141252],[-38.54307281,-3.74179445],[-38.54308727,-3.74191115],[-38.54315043,-3.74231301],[-38.54325452,-3.74269631],[-38.54332834,-3.7428966],[-38.54361868,-3.7430718],[-38.54384365,-3.74327128],[-38.54422561,-3.74368479],[-38.54466097,-3.74421812],[-38.54479476,-3.74439352],[-38.54493538,-3.74456041],[-38.5451557,-3.74482973],[-38.54541299,-3.74508316],[-38.54654771,-3.74620698],[-38.54766659,-3.74732682],[-38.54832368,-3.74797166],[-38.54892271,-3.74856608],[-38.54980713,-3.74943709],[-38.55049588,-3.75011775],[-38.5511765,-3.75079884],[-38.551223,-3.7508467],[-38.55194862,-3.75159352],[-38.55540884,-3.75502455],[-38.55528177,-3.75515593],[-38.55538035,-3.75525633],[-38.55518815,-3.75542984],[-38.55475021,-3.755831],[-38.55414999,-3.75637705],[-38.55377649,-3.75671834],[-38.55351561,-3.75694705],[-38.55359369,-3.75703336],[-38.55367594,-3.75712895],[-38.5538768,-3.7573585],[-38.5539984,-3.75749216],[-38.55416767,-3.75768335],[-38.55428866,-3.75781821],[-38.55452409,-3.75808013],[-38.55466297,-3.75824135],[-38.5547631,-3.75835283],[-38.55484714,-3.75844453],[-38.55491688,-3.75852485],[-38.55499138,-3.75860936],[-38.55510939,-3.75873942],[-38.55522502,-3.75886828],[-38.55537642,-3.75903969],[-38.55548668,-3.75916555],[-38.55557787,-3.75926864],[-38.55579662,-3.75951018],[-38.55587112,-3.75959529],[-38.55597543,-3.75971157],[-38.55622706,-3.75998744],[-38.55642508,-3.76020857],[-38.5565812,-3.76038696],[-38.55671898,-3.76055106],[-38.55683819,-3.76069022],[-38.55692655,-3.76080087],[-38.55699907,-3.76089056],[-38.55706575,-3.76098444],[-38.55715161,-3.76111017],[-38.55722245,-3.76121411],[-38.5572933,-3.7613281],[-38.55737331,-3.76145969],[-38.55745081,-3.76159715],[-38.55753164,-3.76175053],[-38.55761747,-3.76192234],[-38.5576833,-3.76206231],[-38.55773246,-3.76217126],[-38.55790324,-3.76258276],[-38.55809319,-3.7630412],[-38.55824732,-3.7634108],[-38.55832084,-3.76359403],[-38.5584508,-3.76391585],[-38.55857993,-3.76422678],[-38.55868074,-3.76447234],[-38.55877571,-3.76470617],[-38.55898816,-3.76522327],[-38.55920726,-3.76576048],[-38.55938221,-3.76618623],[-38.5595805,-3.76666729],[-38.55971441,-3.76699364],[-38.55981364,-3.76723638],[-38.56380477,-3.76556119],[-38.56474354,-3.7651502],[-38.56508541,-3.7650005],[-38.56538659,-3.7648426],[-38.56670831,-3.76413909],[-38.5675024,-3.76537601],[-38.56802945,-3.76610188],[-38.56828443,-3.76636115],[-38.56906668,-3.76690286],[-38.56936177,-3.7671967],[-38.56968834,-3.76761437],[-38.56981719,-3.76787933],[-38.57038052,-3.77009139],[-38.57041428,-3.77017833],[-38.57045379,-3.77025513],[-38.57060723,-3.77059667],[-38.57085757,-3.77102699],[-38.57128411,-3.77147058],[-38.57173085,-3.77192313],[-38.57215815,-3.77236494],[-38.57284404,-3.77309304],[-38.57321492,-3.77347949],[-38.57463353,-3.77503658],[-38.57486948,-3.77529419],[-38.57514085,-3.77559568],[-38.57576267,-3.77628771],[-38.57596161,-3.77651287],[-38.5762028,-3.77678002],[-38.57673046,-3.77656983],[-38.57694441,-3.77648659],[-38.57700511,-3.77646799],[-38.57705469,-3.77645417],[-38.57709471,-3.77644806],[-38.57765984,-3.77640121],[-38.57777276,-3.77638875],[-38.57790345,-3.77636778],[-38.5779737,-3.77635397],[-38.57805508,-3.77633297],[-38.57811367,-3.7763141],[-38.57819001,-3.77628556],[-38.57825735,-3.77626038],[-38.57858556,-3.77612315],[-38.5786158,-3.77611037],[-38.57893021,-3.77597741],[-38.57903678,-3.77593912],[-38.57911419,-3.77591413],[-38.57919849,-3.77588914],[-38.57931248,-3.77586044],[-38.57946358,-3.77582484],[-38.57969686,-3.7757733],[-38.58002292,-3.77569997],[-38.58036329,-3.77562611],[-38.58091944,-3.77550497],[-38.58125637,-3.77542552],[-38.58146791,-3.77537557],[-38.58160707,-3.77534207],[-38.58171093,-3.77531724],[-38.58176102,-3.775305],[-38.58190856,-3.77526949],[-38.58193261,-3.7752637],[-38.58195806,-3.77525705],[-38.58199146,-3.77524668],[-38.58203149,-3.77523286],[-38.58207113,-3.7752141],[-38.58209937,-3.77519841],[-38.58213436,-3.77517713],[-38.58217732,-3.77514519],[-38.58222081,-3.77511114],[-38.58228922,-3.77505366],[-38.58244089,-3.77492166],[-38.58261391,-3.77477116],[-38.58264401,-3.77474497],[-38.58282857,-3.77458264],[-38.58301472,-3.77442084],[-38.58317594,-3.77428087],[-38.58337854,-3.77409831],[-38.58341513,-3.77406105],[-38.58345332,-3.77402167],[-38.58348833,-3.77398174],[-38.58351272,-3.77395406],[-38.58362253,-3.77380874],[-38.58365595,-3.77376562],[-38.58368989,-3.77372783],[-38.5837302,-3.77369004],[-38.58376997,-3.77365438],[-38.5838124,-3.77362085],[-38.58385164,-3.77359211],[-38.58388717,-3.7735703],[-38.58425173,-3.77335587],[-38.58439306,-3.77327261],[-38.58440391,-3.77326621],[-38.5844922,-3.77321487],[-38.58459348,-3.7731614],[-38.58465854,-3.77313481],[-38.58467573,-3.77312992],[-38.58472282,-3.7731201],[-38.58473769,-3.773117],[-38.58478965,-3.77311441],[-38.58483285,-3.77311225],[-38.58486759,-3.77311256],[-38.5848962,-3.77311282],[-38.58493087,-3.77311672],[-38.58495796,-3.77311977],[-38.58500646,-3.77312752],[-38.58506158,-3.77314005],[-38.585093,-3.77314933],[-38.58511485,-3.77315579],[-38.58516706,-3.77317286],[-38.58521688,-3.77319152],[-38.58526936,-3.77321178],[-38.5853213,-3.77323577],[-38.58537059,-3.77325922],[-38.58546254,-3.77330746],[-38.58549126,-3.77332402],[-38.58550043,-3.77332931],[-38.5855423,-3.77335276],[-38.5855847,-3.77337701],[-38.58586426,-3.77353583],[-38.58610169,-3.77367174],[-38.58619761,-3.7737245],[-38.5862999,-3.77377461],[-38.58639689,-3.77381566],[-38.58646368,-3.77384285],[-38.58647567,-3.77384724],[-38.5865612,-3.77387857],[-38.58667675,-3.77391165],[-38.58673771,-3.77392392],[-38.58680291,-3.77393567],[-38.58687659,-3.7739405],[-38.58747667,-3.7739754],[-38.58792619,-3.7740049],[-38.58824637,-3.77402955],[-38.58850971,-3.7740535],[-38.58864076,-3.77406541],[-38.58902575,-3.77381851],[-38.58937095,-3.77360566],[-38.58962336,-3.77345029],[-38.58972729,-3.77339229],[-38.58986888,-3.77330077],[-38.58998766,-3.77321988],[-38.59023213,-3.77303788],[-38.59035887,-3.77295114],[-38.59048773,-3.77285907],[-38.59066304,-3.77270963],[-38.59070251,-3.77267599],[-38.59078365,-3.77261478],[-38.59086531,-3.77256264],[-38.5909475,-3.77251741],[-38.59130996,-3.77282271],[-38.59148695,-3.77296285],[-38.59155312,-3.77302409],[-38.5916136,-3.77308006],[-38.59166394,-3.77312109],[-38.59169944,-3.7731504],[-38.59182292,-3.77323672],[-38.59195646,-3.77333264],[-38.59202589,-3.77338592],[-38.59208099,-3.77343973],[-38.59214034,-3.77349781],[-38.5926543,-3.77403696],[-38.59395462,-3.77303217],[-38.5950619,-3.77216522],[-38.59556199,-3.77177512],[-38.59561287,-3.77179324],[-38.59571993,-3.7718327],[-38.59577824,-3.77185616],[-38.59583335,-3.77189346],[-38.59589482,-3.77195313],[-38.59594779,-3.7720309],[-38.59598195,-3.77210787],[-38.59600205,-3.77220054],[-38.59600477,-3.77224845],[-38.59601257,-3.77238586],[-38.5960162,-3.77254881],[-38.59602888,-3.77264999],[-38.59609877,-3.77282416],[-38.59611787,-3.77287552],[-38.59619425,-3.77285008],[-38.59631944,-3.77280239],[-38.59637497,-3.77277791],[-38.59644641,-3.77274495],[-38.59666538,-3.77258845],[-38.59689128,-3.77243679],[-38.5969512,-3.77239368],[-38.5970159,-3.77235218],[-38.59707582,-3.77231919],[-38.59714369,-3.77228674],[-38.59720519,-3.77226227],[-38.5974809,-3.7721511],[-38.5978311,-3.7720021],[-38.59796439,-3.77264469],[-38.59801245,-3.77282554],[-38.59806263,-3.77294961],[-38.59816513,-3.77307581],[-38.59834297,-3.77321887],[-38.59853132,-3.77329044],[-38.59867364,-3.77330943],[-38.59884737,-3.7733011],[-38.59995887,-3.7731292],[-38.60009492,-3.77313137],[-38.60026025,-3.7731756],[-38.60036906,-3.77323242],[-38.60045904,-3.77328292],[-38.60064104,-3.77351008],[-38.60108868,-3.77412213],[-38.60134809,-3.7744082],[-38.60144432,-3.77450496],[-38.60177705,-3.77467331],[-38.60206586,-3.77474704],[-38.60358874,-3.77491176],[-38.60367745,-3.77492439],[-38.60537066,-3.77512701],[-38.60590408,-3.77519171],[-38.60594597,-3.77519659],[-38.60598597,-3.77520125],[-38.6071308,-3.77543478],[-38.60762682,-3.77552752],[-38.60888703,-3.77569362],[-38.60983934,-3.77581685],[-38.61019114,-3.77586238],[-38.61154385,-3.77603742],[-38.61260388,-3.77617945],[-38.61312503,-3.77623224],[-38.61454508,-3.77637404],[-38.61649854,-3.77657861],[-38.61794414,-3.77672743],[-38.61957877,-3.77690897],[-38.62061899,-3.77700194],[-38.62117364,-3.77705685],[-38.62119309,-3.77705892],[-38.62118641,-3.77703534],[-38.62145317,-3.77702868],[-38.62101277,-3.77616815],[-38.62057314,-3.77533425],[-38.62047093,-3.77514827],[-38.62034644,-3.77490847],[-38.62025116,-3.7747439],[-38.62022494,-3.77469143],[-38.61985989,-3.77397366],[-38.6195449,-3.77336612],[-38.61945865,-3.77320351],[-38.61935986,-3.77300803],[-38.6192266,-3.77275765],[-38.61914477,-3.77260366],[-38.61906705,-3.77244262],[-38.61901041,-3.77234149],[-38.61891112,-3.77215045],[-38.61884989,-3.77203454],[-38.61878425,-3.7719103],[-38.61871276,-3.77177497],[-38.61851338,-3.7714021],[-38.61832088,-3.77101303],[-38.61816652,-3.77066715],[-38.61792225,-3.77029993],[-38.61763304,-3.76993402],[-38.61738536,-3.76958958],[-38.61711536,-3.76925058],[-38.61683775,-3.76887578],[-38.61679291,-3.76882885],[-38.61682135,-3.76878296],[-38.61694671,-3.7686642],[-38.61675174,-3.76836405],[-38.61661948,-3.7681125],[-38.61639894,-3.76762044],[-38.6161363,-3.76701626],[-38.61578178,-3.76621955],[-38.61561872,-3.76582475],[-38.61535601,-3.76524261],[-38.61505592,-3.76456529],[-38.6148542,-3.76409676],[-38.6145605,-3.76341475],[-38.61415951,-3.76247481],[-38.61401922,-3.7621401],[-38.61376306,-3.76157396],[-38.61347324,-3.76091865],[-38.61314135,-3.76015319],[-38.61257025,-3.75883706],[-38.61193643,-3.75743803],[-38.61184702,-3.75727345],[-38.61156078,-3.75674655],[-38.61121677,-3.75617367],[-38.61121097,-3.75616483],[-38.61099752,-3.75586039],[-38.61089111,-3.75570861],[-38.61085275,-3.75566357],[-38.60983124,-3.75446388],[-38.60934181,-3.75399615],[-38.60924992,-3.75391959],[-38.60866786,-3.75343463],[-38.60864818,-3.75341958],[-38.60826269,-3.75313149],[-38.60790615,-3.75286504],[-38.6070103,-3.75225864],[-38.60632869,-3.75180897],[-38.60557261,-3.75128936],[-38.6047508,-3.75074289],[-38.6041455,-3.75033379],[-38.60346274,-3.74987102],[-38.60269617,-3.7493704],[-38.60212371,-3.74897492],[-38.60210624,-3.74896285],[-38.60153948,-3.74864725],[-38.60133244,-3.74846557],[-38.60115975,-3.74825684],[-38.60099419,-3.7480358],[-38.60079584,-3.74768255],[-38.60064174,-3.74733469],[-38.60045947,-3.74682052],[-38.60017893,-3.74599137],[-38.59989768,-3.74517296],[-38.59988838,-3.74514591],[-38.59986792,-3.7450835],[-38.599577,-3.74419588],[-38.59942693,-3.74374993],[-38.59938955,-3.74364008],[-38.59919628,-3.74307204],[-38.59893107,-3.74222914],[-38.59918835,-3.74193751],[-38.59925381,-3.74186314],[-38.5993306,-3.74180629],[-38.59938262,-3.74175933],[-38.59940004,-3.74173947],[-38.59943464,-3.74170001],[-38.59946188,-3.74167786],[-38.59951387,-3.74165084],[-38.59960307,-3.74161108],[-38.59971703,-3.74157891],[-38.59978133,-3.74155686],[-38.59981858,-3.74154431],[-38.59986058,-3.74152349],[-38.59991246,-3.74151009],[-38.60000159,-3.74150515],[-38.60005356,-3.7415027],[-38.60009065,-3.74150276],[-38.60016746,-3.74151998],[-38.60020955,-3.74152739],[-38.60025162,-3.74155458],[-38.6002739,-3.74157682],[-38.60031103,-3.74160399],[-38.60034817,-3.74162376],[-38.60036673,-3.74164105],[-38.6003952,-3.74167317],[-38.60042243,-3.74170034],[-38.60046928,-3.74173008],[-38.60049612,-3.74173274],[-38.60053323,-3.74173521],[-38.60056292,-3.74173768],[-38.60059014,-3.74173768],[-38.60060994,-3.74174015],[-38.60072687,-3.74173438],[-38.60078386,-3.74172205],[-38.60085052,-3.7416949],[-38.60091997,-3.74164551],[-38.60094738,-3.7416183],[-38.60098204,-3.74158618],[-38.60102413,-3.74155407],[-38.60105879,-3.74151207],[-38.60109116,-3.74146505],[-38.60111573,-3.74142067],[-38.60115072,-3.74134883],[-38.60119002,-3.74126503],[-38.60120592,-3.74119567],[-38.60120439,-3.74116983],[-38.60120439,-3.74114901],[-38.60119994,-3.74110397],[-38.60120517,-3.74107943],[-38.60123955,-3.74087364],[-38.60142695,-3.7404356],[-38.60148871,-3.74029827],[-38.60150728,-3.74024139],[-38.60153324,-3.74011075],[-38.60155755,-3.74000672],[-38.60156244,-3.73997217],[-38.60158218,-3.73990304],[-38.60160171,-3.73984149],[-38.60160433,-3.73978212],[-38.60161691,-3.73971772],[-38.60162682,-3.73966831],[-38.60163131,-3.73963341],[-38.60164912,-3.73955713],[-38.60165902,-3.73949784],[-38.60168353,-3.739237],[-38.60168434,-3.7392272],[-38.60169404,-3.73911024],[-38.60170834,-3.73901835],[-38.601711,-3.7389614],[-38.60171572,-3.73890965],[-38.60171572,-3.73883554],[-38.6017182,-3.73876883],[-38.6017182,-3.73867003],[-38.60172315,-3.73858109],[-38.60172563,-3.73850203],[-38.60172316,-3.7384625],[-38.60171573,-3.73839827],[-38.60170084,-3.7383096],[-38.60169841,-3.7381784],[-38.60165635,-3.73801451],[-38.60164649,-3.73794772],[-38.60165074,-3.73782428],[-38.60165142,-3.73780441],[-38.60165386,-3.73773536],[-38.60165882,-3.73767607],[-38.60165882,-3.73762666],[-38.60166625,-3.73755996],[-38.60167863,-3.73750561],[-38.60170091,-3.73743891],[-38.60171824,-3.7374068],[-38.60175043,-3.73736233],[-38.60179252,-3.73731539],[-38.60182718,-3.73728575],[-38.60185689,-3.73726351],[-38.60190647,-3.73722877],[-38.60194617,-3.73721126],[-38.60204281,-3.73718154],[-38.60209329,-3.73714844],[-38.60219982,-3.73709158],[-38.60223704,-3.73707176],[-38.60225912,-3.73704966],[-38.60228405,-3.73701496],[-38.60230132,-3.73698039],[-38.60230616,-3.73693593],[-38.60230596,-3.73688894],[-38.60229361,-3.73685923],[-38.60227126,-3.73681219],[-38.60225159,-3.73677761],[-38.60221451,-3.73674551],[-38.60216064,-3.73670383],[-38.6020928,-3.73662332],[-38.60207017,-3.73658962],[-38.60201725,-3.73652617],[-38.60196781,-3.73646943],[-38.60190261,-3.73639463],[-38.60186309,-3.73634282],[-38.60180631,-3.73626637],[-38.60177165,-3.73621202],[-38.601552,-3.73585663],[-38.60152724,-3.73578252],[-38.60148763,-3.73567629],[-38.60146288,-3.7355997],[-38.6014406,-3.73553053],[-38.6014109,-3.73545642],[-38.60138614,-3.73538971],[-38.60135644,-3.73532301],[-38.60132425,-3.7352489],[-38.60129455,-3.73515008],[-38.60119006,-3.73486545],[-38.60118163,-3.7348425],[-38.60117078,-3.73481292],[-38.60116087,-3.73477834],[-38.60115345,-3.7346894],[-38.60114355,-3.73462517],[-38.60114108,-3.73457329],[-38.60114108,-3.734514],[-38.60114356,-3.73444977],[-38.60117822,-3.73439048],[-38.60130943,-3.73424714],[-38.60133245,-3.73422608],[-38.60136887,-3.73419275],[-38.60142091,-3.73416798],[-38.60148033,-3.7341458],[-38.60154228,-3.73412106],[-38.60160915,-3.73409141],[-38.60166131,-3.73407151],[-38.60175036,-3.73403949],[-38.6017948,-3.7340149],[-38.60184926,-3.7339902],[-38.60191104,-3.73396312],[-38.60196303,-3.73394336],[-38.60201997,-3.73390136],[-38.60205711,-3.7338643],[-38.60211157,-3.73381984],[-38.60212982,-3.73379832],[-38.60216511,-3.7337567],[-38.60219327,-3.73372349],[-38.60223289,-3.73367162],[-38.60230676,-3.73356099],[-38.60233647,-3.7335227],[-38.60246764,-3.73337579],[-38.60251467,-3.7333264],[-38.60254683,-3.73328445],[-38.60259142,-3.7332424],[-38.60264094,-3.73320041],[-38.60273501,-3.73314104],[-38.60283432,-3.73307989],[-38.60291079,-3.73301019],[-38.6029726,-3.73295582],[-38.60301526,-3.73288663],[-38.60307172,-3.73281503],[-38.60312123,-3.73276563],[-38.60318306,-3.73269155],[-38.60320776,-3.73265946],[-38.60324255,-3.73262482],[-38.60328463,-3.73258035],[-38.60332424,-3.73252848],[-38.60340595,-3.73249389],[-38.60345051,-3.73246671],[-38.60348269,-3.73243707],[-38.6035124,-3.73240496],[-38.60354459,-3.73237284],[-38.60356687,-3.7323432],[-38.60359866,-3.73229195],[-38.60362631,-3.73225975],[-38.60364486,-3.73223697],[-38.60367212,-3.73218882],[-38.60376358,-3.73202728],[-38.60425479,-3.73115968],[-38.6043746,-3.73093955],[-38.60458321,-3.73055629],[-38.60462585,-3.73037348],[-38.60464526,-3.73029029],[-38.60462196,-3.73011119],[-38.60462171,-3.73009431],[-38.60464775,-3.72996914],[-38.60475682,-3.72950129],[-38.60483609,-3.72927898],[-38.60507866,-3.72900722],[-38.60532343,-3.72868179],[-38.60546108,-3.72846935],[-38.60565066,-3.72817676],[-38.60578533,-3.72796892],[-38.60588211,-3.72772434],[-38.60591161,-3.72746002],[-38.60592647,-3.72724756],[-38.60599819,-3.72706936],[-38.60610224,-3.72698324],[-38.60619616,-3.72691125],[-38.60626793,-3.72688718],[-38.6063004,-3.72687629],[-38.60634649,-3.72687541],[-38.60641322,-3.72686604],[-38.60661654,-3.72687543],[-38.60672925,-3.72684563],[-38.60682935,-3.72679254],[-38.60691515,-3.72673657],[-38.60696482,-3.72668982],[-38.60701083,-3.7266552],[-38.60704672,-3.72663035],[-38.60708534,-3.72660452],[-38.60712967,-3.72657294],[-38.60716971,-3.72654136],[-38.60721118,-3.7265184],[-38.60726299,-3.72647658],[-38.6073384,-3.72644361],[-38.60740758,-3.7263932],[-38.60747921,-3.72636121],[-38.60756183,-3.72630587],[-38.6076161,-3.72626036],[-38.60767792,-3.72622448],[-38.60773926,-3.7261903],[-38.6078057,-3.72613908],[-38.60784761,-3.72611946],[-38.60789346,-3.72608621],[-38.60796779,-3.72603232],[-38.6080054,-3.72599986],[-38.60808812,-3.72596002],[-38.60815578,-3.72593022],[-38.60822365,-3.72589173],[-38.608286,-3.72585043],[-38.60838526,-3.7257978],[-38.60847071,-3.72574193],[-38.60848209,-3.72573047],[-38.60852463,-3.72568766],[-38.6085688,-3.72565093],[-38.60867682,-3.72558033],[-38.60870382,-3.72554855],[-38.60870898,-3.72552417],[-38.6087132,-3.7255042],[-38.60870972,-3.72546405],[-38.60871267,-3.72537999],[-38.60869881,-3.72532387],[-38.60868722,-3.72527068],[-38.60870706,-3.72521479],[-38.60872599,-3.72519585],[-38.60874608,-3.72509229],[-38.60878519,-3.72503318],[-38.60881734,-3.72498434],[-38.608857,-3.72493955],[-38.60889415,-3.72490488],[-38.60894306,-3.72484519],[-38.60896965,-3.72482314],[-38.60901343,-3.72481346],[-38.60905372,-3.72478566],[-38.60908197,-3.7247568],[-38.60913556,-3.72470345],[-38.60925643,-3.72465043],[-38.60930081,-3.72462317],[-38.6093228,-3.72454024],[-38.60934051,-3.72445297],[-38.60935,-3.72436458],[-38.6093516,-3.72427653],[-38.6093509,-3.72418991],[-38.60936566,-3.72410595],[-38.60943243,-3.72402164],[-38.60952486,-3.7239859],[-38.60966418,-3.72397624],[-38.6096982,-3.72399457],[-38.6097561,-3.72403598],[-38.60982968,-3.72406548],[-38.60982881,-3.72409582],[-38.60985433,-3.72414116],[-38.60995502,-3.72417253],[-38.60996369,-3.72417524],[-38.61003088,-3.72421723],[-38.61011435,-3.72423527],[-38.61018522,-3.724226],[-38.61024462,-3.72418419],[-38.61027883,-3.72410282],[-38.6102907,-3.724046],[-38.61028488,-3.72398728],[-38.61028075,-3.72388963],[-38.61028597,-3.72381649],[-38.61028614,-3.72375267],[-38.61030942,-3.72370209],[-38.61032009,-3.72369021],[-38.61037856,-3.72362515],[-38.61045124,-3.72354811],[-38.61051424,-3.72351874],[-38.61058969,-3.72352497],[-38.61070259,-3.72357321],[-38.61076029,-3.72359568],[-38.61078654,-3.72361543],[-38.61084944,-3.72359442],[-38.61094717,-3.7236168],[-38.6110673,-3.72360209],[-38.61120791,-3.72356483],[-38.61131948,-3.72352769],[-38.61138341,-3.72344923],[-38.61139799,-3.72343378],[-38.61149741,-3.72332835],[-38.61158038,-3.72324791],[-38.61164034,-3.72319304],[-38.61176904,-3.72312907],[-38.61184371,-3.72309841],[-38.61192922,-3.72308591],[-38.61201139,-3.7230838],[-38.61212578,-3.72307041],[-38.61220532,-3.72305667],[-38.61231701,-3.72302538],[-38.61241128,-3.72297264],[-38.61245567,-3.72295434],[-38.61256979,-3.72290558],[-38.61262459,-3.72285948],[-38.61272714,-3.72278514],[-38.61282348,-3.72271163],[-38.61301344,-3.72264839],[-38.61307616,-3.72260844],[-38.61312409,-3.72255912],[-38.61316777,-3.72251245],[-38.61326678,-3.72246644],[-38.61334608,-3.72244531],[-38.61343625,-3.72242725],[-38.61350337,-3.72240509],[-38.61355214,-3.72239785],[-38.61359624,-3.7223913],[-38.61368659,-3.72238225],[-38.61378366,-3.72238304],[-38.61395795,-3.72241307],[-38.61421273,-3.72252221],[-38.61425121,-3.7225685],[-38.61431949,-3.72261582],[-38.61442222,-3.72268331],[-38.61445697,-3.72271394],[-38.61451427,-3.72273864],[-38.6146147,-3.72276702],[-38.6147051,-3.72277992],[-38.61478021,-3.72277293],[-38.61481078,-3.72273773],[-38.61485559,-3.72270001],[-38.61490035,-3.72266941],[-38.61494494,-3.7226038],[-38.61499142,-3.72253313],[-38.61503394,-3.72245109],[-38.6150433,-3.72236398],[-38.61504864,-3.72226039],[-38.61504495,-3.72212247],[-38.61504137,-3.72186572],[-38.61505137,-3.72180655],[-38.61509671,-3.72171147],[-38.61513249,-3.72164966],[-38.61517417,-3.72159275],[-38.61521887,-3.72153354],[-38.61526329,-3.72148397],[-38.61536137,-3.72143474],[-38.61544505,-3.72140334],[-38.61549859,-3.72137178],[-38.61554057,-3.72133192],[-38.61557142,-3.7212989],[-38.61562303,-3.72125469],[-38.61572298,-3.72119775],[-38.6157644,-3.72116623],[-38.61591925,-3.72103633],[-38.6159571,-3.72097722],[-38.6159998,-3.72092272],[-38.61607109,-3.72087051],[-38.61612823,-3.72082533],[-38.61619732,-3.72078724],[-38.61626884,-3.72076102],[-38.61634297,-3.72074417],[-38.61643838,-3.72073461],[-38.61653186,-3.720732],[-38.61660145,-3.72073184],[-38.61666127,-3.72073656],[-38.61670669,-3.72074846],[-38.61686441,-3.72087087],[-38.61694331,-3.7209329],[-38.61698633,-3.72097563],[-38.61703896,-3.72103156],[-38.61708685,-3.72112879],[-38.61709165,-3.72115505],[-38.61710122,-3.72119568],[-38.61711564,-3.72124576],[-38.61711804,-3.72132464],[-38.61711085,-3.72143941],[-38.61708926,-3.7215326],[-38.61707489,-3.72161626],[-38.61706529,-3.72166636],[-38.61706288,-3.72171163],[-38.61706287,-3.72176885],[-38.61707242,-3.72181403],[-38.61708436,-3.72185447],[-38.6170987,-3.72190219],[-38.61713215,-3.72196889],[-38.61717751,-3.72203069],[-38.61721807,-3.7220734],[-38.61727539,-3.72208291],[-38.61734229,-3.72209008],[-38.61739485,-3.72209486],[-38.61745472,-3.72209749],[-38.61751231,-3.72209305],[-38.61757001,-3.72203855],[-38.61762121,-3.7219774],[-38.61765283,-3.72191082],[-38.61768928,-3.72183935],[-38.61772846,-3.72172956],[-38.61776121,-3.72162933],[-38.61782255,-3.72154064],[-38.61785033,-3.72149217],[-38.61790444,-3.72142509],[-38.61794887,-3.72133427],[-38.61797209,-3.72127225],[-38.61801139,-3.72115323],[-38.61801969,-3.72110111],[-38.61802956,-3.72103913],[-38.61804995,-3.72075676],[-38.61804229,-3.72069246],[-38.61804144,-3.72063524],[-38.61801922,-3.72054969],[-38.61799742,-3.72049039],[-38.61797815,-3.72041932],[-38.61796115,-3.72036959],[-38.61793263,-3.72032226],[-38.61786433,-3.72025362],[-38.61784652,-3.72024185],[-38.61781479,-3.7202209],[-38.6178033,-3.7202133],[-38.61778387,-3.72020396],[-38.61771902,-3.7201728],[-38.61769313,-3.72016063],[-38.617658,-3.72014411],[-38.6176181,-3.72013682],[-38.6175517,-3.72014385],[-38.61748739,-3.72015334],[-38.61741359,-3.72017471],[-38.61735647,-3.72018418],[-38.61724921,-3.72018647],[-38.61717045,-3.72016731],[-38.61706051,-3.72012658],[-38.61697192,-3.72008575],[-38.61689749,-3.72004238],[-38.61686141,-3.72001106],[-38.61681374,-3.7199244],[-38.61672775,-3.71976805],[-38.61672317,-3.71975971],[-38.6167316,-3.71957402],[-38.6167321,-3.71956287],[-38.61674181,-3.71954614],[-38.61682797,-3.71939757],[-38.6168938,-3.71928406],[-38.61695924,-3.71921032],[-38.61701497,-3.71914021],[-38.61707557,-3.7190385],[-38.61711919,-3.71897567],[-38.6171616,-3.71892611],[-38.61718949,-3.718891],[-38.61724146,-3.71882724],[-38.61727159,-3.71880702],[-38.61153898,-3.72066829],[-38.60625929,-3.72248035],[-38.60596399,-3.7225632],[-38.60574193,-3.72263319],[-38.60554088,-3.72268857],[-38.60544114,-3.7227168],[-38.60535951,-3.72273197],[-38.60533829,-3.72265519],[-38.60523825,-3.72268329],[-38.60173975,-3.72371217],[-38.59969681,-3.72429898],[-38.59768925,-3.72488689],[-38.59758308,-3.72492422],[-38.5970015,-3.72509587],[-38.59616668,-3.72534242],[-38.59608865,-3.72536503],[-38.59557144,-3.72551264],[-38.59355851,-3.72610251],[-38.59153997,-3.7266874],[-38.58946585,-3.7272933],[-38.58873208,-3.72750807],[-38.58802981,-3.72771658],[-38.58734946,-3.72792557],[-38.58665629,-3.7281385],[-38.58593357,-3.72836412],[-38.58497617,-3.72863395],[-38.58496271,-3.7287049],[-38.58493751,-3.72882916],[-38.58492231,-3.72892498],[-38.58489728,-3.72906138],[-38.58487165,-3.72923331],[-38.58485704,-3.72934256],[-38.58483645,-3.72950643],[-38.58480723,-3.72973657],[-38.58479335,-3.72986925],[-38.58476591,-3.73008744],[-38.58474502,-3.73026863],[-38.58473517,-3.73035817],[-38.58472264,-3.73046921],[-38.58470981,-3.73057488],[-38.58469221,-3.73071875],[-38.58467969,-3.73081815],[-38.58466567,-3.73093645],[-38.58460918,-3.73142399],[-38.58459943,-3.73151473],[-38.58459227,-3.73155931],[-38.58458371,-3.73161616],[-38.58452604,-3.73159144],[-38.58417439,-3.73143478],[-38.58331685,-3.73105433],[-38.58260963,-3.7307404],[-38.58181774,-3.73038839],[-38.58180011,-3.73038055],[-38.58117076,-3.73010107],[-38.58074029,-3.72990948],[-38.58051319,-3.72980891],[-38.58005708,-3.72960599],[-38.57904339,-3.72915526],[-38.57854157,-3.72893159],[-38.57751038,-3.72847431],[-38.57721843,-3.72834439],[-38.57698439,-3.72824374],[-38.57679677,-3.72815746],[-38.57558841,-3.72762075],[-38.57531328,-3.72749834],[-38.57512983,-3.72741677],[-38.57497303,-3.72734707],[-38.57433136,-3.72706403],[-38.57384195,-3.72684582],[-38.57347209,-3.72668033],[-38.57332496,-3.72661523],[-38.57310336,-3.7265178],[-38.57284247,-3.72640194],[-38.57264549,-3.72631453],[-38.5724363,-3.72621996],[-38.57221062,-3.72611905],[-38.57207652,-3.72605785],[-38.57188821,-3.72596901],[-38.57184535,-3.72594741],[-38.57180287,-3.72592506],[-38.57176078,-3.72590197],[-38.57171909,-3.72587817],[-38.57167782,-3.72585364],[-38.57163697,-3.7258284],[-38.57159656,-3.72580245],[-38.57155661,-3.72577581],[-38.57151712,-3.72574849],[-38.5714781,-3.72572047],[-38.57143958,-3.72569179],[-38.57140155,-3.72566245],[-38.57136403,-3.72563245],[-38.57132703,-3.7256018],[-38.57129056,-3.72557052],[-38.57125464,-3.7255386],[-38.57121927,-3.72550608],[-38.57118446,-3.72547294],[-38.57115023,-3.7254392],[-38.57111658,-3.72540488],[-38.57108353,-3.72536997],[-38.57105108,-3.7253345],[-38.57101925,-3.72529847],[-38.57098804,-3.7252619],[-38.57095746,-3.72522479],[-38.57092753,-3.72518716],[-38.57089824,-3.72514901],[-38.57086962,-3.72511036],[-38.57084166,-3.72507122],[-38.57081438,-3.7250316],[-38.57069496,-3.72485268],[-38.57057904,-3.72466307],[-38.57030099,-3.72417082],[-38.57003438,-3.72369652],[-38.5697185,-3.72313601],[-38.56964903,-3.72301099],[-38.5694554,-3.72266339],[-38.56920267,-3.72221563],[-38.56901598,-3.72188951],[-38.56900649,-3.72187429],[-38.56900059,-3.72186486],[-38.56898478,-3.72184047],[-38.56896856,-3.72181637],[-38.56895191,-3.72179256],[-38.56893487,-3.72176903],[-38.56891741,-3.72174581],[-38.56889956,-3.72172289],[-38.56888132,-3.72170029],[-38.5688627,-3.72167801],[-38.56884369,-3.72165606],[-38.5688243,-3.72163443],[-38.56880455,-3.72161315],[-38.56878443,-3.72159222],[-38.56876396,-3.72157164],[-38.56874313,-3.72155142],[-38.56872196,-3.72153156],[-38.56870045,-3.72151207],[-38.5686786,-3.72149296],[-38.56865644,-3.72147424],[-38.56863395,-3.7214559],[-38.56861115,-3.72143795],[-38.56858804,-3.72142041],[-38.56856463,-3.72140326],[-38.56854094,-3.72138653],[-38.56851696,-3.72137022],[-38.5684927,-3.72135432],[-38.56846817,-3.72133884],[-38.56844337,-3.7213238],[-38.56841833,-3.72130918],[-38.56839303,-3.72129501],[-38.56836749,-3.72128128],[-38.56834172,-3.72126799],[-38.56831573,-3.72125515],[-38.56828952,-3.72124277],[-38.5682631,-3.72123085],[-38.56823648,-3.72121938],[-38.56820966,-3.72120838],[-38.56818266,-3.72119785],[-38.56815548,-3.72118779],[-38.56812813,-3.7211782],[-38.56810063,-3.72116909],[-38.56807296,-3.72116046],[-38.56804516,-3.72115232],[-38.5675317,-3.7210119],[-38.56713424,-3.72090435],[-38.56700537,-3.72087256],[-38.56699165,-3.72082687],[-38.56669493,-3.72074667],[-38.56608134,-3.72058136],[-38.56565091,-3.72046613],[-38.56513898,-3.72033],[-38.56415388,-3.72006544],[-38.56386541,-3.7199877],[-38.56364714,-3.71992993],[-38.56342491,-3.7198697],[-38.5625955,-3.71964693],[-38.56188117,-3.71945595],[-38.56157179,-3.71937375],[-38.56149194,-3.71970373],[-38.56136467,-3.72022875],[-38.56127351,-3.72058204],[-38.5612105,-3.7208151],[-38.56110956,-3.72120273],[-38.56099513,-3.72162373],[-38.56070939,-3.72155025],[-38.55928319,-3.7211605],[-38.55864932,-3.7209966],[-38.55863684,-3.72099332],[-38.55862421,-3.72099068],[-38.55861147,-3.72098869],[-38.55859864,-3.72098736],[-38.55858576,-3.72098669],[-38.55857286,-3.72098668],[-38.55855998,-3.72098734],[-38.55854714,-3.72098866],[-38.5585344,-3.72099063],[-38.55852177,-3.72099326],[-38.55850928,-3.72099653],[-38.55828808,-3.72104876],[-38.55770807,-3.72117879],[-38.55568087,-3.72164015],[-38.55452192,-3.72190428],[-38.55264685,-3.72233109],[-38.55183586,-3.72251661],[-38.55169038,-3.72255634],[-38.55137063,-3.72266032],[-38.55058675,-3.72291401],[-38.5505203,-3.7229343],[-38.54967769,-3.72321231],[-38.54931975,-3.72333013],[-38.54932656,-3.72335121],[-38.54899566,-3.72346507],[-38.54894809,-3.72348211],[-38.548967,-3.72358937],[-38.5489882,-3.72370775],[-38.54903037,-3.72392442],[-38.54908859,-3.7241946],[-38.54915782,-3.72453992],[-38.5488362,-3.72452488],[-38.54811205,-3.72453594],[-38.54780474,-3.72454722],[-38.54744281,-3.72457538],[-38.54691486,-3.72461129],[-38.54631269,-3.72464893],[-38.54619445,-3.72466029],[-38.54579117,-3.72672493],[-38.54568767,-3.72671659],[-38.54552199,-3.72670735],[-38.5453594,-3.72676016],[-38.54520428,-3.7268116],[-38.54500097,-3.72687898],[-38.54455867,-3.72702774],[-38.54433474,-3.72710014],[-38.54407241,-3.72718684],[-38.54362509,-3.72733192],[-38.54289154,-3.72756954],[-38.54205106,-3.72784418],[-38.54156669,-3.72800287],[-38.54091647,-3.72821409],[-38.54040917,-3.72837795],[-38.54024819,-3.72842201],[-38.54024585,-3.72843816],[-38.53999923,-3.73013187],[-38.53997329,-3.73031166],[-38.53993716,-3.73056244],[-38.53992291,-3.73063493],[-38.54020028,-3.73069783],[-38.54021054,-3.73072633],[-38.54024722,-3.7308282],[-38.54033479,-3.73106624],[-38.54054031,-3.73164783],[-38.54033936,-3.73171347],[-38.53931829,-3.73204756],[-38.53837118,-3.73234914],[-38.53654208,-3.73293492],[-38.53618484,-3.73304475]]]},"geometry_name":"The_geom","properties":{"id":5,"nome":"Distrito 3","area_ha":3497,"fonte":"SME - Secretaria Municipal de Educação de Fortaleza","ano_ref":2023,"data_atual":"08/Ago/2023","epsg_codif":"EPSG: 31984 (SIRGAS 2000 - UTM 24S); Codificação: UTF-8"}},{"type":"Feature","id":"vw_DistritosEducacao_2023.fid-3da4354c_18dace4b5a0_-54b7","geometry":{"type":"Polygon","coordinates":[[[-38.51115076,-3.71934958],[-38.51145127,-3.72032485],[-38.51150027,-3.72048403],[-38.51155018,-3.72064655],[-38.5116428,-3.72092527],[-38.51168309,-3.72105813],[-38.51180666,-3.72144822],[-38.51189747,-3.72172785],[-38.51199669,-3.72204198],[-38.51208149,-3.72230104],[-38.51214883,-3.72251893],[-38.51223573,-3.72278494],[-38.51234457,-3.72314689],[-38.5124101,-3.72338233],[-38.51243957,-3.72345799],[-38.51245732,-3.72350823],[-38.51247506,-3.72356058],[-38.51252527,-3.72371765],[-38.51255865,-3.72382024],[-38.51261309,-3.72401057],[-38.51301747,-3.72528882],[-38.51330295,-3.7262041],[-38.51338134,-3.72646415],[-38.5134408,-3.72662952],[-38.51352246,-3.72688037],[-38.51368251,-3.7274064],[-38.51387784,-3.72802612],[-38.51390462,-3.72812409],[-38.51407693,-3.72865653],[-38.51415826,-3.72891642],[-38.5143526,-3.72955027],[-38.51459106,-3.73029394],[-38.51481154,-3.73098994],[-38.51496179,-3.73148177],[-38.5151741,-3.73215706],[-38.51532631,-3.73265152],[-38.51545043,-3.73305886],[-38.51559121,-3.73350433],[-38.51575519,-3.7340251],[-38.51583881,-3.73429797],[-38.51613801,-3.73525862],[-38.51640781,-3.73611802],[-38.51666734,-3.73603368],[-38.51670359,-3.73616091],[-38.51695935,-3.73698513],[-38.51727356,-3.73801284],[-38.5175107,-3.7387884],[-38.51755352,-3.73891358],[-38.5178788,-3.73880758],[-38.51818774,-3.73871308],[-38.5193705,-3.73833671],[-38.52037718,-3.73802038],[-38.52122481,-3.73775311],[-38.52221218,-3.73744171],[-38.52298813,-3.73719659],[-38.52380172,-3.73694327],[-38.52392831,-3.73690353],[-38.52424812,-3.73680315],[-38.52528686,-3.73647928],[-38.52579053,-3.73632079],[-38.52659136,-3.7360668],[-38.52766578,-3.73572487],[-38.52864889,-3.73541772],[-38.53062559,-3.73478898],[-38.53115642,-3.73462557],[-38.5318948,-3.73440186],[-38.53236075,-3.73426069],[-38.532779,-3.7341314],[-38.53400855,-3.73373218],[-38.53485535,-3.73346457],[-38.53591701,-3.73312557],[-38.53605217,-3.73308554],[-38.53618484,-3.73304475],[-38.53654208,-3.73293492],[-38.53837118,-3.73234914],[-38.53931829,-3.73204756],[-38.54033936,-3.73171347],[-38.54054031,-3.73164783],[-38.54033479,-3.73106624],[-38.54024722,-3.7308282],[-38.54021054,-3.73072633],[-38.54020028,-3.73069783],[-38.53992291,-3.73063493],[-38.53993716,-3.73056244],[-38.53997329,-3.73031166],[-38.53999923,-3.73013187],[-38.54024585,-3.72843816],[-38.54024819,-3.72842201],[-38.54040917,-3.72837795],[-38.54091647,-3.72821409],[-38.54156669,-3.72800287],[-38.54205106,-3.72784418],[-38.54289154,-3.72756954],[-38.54362509,-3.72733192],[-38.54407241,-3.72718684],[-38.54433474,-3.72710014],[-38.54455867,-3.72702774],[-38.54500097,-3.72687898],[-38.54520428,-3.7268116],[-38.5453594,-3.72676016],[-38.54552199,-3.72670735],[-38.54568767,-3.72671659],[-38.54579117,-3.72672493],[-38.54619445,-3.72466029],[-38.54631269,-3.72464893],[-38.54691486,-3.72461129],[-38.54744281,-3.72457538],[-38.54780474,-3.72454722],[-38.54811205,-3.72453594],[-38.5488362,-3.72452488],[-38.54915782,-3.72453992],[-38.54908859,-3.7241946],[-38.54903037,-3.72392442],[-38.5489882,-3.72370775],[-38.548967,-3.72358937],[-38.54894809,-3.72348211],[-38.54899566,-3.72346507],[-38.54932656,-3.72335121],[-38.54931975,-3.72333013],[-38.54967769,-3.72321231],[-38.5505203,-3.7229343],[-38.55058675,-3.72291401],[-38.55137063,-3.72266032],[-38.55169038,-3.72255634],[-38.55183586,-3.72251661],[-38.55264685,-3.72233109],[-38.55452192,-3.72190428],[-38.55568087,-3.72164015],[-38.55770807,-3.72117879],[-38.55828808,-3.72104876],[-38.55850928,-3.72099653],[-38.55852177,-3.72099326],[-38.5585344,-3.72099063],[-38.55854714,-3.72098866],[-38.55855998,-3.72098734],[-38.55857286,-3.72098668],[-38.55858576,-3.72098669],[-38.55859864,-3.72098736],[-38.55861147,-3.72098869],[-38.55862421,-3.72099068],[-38.55863684,-3.72099332],[-38.55864932,-3.7209966],[-38.55928319,-3.7211605],[-38.56070939,-3.72155025],[-38.56099513,-3.72162373],[-38.56110956,-3.72120273],[-38.5612105,-3.7208151],[-38.56127351,-3.72058204],[-38.56136467,-3.72022875],[-38.56149194,-3.71970373],[-38.56157179,-3.71937375],[-38.56188117,-3.71945595],[-38.5625955,-3.71964693],[-38.56342491,-3.7198697],[-38.56364714,-3.71992993],[-38.56386541,-3.7199877],[-38.56415388,-3.72006544],[-38.56513898,-3.72033],[-38.56565091,-3.72046613],[-38.56608134,-3.72058136],[-38.56669493,-3.72074667],[-38.56699165,-3.72082687],[-38.56700537,-3.72087256],[-38.56713424,-3.72090435],[-38.5675317,-3.7210119],[-38.56804516,-3.72115232],[-38.56807296,-3.72116046],[-38.56810063,-3.72116909],[-38.56812813,-3.7211782],[-38.56815548,-3.72118779],[-38.56818266,-3.72119785],[-38.56820966,-3.72120838],[-38.56823648,-3.72121938],[-38.5682631,-3.72123085],[-38.56828952,-3.72124277],[-38.56831573,-3.72125515],[-38.56834172,-3.72126799],[-38.56836749,-3.72128128],[-38.56839303,-3.72129501],[-38.56841833,-3.72130918],[-38.56844337,-3.7213238],[-38.56846817,-3.72133884],[-38.5684927,-3.72135432],[-38.56851696,-3.72137022],[-38.56854094,-3.72138653],[-38.56856463,-3.72140326],[-38.56858804,-3.72142041],[-38.56861115,-3.72143795],[-38.56863395,-3.7214559],[-38.56865644,-3.72147424],[-38.5686786,-3.72149296],[-38.56870045,-3.72151207],[-38.56872196,-3.72153156],[-38.56874313,-3.72155142],[-38.56876396,-3.72157164],[-38.56878443,-3.72159222],[-38.56880455,-3.72161315],[-38.5688243,-3.72163443],[-38.56884369,-3.72165606],[-38.5688627,-3.72167801],[-38.56888132,-3.72170029],[-38.56889956,-3.72172289],[-38.56891741,-3.72174581],[-38.56893487,-3.72176903],[-38.56895191,-3.72179256],[-38.56896856,-3.72181637],[-38.56898478,-3.72184047],[-38.56900059,-3.72186486],[-38.56900649,-3.72187429],[-38.56901598,-3.72188951],[-38.56920267,-3.72221563],[-38.5694554,-3.72266339],[-38.56964903,-3.72301099],[-38.5697185,-3.72313601],[-38.57003438,-3.72369652],[-38.57030099,-3.72417082],[-38.57057904,-3.72466307],[-38.57069496,-3.72485268],[-38.57081438,-3.7250316],[-38.57084166,-3.72507122],[-38.57086962,-3.72511036],[-38.57089824,-3.72514901],[-38.57092753,-3.72518716],[-38.57095746,-3.72522479],[-38.57098804,-3.7252619],[-38.57101925,-3.72529847],[-38.57105108,-3.7253345],[-38.57108353,-3.72536997],[-38.57111658,-3.72540488],[-38.57115023,-3.7254392],[-38.57118446,-3.72547294],[-38.57121927,-3.72550608],[-38.57125464,-3.7255386],[-38.57129056,-3.72557052],[-38.57132703,-3.7256018],[-38.57136403,-3.72563245],[-38.57140155,-3.72566245],[-38.57143958,-3.72569179],[-38.5714781,-3.72572047],[-38.57151712,-3.72574849],[-38.57155661,-3.72577581],[-38.57159656,-3.72580245],[-38.57163697,-3.7258284],[-38.57167782,-3.72585364],[-38.57171909,-3.72587817],[-38.57176078,-3.72590197],[-38.57180287,-3.72592506],[-38.57184535,-3.72594741],[-38.57188821,-3.72596901],[-38.57207652,-3.72605785],[-38.57221062,-3.72611905],[-38.5724363,-3.72621996],[-38.57264549,-3.72631453],[-38.57284247,-3.72640194],[-38.57310336,-3.7265178],[-38.57332496,-3.72661523],[-38.57347209,-3.72668033],[-38.57384195,-3.72684582],[-38.57433136,-3.72706403],[-38.57497303,-3.72734707],[-38.57512983,-3.72741677],[-38.57531328,-3.72749834],[-38.57558841,-3.72762075],[-38.57679677,-3.72815746],[-38.57698439,-3.72824374],[-38.57721843,-3.72834439],[-38.57751038,-3.72847431],[-38.57854157,-3.72893159],[-38.57904339,-3.72915526],[-38.58005708,-3.72960599],[-38.58051319,-3.72980891],[-38.58074029,-3.72990948],[-38.58117076,-3.73010107],[-38.58180011,-3.73038055],[-38.58181774,-3.73038839],[-38.58260963,-3.7307404],[-38.58331685,-3.73105433],[-38.58417439,-3.73143478],[-38.58452604,-3.73159144],[-38.58458371,-3.73161616],[-38.58459227,-3.73155931],[-38.58459943,-3.73151473],[-38.58460918,-3.73142399],[-38.58466567,-3.73093645],[-38.58467969,-3.73081815],[-38.58469221,-3.73071875],[-38.58470981,-3.73057488],[-38.58472264,-3.73046921],[-38.58473517,-3.73035817],[-38.58474502,-3.73026863],[-38.58476591,-3.73008744],[-38.58479335,-3.72986925],[-38.58480723,-3.72973657],[-38.58483645,-3.72950643],[-38.58485704,-3.72934256],[-38.58487165,-3.72923331],[-38.58489728,-3.72906138],[-38.58492231,-3.72892498],[-38.58493751,-3.72882916],[-38.58496271,-3.7287049],[-38.58497617,-3.72863395],[-38.58593357,-3.72836412],[-38.58665629,-3.7281385],[-38.58734946,-3.72792557],[-38.58802981,-3.72771658],[-38.58873208,-3.72750807],[-38.58946585,-3.7272933],[-38.59153997,-3.7266874],[-38.59355851,-3.72610251],[-38.59557144,-3.72551264],[-38.59608865,-3.72536503],[-38.59616668,-3.72534242],[-38.5970015,-3.72509587],[-38.59758308,-3.72492422],[-38.59768925,-3.72488689],[-38.59969681,-3.72429898],[-38.60173975,-3.72371217],[-38.60523825,-3.72268329],[-38.60533829,-3.72265519],[-38.60535951,-3.72273197],[-38.60544114,-3.7227168],[-38.60554088,-3.72268857],[-38.60574193,-3.72263319],[-38.60596399,-3.7225632],[-38.60625929,-3.72248035],[-38.61153898,-3.72066829],[-38.61727159,-3.71880702],[-38.61732092,-3.71876655],[-38.61734851,-3.71874161],[-38.61737364,-3.71872638],[-38.61742508,-3.71871029],[-38.61746564,-3.71869651],[-38.61751896,-3.71867609],[-38.61756525,-3.71866727],[-38.61761645,-3.71865548],[-38.61766237,-3.7186532],[-38.61774788,-3.7186456],[-38.61777409,-3.71864572],[-38.61780146,-3.71864707],[-38.61783826,-3.71866047],[-38.61786913,-3.7186726],[-38.6179142,-3.7186896],[-38.61795108,-3.71870524],[-38.61798563,-3.71872082],[-38.61800929,-3.71873767],[-38.61802904,-3.71875287],[-38.61806027,-3.71877605],[-38.61808291,-3.71879754],[-38.61811486,-3.71882867],[-38.61813369,-3.71885382],[-38.61815388,-3.71890152],[-38.61816512,-3.71893393],[-38.61816815,-3.71896388],[-38.61825182,-3.71914508],[-38.61826526,-3.71917121],[-38.61830867,-3.71922812],[-38.61834103,-3.71926246],[-38.61836838,-3.71929206],[-38.61838759,-3.71931097],[-38.61842217,-3.71934288],[-38.61844729,-3.71936531],[-38.61846865,-3.71938659],[-38.61848408,-3.71940432],[-38.61850691,-3.71943138],[-38.61852837,-3.71944785],[-38.61854974,-3.71946437],[-38.61857105,-3.71947736],[-38.61860422,-3.71949388],[-38.61864217,-3.71950681],[-38.61867777,-3.71951735],[-38.61871445,-3.71952798],[-38.61874639,-3.71954215],[-38.61881982,-3.71956797],[-38.61889078,-3.71957033],[-38.61894636,-3.71957035],[-38.61900904,-3.71957035],[-38.6190469,-3.71957043],[-38.61908238,-3.7195704],[-38.6191297,-3.71956567],[-38.61919599,-3.71955396],[-38.61922202,-3.71954924],[-38.61924807,-3.71953982],[-38.61928357,-3.71952329],[-38.61934173,-3.71949863],[-38.61937607,-3.71947856],[-38.61940705,-3.71945268],[-38.61944149,-3.71941962],[-38.61946423,-3.71938424],[-38.61948319,-3.71936532],[-38.6195096,-3.71933582],[-38.61952866,-3.71930151],[-38.61954073,-3.71927313],[-38.61955267,-3.71923761],[-38.61957204,-3.71919733],[-38.61958885,-3.71916414],[-38.61961041,-3.71911906],[-38.61962854,-3.71908817],[-38.61964654,-3.71905729],[-38.61967197,-3.71901919],[-38.61969112,-3.71898828],[-38.61971641,-3.71895968],[-38.61974166,-3.71892988],[-38.61975725,-3.7189037],[-38.61979075,-3.71885252],[-38.61982917,-3.71880126],[-38.6198508,-3.71877144],[-38.61987003,-3.71874518],[-38.62011024,-3.71837676],[-38.62019649,-3.71827182],[-38.62024454,-3.71818823],[-38.62028462,-3.71808577],[-38.6203418,-3.71795473],[-38.62037973,-3.7177953],[-38.62049659,-3.71740842],[-38.62052981,-3.7171813],[-38.62053671,-3.71712521],[-38.62054025,-3.717054],[-38.62054346,-3.71700459],[-38.62054885,-3.71697234],[-38.6205584,-3.71686051],[-38.62055933,-3.71681355],[-38.62055702,-3.71678617],[-38.6205522,-3.71675392],[-38.62048952,-3.71641724],[-38.62047336,-3.71635202],[-38.62043543,-3.71627043],[-38.62040833,-3.71620511],[-38.62039204,-3.71617243],[-38.62035378,-3.71610701],[-38.62034278,-3.7160743],[-38.6203263,-3.7160525],[-38.62030431,-3.71601437],[-38.62028231,-3.71597082],[-38.62026584,-3.71594362],[-38.620222,-3.71588383],[-38.62012358,-3.71575904],[-38.62003088,-3.7156724],[-38.61999275,-3.71563455],[-38.61992201,-3.71555891],[-38.6198731,-3.71550484],[-38.6198568,-3.71548323],[-38.61972922,-3.71537252],[-38.6196722,-3.71531556],[-38.61961235,-3.7152502],[-38.6195688,-3.7151903],[-38.61949797,-3.71507594],[-38.6194598,-3.71499427],[-38.61943252,-3.71492351],[-38.6193834,-3.71481452],[-38.61934798,-3.71471666],[-38.6191294,-3.71374891],[-38.61912486,-3.71359627],[-38.61910975,-3.71338001],[-38.61907658,-3.71317153],[-38.61904317,-3.71296185],[-38.61898778,-3.71271843],[-38.61898761,-3.71269128],[-38.61895477,-3.71247459],[-38.61894928,-3.71240956],[-38.61893833,-3.71232282],[-38.61889475,-3.71217637],[-38.61886211,-3.71211124],[-38.61884035,-3.71207324],[-38.61879685,-3.71202438],[-38.61871036,-3.71196533],[-38.61866153,-3.71192201],[-38.61859642,-3.71187328],[-38.61854216,-3.71182997],[-38.61849875,-3.71179748],[-38.61844992,-3.71176499],[-38.61836311,-3.71170543],[-38.61829157,-3.71165007],[-38.61822755,-3.71160807],[-38.6181849,-3.71156564],[-38.61810503,-3.71147537],[-38.61795653,-3.71115058],[-38.61789836,-3.7109563],[-38.61787229,-3.71071952],[-38.61784526,-3.71031073],[-38.61789769,-3.71008898],[-38.61797704,-3.7099741],[-38.61801425,-3.70994094],[-38.61805677,-3.70989667],[-38.61810471,-3.70984676],[-38.61814748,-3.7098132],[-38.61819066,-3.70977473],[-38.61824512,-3.70974238],[-38.61830498,-3.70971002],[-38.61834854,-3.70969937],[-38.61844651,-3.70969453],[-38.61859326,-3.7096953],[-38.61880487,-3.70969642],[-38.6188971,-3.70971209],[-38.61902711,-3.70972908],[-38.61915688,-3.70973539],[-38.61924332,-3.70974669],[-38.61932977,-3.70976862],[-38.61942175,-3.70981187],[-38.61951366,-3.70984978],[-38.61963244,-3.70988787],[-38.61968672,-3.70990388],[-38.61982143,-3.70991516],[-38.61989676,-3.70992625],[-38.61995053,-3.70993186],[-38.6200365,-3.7099376],[-38.62017603,-3.70993819],[-38.62028861,-3.70994404],[-38.62042262,-3.70994451],[-38.62047635,-3.70995],[-38.62054079,-3.70995013],[-38.62058374,-3.70995022],[-38.62063741,-3.70995033],[-38.62068587,-3.70992884],[-38.6207238,-3.70990185],[-38.62075093,-3.70988025],[-38.6208266,-3.7098425],[-38.62086455,-3.7098155],[-38.62090244,-3.70979391],[-38.62095167,-3.7097559],[-38.62102332,-3.70968515],[-38.62105103,-3.70965247],[-38.62108391,-3.70963067],[-38.62111741,-3.70958158],[-38.6211512,-3.70952153],[-38.62116816,-3.70948874],[-38.6211747,-3.70943952],[-38.62131207,-3.70867473],[-38.62142559,-3.70836062],[-38.62145255,-3.70828482],[-38.62145792,-3.70824697],[-38.6214741,-3.70819837],[-38.62149026,-3.70812818],[-38.62150638,-3.70803105],[-38.6215117,-3.70795015],[-38.62151698,-3.7078047],[-38.6215385,-3.70764321],[-38.62154391,-3.70754093],[-38.62157094,-3.70742244],[-38.62157094,-3.70738475],[-38.62158175,-3.70734703],[-38.62158716,-3.70729317],[-38.62160339,-3.70724465],[-38.62161962,-3.70719612],[-38.62163588,-3.70716369],[-38.62165216,-3.70710966],[-38.62168481,-3.70703917],[-38.62171202,-3.70699568],[-38.62173929,-3.70694131],[-38.62176652,-3.7068816],[-38.62178282,-3.70683829],[-38.6218045,-3.70680042],[-38.62182622,-3.70675169],[-38.62185876,-3.70669214],[-38.62189673,-3.70662718],[-38.621932,-3.70656762],[-38.62195918,-3.70650798],[-38.62201089,-3.70642103],[-38.62202729,-3.70638292],[-38.62205455,-3.70633395],[-38.62208719,-3.70629046],[-38.62211988,-3.70624148],[-38.62213627,-3.70620878],[-38.62235755,-3.70556663],[-38.62236327,-3.70553446],[-38.62238013,-3.70548086],[-38.62239143,-3.70543793],[-38.62240823,-3.705395],[-38.62243075,-3.70532512],[-38.62246941,-3.70522793],[-38.62248069,-3.70514679],[-38.62248038,-3.70507616],[-38.62251095,-3.70482098],[-38.62252086,-3.70469101],[-38.6225202,-3.70457743],[-38.62251982,-3.70451259],[-38.62252462,-3.7043938],[-38.62252443,-3.70432902],[-38.62252424,-3.70426426],[-38.62252668,-3.70418875],[-38.62252912,-3.70411327],[-38.6225342,-3.70403246],[-38.62254466,-3.70397867],[-38.62256033,-3.70389266],[-38.62257123,-3.70379554],[-38.62257169,-3.70364419],[-38.62256662,-3.70355761],[-38.62254555,-3.70345457],[-38.62251919,-3.7033297],[-38.62249795,-3.70326982],[-38.62249268,-3.70324265],[-38.62243394,-3.70313351],[-38.62235773,-3.70302044],[-38.62223219,-3.70287618],[-38.62187292,-3.70264867],[-38.62184571,-3.70262169],[-38.62176432,-3.70257852],[-38.62168871,-3.70254081],[-38.62162395,-3.70251387],[-38.62155919,-3.70248694],[-38.62147285,-3.70245461],[-38.62140272,-3.70243845],[-38.62134335,-3.70241689],[-38.6212678,-3.70240072],[-38.62118685,-3.70238994],[-38.62115987,-3.70238993],[-38.6210465,-3.70237913],[-38.62093313,-3.70237906],[-38.62084123,-3.70237901],[-38.62075461,-3.70237896],[-38.62059192,-3.70237887],[-38.62050499,-3.70238423],[-38.62042336,-3.70239501],[-38.62036346,-3.70240582],[-38.62028175,-3.70242748],[-38.6201945,-3.70244916],[-38.62016722,-3.70245458],[-38.62009623,-3.70247629],[-38.62004702,-3.70249801],[-38.62001419,-3.70251431],[-38.61998135,-3.70253062],[-38.61991563,-3.70255782],[-38.61982264,-3.70259048],[-38.61965315,-3.70264493],[-38.61954921,-3.70266675],[-38.61943972,-3.70269403],[-38.61928655,-3.70272676],[-38.61920472,-3.70273765],[-38.61907379,-3.70275398],[-38.6189865,-3.70277031],[-38.61694785,-3.70301511],[-38.61690425,-3.70301522],[-38.61645133,-3.7030427],[-38.61608008,-3.70307005],[-38.61567068,-3.70310272],[-38.61526674,-3.70315174],[-38.61463085,-3.70319436],[-38.61453913,-3.70319404],[-38.61173782,-3.70329197],[-38.61164548,-3.70327572],[-38.61154766,-3.70327032],[-38.61143346,-3.70326483],[-38.61135738,-3.70325942],[-38.6112976,-3.70325398],[-38.61121069,-3.7032431],[-38.61109663,-3.70323766],[-38.60998189,-3.70315635],[-38.6089605,-3.70302052],[-38.60721779,-3.70262907],[-38.60626076,-3.702358],[-38.60496133,-3.70239598],[-38.60419947,-3.70252536],[-38.60336432,-3.7027805],[-38.6027482,-3.70298754],[-38.60135086,-3.70334622],[-38.60057764,-3.70348777],[-38.59986942,-3.70352582],[-38.59903745,-3.70352116],[-38.59735375,-3.70337456],[-38.59647861,-3.7031835],[-38.5955816,-3.70301972],[-38.59423943,-3.70250628],[-38.59343548,-3.70195499],[-38.59190893,-3.70097713],[-38.5907109,-3.7002201],[-38.58996571,-3.69954563],[-38.58947278,-3.69919874],[-38.58860235,-3.6980404],[-38.58814066,-3.69731583],[-38.58776976,-3.69671677],[-38.5875832,-3.69640598],[-38.58763299,-3.6945464],[-38.58762661,-3.69252737],[-38.58751081,-3.69208829],[-38.58727,-3.69172159],[-38.58666652,-3.69202503],[-38.58589936,-3.69263795],[-38.58510044,-3.69317703],[-38.58459647,-3.69346204],[-38.58413423,-3.69368401],[-38.58371236,-3.69383],[-38.58299845,-3.69379502],[-38.58240446,-3.693815],[-38.58178551,-3.69387822],[-38.58140426,-3.69381815],[-38.58099956,-3.693064],[-38.58091134,-3.6927705],[-38.58128699,-3.69216256],[-38.58119369,-3.69208702],[-38.58069873,-3.69281381],[-38.5808446,-3.6932075],[-38.58066579,-3.69353057],[-38.5800103,-3.6941287],[-38.5794978,-3.69472681],[-38.57871944,-3.69539707],[-38.57830597,-3.69568374],[-38.57785319,-3.69587496],[-38.5774601,-3.69592263],[-38.57728955,-3.6957095],[-38.57643086,-3.69455588],[-38.57629711,-3.69465898],[-38.57721049,-3.69588994],[-38.57706675,-3.69629354],[-38.57675675,-3.69678399],[-38.57617271,-3.69746593],[-38.57548138,-3.69821955],[-38.57504049,-3.69859034],[-38.57482594,-3.69869799],[-38.57462338,-3.69875778],[-38.57444477,-3.69866189],[-38.57418712,-3.69832487],[-38.57408672,-3.69825312],[-38.5739835,-3.6982765],[-38.57398032,-3.69839841],[-38.57403894,-3.69852596],[-38.57384111,-3.69867906],[-38.57370524,-3.69880585],[-38.57337155,-3.69906899],[-38.57307443,-3.69925967],[-38.57226409,-3.69995343],[-38.57166821,-3.70033609],[-38.57101284,-3.70064698],[-38.57063117,-3.69985037],[-38.57067599,-3.69973041],[-38.57062324,-3.69961267],[-38.57046932,-3.69958189],[-38.57034431,-3.69970271],[-38.57035707,-3.69982026],[-38.57042949,-3.69989265],[-38.57051625,-3.6999561],[-38.57085658,-3.70070201],[-38.57052428,-3.70089806],[-38.56954717,-3.70136431],[-38.56917322,-3.70148237],[-38.56888957,-3.70164688],[-38.56842674,-3.70193403],[-38.56818875,-3.70208168],[-38.56814103,-3.70226124],[-38.56734263,-3.70263185],[-38.56666351,-3.70288284],[-38.56598435,-3.70303811],[-38.56497167,-3.70313332],[-38.56385749,-3.70319174],[-38.56319345,-3.70317044],[-38.56279735,-3.70231434],[-38.56248086,-3.70160573],[-38.56207386,-3.7006442],[-38.56207394,-3.70047186],[-38.56222846,-3.70022683],[-38.56319549,-3.69890604],[-38.56336333,-3.69869549],[-38.56355394,-3.6986975],[-38.56418728,-3.69881909],[-38.5642557,-3.6987948],[-38.56426535,-3.69873522],[-38.56424204,-3.69868252],[-38.56331957,-3.69852887],[-38.56189941,-3.70047496],[-38.56193875,-3.70064216],[-38.56317794,-3.7036109],[-38.56319353,-3.70381031],[-38.56232644,-3.70431686],[-38.5613558,-3.70479993],[-38.5608816,-3.70495665],[-38.56002679,-3.7052013],[-38.55972892,-3.70516533],[-38.55963444,-3.705018],[-38.55939564,-3.70460264],[-38.55921162,-3.70411967],[-38.55916028,-3.70398499],[-38.55905948,-3.70387195],[-38.5589684,-3.70394003],[-38.55926458,-3.70468635],[-38.55916911,-3.70488976],[-38.55888315,-3.70515287],[-38.55852564,-3.70534421],[-38.55811131,-3.70552304],[-38.5576094,-3.70581201],[-38.5572764,-3.70596501],[-38.55724611,-3.70597733],[-38.55689315,-3.70612132],[-38.5565356,-3.70639643],[-38.55630925,-3.70648009],[-38.55610668,-3.70656376],[-38.55591141,-3.70661566],[-38.55566599,-3.70633611],[-38.55504701,-3.70535441],[-38.55474242,-3.70485624],[-38.55459937,-3.70496382],[-38.55521351,-3.70590508],[-38.55537748,-3.70631099],[-38.55503436,-3.70669485],[-38.55458149,-3.70706563],[-38.55441464,-3.70719718],[-38.554224,-3.7073886],[-38.55366383,-3.70783115],[-38.55302322,-3.70831347],[-38.5525317,-3.70853667],[-38.55225777,-3.70851256],[-38.55203155,-3.70817735],[-38.55168155,-3.70755752],[-38.55146894,-3.7071972],[-38.55131716,-3.70729141],[-38.55184094,-3.70810543],[-38.55200752,-3.70850049],[-38.55194786,-3.70876372],[-38.55176909,-3.70896709],[-38.55117046,-3.70943604],[-38.55054736,-3.70985404],[-38.55021939,-3.71001798],[-38.5498813,-3.71025999],[-38.54926888,-3.7105631],[-38.54889711,-3.71062922],[-38.54869469,-3.71041372],[-38.54843283,-3.71003054],[-38.54802847,-3.709339],[-38.54764997,-3.70877455],[-38.54755652,-3.70890441],[-38.54798356,-3.70964639],[-38.54843258,-3.71053318],[-38.54842058,-3.71074866],[-38.54796768,-3.71114332],[-38.54743139,-3.71154996],[-38.54703807,-3.71174108],[-38.54689428,-3.71183429],[-38.54687129,-3.71184885],[-38.5465853,-3.71199237],[-38.54616829,-3.71213581],[-38.5459182,-3.71198008],[-38.54570288,-3.71161496],[-38.54546645,-3.71122212],[-38.54535689,-3.71111652],[-38.54525806,-3.7112178],[-38.54535854,-3.71141727],[-38.54563102,-3.7118268],[-38.54577512,-3.71212358],[-38.54534604,-3.71261405],[-38.54483167,-3.71294905],[-38.54439259,-3.71325985],[-38.543904,-3.71354683],[-38.54349887,-3.71369019],[-38.54329636,-3.71365417],[-38.54303444,-3.71337884],[-38.54276062,-3.71297177],[-38.54261773,-3.71292384],[-38.54237939,-3.71305535],[-38.54216501,-3.71298341],[-38.54199757,-3.71246302],[-38.54161722,-3.71134782],[-38.54148154,-3.71113001],[-38.54138047,-3.71111088],[-38.54136923,-3.71122775],[-38.54147027,-3.71153669],[-38.54159031,-3.71187247],[-38.54179595,-3.71250446],[-38.54206458,-3.71327948],[-38.54239066,-3.71425214],[-38.54212848,-3.71449138],[-38.54170932,-3.71472397],[-38.54156837,-3.7148022],[-38.54105592,-3.71523283],[-38.54061495,-3.71555575],[-38.54010244,-3.71593843],[-38.5393636,-3.71636893],[-38.53897046,-3.71648832],[-38.5388991,-3.71621309],[-38.53870856,-3.71602147],[-38.53858935,-3.71615303],[-38.53857737,-3.7163326],[-38.53686141,-3.7171934],[-38.53642049,-3.71739663],[-38.53614949,-3.71745294],[-38.53577437,-3.71736797],[-38.53552125,-3.71734296],[-38.53538844,-3.71729503],[-38.53530347,-3.71722207],[-38.53523152,-3.71722203],[-38.53429975,-3.71771866],[-38.53302473,-3.71831633],[-38.5324648,-3.71844766],[-38.53128512,-3.71893772],[-38.53074894,-3.71911701],[-38.53030838,-3.71863803],[-38.53022986,-3.7184584],[-38.5300797,-3.71825665],[-38.52982028,-3.71831303],[-38.52968905,-3.71836241],[-38.52825928,-3.71869673],[-38.52797331,-3.71879238],[-38.5279756,-3.7188756],[-38.52807067,-3.71894118],[-38.52841186,-3.71884309],[-38.52997879,-3.71851741],[-38.53045339,-3.71909035],[-38.53046053,-3.71921302],[-38.53035278,-3.71931402],[-38.52892585,-3.71971438],[-38.52850884,-3.71983385],[-38.52810929,-3.71947104],[-38.52782342,-3.71937002],[-38.52744427,-3.71941297],[-38.52621453,-3.71970804],[-38.52559249,-3.719945],[-38.52512549,-3.7197602],[-38.52474443,-3.71949673],[-38.52472598,-3.71928334],[-38.52511921,-3.7190203],[-38.52505972,-3.71894844],[-38.52501285,-3.71897412],[-38.524974,-3.71899542],[-38.52451817,-3.71924529],[-38.5243753,-3.71917339],[-38.52425632,-3.71886221],[-38.52408236,-3.71856475],[-38.52407421,-3.71855082],[-38.52401826,-3.71845516],[-38.52445919,-3.71823991],[-38.52461446,-3.71819078],[-38.52479884,-3.71809251],[-38.52475713,-3.71797681],[-38.52386344,-3.71833539],[-38.52373258,-3.71802411],[-38.52379595,-3.71798783],[-38.52449077,-3.7176908],[-38.52436709,-3.71741621],[-38.52366614,-3.71774612],[-38.52349985,-3.71731412],[-38.52335328,-3.71738944],[-38.52344151,-3.71761999],[-38.52300534,-3.71795381],[-38.52261396,-3.71813049],[-38.52240814,-3.71779369],[-38.52230973,-3.7174684],[-38.52650967,-3.71558419],[-38.52747437,-3.71617111],[-38.52759273,-3.71602738],[-38.52655471,-3.71540143],[-38.52225427,-3.71731493],[-38.52104026,-3.71785511],[-38.5208193,-3.71746346],[-38.52071011,-3.71716803],[-38.52067341,-3.71699475],[-38.52064069,-3.71684029],[-38.52048373,-3.71609939],[-38.52036927,-3.71612735],[-38.52056564,-3.71729099],[-38.52022248,-3.71739492],[-38.52021112,-3.71734378],[-38.51999209,-3.71635743],[-38.51994398,-3.71614082],[-38.51985647,-3.71574672],[-38.51970156,-3.71578255],[-38.5200931,-3.7174081],[-38.52010807,-3.71747026],[-38.51986749,-3.71770612],[-38.51941809,-3.71785046],[-38.51789497,-3.71820042],[-38.51736296,-3.71833628],[-38.51700184,-3.71835426],[-38.5169892,-3.71833211],[-38.51639399,-3.71583203],[-38.51627412,-3.71585001],[-38.51685891,-3.7183901],[-38.51647723,-3.71842707],[-38.51573857,-3.71851044],[-38.51527067,-3.71849426],[-38.51430885,-3.71876096],[-38.5133204,-3.71877342],[-38.51268546,-3.71868577],[-38.51178012,-3.71858946],[-38.51172378,-3.71844842],[-38.51119113,-3.71350566],[-38.51093776,-3.71353286],[-38.51150486,-3.71871138],[-38.51149553,-3.7190206],[-38.51123486,-3.71929781],[-38.51115076,-3.71934958]]]},"geometry_name":"The_geom","properties":{"id":6,"nome":"Distrito 1","area_ha":2660,"fonte":"SME - Secretaria Municipal de Educação de Fortaleza","ano_ref":2023,"data_atual":"08/Ago/2023","epsg_codif":"EPSG: 31984 (SIRGAS 2000 - UTM 24S); Codificação: UTF-8"}}]}