{"type":"FeatureCollection","features":[{"type":"Feature","id":"vw_ParqueEscolarMunicipal_2023.fid-5656ca56_19a5f394e75_68bb","geometry":{"type":"Point","coordinates":[-38.54572195,-3.71323171]},"geometry_name":"geom","properties":{"id":2,"fid":2,"Tipo":"CEI","Título":"CENTRO DE EDUCAÇÃO INFANTIL","Nome":"MARIA DALVA DOS SANTOS","Seriação":"B/I-1,2,3","Faixa etária":"6 MESES A 3 ANOS","Distrito":"1","Endereço":"RUA GAL. COSTA MATOS, S/N","Bairro":"JACARECANGA","Código do bairro":18,"CEP":"60310-690","Regional":"SER 1","INEP":23311614,"CODSGE":"1149","6 mees":"SIM","1 ano":"SIM","2 anos":"SIM","3 anos":"SIM","4 anos":"NÃO","5 anos":"NÃO","6 anos":"NÃO","7 anos":"NÃO","8 anos":"NÃO","9 anos":"NÃO","10 anos":"NÃO","11 anos":"NÃO","12 anos":"NÃO","13 anos":"NÃO","14 anos":"NÃO","Ano":"2023","Fonte":"Secretaria Municipal de Educação - SME","SRC da camada":"EPSG:4326 - WGS 84","Codificação":"UTF-8"}},{"type":"Feature","id":"vw_ParqueEscolarMunicipal_2023.fid-5656ca56_19a5f394e75_68bc","geometry":{"type":"Point","coordinates":[-38.51526774,-3.85876949]},"geometry_name":"geom","properties":{"id":3,"fid":3,"Tipo":"CEI","Título":"CENTRO DE EDUCAÇÃO INFANTIL","Nome":"ANTÔNIO CÉSAR PEREIRA PINHEIRO","Seriação":"B/I-1,2,3,4,5","Faixa etária":"6 MESES A 5 ANOS","Distrito":"6","Endereço":"RUA DELMINDA SILVEIRA, S/N","Bairro":"JANGURUSSU","Código do bairro":61,"CEP":"60877-385","Regional":"SER 9","INEP":23280697,"CODSGE":"1110","6 mees":"SIM","1 ano":"SIM","2 anos":"SIM","3 anos":"SIM","4 anos":"SIM","5 anos":"SIM","6 anos":"NÃO","7 anos":"NÃO","8 anos":"NÃO","9 anos":"NÃO","10 anos":"NÃO","11 anos":"NÃO","12 anos":"NÃO","13 anos":"NÃO","14 anos":"NÃO","Ano":"2023","Fonte":"Secretaria Municipal de Educação - SME","SRC da camada":"EPSG:4326 - WGS 84","Codificação":"UTF-8"}},{"type":"Feature","id":"vw_ParqueEscolarMunicipal_2023.fid-5656ca56_19a5f394e75_68bd","geometry":{"type":"Point","coordinates":[-38.56953765,-3.82778772]},"geometry_name":"geom","properties":{"id":4,"fid":4,"Tipo":"EMTI","Título":"ESCOLA MUNICIPAL DE TEMPO INTEGRAL","Nome":"LUIZ TEIXEIRA MATOS","Seriação":"F-6,7,8,9","Faixa etária":"11 A 14 ANOS","Distrito":"5","Endereço":"RUA RENATO MAGALHÃES, S/N","Bairro":"MONDUBIM","Código do bairro":83,"CEP":"60752-280","Regional":"SER 10","INEP":0,"CODSGE":"1115","6 mees":"NÃO","1 ano":"NÃO","2 anos":"NÃO","3 anos":"NÃO","4 anos":"NÃO","5 anos":"NÃO","6 anos":"NÃO","7 anos":"NÃO","8 anos":"NÃO","9 anos":"NÃO","10 anos":"NÃO","11 anos":"SIM","12 anos":"SIM","13 anos":"SIM","14 anos":"SIM","Ano":"2023","Fonte":"Secretaria Municipal de Educação - SME","SRC da camada":"EPSG:4326 - WGS 84","Codificação":"UTF-8"}},{"type":"Feature","id":"vw_ParqueEscolarMunicipal_2023.fid-5656ca56_19a5f394e75_68be","geometry":{"type":"Point","coordinates":[-38.6190791,-3.78981012]},"geometry_name":"geom","properties":{"id":5,"fid":5,"Tipo":"EMTI","Título":"ESCOLA MUNICIPAL DE TEMPO INTEGRAL","Nome":"PROFESSORA MARIA MIRTES BASTOS MANGUEIRA","Seriação":"F-6,7,8,9","Faixa etária":"11 A 14 ANOS","Distrito":"5","Endereço":"RUA XAVIER DA SILVEIRA, S/N","Bairro":"GRANJA LISBOA","Código do bairro":78,"CEP":"60540-212","Regional":"SER 5","INEP":0,"CODSGE":"1119","6 mees":"NÃO","1 ano":"NÃO","2 anos":"NÃO","3 anos":"NÃO","4 anos":"NÃO","5 anos":"NÃO","6 anos":"NÃO","7 anos":"NÃO","8 anos":"NÃO","9 anos":"NÃO","10 anos":"NÃO","11 anos":"SIM","12 anos":"SIM","13 anos":"SIM","14 anos":"SIM","Ano":"2023","Fonte":"Secretaria Municipal de Educação - SME","SRC da camada":"EPSG:4326 - WGS 84","Codificação":"UTF-8"}},{"type":"Feature","id":"vw_ParqueEscolarMunicipal_2023.fid-5656ca56_19a5f394e75_68bf","geometry":{"type":"Point","coordinates":[-38.47289004,-3.75284507]},"geometry_name":"geom","properties":{"id":6,"fid":6,"Tipo":"CEI","Título":"CENTRO DE EDUCAÇÃO INFANTIL","Nome":"PAULO CÉSAR FEITOSA","Seriação":"B/I-1,2,3","Faixa etária":"6 MESES A 3 ANOS","Distrito":"2","Endereço":"RUA SOLON CARVALHO, S/N","Bairro":"CIDADE 2000","Código do bairro":111,"CEP":"60190-460","Regional":"SER 7","INEP":23264152,"CODSGE":"1118","6 mees":"SIM","1 ano":"SIM","2 anos":"SIM","3 anos":"SIM","4 anos":"NÃO","5 anos":"NÃO","6 anos":"NÃO","7 anos":"NÃO","8 anos":"NÃO","9 anos":"NÃO","10 anos":"NÃO","11 anos":"NÃO","12 anos":"NÃO","13 anos":"NÃO","14 anos":"NÃO","Ano":"2023","Fonte":"Secretaria Municipal de Educação - SME","SRC da camada":"EPSG:4326 - WGS 84","Codificação":"UTF-8"}},{"type":"Feature","id":"vw_ParqueEscolarMunicipal_2023.fid-5656ca56_19a5f394e75_68c0","geometry":{"type":"Point","coordinates":[-38.59517747,-3.73832126]},"geometry_name":"geom","properties":{"id":7,"fid":7,"Tipo":"EMTI","Título":"ESCOLA MUNICIPAL DE TEMPO INTEGRAL","Nome":"JOSÉ CARLOS DE OLIVEIRA NETO","Seriação":"F-6,7,8,9","Faixa etária":"11 A 14 ANOS","Distrito":"3","Endereço":"RUA SÃO VICENTE DE PAULO, S/N","Bairro":"ANTÔNIO BEZERRA","Código do bairro":40,"CEP":"60352-370","Regional":"SER 3","INEP":23280700,"CODSGE":"1111","6 mees":"NÃO","1 ano":"NÃO","2 anos":"NÃO","3 anos":"NÃO","4 anos":"NÃO","5 anos":"NÃO","6 anos":"NÃO","7 anos":"NÃO","8 anos":"NÃO","9 anos":"NÃO","10 anos":"NÃO","11 anos":"SIM","12 anos":"SIM","13 anos":"SIM","14 anos":"SIM","Ano":"2023","Fonte":"Secretaria Municipal de Educação - SME","SRC da camada":"EPSG:4326 - WGS 84","Codificação":"UTF-8"}},{"type":"Feature","id":"vw_ParqueEscolarMunicipal_2023.fid-5656ca56_19a5f394e75_68c1","geometry":{"type":"Point","coordinates":[-38.55418019,-3.84746791]},"geometry_name":"geom","properties":{"id":8,"fid":8,"Tipo":"CEI","Título":"CENTRO DE EDUCAÇÃO INFANTIL","Nome":"CIDADE JARDIM II","Seriação":"B/I-1,2,3,4","Faixa etária":"6 MESES A 4 ANOS","Distrito":"4","Endereço":"VIA ARTERIAL PROJETADA, S/N (LOT. CIDADE JARDIM II)","Bairro":"PREFEITO JOSÉ WALTER","Código do bairro":89,"CEP":"60751-197","Regional":"SER 8","INEP":23065621,"CODSGE":"1109","6 mees":"SIM","1 ano":"SIM","2 anos":"SIM","3 anos":"SIM","4 anos":"SIM","5 anos":"NÃO","6 anos":"NÃO","7 anos":"NÃO","8 anos":"NÃO","9 anos":"NÃO","10 anos":"NÃO","11 anos":"NÃO","12 anos":"NÃO","13 anos":"NÃO","14 anos":"NÃO","Ano":"2023","Fonte":"Secretaria Municipal de Educação - SME","SRC da camada":"EPSG:4326 - WGS 84","Codificação":"UTF-8"}},{"type":"Feature","id":"vw_ParqueEscolarMunicipal_2023.fid-5656ca56_19a5f394e75_68c2","geometry":{"type":"Point","coordinates":[-38.54493117,-3.82866956]},"geometry_name":"geom","properties":{"id":9,"fid":9,"Tipo":"CEI","Título":"CENTRO DE EDUCAÇÃO INFANTIL","Nome":"CIDADE JARDIM I","Seriação":"B/I-1,2,3","Faixa etária":"6 MESES A 3 ANOS","Distrito":"4","Endereço":"RUA E, S/N (LOT. CIDADE JARDIM I)","Bairro":"PREFEITO JOSÉ WALTER","Código do bairro":89,"CEP":"60748-057","Regional":"SER 8","INEP":23076798,"CODSGE":"1108","6 mees":"SIM","1 ano":"SIM","2 anos":"SIM","3 anos":"SIM","4 anos":"NÃO","5 anos":"NÃO","6 anos":"NÃO","7 anos":"NÃO","8 anos":"NÃO","9 anos":"NÃO","10 anos":"NÃO","11 anos":"NÃO","12 anos":"NÃO","13 anos":"NÃO","14 anos":"NÃO","Ano":"2023","Fonte":"Secretaria Municipal de Educação - SME","SRC da camada":"EPSG:4326 - WGS 84","Codificação":"UTF-8"}},{"type":"Feature","id":"vw_ParqueEscolarMunicipal_2023.fid-5656ca56_19a5f394e75_68c3","geometry":{"type":"Point","coordinates":[-38.58346115,-3.75982596]},"geometry_name":"geom","properties":{"id":10,"fid":10,"Tipo":"CEI","Título":"CENTRO DE EDUCAÇÃO INFANTIL","Nome":"MARIA DA CONCEIÇÃO HOLANDA CAVALCANTE","Seriação":"B/I-1,2,3","Faixa etária":"6 MESES A 3 ANOS","Distrito":"3","Endereço":"RUA JOCKEY CLUB, S/N","Bairro":"HENRIQUE JORGE","Código do bairro":45,"CEP":"60510-325","Regional":"SER 11","INEP":23072156,"CODSGE":"1107","6 mees":"SIM","1 ano":"SIM","2 anos":"SIM","3 anos":"SIM","4 anos":"NÃO","5 anos":"NÃO","6 anos":"NÃO","7 anos":"NÃO","8 anos":"NÃO","9 anos":"NÃO","10 anos":"NÃO","11 anos":"NÃO","12 anos":"NÃO","13 anos":"NÃO","14 anos":"NÃO","Ano":"2023","Fonte":"Secretaria Municipal de Educação - SME","SRC da camada":"EPSG:4326 - WGS 84","Codificação":"UTF-8"}},{"type":"Feature","id":"vw_ParqueEscolarMunicipal_2023.fid-5656ca56_19a5f394e75_68c4","geometry":{"type":"Point","coordinates":[-38.59335783,-3.82648165]},"geometry_name":"geom","properties":{"id":11,"fid":11,"Tipo":"EMTI","Título":"ESCOLA MUNICIPAL DE TEMPO INTEGRAL","Nome":"PASTOR FLORÊNCIO NUNES NETO","Seriação":"F-6,7,8,9","Faixa etária":"11 A 14 ANOS","Distrito":"5","Endereço":"RUA OSÓRIO CORREIA, S/N","Bairro":"PARQUE PRESIDENTE VARGAS","Código do bairro":85,"CEP":"60765-515","Regional":"SER 10","INEP":23279109,"CODSGE":"1113","6 mees":"NÃO","1 ano":"NÃO","2 anos":"NÃO","3 anos":"NÃO","4 anos":"NÃO","5 anos":"NÃO","6 anos":"NÃO","7 anos":"NÃO","8 anos":"NÃO","9 anos":"NÃO","10 anos":"NÃO","11 anos":"SIM","12 anos":"SIM","13 anos":"SIM","14 anos":"SIM","Ano":"2023","Fonte":"Secretaria Municipal de Educação - SME","SRC da camada":"EPSG:4326 - WGS 84","Codificação":"UTF-8"}},{"type":"Feature","id":"vw_ParqueEscolarMunicipal_2023.fid-5656ca56_19a5f394e75_68c5","geometry":{"type":"Point","coordinates":[-38.54849143,-3.79925937]},"geometry_name":"geom","properties":{"id":12,"fid":12,"Tipo":"CEI","Título":"CENTRO DE EDUCAÇÃO INFANTIL","Nome":"FRANCISCA RODRIGUES DE SOUSA","Seriação":"B/I-1,2,3","Faixa etária":"6 MESES A 3 ANOS","Distrito":"4","Endereço":"RUA E, S/N (CJ. JARDIM PRIMAVERA)","Bairro":"PARQUE DOIS IRMÃOS","Código do bairro":84,"CEP":"60743-255","Regional":"SER 8","INEP":23186909,"CODSGE":"1106","6 mees":"SIM","1 ano":"SIM","2 anos":"SIM","3 anos":"SIM","4 anos":"NÃO","5 anos":"NÃO","6 anos":"NÃO","7 anos":"NÃO","8 anos":"NÃO","9 anos":"NÃO","10 anos":"NÃO","11 anos":"NÃO","12 anos":"NÃO","13 anos":"NÃO","14 anos":"NÃO","Ano":"2023","Fonte":"Secretaria Municipal de Educação - SME","SRC da camada":"EPSG:4326 - WGS 84","Codificação":"UTF-8"}},{"type":"Feature","id":"vw_ParqueEscolarMunicipal_2023.fid-5656ca56_19a5f394e75_68c6","geometry":{"type":"Point","coordinates":[-38.55118437,-3.80373835]},"geometry_name":"geom","properties":{"id":13,"fid":13,"Tipo":"EMTI","Título":"ESCOLA MUNICIPAL DE TEMPO INTEGRAL","Nome":"REITOR ROBERTO CLÁUDIO FROTA BEZERRA","Seriação":"F-6,7,8,9","Faixa etária":"11 A 14 ANOS","Distrito":"4","Endereço":"AV. I, S/N (LOT. AV. DOS EXPEDICIONÁRIOS)","Bairro":"PARQUE DOIS IRMÃOS","Código do bairro":84,"CEP":"60745-500","Regional":"SER 8","INEP":23280689,"CODSGE":"1112","6 mees":"NÃO","1 ano":"NÃO","2 anos":"NÃO","3 anos":"NÃO","4 anos":"NÃO","5 anos":"NÃO","6 anos":"NÃO","7 anos":"NÃO","8 anos":"NÃO","9 anos":"NÃO","10 anos":"NÃO","11 anos":"SIM","12 anos":"SIM","13 anos":"SIM","14 anos":"SIM","Ano":"2023","Fonte":"Secretaria Municipal de Educação - SME","SRC da camada":"EPSG:4326 - WGS 84","Codificação":"UTF-8"}},{"type":"Feature","id":"vw_ParqueEscolarMunicipal_2023.fid-5656ca56_19a5f394e75_68c7","geometry":{"type":"Point","coordinates":[-38.58789742,-3.79868103]},"geometry_name":"geom","properties":{"id":14,"fid":14,"Tipo":"CRP","Título":"CRECHE PARCEIRA","Nome":"MARCÍLIO AMORIM","Seriação":"I-1,2,3","Faixa etária":"1 A 3 ANOS","Distrito":"5","Endereço":"RUA COMENDADOR GARCIA, 1817","Bairro":"PARQUE SÃO JOSÉ","Código do bairro":86,"CEP":"60730-235","Regional":"SER 10","INEP":23257300,"CODSGE":"1127","6 mees":"NÃO","1 ano":"SIM","2 anos":"SIM","3 anos":"SIM","4 anos":"NÃO","5 anos":"NÃO","6 anos":"NÃO","7 anos":"NÃO","8 anos":"NÃO","9 anos":"NÃO","10 anos":"NÃO","11 anos":"NÃO","12 anos":"NÃO","13 anos":"NÃO","14 anos":"NÃO","Ano":"2023","Fonte":"Secretaria Municipal de Educação - SME","SRC da camada":"EPSG:4326 - WGS 84","Codificação":"UTF-8"}},{"type":"Feature","id":"vw_ParqueEscolarMunicipal_2023.fid-5656ca56_19a5f394e75_68c8","geometry":{"type":"Point","coordinates":[-38.57057957,-3.81702189]},"geometry_name":"geom","properties":{"id":15,"fid":15,"Tipo":"CRP","Título":"CRECHE PARCEIRA","Nome":"TIO SÉRGIO","Seriação":"I-1,2,3","Faixa etária":"1 A 3 ANOS","Distrito":"5","Endereço":"RUA 9, 42 (CONJ. SÍTIO CÓRREGO)","Bairro":"MONDUBIM","Código do bairro":83,"CEP":"60752-100","Regional":"SER 10","INEP":23280964,"CODSGE":"1131","6 mees":"NÃO","1 ano":"SIM","2 anos":"SIM","3 anos":"SIM","4 anos":"NÃO","5 anos":"NÃO","6 anos":"NÃO","7 anos":"NÃO","8 anos":"NÃO","9 anos":"NÃO","10 anos":"NÃO","11 anos":"NÃO","12 anos":"NÃO","13 anos":"NÃO","14 anos":"NÃO","Ano":"2023","Fonte":"Secretaria Municipal de Educação - SME","SRC da camada":"EPSG:4326 - WGS 84","Codificação":"UTF-8"}},{"type":"Feature","id":"vw_ParqueEscolarMunicipal_2023.fid-5656ca56_19a5f394e75_68c9","geometry":{"type":"Point","coordinates":[-38.50464545,-3.80518442]},"geometry_name":"geom","properties":{"id":16,"fid":16,"Tipo":"CRP","Título":"CRECHE PARCEIRA","Nome":"ACADEMIA DA CRIANÇA","Seriação":"I-1,2,3","Faixa etária":"1 A 3 ANOS","Distrito":"6","Endereço":"RUA GREGÓRIO DE FRANÇA, 174","Bairro":"CAJAZEIRAS","Código do bairro":52,"CEP":"60864-400","Regional":"SER 9","INEP":23280980,"CODSGE":"1130","6 mees":"NÃO","1 ano":"SIM","2 anos":"SIM","3 anos":"SIM","4 anos":"NÃO","5 anos":"NÃO","6 anos":"NÃO","7 anos":"NÃO","8 anos":"NÃO","9 anos":"NÃO","10 anos":"NÃO","11 anos":"NÃO","12 anos":"NÃO","13 anos":"NÃO","14 anos":"NÃO","Ano":"2023","Fonte":"Secretaria Municipal de Educação - SME","SRC da camada":"EPSG:4326 - WGS 84","Codificação":"UTF-8"}},{"type":"Feature","id":"vw_ParqueEscolarMunicipal_2023.fid-5656ca56_19a5f394e75_68ca","geometry":{"type":"Point","coordinates":[-38.61829067,-3.78654629]},"geometry_name":"geom","properties":{"id":17,"fid":17,"Tipo":"CRP","Título":"CRECHE PARCEIRA","Nome":"MÃE BALBINA","Seriação":"I-1,2,3","Faixa etária":"1 A 3 ANOS","Distrito":"5","Endereço":"RUA GERALDO BARBOSA, 2968","Bairro":"GRANJA LISBOA","Código do bairro":78,"CEP":"60540-342","Regional":"SER 5","INEP":23280557,"CODSGE":"1129","6 mees":"NÃO","1 ano":"SIM","2 anos":"SIM","3 anos":"SIM","4 anos":"NÃO","5 anos":"NÃO","6 anos":"NÃO","7 anos":"NÃO","8 anos":"NÃO","9 anos":"NÃO","10 anos":"NÃO","11 anos":"NÃO","12 anos":"NÃO","13 anos":"NÃO","14 anos":"NÃO","Ano":"2023","Fonte":"Secretaria Municipal de Educação - SME","SRC da camada":"EPSG:4326 - WGS 84","Codificação":"UTF-8"}},{"type":"Feature","id":"vw_ParqueEscolarMunicipal_2023.fid-5656ca56_19a5f394e75_68cb","geometry":{"type":"Point","coordinates":[-38.58877966,-3.79404839]},"geometry_name":"geom","properties":{"id":18,"fid":18,"Tipo":"CRP","Título":"CRECHE PARCEIRA","Nome":"SEMENTE DO AMANHÃ II","Seriação":"I-1,2,3","Faixa etária":"1 A 3 ANOS","Distrito":"5","Endereço":"RUA MONSENHOR AGOSTINHO, 1362","Bairro":"PARQUE SÃO JOSÉ","Código do bairro":86,"CEP":"60730-275","Regional":"SER 10","INEP":23280352,"CODSGE":"1128","6 mees":"NÃO","1 ano":"SIM","2 anos":"SIM","3 anos":"SIM","4 anos":"NÃO","5 anos":"NÃO","6 anos":"NÃO","7 anos":"NÃO","8 anos":"NÃO","9 anos":"NÃO","10 anos":"NÃO","11 anos":"NÃO","12 anos":"NÃO","13 anos":"NÃO","14 anos":"NÃO","Ano":"2023","Fonte":"Secretaria Municipal de Educação - SME","SRC da camada":"EPSG:4326 - WGS 84","Codificação":"UTF-8"}},{"type":"Feature","id":"vw_ParqueEscolarMunicipal_2023.fid-5656ca56_19a5f394e75_68cc","geometry":{"type":"Point","coordinates":[-38.53105177,-3.76839659]},"geometry_name":"geom","properties":{"id":19,"fid":19,"Tipo":"CRP","Título":"CRECHE PARCEIRA","Nome":"DOMINGOS SÁVIO","Seriação":"I-1,2,3","Faixa etária":"1 A 3 ANOS","Distrito":"4","Endereço":"RUA HELVÉCIO MONTE, 165","Bairro":"VILA UNIÃO","Código do bairro":109,"CEP":"60420-040","Regional":"SER 4","INEP":23280514,"CODSGE":"1126","6 mees":"NÃO","1 ano":"SIM","2 anos":"SIM","3 anos":"SIM","4 anos":"NÃO","5 anos":"NÃO","6 anos":"NÃO","7 anos":"NÃO","8 anos":"NÃO","9 anos":"NÃO","10 anos":"NÃO","11 anos":"NÃO","12 anos":"NÃO","13 anos":"NÃO","14 anos":"NÃO","Ano":"2023","Fonte":"Secretaria Municipal de Educação - SME","SRC da camada":"EPSG:4326 - WGS 84","Codificação":"UTF-8"}},{"type":"Feature","id":"vw_ParqueEscolarMunicipal_2023.fid-5656ca56_19a5f394e75_68cd","geometry":{"type":"Point","coordinates":[-38.5283,-3.77259996]},"geometry_name":"geom","properties":{"id":20,"fid":20,"Tipo":"CEI","Título":"CENTRO DE EDUCAÇÃO INFANTIL","Nome":"PETRONILLA ISONNI","Seriação":"B/I-1,2,3","Faixa etária":"6 MESES A 3 ANOS","Distrito":"4","Endereço":"AV. LAURO VIEIRA CHAVES, S/N","Bairro":"AEROPORTO","Código do bairro":92,"CEP":"60422-700","Regional":"SER 4","INEP":23262605,"CODSGE":"1032","6 mees":"SIM","1 ano":"SIM","2 anos":"SIM","3 anos":"SIM","4 anos":"NÃO","5 anos":"NÃO","6 anos":"NÃO","7 anos":"NÃO","8 anos":"NÃO","9 anos":"NÃO","10 anos":"NÃO","11 anos":"NÃO","12 anos":"NÃO","13 anos":"NÃO","14 anos":"NÃO","Ano":"2023","Fonte":"Secretaria Municipal de Educação - SME","SRC da camada":"EPSG:4326 - WGS 84","Codificação":"UTF-8"}},{"type":"Feature","id":"vw_ParqueEscolarMunicipal_2023.fid-5656ca56_19a5f394e75_68ce","geometry":{"type":"Point","coordinates":[-38.53758769,-3.76605698]},"geometry_name":"geom","properties":{"id":21,"fid":21,"Tipo":"CRP","Título":"CRECHE PARCEIRA","Nome":"VILA DA CRIANÇA","Seriação":"I-1,2,3","Faixa etária":"1 A 3 ANOS","Distrito":"4","Endereço":"RUA VICENTE PADILHA, 533","Bairro":"VILA UNIÃO","Código do bairro":109,"CEP":"60410-680","Regional":"SER 4","INEP":23280298,"CODSGE":"1125","6 mees":"NÃO","1 ano":"SIM","2 anos":"SIM","3 anos":"SIM","4 anos":"NÃO","5 anos":"NÃO","6 anos":"NÃO","7 anos":"NÃO","8 anos":"NÃO","9 anos":"NÃO","10 anos":"NÃO","11 anos":"NÃO","12 anos":"NÃO","13 anos":"NÃO","14 anos":"NÃO","Ano":"2023","Fonte":"Secretaria Municipal de Educação - SME","SRC da camada":"EPSG:4326 - WGS 84","Codificação":"UTF-8"}},{"type":"Feature","id":"vw_ParqueEscolarMunicipal_2023.fid-5656ca56_19a5f394e75_68cf","geometry":{"type":"Point","coordinates":[-38.5933497,-3.74348014]},"geometry_name":"geom","properties":{"id":22,"fid":22,"Tipo":"CRP","Título":"CRECHE PARCEIRA","Nome":"CASARÃO DA CRIANÇA","Seriação":"I-1,2,3","Faixa etária":"1 A 3 ANOS","Distrito":"3","Endereço":"RUA CEL. JOAQUIM FRANKLIN, 733","Bairro":"ANTÔNIO BEZERRA","Código do bairro":40,"CEP":"60361-130","Regional":"SER 3","INEP":23279567,"CODSGE":"1122","6 mees":"NÃO","1 ano":"SIM","2 anos":"SIM","3 anos":"SIM","4 anos":"NÃO","5 anos":"NÃO","6 anos":"NÃO","7 anos":"NÃO","8 anos":"NÃO","9 anos":"NÃO","10 anos":"NÃO","11 anos":"NÃO","12 anos":"NÃO","13 anos":"NÃO","14 anos":"NÃO","Ano":"2023","Fonte":"Secretaria Municipal de Educação - SME","SRC da camada":"EPSG:4326 - WGS 84","Codificação":"UTF-8"}},{"type":"Feature","id":"vw_ParqueEscolarMunicipal_2023.fid-5656ca56_19a5f394e75_68d0","geometry":{"type":"Point","coordinates":[-38.59766,-3.773124]},"geometry_name":"geom","properties":{"id":23,"fid":23,"Tipo":"CRP","Título":"CRECHE PARCEIRA","Nome":"CORES E BRINCADEIRAS","Seriação":"I-1,2,3","Faixa etária":"1 A 3 ANOS","Distrito":"5","Endereço":"AV. I, 897","Bairro":"GRANJA PORTUGAL","Código do bairro":79,"CEP":"60541-617","Regional":"SER 5","INEP":23280077,"CODSGE":"1121","6 mees":"NÃO","1 ano":"SIM","2 anos":"SIM","3 anos":"SIM","4 anos":"NÃO","5 anos":"NÃO","6 anos":"NÃO","7 anos":"NÃO","8 anos":"NÃO","9 anos":"NÃO","10 anos":"NÃO","11 anos":"NÃO","12 anos":"NÃO","13 anos":"NÃO","14 anos":"NÃO","Ano":"2023","Fonte":"Secretaria Municipal de Educação - SME","SRC da camada":"EPSG:4326 - WGS 84","Codificação":"UTF-8"}},{"type":"Feature","id":"vw_ParqueEscolarMunicipal_2023.fid-5656ca56_19a5f394e75_68d1","geometry":{"type":"Point","coordinates":[-38.57103584,-3.71604425]},"geometry_name":"geom","properties":{"id":24,"fid":24,"Tipo":"CRP","Título":"CRECHE PARCEIRA","Nome":"TIA ARLETE","Seriação":"I-1,2,3","Faixa etária":"1 A 3 ANOS","Distrito":"1","Endereço":"RUA SÃO ROQUE, 32","Bairro":"ÁLVARO WEYNE","Código do bairro":3,"CEP":"60336-060","Regional":"SER 1","INEP":23280948,"CODSGE":"1124","6 mees":"NÃO","1 ano":"SIM","2 anos":"SIM","3 anos":"SIM","4 anos":"NÃO","5 anos":"NÃO","6 anos":"NÃO","7 anos":"NÃO","8 anos":"NÃO","9 anos":"NÃO","10 anos":"NÃO","11 anos":"NÃO","12 anos":"NÃO","13 anos":"NÃO","14 anos":"NÃO","Ano":"2023","Fonte":"Secretaria Municipal de Educação - SME","SRC da camada":"EPSG:4326 - WGS 84","Codificação":"UTF-8"}},{"type":"Feature","id":"vw_ParqueEscolarMunicipal_2023.fid-5656ca56_19a5f394e75_68d2","geometry":{"type":"Point","coordinates":[-38.59216998,-3.72001177]},"geometry_name":"geom","properties":{"id":25,"fid":25,"Tipo":"CRP","Título":"CRECHE PARCEIRA","Nome":"UNIVERSO INFANTIL","Seriação":"I-1,2,3","Faixa etária":"1 A 3 ANOS","Distrito":"1","Endereço":"RUA CARLOS WALRAVEN, 367","Bairro":"JARDIM GUANABARA","Código do bairro":20,"CEP":"60346-672","Regional":"SER 1","INEP":23280131,"CODSGE":"1123","6 mees":"NÃO","1 ano":"SIM","2 anos":"SIM","3 anos":"SIM","4 anos":"NÃO","5 anos":"NÃO","6 anos":"NÃO","7 anos":"NÃO","8 anos":"NÃO","9 anos":"NÃO","10 anos":"NÃO","11 anos":"NÃO","12 anos":"NÃO","13 anos":"NÃO","14 anos":"NÃO","Ano":"2023","Fonte":"Secretaria Municipal de Educação - SME","SRC da camada":"EPSG:4326 - WGS 84","Codificação":"UTF-8"}},{"type":"Feature","id":"vw_ParqueEscolarMunicipal_2023.fid-5656ca56_19a5f394e75_68d3","geometry":{"type":"Point","coordinates":[-38.54067077,-3.80011677]},"geometry_name":"geom","properties":{"id":26,"fid":26,"Tipo":"CEI","Título":"CENTRO DE EDUCAÇÃO INFANTIL","Nome":"DOUTOR SÁVIO CALDAS ALENCAR","Seriação":"B/I-1,2,3","Faixa etária":"6 MESES A 3 ANOS","Distrito":"4","Endereço":"RUA E, S/N(LOT. RES. NOVO PASSARÉ)","Bairro":"PASSARÉ","Código do bairro":88,"CEP":"60743-825","Regional":"SER 8","INEP":23186909,"CODSGE":"1117","6 mees":"SIM","1 ano":"SIM","2 anos":"SIM","3 anos":"SIM","4 anos":"NÃO","5 anos":"NÃO","6 anos":"NÃO","7 anos":"NÃO","8 anos":"NÃO","9 anos":"NÃO","10 anos":"NÃO","11 anos":"NÃO","12 anos":"NÃO","13 anos":"NÃO","14 anos":"NÃO","Ano":"2023","Fonte":"Secretaria Municipal de Educação - SME","SRC da camada":"EPSG:4326 - WGS 84","Codificação":"UTF-8"}},{"type":"Feature","id":"vw_ParqueEscolarMunicipal_2023.fid-5656ca56_19a5f394e75_68d4","geometry":{"type":"Point","coordinates":[-38.46660685,-3.71364004]},"geometry_name":"geom","properties":{"id":27,"fid":27,"Tipo":"EMTI","Título":"ESCOLA MUNICIPAL DE TEMPO INTEGRAL","Nome":"VEREADOR ALBERTO GOMES DE QUEIROZ","Seriação":"F-6,7,8,9","Faixa etária":"11 A 14 ANOS","Distrito":"2","Endereço":"AV. ZEZÉ DIOGO, 782","Bairro":"CAIS DO PORTO","Código do bairro":110,"CEP":"60180-012","Regional":"SER 2","INEP":23279621,"CODSGE":"1116","6 mees":"NÃO","1 ano":"NÃO","2 anos":"NÃO","3 anos":"NÃO","4 anos":"NÃO","5 anos":"NÃO","6 anos":"NÃO","7 anos":"NÃO","8 anos":"NÃO","9 anos":"NÃO","10 anos":"NÃO","11 anos":"SIM","12 anos":"SIM","13 anos":"SIM","14 anos":"SIM","Ano":"2023","Fonte":"Secretaria Municipal de Educação - SME","SRC da camada":"EPSG:4326 - WGS 84","Codificação":"UTF-8"}},{"type":"Feature","id":"vw_ParqueEscolarMunicipal_2023.fid-5656ca56_19a5f394e75_68d5","geometry":{"type":"Point","coordinates":[-38.51454001,-3.85573503]},"geometry_name":"geom","properties":{"id":28,"fid":28,"Tipo":"EMTP","Título":"ESCOLA MUNICIPAL","Nome":"ROSA DA FONSECA","Seriação":"F-1,2,3,4,5,6,7,8,9","Faixa etária":"6 A 14 ANOS","Distrito":"6","Endereço":"RUA ALVORADA DA PAZ, 46","Bairro":"JANGURUSSU","Código do bairro":61,"CEP":"60877-512","Regional":"SER 9","INEP":23280697,"CODSGE":"1039","6 mees":"NÃO","1 ano":"NÃO","2 anos":"NÃO","3 anos":"NÃO","4 anos":"NÃO","5 anos":"NÃO","6 anos":"SIM","7 anos":"SIM","8 anos":"SIM","9 anos":"SIM","10 anos":"SIM","11 anos":"SIM","12 anos":"SIM","13 anos":"SIM","14 anos":"SIM","Ano":"2023","Fonte":"Secretaria Municipal de Educação - SME","SRC da camada":"EPSG:4326 - WGS 84","Codificação":"UTF-8"}},{"type":"Feature","id":"vw_ParqueEscolarMunicipal_2023.fid-5656ca56_19a5f394e75_68d6","geometry":{"type":"Point","coordinates":[-38.60487728,-3.78600232]},"geometry_name":"geom","properties":{"id":29,"fid":29,"Tipo":"CEI","Título":"CENTRO DE EDUCAÇÃO INFANTIL","Nome":"PROFESSOR MIRTON LA'MARQUES","Seriação":"B/I-1,2,3","Faixa etária":"6 MESES A 3 ANOS","Distrito":"5","Endereço":"RUA JOÃO XXIII, S/N","Bairro":"GRANJA PORTUGAL","Código do bairro":79,"CEP":"60540-664","Regional":"SER 5","INEP":23263113,"CODSGE":"1035","6 mees":"SIM","1 ano":"SIM","2 anos":"SIM","3 anos":"SIM","4 anos":"NÃO","5 anos":"NÃO","6 anos":"NÃO","7 anos":"NÃO","8 anos":"NÃO","9 anos":"NÃO","10 anos":"NÃO","11 anos":"NÃO","12 anos":"NÃO","13 anos":"NÃO","14 anos":"NÃO","Ano":"2023","Fonte":"Secretaria Municipal de Educação - SME","SRC da camada":"EPSG:4326 - WGS 84","Codificação":"UTF-8"}},{"type":"Feature","id":"vw_ParqueEscolarMunicipal_2023.fid-5656ca56_19a5f394e75_68d7","geometry":{"type":"Point","coordinates":[-38.46632666,-3.71431258]},"geometry_name":"geom","properties":{"id":30,"fid":30,"Tipo":"CEI","Título":"CENTRO DE EDUCAÇÃO INFANTIL","Nome":"MARIA FERREIRA DIAS","Seriação":"B/I-1,2,3","Faixa etária":"6 MESES A 3 ANOS","Distrito":"2","Endereço":"AV. ZEZÉ DIOGO, S/N","Bairro":"CAIS DO PORTO","Código do bairro":110,"CEP":"60180-012","Regional":"SER 2","INEP":23257369,"CODSGE":"1038","6 mees":"SIM","1 ano":"SIM","2 anos":"SIM","3 anos":"SIM","4 anos":"NÃO","5 anos":"NÃO","6 anos":"NÃO","7 anos":"NÃO","8 anos":"NÃO","9 anos":"NÃO","10 anos":"NÃO","11 anos":"NÃO","12 anos":"NÃO","13 anos":"NÃO","14 anos":"NÃO","Ano":"2023","Fonte":"Secretaria Municipal de Educação - SME","SRC da camada":"EPSG:4326 - WGS 84","Codificação":"UTF-8"}},{"type":"Feature","id":"vw_ParqueEscolarMunicipal_2023.fid-5656ca56_19a5f394e75_68d8","geometry":{"type":"Point","coordinates":[-38.55363864,-3.84742845]},"geometry_name":"geom","properties":{"id":31,"fid":31,"Tipo":"EMTP","Título":"ESCOLA MUNICIPAL","Nome":"PROFESSOR NOBERTO NOGUEIRA ALVES","Seriação":"F-1,2,3,4,5,6,7,8,9","Faixa etária":"6 A 14 ANOS","Distrito":"4","Endereço":"VIA ARTERIAL PROJETADA, S/N (RES. CIDADE JARDIM II)","Bairro":"PREFEITO JOSÉ WALTER","Código do bairro":89,"CEP":"60751-197","Regional":"SER 8","INEP":23279320,"CODSGE":"1040","6 mees":"NÃO","1 ano":"NÃO","2 anos":"NÃO","3 anos":"NÃO","4 anos":"NÃO","5 anos":"NÃO","6 anos":"SIM","7 anos":"SIM","8 anos":"SIM","9 anos":"SIM","10 anos":"SIM","11 anos":"SIM","12 anos":"SIM","13 anos":"SIM","14 anos":"SIM","Ano":"2023","Fonte":"Secretaria Municipal de Educação - SME","SRC da camada":"EPSG:4326 - WGS 84","Codificação":"UTF-8"}},{"type":"Feature","id":"vw_ParqueEscolarMunicipal_2023.fid-5656ca56_19a5f394e75_68d9","geometry":{"type":"Point","coordinates":[-38.51024428,-3.8565141]},"geometry_name":"geom","properties":{"id":32,"fid":32,"Tipo":"CEI","Título":"CENTRO DE EDUCAÇÃO INFANTIL","Nome":"PEDRO FERREIRA MESQUITA","Seriação":"B/I-1,2,3,4,5","Faixa etária":"6 MESES A 5 ANOS","Distrito":"6","Endereço":"VIA PROJETADA 4, S/N (RES. LUIZ GONZAGA)","Bairro":"JANGURUSSU","Código do bairro":61,"CEP":"60877-523","Regional":"SER 9","INEP":23280697,"CODSGE":"1034","6 mees":"SIM","1 ano":"SIM","2 anos":"SIM","3 anos":"SIM","4 anos":"SIM","5 anos":"SIM","6 anos":"NÃO","7 anos":"NÃO","8 anos":"NÃO","9 anos":"NÃO","10 anos":"NÃO","11 anos":"NÃO","12 anos":"NÃO","13 anos":"NÃO","14 anos":"NÃO","Ano":"2023","Fonte":"Secretaria Municipal de Educação - SME","SRC da camada":"EPSG:4326 - WGS 84","Codificação":"UTF-8"}},{"type":"Feature","id":"vw_ParqueEscolarMunicipal_2023.fid-5656ca56_19a5f394e75_68da","geometry":{"type":"Point","coordinates":[-38.49129002,-3.77243004]},"geometry_name":"geom","properties":{"id":33,"fid":33,"Tipo":"CEI","Título":"CENTRO DE EDUCAÇÃO INFANTIL","Nome":"ESMERINDA SOARES DA SILVA","Seriação":"B/I-1,2,3","Faixa etária":"6 MESES A 3 ANOS","Distrito":"2","Endereço":"RUA AURISTELA MAIA FARIAS, S/N","Bairro":"ENGENHEIRO LUCIANO CAVALCANTE","Código do bairro":58,"CEP":"60811-100","Regional":"SER 7","INEP":23257482,"CODSGE":"1033","6 mees":"SIM","1 ano":"SIM","2 anos":"SIM","3 anos":"SIM","4 anos":"NÃO","5 anos":"NÃO","6 anos":"NÃO","7 anos":"NÃO","8 anos":"NÃO","9 anos":"NÃO","10 anos":"NÃO","11 anos":"NÃO","12 anos":"NÃO","13 anos":"NÃO","14 anos":"NÃO","Ano":"2023","Fonte":"Secretaria Municipal de Educação - SME","SRC da camada":"EPSG:4326 - WGS 84","Codificação":"UTF-8"}},{"type":"Feature","id":"vw_ParqueEscolarMunicipal_2023.fid-5656ca56_19a5f394e75_68db","geometry":{"type":"Point","coordinates":[-38.5857929,-3.83278613]},"geometry_name":"geom","properties":{"id":34,"fid":34,"Tipo":"CEI","Título":"CENTRO DE EDUCAÇÃO INFANTIL","Nome":"MARIA FÉLIX RODRIGUES","Seriação":"B/I-1,2,3","Faixa etária":"6 MESES A 3 ANOS","Distrito":"5","Endereço":"AV C, S/N (CONJ. ARACAPÉ)","Bairro":"ARACAPÉ","Código do bairro":120,"CEP":"60765-052","Regional":"SER 10","INEP":23234067,"CODSGE":"1036","6 mees":"SIM","1 ano":"SIM","2 anos":"SIM","3 anos":"SIM","4 anos":"NÃO","5 anos":"NÃO","6 anos":"NÃO","7 anos":"NÃO","8 anos":"NÃO","9 anos":"NÃO","10 anos":"NÃO","11 anos":"NÃO","12 anos":"NÃO","13 anos":"NÃO","14 anos":"NÃO","Ano":"2023","Fonte":"Secretaria Municipal de Educação - SME","SRC da camada":"EPSG:4326 - WGS 84","Codificação":"UTF-8"}},{"type":"Feature","id":"vw_ParqueEscolarMunicipal_2023.fid-5656ca56_19a5f394e75_68dc","geometry":{"type":"Point","coordinates":[-38.59008316,-3.78347013]},"geometry_name":"geom","properties":{"id":35,"fid":35,"Tipo":"CEI","Título":"CENTRO DE EDUCAÇÃO INFANTIL","Nome":"MARIA ROSA DE ALMEIDA","Seriação":"B/I-1,2,3","Faixa etária":"6 MESES A 3 ANOS","Distrito":"5","Endereço":"RUA SOUSA CARVALHO, 625","Bairro":"BONSUCESSO","Código do bairro":73,"CEP":"60541-646","Regional":"SER 5","INEP":23065311,"CODSGE":"1037","6 mees":"SIM","1 ano":"SIM","2 anos":"SIM","3 anos":"SIM","4 anos":"NÃO","5 anos":"NÃO","6 anos":"NÃO","7 anos":"NÃO","8 anos":"NÃO","9 anos":"NÃO","10 anos":"NÃO","11 anos":"NÃO","12 anos":"NÃO","13 anos":"NÃO","14 anos":"NÃO","Ano":"2023","Fonte":"Secretaria Municipal de Educação - SME","SRC da camada":"EPSG:4326 - WGS 84","Codificação":"UTF-8"}},{"type":"Feature","id":"vw_ParqueEscolarMunicipal_2023.fid-5656ca56_19a5f394e75_68dd","geometry":{"type":"Point","coordinates":[-38.5876619,-3.79903705]},"geometry_name":"geom","properties":{"id":36,"fid":36,"Tipo":"ANE","Título":"ESCOLA MUNICIPAL","Nome":"HENRIQUETA GALENO UNID II","Seriação":"F-4,5,6,7,8","Faixa etária":"9 A 13 ANOS","Distrito":"5","Endereço":"RUA DOM XISTO ALBANO, 1852","Bairro":"PARQUE SÃO JOSÉ","Código do bairro":86,"CEP":"60730-225","Regional":"SER 10","INEP":23070960,"CODSGE":"1041","6 mees":"NÃO","1 ano":"NÃO","2 anos":"NÃO","3 anos":"NÃO","4 anos":"NÃO","5 anos":"NÃO","6 anos":"NÃO","7 anos":"NÃO","8 anos":"NÃO","9 anos":"SIM","10 anos":"SIM","11 anos":"SIM","12 anos":"SIM","13 anos":"SIM","14 anos":"NÃO","Ano":"2023","Fonte":"Secretaria Municipal de Educação - SME","SRC da camada":"EPSG:4326 - WGS 84","Codificação":"UTF-8"}},{"type":"Feature","id":"vw_ParqueEscolarMunicipal_2023.fid-5656ca56_19a5f394e75_68de","geometry":{"type":"Point","coordinates":[-38.55417471,-3.82293859]},"geometry_name":"geom","properties":{"id":37,"fid":37,"Tipo":"CEI","Título":"CENTRO DE EDUCAÇÃO INFANTIL","Nome":"FRANCISCO SALES FERNANDES","Seriação":"B/I-1,2,3","Faixa etária":"6 MESES A 3 ANOS","Distrito":"4","Endereço":"AVENIDA K, S/N","Bairro":"PREFEITO JOSÉ WALTER","Código do bairro":89,"CEP":"60750-100","Regional":"SER 8","INEP":23070056,"CODSGE":"990","6 mees":"SIM","1 ano":"SIM","2 anos":"SIM","3 anos":"SIM","4 anos":"NÃO","5 anos":"NÃO","6 anos":"NÃO","7 anos":"NÃO","8 anos":"NÃO","9 anos":"NÃO","10 anos":"NÃO","11 anos":"NÃO","12 anos":"NÃO","13 anos":"NÃO","14 anos":"NÃO","Ano":"2023","Fonte":"Secretaria Municipal de Educação - SME","SRC da camada":"EPSG:4326 - WGS 84","Codificação":"UTF-8"}},{"type":"Feature","id":"vw_ParqueEscolarMunicipal_2023.fid-5656ca56_19a5f394e75_68df","geometry":{"type":"Point","coordinates":[-38.5609433,-3.79214504]},"geometry_name":"geom","properties":{"id":38,"fid":38,"Tipo":"CEI","Título":"CENTRO DE EDUCAÇÃO INFANTIL","Nome":"VEREADOR FRANCISCO ANTÔNIO MARTINS NOGUEIRA","Seriação":"B/I-1,2,3","Faixa etária":"6 MESES A 3 ANOS","Distrito":"4","Endereço":"RUA RAIMUNDO PINHEIRO, S/N","Bairro":"RACHEL DE QUEIROZ","Código do bairro":77,"CEP":"60710-706","Regional":"SER 8","INEP":23078030,"CODSGE":"1016","6 mees":"SIM","1 ano":"SIM","2 anos":"SIM","3 anos":"SIM","4 anos":"NÃO","5 anos":"NÃO","6 anos":"NÃO","7 anos":"NÃO","8 anos":"NÃO","9 anos":"NÃO","10 anos":"NÃO","11 anos":"NÃO","12 anos":"NÃO","13 anos":"NÃO","14 anos":"NÃO","Ano":"2023","Fonte":"Secretaria Municipal de Educação - SME","SRC da camada":"EPSG:4326 - WGS 84","Codificação":"UTF-8"}},{"type":"Feature","id":"vw_ParqueEscolarMunicipal_2023.fid-5656ca56_19a5f394e75_68e0","geometry":{"type":"Point","coordinates":[-38.61660598,-3.78619396]},"geometry_name":"geom","properties":{"id":39,"fid":39,"Tipo":"CRP","Título":"CRECHE PARCEIRA","Nome":"TIA HELENA","Seriação":"I-1,2,3","Faixa etária":"1 A 3 ANOS","Distrito":"5","Endereço":"RUA OSCAR FRANÇA, 2904","Bairro":"GRANJA LISBOA","Código do bairro":78,"CEP":"60540-374","Regional":"SER 5","INEP":23280905,"CODSGE":"1027","6 mees":"NÃO","1 ano":"SIM","2 anos":"SIM","3 anos":"SIM","4 anos":"NÃO","5 anos":"NÃO","6 anos":"NÃO","7 anos":"NÃO","8 anos":"NÃO","9 anos":"NÃO","10 anos":"NÃO","11 anos":"NÃO","12 anos":"NÃO","13 anos":"NÃO","14 anos":"NÃO","Ano":"2023","Fonte":"Secretaria Municipal de Educação - SME","SRC da camada":"EPSG:4326 - WGS 84","Codificação":"UTF-8"}},{"type":"Feature","id":"vw_ParqueEscolarMunicipal_2023.fid-5656ca56_19a5f394e75_68e1","geometry":{"type":"Point","coordinates":[-38.56774199,-3.83844699]},"geometry_name":"geom","properties":{"id":40,"fid":40,"Tipo":"CRP","Título":"CRECHE PARCEIRA","Nome":"PRIMEIROS PASSINHOS","Seriação":"I-1,2,3","Faixa etária":"1 A 3 ANOS","Distrito":"4","Endereço":"RUA PALMEIRAS, 1159","Bairro":"PLANALTO AYRTON SENNA","Código do bairro":116,"CEP":"60766-410","Regional":"SER 8","INEP":23280409,"CODSGE":"1026","6 mees":"NÃO","1 ano":"SIM","2 anos":"SIM","3 anos":"SIM","4 anos":"NÃO","5 anos":"NÃO","6 anos":"NÃO","7 anos":"NÃO","8 anos":"NÃO","9 anos":"NÃO","10 anos":"NÃO","11 anos":"NÃO","12 anos":"NÃO","13 anos":"NÃO","14 anos":"NÃO","Ano":"2023","Fonte":"Secretaria Municipal de Educação - SME","SRC da camada":"EPSG:4326 - WGS 84","Codificação":"UTF-8"}},{"type":"Feature","id":"vw_ParqueEscolarMunicipal_2023.fid-5656ca56_19a5f394e75_68e2","geometry":{"type":"Point","coordinates":[-38.59750085,-3.7564865]},"geometry_name":"geom","properties":{"id":41,"fid":41,"Tipo":"CRP","Título":"CRECHE PARCEIRA","Nome":"TIA NINÔ","Seriação":"I-1,2,3","Faixa etária":"1 A 3 ANOS","Distrito":"3","Endereço":"RUA PROFESSOR VIRGÍLIO MORAIS, 851","Bairro":"AUTRAN NUNES","Código do bairro":41,"CEP":"60526-720","Regional":"SER 11","INEP":23279907,"CODSGE":"1025","6 mees":"NÃO","1 ano":"SIM","2 anos":"SIM","3 anos":"SIM","4 anos":"NÃO","5 anos":"NÃO","6 anos":"NÃO","7 anos":"NÃO","8 anos":"NÃO","9 anos":"NÃO","10 anos":"NÃO","11 anos":"NÃO","12 anos":"NÃO","13 anos":"NÃO","14 anos":"NÃO","Ano":"2023","Fonte":"Secretaria Municipal de Educação - SME","SRC da camada":"EPSG:4326 - WGS 84","Codificação":"UTF-8"}},{"type":"Feature","id":"vw_ParqueEscolarMunicipal_2023.fid-5656ca56_19a5f394e75_68e3","geometry":{"type":"Point","coordinates":[-38.59705397,-3.75024597]},"geometry_name":"geom","properties":{"id":42,"fid":42,"Tipo":"CRP","Título":"CRECHE PARCEIRA","Nome":"CONTRUINDO O SABER","Seriação":"I-1,2,3","Faixa etária":"1 A 3 ANOS","Distrito":"3","Endereço":"RUA DESEMBARGADOR FELISMINO, 219","Bairro":"AUTRAN NUNES","Código do bairro":41,"CEP":"60526-760","Regional":"SER 11","INEP":23279397,"CODSGE":"1021","6 mees":"NÃO","1 ano":"SIM","2 anos":"SIM","3 anos":"SIM","4 anos":"NÃO","5 anos":"NÃO","6 anos":"NÃO","7 anos":"NÃO","8 anos":"NÃO","9 anos":"NÃO","10 anos":"NÃO","11 anos":"NÃO","12 anos":"NÃO","13 anos":"NÃO","14 anos":"NÃO","Ano":"2023","Fonte":"Secretaria Municipal de Educação - SME","SRC da camada":"EPSG:4326 - WGS 84","Codificação":"UTF-8"}},{"type":"Feature","id":"vw_ParqueEscolarMunicipal_2023.fid-5656ca56_19a5f394e75_68e4","geometry":{"type":"Point","coordinates":[-38.55413904,-3.74527304]},"geometry_name":"geom","properties":{"id":43,"fid":43,"Tipo":"CEI","Título":"CENTRO DE EDUCAÇÃO INFANTIL","Nome":"VEREADOR FRANCISCO EURIVÁ MATIAS","Seriação":"B/I-1,2,3,4,5","Faixa etária":"6 MESES A 5 ANOS","Distrito":"3","Endereço":"RUA FREI MARCELINO, S/N","Bairro":"RODOLFO TEÓFILO","Código do bairro":34,"CEP":"60431-006","Regional":"SER 3","INEP":23257750,"CODSGE":"1015","6 mees":"SIM","1 ano":"SIM","2 anos":"SIM","3 anos":"SIM","4 anos":"SIM","5 anos":"SIM","6 anos":"NÃO","7 anos":"NÃO","8 anos":"NÃO","9 anos":"NÃO","10 anos":"NÃO","11 anos":"NÃO","12 anos":"NÃO","13 anos":"NÃO","14 anos":"NÃO","Ano":"2023","Fonte":"Secretaria Municipal de Educação - SME","SRC da camada":"EPSG:4326 - WGS 84","Codificação":"UTF-8"}},{"type":"Feature","id":"vw_ParqueEscolarMunicipal_2023.fid-5656ca56_19a5f394e75_68e5","geometry":{"type":"Point","coordinates":[-38.55168669,-3.7506891]},"geometry_name":"geom","properties":{"id":44,"fid":44,"Tipo":"CRP","Título":"CRECHE PARCEIRA","Nome":"NOSSA SENHORA DO LÍBANO","Seriação":"I-1,2,3","Faixa etária":"1 A 3 ANOS","Distrito":"3","Endereço":"RUA PASTOR SAMUEL MUNGUBA, 1431","Bairro":"RODOLFO TEÓFILO","Código do bairro":34,"CEP":"60430-372","Regional":"SER 3","INEP":23279800,"CODSGE":"795","6 mees":"NÃO","1 ano":"SIM","2 anos":"SIM","3 anos":"SIM","4 anos":"NÃO","5 anos":"NÃO","6 anos":"NÃO","7 anos":"NÃO","8 anos":"NÃO","9 anos":"NÃO","10 anos":"NÃO","11 anos":"NÃO","12 anos":"NÃO","13 anos":"NÃO","14 anos":"NÃO","Ano":"2023","Fonte":"Secretaria Municipal de Educação - SME","SRC da camada":"EPSG:4326 - WGS 84","Codificação":"UTF-8"}},{"type":"Feature","id":"vw_ParqueEscolarMunicipal_2023.fid-5656ca56_19a5f394e75_68e6","geometry":{"type":"Point","coordinates":[-38.60668737,-3.80833542]},"geometry_name":"geom","properties":{"id":45,"fid":45,"Tipo":"CRP","Título":"CRECHE PARCEIRA","Nome":"CRIANÇA ESPERANÇA","Seriação":"I-1,2,3","Faixa etária":"1 A 3 ANOS","Distrito":"5","Endereço":"RUA DIVINA, 130","Bairro":"SIQUEIRA","Código do bairro":90,"CEP":"60736-120","Regional":"SER 5","INEP":23279923,"CODSGE":"561","6 mees":"NÃO","1 ano":"SIM","2 anos":"SIM","3 anos":"SIM","4 anos":"NÃO","5 anos":"NÃO","6 anos":"NÃO","7 anos":"NÃO","8 anos":"NÃO","9 anos":"NÃO","10 anos":"NÃO","11 anos":"NÃO","12 anos":"NÃO","13 anos":"NÃO","14 anos":"NÃO","Ano":"2023","Fonte":"Secretaria Municipal de Educação - SME","SRC da camada":"EPSG:4326 - WGS 84","Codificação":"UTF-8"}},{"type":"Feature","id":"vw_ParqueEscolarMunicipal_2023.fid-5656ca56_19a5f394e75_68e7","geometry":{"type":"Point","coordinates":[-38.59797463,-3.79639384]},"geometry_name":"geom","properties":{"id":46,"fid":46,"Tipo":"CRP","Título":"CRECHE PARCEIRA","Nome":"HOTELZINHO ESPAÇO DA CRIANÇA","Seriação":"I-2,3","Faixa etária":"2 E 3 ANOS","Distrito":"5","Endereço":"RUA NOVA CONQUISTA, 406","Bairro":"BOM JARDIM","Código do bairro":72,"CEP":"60543-355","Regional":"SER 5","INEP":23280530,"CODSGE":"530","6 mees":"NÃO","1 ano":"NÃO","2 anos":"SIM","3 anos":"SIM","4 anos":"NÃO","5 anos":"NÃO","6 anos":"NÃO","7 anos":"NÃO","8 anos":"NÃO","9 anos":"NÃO","10 anos":"NÃO","11 anos":"NÃO","12 anos":"NÃO","13 anos":"NÃO","14 anos":"NÃO","Ano":"2023","Fonte":"Secretaria Municipal de Educação - SME","SRC da camada":"EPSG:4326 - WGS 84","Codificação":"UTF-8"}},{"type":"Feature","id":"vw_ParqueEscolarMunicipal_2023.fid-5656ca56_19a5f394e75_68e8","geometry":{"type":"Point","coordinates":[-38.56860414,-3.74902338]},"geometry_name":"geom","properties":{"id":47,"fid":47,"Tipo":"CRP","Título":"CRECHE PARCEIRA","Nome":"PARAÍSO","Seriação":"I-1,2,3","Faixa etária":"1 A 3 ANOS","Distrito":"3","Endereço":"RUA BENJAMIN CONSTANT, 497","Bairro":"PICI","Código do bairro":106,"CEP":"60440-536","Regional":"SER 11","INEP":23279540,"CODSGE":"574","6 mees":"NÃO","1 ano":"SIM","2 anos":"SIM","3 anos":"SIM","4 anos":"NÃO","5 anos":"NÃO","6 anos":"NÃO","7 anos":"NÃO","8 anos":"NÃO","9 anos":"NÃO","10 anos":"NÃO","11 anos":"NÃO","12 anos":"NÃO","13 anos":"NÃO","14 anos":"NÃO","Ano":"2023","Fonte":"Secretaria Municipal de Educação - SME","SRC da camada":"EPSG:4326 - WGS 84","Codificação":"UTF-8"}},{"type":"Feature","id":"vw_ParqueEscolarMunicipal_2023.fid-5656ca56_19a5f394e75_68e9","geometry":{"type":"Point","coordinates":[-38.60456916,-3.72021334]},"geometry_name":"geom","properties":{"id":48,"fid":48,"Tipo":"CRP","Título":"CRECHE PARCEIRA","Nome":"OLHAR DO SABER - VÓ FRANCY","Seriação":"I-1,2,3","Faixa etária":"1 A 3 ANOS","Distrito":"1","Endereço":"RUA PAULO XENOFONTE, 1037","Bairro":"VILA VELHA","Código do bairro":39,"CEP":"60345-156","Regional":"SER 1","INEP":23279834,"CODSGE":"547","6 mees":"NÃO","1 ano":"SIM","2 anos":"SIM","3 anos":"SIM","4 anos":"NÃO","5 anos":"NÃO","6 anos":"NÃO","7 anos":"NÃO","8 anos":"NÃO","9 anos":"NÃO","10 anos":"NÃO","11 anos":"NÃO","12 anos":"NÃO","13 anos":"NÃO","14 anos":"NÃO","Ano":"2023","Fonte":"Secretaria Municipal de Educação - SME","SRC da camada":"EPSG:4326 - WGS 84","Codificação":"UTF-8"}},{"type":"Feature","id":"vw_ParqueEscolarMunicipal_2023.fid-5656ca56_19a5f394e75_68ea","geometry":{"type":"Point","coordinates":[-38.50477797,-3.86099503]},"geometry_name":"geom","properties":{"id":49,"fid":49,"Tipo":"CRP","Título":"CRECHE PARCEIRA","Nome":"ARCA DOS SONHOS","Seriação":"I-2,3","Faixa etária":"2 E 3 ANOS","Distrito":"6","Endereço":"RUA FLORESTA, 180","Bairro":"ANCURI","Código do bairro":50,"CEP":"60874-160","Regional":"SER 9","INEP":23280336,"CODSGE":"523","6 mees":"NÃO","1 ano":"NÃO","2 anos":"SIM","3 anos":"SIM","4 anos":"NÃO","5 anos":"NÃO","6 anos":"NÃO","7 anos":"NÃO","8 anos":"NÃO","9 anos":"NÃO","10 anos":"NÃO","11 anos":"NÃO","12 anos":"NÃO","13 anos":"NÃO","14 anos":"NÃO","Ano":"2023","Fonte":"Secretaria Municipal de Educação - SME","SRC da camada":"EPSG:4326 - WGS 84","Codificação":"UTF-8"}},{"type":"Feature","id":"vw_ParqueEscolarMunicipal_2023.fid-5656ca56_19a5f394e75_68eb","geometry":{"type":"Point","coordinates":[-38.52731986,-3.81650167]},"geometry_name":"geom","properties":{"id":50,"fid":50,"Tipo":"CRP","Título":"CRECHE PARCEIRA","Nome":"REGINA DE FÁTIMA","Seriação":"I-1,2,3","Faixa etária":"1 A 3 ANOS","Distrito":"4","Endereço":"RUA G, S/N (CONJ. BARROSO II)","Bairro":"PASSARÉ","Código do bairro":88,"CEP":"60867-320","Regional":"SER 8","INEP":23280620,"CODSGE":"538","6 mees":"NÃO","1 ano":"SIM","2 anos":"SIM","3 anos":"SIM","4 anos":"NÃO","5 anos":"NÃO","6 anos":"NÃO","7 anos":"NÃO","8 anos":"NÃO","9 anos":"NÃO","10 anos":"NÃO","11 anos":"NÃO","12 anos":"NÃO","13 anos":"NÃO","14 anos":"NÃO","Ano":"2023","Fonte":"Secretaria Municipal de Educação - SME","SRC da camada":"EPSG:4326 - WGS 84","Codificação":"UTF-8"}},{"type":"Feature","id":"vw_ParqueEscolarMunicipal_2023.fid-5656ca56_19a5f394e75_68ec","geometry":{"type":"Point","coordinates":[-38.57871102,-3.70211736]},"geometry_name":"geom","properties":{"id":51,"fid":51,"Tipo":"CRP","Título":"CRECHE PARCEIRA","Nome":"PEQUENO POLEGAR","Seriação":"I-2,3","Faixa etária":"2 E 3 ANOS","Distrito":"1","Endereço":"RUA MOACIR, 45","Bairro":"BARRA DO CEARÁ","Código do bairro":6,"CEP":"60332-650","Regional":"SER 1","INEP":23280930,"CODSGE":"528","6 mees":"NÃO","1 ano":"NÃO","2 anos":"SIM","3 anos":"SIM","4 anos":"NÃO","5 anos":"NÃO","6 anos":"NÃO","7 anos":"NÃO","8 anos":"NÃO","9 anos":"NÃO","10 anos":"NÃO","11 anos":"NÃO","12 anos":"NÃO","13 anos":"NÃO","14 anos":"NÃO","Ano":"2023","Fonte":"Secretaria Municipal de Educação - SME","SRC da camada":"EPSG:4326 - WGS 84","Codificação":"UTF-8"}},{"type":"Feature","id":"vw_ParqueEscolarMunicipal_2023.fid-5656ca56_19a5f394e75_68ed","geometry":{"type":"Point","coordinates":[-38.51903102,-3.85459908]},"geometry_name":"geom","properties":{"id":52,"fid":52,"Tipo":"EMTP","Título":"ESCOLA MUNICIPAL","Nome":"PROFESSOR ASTHON GUILHERME DA SILVA","Seriação":"F-1,2,3,4,5,6,7,8,9","Faixa etária":"6 A 14 ANOS","Distrito":"6","Endereço":"RUA B, 295 (RES. JOSÉ EUCLIDES)","Bairro":"JANGURUSSU","Código do bairro":61,"CEP":"60877-236","Regional":"SER 9","INEP":23277572,"CODSGE":"1017","6 mees":"NÃO","1 ano":"NÃO","2 anos":"NÃO","3 anos":"NÃO","4 anos":"NÃO","5 anos":"NÃO","6 anos":"SIM","7 anos":"SIM","8 anos":"SIM","9 anos":"SIM","10 anos":"SIM","11 anos":"SIM","12 anos":"SIM","13 anos":"SIM","14 anos":"SIM","Ano":"2023","Fonte":"Secretaria Municipal de Educação - SME","SRC da camada":"EPSG:4326 - WGS 84","Codificação":"UTF-8"}},{"type":"Feature","id":"vw_ParqueEscolarMunicipal_2023.fid-5656ca56_19a5f394e75_68ee","geometry":{"type":"Point","coordinates":[-38.51485235,-3.81983737]},"geometry_name":"geom","properties":{"id":53,"fid":53,"Tipo":"EMTI","Título":"ESCOLA MUNICIPAL DE TEMPO INTEGRAL","Nome":"JOSÉ AROLDO CAVALCANTE MOTA","Seriação":"F-6,7,8,9","Faixa etária":"11 A 14 ANOS","Distrito":"6","Endereço":"RUA F, S/N (LOT. MORUMBI I)","Bairro":"BARROSO","Código do bairro":51,"CEP":"60863-110","Regional":"SER 9","INEP":23277564,"CODSGE":"956","6 mees":"NÃO","1 ano":"NÃO","2 anos":"NÃO","3 anos":"NÃO","4 anos":"NÃO","5 anos":"NÃO","6 anos":"NÃO","7 anos":"NÃO","8 anos":"NÃO","9 anos":"NÃO","10 anos":"NÃO","11 anos":"SIM","12 anos":"SIM","13 anos":"SIM","14 anos":"SIM","Ano":"2023","Fonte":"Secretaria Municipal de Educação - SME","SRC da camada":"EPSG:4326 - WGS 84","Codificação":"UTF-8"}},{"type":"Feature","id":"vw_ParqueEscolarMunicipal_2023.fid-5656ca56_19a5f394e75_68ef","geometry":{"type":"Point","coordinates":[-38.61492208,-3.81430017]},"geometry_name":"geom","properties":{"id":54,"fid":54,"Tipo":"EMTI","Título":"ESCOLA MUNICIPAL DE TEMPO INTEGRAL","Nome":"PROFESSOR AGERSON TABOSA PINTO","Seriação":"F-6,7,8,9","Faixa etária":"11 A 14 ANOS","Distrito":"5","Endereço":"RUA WILCA ALBUQUERQUE, 90","Bairro":"SIQUEIRA","Código do bairro":90,"CEP":"60732-545","Regional":"SER 5","INEP":23277408,"CODSGE":"1014","6 mees":"NÃO","1 ano":"NÃO","2 anos":"NÃO","3 anos":"NÃO","4 anos":"NÃO","5 anos":"NÃO","6 anos":"NÃO","7 anos":"NÃO","8 anos":"NÃO","9 anos":"NÃO","10 anos":"NÃO","11 anos":"SIM","12 anos":"SIM","13 anos":"SIM","14 anos":"SIM","Ano":"2023","Fonte":"Secretaria Municipal de Educação - SME","SRC da camada":"EPSG:4326 - WGS 84","Codificação":"UTF-8"}},{"type":"Feature","id":"vw_ParqueEscolarMunicipal_2023.fid-5656ca56_19a5f394e75_68f0","geometry":{"type":"Point","coordinates":[-38.59532755,-3.75402877]},"geometry_name":"geom","properties":{"id":55,"fid":55,"Tipo":"EMTI","Título":"ESCOLA MUNICIPAL DE TEMPO INTEGRAL","Nome":"MARIA DA HORA","Seriação":"F-6,7,8,9","Faixa etária":"11 A 14 ANOS","Distrito":"3","Endereço":"RUA RAIMUNDO RIBEIRO, 402","Bairro":"AUTRAN NUNES","Código do bairro":41,"CEP":"60526-500","Regional":"SER 11","INEP":23277246,"CODSGE":"985","6 mees":"NÃO","1 ano":"NÃO","2 anos":"NÃO","3 anos":"NÃO","4 anos":"NÃO","5 anos":"NÃO","6 anos":"NÃO","7 anos":"NÃO","8 anos":"NÃO","9 anos":"NÃO","10 anos":"NÃO","11 anos":"SIM","12 anos":"SIM","13 anos":"SIM","14 anos":"SIM","Ano":"2023","Fonte":"Secretaria Municipal de Educação - SME","SRC da camada":"EPSG:4326 - WGS 84","Codificação":"UTF-8"}},{"type":"Feature","id":"vw_ParqueEscolarMunicipal_2023.fid-5656ca56_19a5f394e75_68f1","geometry":{"type":"Point","coordinates":[-38.4921843,-3.82174228]},"geometry_name":"geom","properties":{"id":56,"fid":56,"Tipo":"CEI","Título":"CENTRO DE EDUCAÇÃO INFANTIL","Nome":"IRMÃ ZEFERINA MARIA","Seriação":"B/I-1,2,3,4","Faixa etária":"6 MESES A 4 ANOS","Distrito":"6","Endereço":"RUA CEL. JOÃO DE OLIVEIRA, S/N","Bairro":"MESSEJANA","Código do bairro":65,"CEP":"60841-400","Regional":"SER 6","INEP":23263075,"CODSGE":"988","6 mees":"SIM","1 ano":"SIM","2 anos":"SIM","3 anos":"SIM","4 anos":"SIM","5 anos":"NÃO","6 anos":"NÃO","7 anos":"NÃO","8 anos":"NÃO","9 anos":"NÃO","10 anos":"NÃO","11 anos":"NÃO","12 anos":"NÃO","13 anos":"NÃO","14 anos":"NÃO","Ano":"2023","Fonte":"Secretaria Municipal de Educação - SME","SRC da camada":"EPSG:4326 - WGS 84","Codificação":"UTF-8"}},{"type":"Feature","id":"vw_ParqueEscolarMunicipal_2023.fid-5656ca56_19a5f394e75_68f2","geometry":{"type":"Point","coordinates":[-38.60077448,-3.7139802]},"geometry_name":"geom","properties":{"id":57,"fid":57,"Tipo":"EMTI","Título":"ESCOLA MUNICIPAL DE TEMPO INTEGRAL","Nome":"DEPUTADO ROBERTO MESQUITA","Seriação":"F-6,7,8,9","Faixa etária":"11 A 14 ANOS","Distrito":"1","Endereço":"RUA BETA, S/N","Bairro":"VILA VELHA","Código do bairro":39,"CEP":"60349-130","Regional":"SER 1","INEP":23277238,"CODSGE":"987","6 mees":"NÃO","1 ano":"NÃO","2 anos":"NÃO","3 anos":"NÃO","4 anos":"NÃO","5 anos":"NÃO","6 anos":"NÃO","7 anos":"NÃO","8 anos":"NÃO","9 anos":"NÃO","10 anos":"NÃO","11 anos":"SIM","12 anos":"SIM","13 anos":"SIM","14 anos":"SIM","Ano":"2023","Fonte":"Secretaria Municipal de Educação - SME","SRC da camada":"EPSG:4326 - WGS 84","Codificação":"UTF-8"}},{"type":"Feature","id":"vw_ParqueEscolarMunicipal_2023.fid-5656ca56_19a5f394e75_68f3","geometry":{"type":"Point","coordinates":[-38.58502878,-3.70595468]},"geometry_name":"geom","properties":{"id":58,"fid":58,"Tipo":"CEI","Título":"CENTRO DE EDUCAÇÃO INFANTIL","Nome":"MARIA AGLAÊ GONÇALVES MONTEIRO","Seriação":"B/I-1,2,3,4","Faixa etária":"6 MESES A 4 ANOS","Distrito":"1","Endereço":"RUA CÂNDIDO CASTELO BRANCO, S/N","Bairro":"BARRA DO CEARÁ","Código do bairro":6,"CEP":"60331-190","Regional":"SER 1","INEP":23256036,"CODSGE":"986","6 mees":"SIM","1 ano":"SIM","2 anos":"SIM","3 anos":"SIM","4 anos":"SIM","5 anos":"NÃO","6 anos":"NÃO","7 anos":"NÃO","8 anos":"NÃO","9 anos":"NÃO","10 anos":"NÃO","11 anos":"NÃO","12 anos":"NÃO","13 anos":"NÃO","14 anos":"NÃO","Ano":"2023","Fonte":"Secretaria Municipal de Educação - SME","SRC da camada":"EPSG:4326 - WGS 84","Codificação":"UTF-8"}},{"type":"Feature","id":"vw_ParqueEscolarMunicipal_2023.fid-5656ca56_19a5f394e75_68f4","geometry":{"type":"Point","coordinates":[-38.46121432,-3.80444188]},"geometry_name":"geom","properties":{"id":59,"fid":59,"Tipo":"CEI","Título":"CENTRO DE EDUCAÇÃO INFANTIL","Nome":"MARIA DAS DORES BEZERRA DE CARVALHO","Seriação":"B/I-1,2,3","Faixa etária":"6 MESES A 3 ANOS","Distrito":"2","Endereço":"RUA MANUEL BERNARDO, 11","Bairro":"SAPIRANGA/COITÉ","Código do bairro":64,"CEP":"60833-601","Regional":"SER 7","INEP":23256559,"CODSGE":"982","6 mees":"SIM","1 ano":"SIM","2 anos":"SIM","3 anos":"SIM","4 anos":"NÃO","5 anos":"NÃO","6 anos":"NÃO","7 anos":"NÃO","8 anos":"NÃO","9 anos":"NÃO","10 anos":"NÃO","11 anos":"NÃO","12 anos":"NÃO","13 anos":"NÃO","14 anos":"NÃO","Ano":"2023","Fonte":"Secretaria Municipal de Educação - SME","SRC da camada":"EPSG:4326 - WGS 84","Codificação":"UTF-8"}},{"type":"Feature","id":"vw_ParqueEscolarMunicipal_2023.fid-5656ca56_19a5f394e75_68f5","geometry":{"type":"Point","coordinates":[-38.47276605,-3.72293482]},"geometry_name":"geom","properties":{"id":60,"fid":60,"Tipo":"CEI","Título":"CENTRO DE EDUCAÇÃO INFANTIL","Nome":"RACHEL GUIMARÃES MARTINS BARBOSA","Seriação":"B/I-1,2,3","Faixa etária":"6 MESES A 3 ANOS","Distrito":"2","Endereço":"VIA LOCAL LESTE OESTE 02, S/N","Bairro":"CAIS DO PORTO","Código do bairro":110,"CEP":"60180-754","Regional":"SER 2","INEP":23198818,"CODSGE":"991","6 mees":"SIM","1 ano":"SIM","2 anos":"SIM","3 anos":"SIM","4 anos":"NÃO","5 anos":"NÃO","6 anos":"NÃO","7 anos":"NÃO","8 anos":"NÃO","9 anos":"NÃO","10 anos":"NÃO","11 anos":"NÃO","12 anos":"NÃO","13 anos":"NÃO","14 anos":"NÃO","Ano":"2023","Fonte":"Secretaria Municipal de Educação - SME","SRC da camada":"EPSG:4326 - WGS 84","Codificação":"UTF-8"}},{"type":"Feature","id":"vw_ParqueEscolarMunicipal_2023.fid-5656ca56_19a5f394e75_68f6","geometry":{"type":"Point","coordinates":[-38.55296503,-3.80224296]},"geometry_name":"geom","properties":{"id":61,"fid":61,"Tipo":"CEI","Título":"CENTRO DE EDUCAÇÃO INFANTIL","Nome":"ANA AMÉLIA BEZERRA DE MENEZES E SOUZA","Seriação":"B/I-1,2,3,4","Faixa etária":"6 MESES A 4 ANOS","Distrito":"4","Endereço":"RUA G, S/N (LOT. DOS EXPEDICIONARIOS II)","Bairro":"RACHEL DE QUEIROZ","Código do bairro":77,"CEP":"60714-710","Regional":"SER 8","INEP":23242710,"CODSGE":"989","6 mees":"SIM","1 ano":"SIM","2 anos":"SIM","3 anos":"SIM","4 anos":"SIM","5 anos":"NÃO","6 anos":"NÃO","7 anos":"NÃO","8 anos":"NÃO","9 anos":"NÃO","10 anos":"NÃO","11 anos":"NÃO","12 anos":"NÃO","13 anos":"NÃO","14 anos":"NÃO","Ano":"2023","Fonte":"Secretaria Municipal de Educação - SME","SRC da camada":"EPSG:4326 - WGS 84","Codificação":"UTF-8"}},{"type":"Feature","id":"vw_ParqueEscolarMunicipal_2023.fid-5656ca56_19a5f394e75_68f7","geometry":{"type":"Point","coordinates":[-38.46897911,-3.74420965]},"geometry_name":"geom","properties":{"id":62,"fid":62,"Tipo":"CEI","Título":"CENTRO DE EDUCAÇÃO INFANTIL","Nome":"WILMA MARIA DE VASCONCELOS LEOPÉRCIO","Seriação":"B/I-1,2","Faixa etária":"6 MESES A 2 ANOS","Distrito":"2","Endereço":"RUA DR. FRANCISCO MATOS, S/N","Bairro":"PAPICU","Código do bairro":27,"CEP":"60176-135","Regional":"SER 2","INEP":23270560,"CODSGE":"979","6 mees":"SIM","1 ano":"SIM","2 anos":"SIM","3 anos":"NÃO","4 anos":"NÃO","5 anos":"NÃO","6 anos":"NÃO","7 anos":"NÃO","8 anos":"NÃO","9 anos":"NÃO","10 anos":"NÃO","11 anos":"NÃO","12 anos":"NÃO","13 anos":"NÃO","14 anos":"NÃO","Ano":"2023","Fonte":"Secretaria Municipal de Educação - SME","SRC da camada":"EPSG:4326 - WGS 84","Codificação":"UTF-8"}},{"type":"Feature","id":"vw_ParqueEscolarMunicipal_2023.fid-5656ca56_19a5f394e75_68f8","geometry":{"type":"Point","coordinates":[-38.46887595,-3.77374861]},"geometry_name":"geom","properties":{"id":63,"fid":63,"Tipo":"CEI","Título":"CENTRO DE EDUCAÇÃO INFANTIL","Nome":"DEPUTADO EDSON QUEIROZ FILHO","Seriação":"B/I-1,2,3","Faixa etária":"6 MESES A 3 ANOS","Distrito":"2","Endereço":"RUA JAIME ALMEIDA, S/N","Bairro":"EDSON QUEIROZ","Código do bairro":57,"CEP":"60812-740","Regional":"SER 7","INEP":23070048,"CODSGE":"980","6 mees":"SIM","1 ano":"SIM","2 anos":"SIM","3 anos":"SIM","4 anos":"NÃO","5 anos":"NÃO","6 anos":"NÃO","7 anos":"NÃO","8 anos":"NÃO","9 anos":"NÃO","10 anos":"NÃO","11 anos":"NÃO","12 anos":"NÃO","13 anos":"NÃO","14 anos":"NÃO","Ano":"2023","Fonte":"Secretaria Municipal de Educação - SME","SRC da camada":"EPSG:4326 - WGS 84","Codificação":"UTF-8"}},{"type":"Feature","id":"vw_ParqueEscolarMunicipal_2023.fid-5656ca56_19a5f394e75_68f9","geometry":{"type":"Point","coordinates":[-38.45540111,-3.7730101]},"geometry_name":"geom","properties":{"id":64,"fid":64,"Tipo":"CEI","Título":"CENTRO DE EDUCAÇÃO INFANTIL","Nome":"ANTÔNIA AGOSTINHO DE SOUSA","Seriação":"B/I-1,2,3","Faixa etária":"6 MESES A 3 ANOS","Distrito":"2","Endereço":"RUA TUIUIÚ, S/N","Bairro":"EDSON QUEIROZ","Código do bairro":57,"CEP":"60812-566","Regional":"SER 7","INEP":23250631,"CODSGE":"978","6 mees":"SIM","1 ano":"SIM","2 anos":"SIM","3 anos":"SIM","4 anos":"NÃO","5 anos":"NÃO","6 anos":"NÃO","7 anos":"NÃO","8 anos":"NÃO","9 anos":"NÃO","10 anos":"NÃO","11 anos":"NÃO","12 anos":"NÃO","13 anos":"NÃO","14 anos":"NÃO","Ano":"2023","Fonte":"Secretaria Municipal de Educação - SME","SRC da camada":"EPSG:4326 - WGS 84","Codificação":"UTF-8"}},{"type":"Feature","id":"vw_ParqueEscolarMunicipal_2023.fid-5656ca56_19a5f394e75_68fa","geometry":{"type":"Point","coordinates":[-38.48022675,-3.85259111]},"geometry_name":"geom","properties":{"id":65,"fid":65,"Tipo":"CEI","Título":"CENTRO DE EDUCAÇÃO INFANTIL","Nome":"DOM BEDA PEREIRA DE HOLANDA","Seriação":"B/I-1,2,3","Faixa etária":"6 MESES A 3 ANOS","Distrito":"6","Endereço":"RUA MARIA FERREIRA DOS SANTOS, S/N","Bairro":"SÃO BENTO","Código do bairro":119,"CEP":"60875-565","Regional":"SER 6","INEP":23546018,"CODSGE":"983","6 mees":"SIM","1 ano":"SIM","2 anos":"SIM","3 anos":"SIM","4 anos":"NÃO","5 anos":"NÃO","6 anos":"NÃO","7 anos":"NÃO","8 anos":"NÃO","9 anos":"NÃO","10 anos":"NÃO","11 anos":"NÃO","12 anos":"NÃO","13 anos":"NÃO","14 anos":"NÃO","Ano":"2023","Fonte":"Secretaria Municipal de Educação - SME","SRC da camada":"EPSG:4326 - WGS 84","Codificação":"UTF-8"}},{"type":"Feature","id":"vw_ParqueEscolarMunicipal_2023.fid-5656ca56_19a5f394e75_68fb","geometry":{"type":"Point","coordinates":[-38.61997407,-3.80329616]},"geometry_name":"geom","properties":{"id":66,"fid":66,"Tipo":"CEI","Título":"CENTRO DE EDUCAÇÃO INFANTIL","Nome":"PROFESSORA MARIA LUIZA MOTA MACHADO","Seriação":"B/I-1,2,3","Faixa etária":"6 MESES A 3 ANOS","Distrito":"5","Endereço":"RUA SERENA, S/N","Bairro":"SIQUEIRA","Código do bairro":90,"CEP":"60544-785","Regional":"SER 5","INEP":23264187,"CODSGE":"977","6 mees":"SIM","1 ano":"SIM","2 anos":"SIM","3 anos":"SIM","4 anos":"NÃO","5 anos":"NÃO","6 anos":"NÃO","7 anos":"NÃO","8 anos":"NÃO","9 anos":"NÃO","10 anos":"NÃO","11 anos":"NÃO","12 anos":"NÃO","13 anos":"NÃO","14 anos":"NÃO","Ano":"2023","Fonte":"Secretaria Municipal de Educação - SME","SRC da camada":"EPSG:4326 - WGS 84","Codificação":"UTF-8"}},{"type":"Feature","id":"vw_ParqueEscolarMunicipal_2023.fid-5656ca56_19a5f394e75_68fc","geometry":{"type":"Point","coordinates":[-38.56479884,-3.83482629]},"geometry_name":"geom","properties":{"id":67,"fid":67,"Tipo":"CEI","Título":"CENTRO DE EDUCAÇÃO INFANTIL","Nome":"ARIEVALDO VIANA","Seriação":"B/I-1,2,3","Faixa etária":"6 MESES A 3 ANOS","Distrito":"4","Endereço":"RUA CORONEL DE QUEIROZ, S/N","Bairro":"PLANALTO AYRTON SENNA","Código do bairro":116,"CEP":"60760-510","Regional":"SER 8","INEP":23065621,"CODSGE":"962","6 mees":"SIM","1 ano":"SIM","2 anos":"SIM","3 anos":"SIM","4 anos":"NÃO","5 anos":"NÃO","6 anos":"NÃO","7 anos":"NÃO","8 anos":"NÃO","9 anos":"NÃO","10 anos":"NÃO","11 anos":"NÃO","12 anos":"NÃO","13 anos":"NÃO","14 anos":"NÃO","Ano":"2023","Fonte":"Secretaria Municipal de Educação - SME","SRC da camada":"EPSG:4326 - WGS 84","Codificação":"UTF-8"}},{"type":"Feature","id":"vw_ParqueEscolarMunicipal_2023.fid-5656ca56_19a5f394e75_68fd","geometry":{"type":"Point","coordinates":[-38.5357267,-3.83228976]},"geometry_name":"geom","properties":{"id":68,"fid":68,"Tipo":"CEI","Título":"CENTRO DE EDUCAÇÃO INFANTIL","Nome":"PROFESSOR GENUÍNO FRANCISCO DE SALES","Seriação":"B/I-1,2,3,4","Faixa etária":"6 MESES A 4 ANOS","Distrito":"4","Endereço":"RUA 12H, S/N (LOT. CIDADE JARDIM FORTALEZA)","Bairro":"PREFEITO JOSÉ WALTER","Código do bairro":89,"CEP":"60749-022","Regional":"SER 8","INEP":23256850,"CODSGE":"981","6 mees":"SIM","1 ano":"SIM","2 anos":"SIM","3 anos":"SIM","4 anos":"SIM","5 anos":"NÃO","6 anos":"NÃO","7 anos":"NÃO","8 anos":"NÃO","9 anos":"NÃO","10 anos":"NÃO","11 anos":"NÃO","12 anos":"NÃO","13 anos":"NÃO","14 anos":"NÃO","Ano":"2023","Fonte":"Secretaria Municipal de Educação - SME","SRC da camada":"EPSG:4326 - WGS 84","Codificação":"UTF-8"}},{"type":"Feature","id":"vw_ParqueEscolarMunicipal_2023.fid-5656ca56_19a5f394e75_68fe","geometry":{"type":"Point","coordinates":[-38.48885509,-3.85649052]},"geometry_name":"geom","properties":{"id":69,"fid":69,"Tipo":"CEI","Título":"CENTRO DE EDUCAÇÃO INFANTIL","Nome":"DALILA DELMAS MONTENEGRO","Seriação":"B/I-1,2,3,4,5","Faixa etária":"6 MESES A 5 ANOS","Distrito":"6","Endereço":"RUA 6, S/N (CONJ. ALTO ALEGRE)","Bairro":"SÃO BENTO","Código do bairro":119,"CEP":"60875-340","Regional":"SER 6","INEP":23065206,"CODSGE":"963","6 mees":"SIM","1 ano":"SIM","2 anos":"SIM","3 anos":"SIM","4 anos":"SIM","5 anos":"SIM","6 anos":"NÃO","7 anos":"NÃO","8 anos":"NÃO","9 anos":"NÃO","10 anos":"NÃO","11 anos":"NÃO","12 anos":"NÃO","13 anos":"NÃO","14 anos":"NÃO","Ano":"2023","Fonte":"Secretaria Municipal de Educação - SME","SRC da camada":"EPSG:4326 - WGS 84","Codificação":"UTF-8"}},{"type":"Feature","id":"vw_ParqueEscolarMunicipal_2023.fid-5656ca56_19a5f394e75_68ff","geometry":{"type":"Point","coordinates":[-38.61391684,-3.79165286]},"geometry_name":"geom","properties":{"id":70,"fid":70,"Tipo":"CRP","Título":"CRECHE PARCEIRA","Nome":"CENTRO DE DESENVOLVIMENTO INTEGRADO DA VIDA","Seriação":"I-1,2,3","Faixa etária":"1 A 3 ANOS","Distrito":"5","Endereço":"RUA XAVIER DA SILVEIRA, 2644","Bairro":"GRANJA LISBOA","Código do bairro":78,"CEP":"60540-215","Regional":"SER 5","INEP":23280964,"CODSGE":"969","6 mees":"NÃO","1 ano":"SIM","2 anos":"SIM","3 anos":"SIM","4 anos":"NÃO","5 anos":"NÃO","6 anos":"NÃO","7 anos":"NÃO","8 anos":"NÃO","9 anos":"NÃO","10 anos":"NÃO","11 anos":"NÃO","12 anos":"NÃO","13 anos":"NÃO","14 anos":"NÃO","Ano":"2023","Fonte":"Secretaria Municipal de Educação - SME","SRC da camada":"EPSG:4326 - WGS 84","Codificação":"UTF-8"}},{"type":"Feature","id":"vw_ParqueEscolarMunicipal_2023.fid-5656ca56_19a5f394e75_6900","geometry":{"type":"Point","coordinates":[-38.60042346,-3.81860835]},"geometry_name":"geom","properties":{"id":71,"fid":71,"Tipo":"CRP","Título":"CRECHE PARCEIRA","Nome":"CORAÇÃO DE MARIA","Seriação":"I-1,2,3","Faixa etária":"1 A 3 ANOS","Distrito":"5","Endereço":"RUA SÃO BASÍLIO, 979","Bairro":"PARQUE PRESIDENTE VARGAS","Código do bairro":85,"CEP":"60762-765","Regional":"SER 10","INEP":23279990,"CODSGE":"976","6 mees":"NÃO","1 ano":"SIM","2 anos":"SIM","3 anos":"SIM","4 anos":"NÃO","5 anos":"NÃO","6 anos":"NÃO","7 anos":"NÃO","8 anos":"NÃO","9 anos":"NÃO","10 anos":"NÃO","11 anos":"NÃO","12 anos":"NÃO","13 anos":"NÃO","14 anos":"NÃO","Ano":"2023","Fonte":"Secretaria Municipal de Educação - SME","SRC da camada":"EPSG:4326 - WGS 84","Codificação":"UTF-8"}},{"type":"Feature","id":"vw_ParqueEscolarMunicipal_2023.fid-5656ca56_19a5f394e75_6901","geometry":{"type":"Point","coordinates":[-38.58597264,-3.81842227]},"geometry_name":"geom","properties":{"id":72,"fid":72,"Tipo":"CRP","Título":"CRECHE PARCEIRA","Nome":"COR DO BRASIL","Seriação":"I-1,2,3","Faixa etária":"1 A 3 ANOS","Distrito":"5","Endereço":"RUA SÃO FRANCISCO, 21","Bairro":"MONDUBIM","Código do bairro":83,"CEP":"60767-500","Regional":"SER 10","INEP":23279400,"CODSGE":"970","6 mees":"NÃO","1 ano":"SIM","2 anos":"SIM","3 anos":"SIM","4 anos":"NÃO","5 anos":"NÃO","6 anos":"NÃO","7 anos":"NÃO","8 anos":"NÃO","9 anos":"NÃO","10 anos":"NÃO","11 anos":"NÃO","12 anos":"NÃO","13 anos":"NÃO","14 anos":"NÃO","Ano":"2023","Fonte":"Secretaria Municipal de Educação - SME","SRC da camada":"EPSG:4326 - WGS 84","Codificação":"UTF-8"}},{"type":"Feature","id":"vw_ParqueEscolarMunicipal_2023.fid-5656ca56_19a5f394e75_6902","geometry":{"type":"Point","coordinates":[-38.59763531,-3.82437671]},"geometry_name":"geom","properties":{"id":73,"fid":73,"Tipo":"CRP","Título":"CRECHE PARCEIRA","Nome":"TIO CAZUZA","Seriação":"I-1,2,3","Faixa etária":"1 A 3 ANOS","Distrito":"5","Endereço":"RUA VICENTE CELESTINO, 1230","Bairro":"PARQUE PRESIDENTE VARGAS","Código do bairro":85,"CEP":"60765-640","Regional":"SER 10","INEP":23280638,"CODSGE":"968","6 mees":"NÃO","1 ano":"SIM","2 anos":"SIM","3 anos":"SIM","4 anos":"NÃO","5 anos":"NÃO","6 anos":"NÃO","7 anos":"NÃO","8 anos":"NÃO","9 anos":"NÃO","10 anos":"NÃO","11 anos":"NÃO","12 anos":"NÃO","13 anos":"NÃO","14 anos":"NÃO","Ano":"2023","Fonte":"Secretaria Municipal de Educação - SME","SRC da camada":"EPSG:4326 - WGS 84","Codificação":"UTF-8"}},{"type":"Feature","id":"vw_ParqueEscolarMunicipal_2023.fid-5656ca56_19a5f394e75_6903","geometry":{"type":"Point","coordinates":[-38.59213288,-3.77729442]},"geometry_name":"geom","properties":{"id":74,"fid":74,"Tipo":"CRP","Título":"CRECHE PARCEIRA","Nome":"MUNDO FELIZ","Seriação":"I-1,2,3","Faixa etária":"1 A 3 ANOS","Distrito":"5","Endereço":"RUA FRANCISCO DOMINGOS, 1388","Bairro":"BONSUCESSO","Código do bairro":73,"CEP":"60541-805","Regional":"SER 5","INEP":23279486,"CODSGE":"974","6 mees":"NÃO","1 ano":"SIM","2 anos":"SIM","3 anos":"SIM","4 anos":"NÃO","5 anos":"NÃO","6 anos":"NÃO","7 anos":"NÃO","8 anos":"NÃO","9 anos":"NÃO","10 anos":"NÃO","11 anos":"NÃO","12 anos":"NÃO","13 anos":"NÃO","14 anos":"NÃO","Ano":"2023","Fonte":"Secretaria Municipal de Educação - SME","SRC da camada":"EPSG:4326 - WGS 84","Codificação":"UTF-8"}},{"type":"Feature","id":"vw_ParqueEscolarMunicipal_2023.fid-5656ca56_19a5f394e75_6904","geometry":{"type":"Point","coordinates":[-38.55758309,-3.81292983]},"geometry_name":"geom","properties":{"id":75,"fid":75,"Tipo":"CRP","Título":"CRECHE PARCEIRA","Nome":"MEU ANJO","Seriação":"I-1,2,3","Faixa etária":"1 A 3 ANOS","Distrito":"5","Endereço":"RUA VEREADORA ZÉLIA CORREIA DE SOUSA, 897","Bairro":"MONDUBIM","Código do bairro":83,"CEP":"60761-515","Regional":"SER 10","INEP":23279877,"CODSGE":"973","6 mees":"NÃO","1 ano":"SIM","2 anos":"SIM","3 anos":"SIM","4 anos":"NÃO","5 anos":"NÃO","6 anos":"NÃO","7 anos":"NÃO","8 anos":"NÃO","9 anos":"NÃO","10 anos":"NÃO","11 anos":"NÃO","12 anos":"NÃO","13 anos":"NÃO","14 anos":"NÃO","Ano":"2023","Fonte":"Secretaria Municipal de Educação - SME","SRC da camada":"EPSG:4326 - WGS 84","Codificação":"UTF-8"}},{"type":"Feature","id":"vw_ParqueEscolarMunicipal_2023.fid-5656ca56_19a5f394e75_6905","geometry":{"type":"Point","coordinates":[-38.55500831,-3.81335746]},"geometry_name":"geom","properties":{"id":76,"fid":76,"Tipo":"CRP","Título":"CRECHE PARCEIRA","Nome":"TIA LELEU II","Seriação":"I-1,2,3","Faixa etária":"1 A 3 ANOS","Distrito":"4","Endereço":"RUA BARBACENA, 297","Bairro":"PARQUE DOIS IRMÃOS","Código do bairro":84,"CEP":"60761-210","Regional":"SER 8","INEP":23280123,"CODSGE":"967","6 mees":"NÃO","1 ano":"SIM","2 anos":"SIM","3 anos":"SIM","4 anos":"NÃO","5 anos":"NÃO","6 anos":"NÃO","7 anos":"NÃO","8 anos":"NÃO","9 anos":"NÃO","10 anos":"NÃO","11 anos":"NÃO","12 anos":"NÃO","13 anos":"NÃO","14 anos":"NÃO","Ano":"2023","Fonte":"Secretaria Municipal de Educação - SME","SRC da camada":"EPSG:4326 - WGS 84","Codificação":"UTF-8"}},{"type":"Feature","id":"vw_ParqueEscolarMunicipal_2023.fid-5656ca56_19a5f394e75_6906","geometry":{"type":"Point","coordinates":[-38.52069878,-3.78627634]},"geometry_name":"geom","properties":{"id":77,"fid":77,"Tipo":"CRP","Título":"CRECHE PARCEIRA","Nome":"PEQUENOS PASSINHOS","Seriação":"I-1,2,3","Faixa etária":"1 A 3 ANOS","Distrito":"4","Endereço":"RUA PEDRO DANTAS, 335","Bairro":"DIAS MACÊDO","Código do bairro":98,"CEP":"60860-150","Regional":"SER 8","INEP":23257679,"CODSGE":"966","6 mees":"NÃO","1 ano":"SIM","2 anos":"SIM","3 anos":"SIM","4 anos":"NÃO","5 anos":"NÃO","6 anos":"NÃO","7 anos":"NÃO","8 anos":"NÃO","9 anos":"NÃO","10 anos":"NÃO","11 anos":"NÃO","12 anos":"NÃO","13 anos":"NÃO","14 anos":"NÃO","Ano":"2023","Fonte":"Secretaria Municipal de Educação - SME","SRC da camada":"EPSG:4326 - WGS 84","Codificação":"UTF-8"}},{"type":"Feature","id":"vw_ParqueEscolarMunicipal_2023.fid-5656ca56_19a5f394e75_6907","geometry":{"type":"Point","coordinates":[-38.55463636,-3.83097851]},"geometry_name":"geom","properties":{"id":78,"fid":78,"Tipo":"CRP","Título":"CRECHE PARCEIRA","Nome":"PLANETA DE CORES","Seriação":"I-1,2,3","Faixa etária":"1 A 3 ANOS","Distrito":"4","Endereço":"RUA 48, 231","Bairro":"PREFEITO JOSÉ WALTER","Código do bairro":89,"CEP":"60750-620","Regional":"SER 8","INEP":23280107,"CODSGE":"965","6 mees":"NÃO","1 ano":"SIM","2 anos":"SIM","3 anos":"SIM","4 anos":"NÃO","5 anos":"NÃO","6 anos":"NÃO","7 anos":"NÃO","8 anos":"NÃO","9 anos":"NÃO","10 anos":"NÃO","11 anos":"NÃO","12 anos":"NÃO","13 anos":"NÃO","14 anos":"NÃO","Ano":"2023","Fonte":"Secretaria Municipal de Educação - SME","SRC da camada":"EPSG:4326 - WGS 84","Codificação":"UTF-8"}},{"type":"Feature","id":"vw_ParqueEscolarMunicipal_2023.fid-5656ca56_19a5f394e75_6908","geometry":{"type":"Point","coordinates":[-38.54575118,-3.75355967]},"geometry_name":"geom","properties":{"id":79,"fid":79,"Tipo":"CRP","Título":"CRECHE PARCEIRA","Nome":"NOSSO JARDIM","Seriação":"I-1,2,3","Faixa etária":"1 A 3 ANOS","Distrito":"4","Endereço":"RUA JÚLIO CÉSAR, 1221","Bairro":"JARDIM AMÉRICA","Código do bairro":19,"CEP":"60410-505","Regional":"SER 4","INEP":23280280,"CODSGE":"938","6 mees":"NÃO","1 ano":"SIM","2 anos":"SIM","3 anos":"SIM","4 anos":"NÃO","5 anos":"NÃO","6 anos":"NÃO","7 anos":"NÃO","8 anos":"NÃO","9 anos":"NÃO","10 anos":"NÃO","11 anos":"NÃO","12 anos":"NÃO","13 anos":"NÃO","14 anos":"NÃO","Ano":"2023","Fonte":"Secretaria Municipal de Educação - SME","SRC da camada":"EPSG:4326 - WGS 84","Codificação":"UTF-8"}},{"type":"Feature","id":"vw_ParqueEscolarMunicipal_2023.fid-5656ca56_19a5f394e75_6909","geometry":{"type":"Point","coordinates":[-38.60537256,-3.76103442]},"geometry_name":"geom","properties":{"id":80,"fid":80,"Tipo":"CRP","Título":"CRECHE PARCEIRA","Nome":"TIA NEIDE","Seriação":"I-2,3","Faixa etária":"2 E 3 ANOS","Distrito":"3","Endereço":"RUA 448F, S/N","Bairro":"CONJUNTO CEARÁ I","Código do bairro":42,"CEP":"60531-240","Regional":"SER 11","INEP":23280034,"CODSGE":"975","6 mees":"NÃO","1 ano":"NÃO","2 anos":"SIM","3 anos":"SIM","4 anos":"NÃO","5 anos":"NÃO","6 anos":"NÃO","7 anos":"NÃO","8 anos":"NÃO","9 anos":"NÃO","10 anos":"NÃO","11 anos":"NÃO","12 anos":"NÃO","13 anos":"NÃO","14 anos":"NÃO","Ano":"2023","Fonte":"Secretaria Municipal de Educação - SME","SRC da camada":"EPSG:4326 - WGS 84","Codificação":"UTF-8"}},{"type":"Feature","id":"vw_ParqueEscolarMunicipal_2023.fid-5656ca56_19a5f394e75_690a","geometry":{"type":"Point","coordinates":[-38.51407641,-3.82392147]},"geometry_name":"geom","properties":{"id":81,"fid":81,"Tipo":"CEI","Título":"CENTRO DE EDUCAÇÃO INFANTIL","Nome":"PROFESSORA MARIA ROZANI MENDONÇA NOBRE","Seriação":"I-1,2,3","Faixa etária":"1 A 3 ANOS","Distrito":"6","Endereço":"RUA ESCRITOR TOM JOBIM, S/N","Bairro":"BARROSO","Código do bairro":51,"CEP":"60863-545","Regional":"SER 9","INEP":23324279,"CODSGE":"957","6 mees":"NÃO","1 ano":"SIM","2 anos":"SIM","3 anos":"SIM","4 anos":"NÃO","5 anos":"NÃO","6 anos":"NÃO","7 anos":"NÃO","8 anos":"NÃO","9 anos":"NÃO","10 anos":"NÃO","11 anos":"NÃO","12 anos":"NÃO","13 anos":"NÃO","14 anos":"NÃO","Ano":"2023","Fonte":"Secretaria Municipal de Educação - SME","SRC da camada":"EPSG:4326 - WGS 84","Codificação":"UTF-8"}},{"type":"Feature","id":"vw_ParqueEscolarMunicipal_2023.fid-5656ca56_19a5f394e75_690b","geometry":{"type":"Point","coordinates":[-38.45772752,-3.82608365]},"geometry_name":"geom","properties":{"id":82,"fid":82,"Tipo":"CEI","Título":"CENTRO DE EDUCAÇÃO INFANTIL","Nome":"OLINDA MARIA FEITOSA PARENTE","Seriação":"I-1,2,3","Faixa etária":"1 A 3 ANOS","Distrito":"6","Endereço":"TRAVESSA SIMEÃO, S/N","Bairro":"LAGOA REDONDA","Código do bairro":63,"CEP":"60832-170","Regional":"SER 6","INEP":23070188,"CODSGE":"958","6 mees":"NÃO","1 ano":"SIM","2 anos":"SIM","3 anos":"SIM","4 anos":"NÃO","5 anos":"NÃO","6 anos":"NÃO","7 anos":"NÃO","8 anos":"NÃO","9 anos":"NÃO","10 anos":"NÃO","11 anos":"NÃO","12 anos":"NÃO","13 anos":"NÃO","14 anos":"NÃO","Ano":"2023","Fonte":"Secretaria Municipal de Educação - SME","SRC da camada":"EPSG:4326 - WGS 84","Codificação":"UTF-8"}},{"type":"Feature","id":"vw_ParqueEscolarMunicipal_2023.fid-5656ca56_19a5f394e75_690c","geometry":{"type":"Point","coordinates":[-38.47864453,-3.83650596]},"geometry_name":"geom","properties":{"id":83,"fid":83,"Tipo":"CEI","Título":"CENTRO DE EDUCAÇÃO INFANTIL","Nome":"PADRE JOSÉ MARIA CAVALCANTE COSTA","Seriação":"I-1,2,3","Faixa etária":"1 A 5 ANOS","Distrito":"6","Endereço":"RUA F, S/N (RES. GUAJERÚ)","Bairro":"GUAJERU","Código do bairro":59,"CEP":"60843-035","Regional":"SER 6","INEP":23235128,"CODSGE":"955","6 mees":"NÃO","1 ano":"SIM","2 anos":"SIM","3 anos":"SIM","4 anos":"SIM","5 anos":"SIM","6 anos":"NÃO","7 anos":"NÃO","8 anos":"NÃO","9 anos":"NÃO","10 anos":"NÃO","11 anos":"NÃO","12 anos":"NÃO","13 anos":"NÃO","14 anos":"NÃO","Ano":"2023","Fonte":"Secretaria Municipal de Educação - SME","SRC da camada":"EPSG:4326 - WGS 84","Codificação":"UTF-8"}},{"type":"Feature","id":"vw_ParqueEscolarMunicipal_2023.fid-5656ca56_19a5f394e75_690d","geometry":{"type":"Point","coordinates":[-38.50283437,-3.85148921]},"geometry_name":"geom","properties":{"id":84,"fid":84,"Tipo":"CEI","Título":"CENTRO DE EDUCAÇÃO INFANTIL","Nome":"PROFESSORA LAÍS DE SOUSA VIEIRA NOBRE","Seriação":"I-1,2,3","Faixa etária":"1 A 5 ANOS","Distrito":"6","Endereço":"RUA PEDRO DE SOUZA, S/N","Bairro":"PARQUE SANTA MARIA","Código do bairro":87,"CEP":"60873-105","Regional":"SER 9","INEP":23186771,"CODSGE":"382","6 mees":"NÃO","1 ano":"SIM","2 anos":"SIM","3 anos":"SIM","4 anos":"SIM","5 anos":"SIM","6 anos":"NÃO","7 anos":"NÃO","8 anos":"NÃO","9 anos":"NÃO","10 anos":"NÃO","11 anos":"NÃO","12 anos":"NÃO","13 anos":"NÃO","14 anos":"NÃO","Ano":"2023","Fonte":"Secretaria Municipal de Educação - SME","SRC da camada":"EPSG:4326 - WGS 84","Codificação":"UTF-8"}},{"type":"Feature","id":"vw_ParqueEscolarMunicipal_2023.fid-5656ca56_19a5f394e75_690e","geometry":{"type":"Point","coordinates":[-38.50206161,-3.83849494]},"geometry_name":"geom","properties":{"id":85,"fid":85,"Tipo":"CEI","Título":"CENTRO DE EDUCAÇÃO INFANTIL","Nome":"MANOEL PINHEIRO DOS SANTOS","Seriação":"I-2,3,4","Faixa etária":"2 A 5 ANOS","Distrito":"6","Endereço":"RUA MAJOR LADISLAU LOURENÇO, S/N","Bairro":"JANGURUSSU","Código do bairro":61,"CEP":"60870-760","Regional":"SER 9","INEP":23324260,"CODSGE":"946","6 mees":"NÃO","1 ano":"NÃO","2 anos":"SIM","3 anos":"SIM","4 anos":"SIM","5 anos":"SIM","6 anos":"NÃO","7 anos":"NÃO","8 anos":"NÃO","9 anos":"NÃO","10 anos":"NÃO","11 anos":"NÃO","12 anos":"NÃO","13 anos":"NÃO","14 anos":"NÃO","Ano":"2023","Fonte":"Secretaria Municipal de Educação - SME","SRC da camada":"EPSG:4326 - WGS 84","Codificação":"UTF-8"}},{"type":"Feature","id":"vw_ParqueEscolarMunicipal_2023.fid-5656ca56_19a5f394e75_690f","geometry":{"type":"Point","coordinates":[-38.47766735,-3.82251462]},"geometry_name":"geom","properties":{"id":86,"fid":86,"Tipo":"EMTI","Título":"ESCOLA MUNICIPAL DE TEMPO INTEGRAL","Nome":"LAÍS RODRIGUES DE ALMEIDA","Seriação":"F-6,7,8,9","Faixa etária":"11 A 14 ANOS","Distrito":"6","Endereço":"AVENIDA ODILON GUIMARÃES, 1773","Bairro":"CURIÓ","Código do bairro":56,"CEP":"60844-070","Regional":"SER 6","INEP":23275154,"CODSGE":"941","6 mees":"NÃO","1 ano":"NÃO","2 anos":"NÃO","3 anos":"NÃO","4 anos":"NÃO","5 anos":"NÃO","6 anos":"NÃO","7 anos":"NÃO","8 anos":"NÃO","9 anos":"NÃO","10 anos":"NÃO","11 anos":"SIM","12 anos":"SIM","13 anos":"SIM","14 anos":"SIM","Ano":"2023","Fonte":"Secretaria Municipal de Educação - SME","SRC da camada":"EPSG:4326 - WGS 84","Codificação":"UTF-8"}},{"type":"Feature","id":"vw_ParqueEscolarMunicipal_2023.fid-5656ca56_19a5f394e75_6910","geometry":{"type":"Point","coordinates":[-38.46499021,-3.82365678]},"geometry_name":"geom","properties":{"id":87,"fid":87,"Tipo":"CEI","Título":"CENTRO DE EDUCAÇÃO INFANTIL","Nome":"PADRE RAIMUNDO LEANDRO DE ARAÚJO","Seriação":"I-1,2,3","Faixa etária":"1 A 5 ANOS","Distrito":"6","Endereço":"RUA GERARDO LIMA, S/N","Bairro":"LAGOA REDONDA","Código do bairro":63,"CEP":"60831-075","Regional":"SER 6","INEP":23078006,"CODSGE":"861","6 mees":"NÃO","1 ano":"SIM","2 anos":"SIM","3 anos":"SIM","4 anos":"SIM","5 anos":"SIM","6 anos":"NÃO","7 anos":"NÃO","8 anos":"NÃO","9 anos":"NÃO","10 anos":"NÃO","11 anos":"NÃO","12 anos":"NÃO","13 anos":"NÃO","14 anos":"NÃO","Ano":"2023","Fonte":"Secretaria Municipal de Educação - SME","SRC da camada":"EPSG:4326 - WGS 84","Codificação":"UTF-8"}},{"type":"Feature","id":"vw_ParqueEscolarMunicipal_2023.fid-5656ca56_19a5f394e75_6911","geometry":{"type":"Point","coordinates":[-38.51320791,-3.8655618]},"geometry_name":"geom","properties":{"id":88,"fid":88,"Tipo":"EMTP","Título":"ESCOLA MUNICIPAL","Nome":"FRANCISCA ORIÁ SERPA II","Seriação":"F-2,3,4,5,6,7,8,9","Faixa etária":"7 A 14 ANOS","Distrito":"6","Endereço":"ROD. ANEL VIÁRIO, 2155","Bairro":"ANCURI","Código do bairro":50,"CEP":"60874-212","Regional":"SER 9","INEP":23273763,"CODSGE":"868","6 mees":"NÃO","1 ano":"NÃO","2 anos":"NÃO","3 anos":"NÃO","4 anos":"NÃO","5 anos":"NÃO","6 anos":"NÃO","7 anos":"SIM","8 anos":"SIM","9 anos":"SIM","10 anos":"SIM","11 anos":"SIM","12 anos":"SIM","13 anos":"SIM","14 anos":"SIM","Ano":"2023","Fonte":"Secretaria Municipal de Educação - SME","SRC da camada":"EPSG:4326 - WGS 84","Codificação":"UTF-8"}},{"type":"Feature","id":"vw_ParqueEscolarMunicipal_2023.fid-5656ca56_19a5f394e75_6912","geometry":{"type":"Point","coordinates":[-38.52392792,-3.83898619]},"geometry_name":"geom","properties":{"id":89,"fid":89,"Tipo":"CEI","Título":"CENTRO DE EDUCAÇÃO INFANTIL","Nome":"PROFESSOR LAURO DE OLIVEIRA LIMA","Seriação":"I-2,3,4","Faixa etária":"2 A 5 ANOS","Distrito":"6","Endereço":"RUA 313, S/N","Bairro":"JANGURUSSU","Código do bairro":61,"CEP":"60866-370","Regional":"SER 9","INEP":23074124,"CODSGE":"857","6 mees":"NÃO","1 ano":"NÃO","2 anos":"SIM","3 anos":"SIM","4 anos":"SIM","5 anos":"SIM","6 anos":"NÃO","7 anos":"NÃO","8 anos":"NÃO","9 anos":"NÃO","10 anos":"NÃO","11 anos":"NÃO","12 anos":"NÃO","13 anos":"NÃO","14 anos":"NÃO","Ano":"2023","Fonte":"Secretaria Municipal de Educação - SME","SRC da camada":"EPSG:4326 - WGS 84","Codificação":"UTF-8"}},{"type":"Feature","id":"vw_ParqueEscolarMunicipal_2023.fid-5656ca56_19a5f394e75_6913","geometry":{"type":"Point","coordinates":[-38.5241264,-3.85262768]},"geometry_name":"geom","properties":{"id":90,"fid":90,"Tipo":"CEI","Título":"CENTRO DE EDUCAÇÃO INFANTIL","Nome":"PROFESSORA ANA MARIA MEDEIROS DA FONSECA","Seriação":"I-1,2,3","Faixa etária":"1 A 5 ANOS","Distrito":"6","Endereço":"AV. DEP. CASTELO DE CASTRO, S/N","Bairro":"CONJUNTO PALMEIRAS","Código do bairro":118,"CEP":"60870-066","Regional":"SER 9","INEP":23250623,"CODSGE":"858","6 mees":"NÃO","1 ano":"SIM","2 anos":"SIM","3 anos":"SIM","4 anos":"SIM","5 anos":"SIM","6 anos":"NÃO","7 anos":"NÃO","8 anos":"NÃO","9 anos":"NÃO","10 anos":"NÃO","11 anos":"NÃO","12 anos":"NÃO","13 anos":"NÃO","14 anos":"NÃO","Ano":"2023","Fonte":"Secretaria Municipal de Educação - SME","SRC da camada":"EPSG:4326 - WGS 84","Codificação":"UTF-8"}},{"type":"Feature","id":"vw_ParqueEscolarMunicipal_2023.fid-5656ca56_19a5f394e75_6914","geometry":{"type":"Point","coordinates":[-38.48747766,-3.82250993]},"geometry_name":"geom","properties":{"id":91,"fid":91,"Tipo":"EMTI","Título":"ESCOLA MUNICIPAL DE TEMPO INTEGRAL","Nome":"MARIA ODETE DA SILVA COLARES","Seriação":"F-6,7,8,9","Faixa etária":"11 A 14 ANOS","Distrito":"6","Endereço":"RUA CEL. JOÃO DE OLIVEIRA, 687","Bairro":"MESSEJANA","Código do bairro":65,"CEP":"60841-820","Regional":"SER 6","INEP":23272007,"CODSGE":"838","6 mees":"NÃO","1 ano":"NÃO","2 anos":"NÃO","3 anos":"NÃO","4 anos":"NÃO","5 anos":"NÃO","6 anos":"NÃO","7 anos":"NÃO","8 anos":"NÃO","9 anos":"NÃO","10 anos":"NÃO","11 anos":"SIM","12 anos":"SIM","13 anos":"SIM","14 anos":"SIM","Ano":"2023","Fonte":"Secretaria Municipal de Educação - SME","SRC da camada":"EPSG:4326 - WGS 84","Codificação":"UTF-8"}},{"type":"Feature","id":"vw_ParqueEscolarMunicipal_2023.fid-5656ca56_19a5f394e75_6915","geometry":{"type":"Point","coordinates":[-38.54841046,-3.80468884]},"geometry_name":"geom","properties":{"id":92,"fid":92,"Tipo":"CEI","Título":"CENTRO DE EDUCAÇÃO INFANTIL","Nome":"PROFESSOR ERASMO DA SILVA PITOMBEIRA","Seriação":"I-1,2,3","Faixa etária":"1 A 5 ANOS","Distrito":"4","Endereço":"RUA E, S/N (LOT. AV. DOS EXPEDICIONÁRIOS)","Bairro":"PARQUE DOIS IRMÃOS","Código do bairro":84,"CEP":"60745-560","Regional":"SER 8","INEP":23242710,"CODSGE":"851","6 mees":"NÃO","1 ano":"SIM","2 anos":"SIM","3 anos":"SIM","4 anos":"SIM","5 anos":"SIM","6 anos":"NÃO","7 anos":"NÃO","8 anos":"NÃO","9 anos":"NÃO","10 anos":"NÃO","11 anos":"NÃO","12 anos":"NÃO","13 anos":"NÃO","14 anos":"NÃO","Ano":"2023","Fonte":"Secretaria Municipal de Educação - SME","SRC da camada":"EPSG:4326 - WGS 84","Codificação":"UTF-8"}},{"type":"Feature","id":"vw_ParqueEscolarMunicipal_2023.fid-5656ca56_19a5f394e75_6916","geometry":{"type":"Point","coordinates":[-38.47723174,-3.81838968]},"geometry_name":"geom","properties":{"id":93,"fid":93,"Tipo":"CRP","Título":"CRECHE PARCEIRA","Nome":"JARDIM ENCANTADO","Seriação":"I-1,2,3","Faixa etária":"1 A 3 ANOS","Distrito":"6","Endereço":"RUA OZÉLIA PONTES, 187","Bairro":"JOSÉ DE ALENCAR","Código do bairro":49,"CEP":"60830-395","Regional":"SER 6","INEP":23279885,"CODSGE":"850","6 mees":"NÃO","1 ano":"SIM","2 anos":"SIM","3 anos":"SIM","4 anos":"NÃO","5 anos":"NÃO","6 anos":"NÃO","7 anos":"NÃO","8 anos":"NÃO","9 anos":"NÃO","10 anos":"NÃO","11 anos":"NÃO","12 anos":"NÃO","13 anos":"NÃO","14 anos":"NÃO","Ano":"2023","Fonte":"Secretaria Municipal de Educação - SME","SRC da camada":"EPSG:4326 - WGS 84","Codificação":"UTF-8"}},{"type":"Feature","id":"vw_ParqueEscolarMunicipal_2023.fid-5656ca56_19a5f394e75_6917","geometry":{"type":"Point","coordinates":[-38.51457924,-3.87844775]},"geometry_name":"geom","properties":{"id":94,"fid":94,"Tipo":"CEI","Título":"CENTRO DE EDUCAÇÃO INFANTIL","Nome":"PROFESSORA LUIZA DE TEODORO VIEIRA","Seriação":"I-3,4,5/F-1","Faixa etária":"3 A 6 ANOS","Distrito":"6","Endereço":"AV. DAS PALMEIRAS IMPERIAIS, S/N","Bairro":"PEDRAS","Código do bairro":69,"CEP":"60878-067","Regional":"SER 9","INEP":23078162,"CODSGE":"832","6 mees":"NÃO","1 ano":"NÃO","2 anos":"NÃO","3 anos":"SIM","4 anos":"SIM","5 anos":"SIM","6 anos":"SIM","7 anos":"NÃO","8 anos":"NÃO","9 anos":"NÃO","10 anos":"NÃO","11 anos":"NÃO","12 anos":"NÃO","13 anos":"NÃO","14 anos":"NÃO","Ano":"2023","Fonte":"Secretaria Municipal de Educação - SME","SRC da camada":"EPSG:4326 - WGS 84","Codificação":"UTF-8"}},{"type":"Feature","id":"vw_ParqueEscolarMunicipal_2023.fid-5656ca56_19a5f394e75_6918","geometry":{"type":"Point","coordinates":[-38.51483347,-3.8781907]},"geometry_name":"geom","properties":{"id":95,"fid":95,"Tipo":"CEI","Título":"CENTRO DE EDUCAÇÃO INFANTIL","Nome":"PROFESSOR JOSÉ TEODORO SOARES","Seriação":"I-1,2,3","Faixa etária":"1 A 6 ANOS","Distrito":"6","Endereço":"AV. DAS PALMEIRAS IMPERIAIS, S/N","Bairro":"PEDRAS","Código do bairro":69,"CEP":"60878-067","Regional":"SER 9","INEP":23078162,"CODSGE":"831","6 mees":"NÃO","1 ano":"SIM","2 anos":"SIM","3 anos":"SIM","4 anos":"SIM","5 anos":"SIM","6 anos":"SIM","7 anos":"NÃO","8 anos":"NÃO","9 anos":"NÃO","10 anos":"NÃO","11 anos":"NÃO","12 anos":"NÃO","13 anos":"NÃO","14 anos":"NÃO","Ano":"2023","Fonte":"Secretaria Municipal de Educação - SME","SRC da camada":"EPSG:4326 - WGS 84","Codificação":"UTF-8"}},{"type":"Feature","id":"vw_ParqueEscolarMunicipal_2023.fid-5656ca56_19a5f394e75_6919","geometry":{"type":"Point","coordinates":[-38.52069572,-3.84967916]},"geometry_name":"geom","properties":{"id":96,"fid":96,"Tipo":"CEI","Título":"CENTRO DE EDUCAÇÃO INFANTIL","Nome":"JOSÉ DE RIBAMAR MORAES","Seriação":"I-1,2,3","Faixa etária":"1 A 5 ANOS","Distrito":"6","Endereço":"RUA CATOLÉ, S/N (CONJUNTO SÍTIO SÃO JOÃO)","Bairro":"JANGURUSSU","Código do bairro":61,"CEP":"60870-410","Regional":"SER 9","INEP":23071796,"CODSGE":"824","6 mees":"NÃO","1 ano":"SIM","2 anos":"SIM","3 anos":"SIM","4 anos":"SIM","5 anos":"SIM","6 anos":"NÃO","7 anos":"NÃO","8 anos":"NÃO","9 anos":"NÃO","10 anos":"NÃO","11 anos":"NÃO","12 anos":"NÃO","13 anos":"NÃO","14 anos":"NÃO","Ano":"2023","Fonte":"Secretaria Municipal de Educação - SME","SRC da camada":"EPSG:4326 - WGS 84","Codificação":"UTF-8"}},{"type":"Feature","id":"vw_ParqueEscolarMunicipal_2023.fid-5656ca56_19a5f394e75_691a","geometry":{"type":"Point","coordinates":[-38.51236537,-3.8537885]},"geometry_name":"geom","properties":{"id":97,"fid":97,"Tipo":"CRP","Título":"CRECHE PARCEIRA","Nome":"CUIDANDO E ENSINANDO","Seriação":"I-1,2,3","Faixa etária":"1 A 3 ANOS","Distrito":"6","Endereço":"RUA JOSÉ DOS REIS CARVALHO, 64 (RES. ALDEMIR MARTINS)","Bairro":"JANGURUSSU","Código do bairro":61,"CEP":"60877-486","Regional":"SER 9","INEP":23279680,"CODSGE":"801","6 mees":"NÃO","1 ano":"SIM","2 anos":"SIM","3 anos":"SIM","4 anos":"NÃO","5 anos":"NÃO","6 anos":"NÃO","7 anos":"NÃO","8 anos":"NÃO","9 anos":"NÃO","10 anos":"NÃO","11 anos":"NÃO","12 anos":"NÃO","13 anos":"NÃO","14 anos":"NÃO","Ano":"2023","Fonte":"Secretaria Municipal de Educação - SME","SRC da camada":"EPSG:4326 - WGS 84","Codificação":"UTF-8"}},{"type":"Feature","id":"vw_ParqueEscolarMunicipal_2023.fid-5656ca56_19a5f394e75_691b","geometry":{"type":"Point","coordinates":[-38.51798152,-3.82377593]},"geometry_name":"geom","properties":{"id":98,"fid":98,"Tipo":"CRP","Título":"CRECHE PARCEIRA","Nome":"NÚCLEO DE VIDA","Seriação":"I-1,2,3","Faixa etária":"1 A 3 ANOS","Distrito":"6","Endereço":"RUA 5, 350 (CONJUNTO JOÃO PAULO II)","Bairro":"BARROSO","Código do bairro":51,"CEP":"60863-800","Regional":"SER 9","INEP":23280026,"CODSGE":"785","6 mees":"NÃO","1 ano":"SIM","2 anos":"SIM","3 anos":"SIM","4 anos":"NÃO","5 anos":"NÃO","6 anos":"NÃO","7 anos":"NÃO","8 anos":"NÃO","9 anos":"NÃO","10 anos":"NÃO","11 anos":"NÃO","12 anos":"NÃO","13 anos":"NÃO","14 anos":"NÃO","Ano":"2023","Fonte":"Secretaria Municipal de Educação - SME","SRC da camada":"EPSG:4326 - WGS 84","Codificação":"UTF-8"}},{"type":"Feature","id":"vw_ParqueEscolarMunicipal_2023.fid-5656ca56_19a5f394e75_691c","geometry":{"type":"Point","coordinates":[-38.50485021,-3.86277195]},"geometry_name":"geom","properties":{"id":99,"fid":99,"Tipo":"CRP","Título":"CRECHE PARCEIRA","Nome":"CASA DO JOÃO","Seriação":"I-1,2,3","Faixa etária":"1 A 3 ANOS","Distrito":"6","Endereço":"RUA SÃO LEOPOLDO, 678","Bairro":"ANCURI","Código do bairro":50,"CEP":"60874-170","Regional":"SER 9","INEP":23280310,"CODSGE":"780","6 mees":"NÃO","1 ano":"SIM","2 anos":"SIM","3 anos":"SIM","4 anos":"NÃO","5 anos":"NÃO","6 anos":"NÃO","7 anos":"NÃO","8 anos":"NÃO","9 anos":"NÃO","10 anos":"NÃO","11 anos":"NÃO","12 anos":"NÃO","13 anos":"NÃO","14 anos":"NÃO","Ano":"2023","Fonte":"Secretaria Municipal de Educação - SME","SRC da camada":"EPSG:4326 - WGS 84","Codificação":"UTF-8"}},{"type":"Feature","id":"vw_ParqueEscolarMunicipal_2023.fid-5656ca56_19a5f394e75_691d","geometry":{"type":"Point","coordinates":[-38.51124962,-3.84673971]},"geometry_name":"geom","properties":{"id":100,"fid":100,"Tipo":"CRP","Título":"CRECHE PARCEIRA","Nome":"SONHO DE CRIANÇA II","Seriação":"I-1,2,3","Faixa etária":"1 A 3 ANOS","Distrito":"6","Endereço":"RUA IRMÃOS OLÍMPIO, 197","Bairro":"JANGURUSSU","Código do bairro":61,"CEP":"60870-630","Regional":"SER 9","INEP":23279982,"CODSGE":"772","6 mees":"NÃO","1 ano":"SIM","2 anos":"SIM","3 anos":"SIM","4 anos":"NÃO","5 anos":"NÃO","6 anos":"NÃO","7 anos":"NÃO","8 anos":"NÃO","9 anos":"NÃO","10 anos":"NÃO","11 anos":"NÃO","12 anos":"NÃO","13 anos":"NÃO","14 anos":"NÃO","Ano":"2023","Fonte":"Secretaria Municipal de Educação - SME","SRC da camada":"EPSG:4326 - WGS 84","Codificação":"UTF-8"}},{"type":"Feature","id":"vw_ParqueEscolarMunicipal_2023.fid-5656ca56_19a5f394e75_691e","geometry":{"type":"Point","coordinates":[-38.5145969,-3.84092253]},"geometry_name":"geom","properties":{"id":101,"fid":101,"Tipo":"CRP","Título":"CRECHE PARCEIRA","Nome":"FAZENDO A DIFERENÇA","Seriação":"I-1,2,3","Faixa etária":"1 A 3 ANOS","Distrito":"6","Endereço":"RUA MUTAMBA, 175B","Bairro":"JANGURUSSU","Código do bairro":61,"CEP":"60865-210","Regional":"SER 9","INEP":23279672,"CODSGE":"750","6 mees":"NÃO","1 ano":"SIM","2 anos":"SIM","3 anos":"SIM","4 anos":"NÃO","5 anos":"NÃO","6 anos":"NÃO","7 anos":"NÃO","8 anos":"NÃO","9 anos":"NÃO","10 anos":"NÃO","11 anos":"NÃO","12 anos":"NÃO","13 anos":"NÃO","14 anos":"NÃO","Ano":"2023","Fonte":"Secretaria Municipal de Educação - SME","SRC da camada":"EPSG:4326 - WGS 84","Codificação":"UTF-8"}},{"type":"Feature","id":"vw_ParqueEscolarMunicipal_2023.fid-5656ca56_19a5f394e75_691f","geometry":{"type":"Point","coordinates":[-38.51909829,-3.82290466]},"geometry_name":"geom","properties":{"id":102,"fid":102,"Tipo":"CRP","Título":"CRECHE PARCEIRA","Nome":"SÃO JUDAS TADEU","Seriação":"I-1,2,3","Faixa etária":"1 A 3 ANOS","Distrito":"6","Endereço":"RUA 03, 78 (CONJUNTO JOÃO PAULO II)","Bairro":"BARROSO","Código do bairro":51,"CEP":"60863-840","Regional":"SER 9","INEP":23233800,"CODSGE":"556","6 mees":"NÃO","1 ano":"SIM","2 anos":"SIM","3 anos":"SIM","4 anos":"NÃO","5 anos":"NÃO","6 anos":"NÃO","7 anos":"NÃO","8 anos":"NÃO","9 anos":"NÃO","10 anos":"NÃO","11 anos":"NÃO","12 anos":"NÃO","13 anos":"NÃO","14 anos":"NÃO","Ano":"2023","Fonte":"Secretaria Municipal de Educação - SME","SRC da camada":"EPSG:4326 - WGS 84","Codificação":"UTF-8"}},{"type":"Feature","id":"vw_ParqueEscolarMunicipal_2023.fid-5656ca56_19a5f394e75_6920","geometry":{"type":"Point","coordinates":[-38.50747444,-3.88553903]},"geometry_name":"geom","properties":{"id":103,"fid":103,"Tipo":"CRP","Título":"CRECHE PARCEIRA","Nome":"SANTA LUZIA","Seriação":"I-1,2,3","Faixa etária":"1 A 3 ANOS","Distrito":"6","Endereço":"RUA LUÍS BENTO, 290","Bairro":"PEDRAS","Código do bairro":69,"CEP":"60874-620","Regional":"SER 9","INEP":23280220,"CODSGE":"662","6 mees":"NÃO","1 ano":"SIM","2 anos":"SIM","3 anos":"SIM","4 anos":"NÃO","5 anos":"NÃO","6 anos":"NÃO","7 anos":"NÃO","8 anos":"NÃO","9 anos":"NÃO","10 anos":"NÃO","11 anos":"NÃO","12 anos":"NÃO","13 anos":"NÃO","14 anos":"NÃO","Ano":"2023","Fonte":"Secretaria Municipal de Educação - SME","SRC da camada":"EPSG:4326 - WGS 84","Codificação":"UTF-8"}},{"type":"Feature","id":"vw_ParqueEscolarMunicipal_2023.fid-5656ca56_19a5f394e75_6921","geometry":{"type":"Point","coordinates":[-38.51479326,-3.84237341]},"geometry_name":"geom","properties":{"id":104,"fid":104,"Tipo":"CEI","Título":"CENTRO DE EDUCAÇÃO INFANTIL","Nome":"HUMBERTO TEIXEIRA","Seriação":"I-1,2,3","Faixa etária":"1 A 5 ANOS","Distrito":"6","Endereço":"RUA FRANCISCO COSTA, 162","Bairro":"JANGURUSSU","Código do bairro":61,"CEP":"60865-220","Regional":"SER 9","INEP":23074078,"CODSGE":"572","6 mees":"NÃO","1 ano":"SIM","2 anos":"SIM","3 anos":"SIM","4 anos":"SIM","5 anos":"SIM","6 anos":"NÃO","7 anos":"NÃO","8 anos":"NÃO","9 anos":"NÃO","10 anos":"NÃO","11 anos":"NÃO","12 anos":"NÃO","13 anos":"NÃO","14 anos":"NÃO","Ano":"2023","Fonte":"Secretaria Municipal de Educação - SME","SRC da camada":"EPSG:4326 - WGS 84","Codificação":"UTF-8"}},{"type":"Feature","id":"vw_ParqueEscolarMunicipal_2023.fid-5656ca56_19a5f394e75_6922","geometry":{"type":"Point","coordinates":[-38.45222753,-3.81995444]},"geometry_name":"geom","properties":{"id":105,"fid":105,"Tipo":"EMTP","Título":"ESCOLA MUNICIPAL","Nome":"PROFESSORA FERNANDA MARIA DE ALENCAR COLARES","Seriação":"I-4,5/F-1,2,3,4,5,6,7,8,9","Faixa etária":"4 A 14 ANOS","Distrito":"6","Endereço":"AV. PROFº JOSÉ ARTUR DE CARVALHO, 1540","Bairro":"LAGOA REDONDA","Código do bairro":63,"CEP":"60831-370","Regional":"SER 6","INEP":23070188,"CODSGE":"205","6 mees":"NÃO","1 ano":"NÃO","2 anos":"NÃO","3 anos":"NÃO","4 anos":"SIM","5 anos":"SIM","6 anos":"SIM","7 anos":"SIM","8 anos":"SIM","9 anos":"SIM","10 anos":"SIM","11 anos":"SIM","12 anos":"SIM","13 anos":"SIM","14 anos":"SIM","Ano":"2023","Fonte":"Secretaria Municipal de Educação - SME","SRC da camada":"EPSG:4326 - WGS 84","Codificação":"UTF-8"}},{"type":"Feature","id":"vw_ParqueEscolarMunicipal_2023.fid-5656ca56_19a5f394e75_6923","geometry":{"type":"Point","coordinates":[-38.46615851,-3.81438394]},"geometry_name":"geom","properties":{"id":106,"fid":106,"Tipo":"EMTP","Título":"ESCOLA MUNICIPAL","Nome":"MOREIRA DA ROCHA","Seriação":"F-1,2,3,4,5","Faixa etária":"6 A 10 ANOS","Distrito":"6","Endereço":"AV. ODILON GUIMARÃES, 3860","Bairro":"LAGOA REDONDA","Código do bairro":63,"CEP":"60831-295","Regional":"SER 6","INEP":23078677,"CODSGE":"343","6 mees":"NÃO","1 ano":"NÃO","2 anos":"NÃO","3 anos":"NÃO","4 anos":"NÃO","5 anos":"NÃO","6 anos":"SIM","7 anos":"SIM","8 anos":"SIM","9 anos":"SIM","10 anos":"SIM","11 anos":"NÃO","12 anos":"NÃO","13 anos":"NÃO","14 anos":"NÃO","Ano":"2023","Fonte":"Secretaria Municipal de Educação - SME","SRC da camada":"EPSG:4326 - WGS 84","Codificação":"UTF-8"}},{"type":"Feature","id":"vw_ParqueEscolarMunicipal_2023.fid-5656ca56_19a5f394e75_6924","geometry":{"type":"Point","coordinates":[-38.46686724,-3.82939302]},"geometry_name":"geom","properties":{"id":107,"fid":107,"Tipo":"EMTP","Título":"ESCOLA MUNICIPAL","Nome":"ISABEL FERREIRA","Seriação":"I-4,5/F-1,2,3,4,5","Faixa etária":"4 A 10 ANOS","Distrito":"6","Endereço":"RUA ISABEL FERREIRA, 1000","Bairro":"LAGOA REDONDA","Código do bairro":63,"CEP":"60831-525","Regional":"SER 6","INEP":23235128,"CODSGE":"268","6 mees":"NÃO","1 ano":"NÃO","2 anos":"NÃO","3 anos":"NÃO","4 anos":"SIM","5 anos":"SIM","6 anos":"SIM","7 anos":"SIM","8 anos":"SIM","9 anos":"SIM","10 anos":"SIM","11 anos":"NÃO","12 anos":"NÃO","13 anos":"NÃO","14 anos":"NÃO","Ano":"2023","Fonte":"Secretaria Municipal de Educação - SME","SRC da camada":"EPSG:4326 - WGS 84","Codificação":"UTF-8"}},{"type":"Feature","id":"vw_ParqueEscolarMunicipal_2023.fid-5656ca56_19a5f394e75_6925","geometry":{"type":"Point","coordinates":[-38.46395794,-3.82670575]},"geometry_name":"geom","properties":{"id":108,"fid":108,"Tipo":"EMTP","Título":"ESCOLA MUNICIPAL","Nome":"PROFESSORA TEREZINHA FERREIRA PARENTE","Seriação":"F-6,7,8,9","Faixa etária":"11 A 14 ANOS","Distrito":"6","Endereço":"RUA NELSON COELHO, 209","Bairro":"LAGOA REDONDA","Código do bairro":63,"CEP":"60831-410","Regional":"SER 6","INEP":23078006,"CODSGE":"304","6 mees":"NÃO","1 ano":"NÃO","2 anos":"NÃO","3 anos":"NÃO","4 anos":"NÃO","5 anos":"NÃO","6 anos":"NÃO","7 anos":"NÃO","8 anos":"NÃO","9 anos":"NÃO","10 anos":"NÃO","11 anos":"SIM","12 anos":"SIM","13 anos":"SIM","14 anos":"SIM","Ano":"2023","Fonte":"Secretaria Municipal de Educação - SME","SRC da camada":"EPSG:4326 - WGS 84","Codificação":"UTF-8"}},{"type":"Feature","id":"vw_ParqueEscolarMunicipal_2023.fid-5656ca56_19a5f394e75_6926","geometry":{"type":"Point","coordinates":[-38.4767834,-3.81603145]},"geometry_name":"geom","properties":{"id":109,"fid":109,"Tipo":"CEI","Título":"CENTRO DE EDUCAÇÃO INFANTIL","Nome":"PROFESSORA MARIA EVAN DO CARMO","Seriação":"I-4,5","Faixa etária":"3 A 5 ANOS","Distrito":"6","Endereço":"RUA MATEUS ALMEIDA, 71","Bairro":"JOSÉ DE ALENCAR","Código do bairro":49,"CEP":"60830-455","Regional":"SER 6","INEP":23078677,"CODSGE":"285","6 mees":"NÃO","1 ano":"NÃO","2 anos":"NÃO","3 anos":"NÃO","4 anos":"SIM","5 anos":"SIM","6 anos":"NÃO","7 anos":"NÃO","8 anos":"NÃO","9 anos":"NÃO","10 anos":"NÃO","11 anos":"NÃO","12 anos":"NÃO","13 anos":"NÃO","14 anos":"NÃO","Ano":"2023","Fonte":"Secretaria Municipal de Educação - SME","SRC da camada":"EPSG:4326 - WGS 84","Codificação":"UTF-8"}},{"type":"Feature","id":"vw_ParqueEscolarMunicipal_2023.fid-5656ca56_19a5f394e75_6927","geometry":{"type":"Point","coordinates":[-38.47597359,-3.81769051]},"geometry_name":"geom","properties":{"id":110,"fid":110,"Tipo":"EMTI","Título":"ESCOLA MUNICIPAL DE TEMPO INTEGRAL","Nome":"JOSÉ CARVALHO","Seriação":"F-6,7,8,9","Faixa etária":"11 A 14 ANOS","Distrito":"6","Endereço":"RUA CLODOALDO ARRUDA, 1300","Bairro":"JOSÉ DE ALENCAR","Código do bairro":49,"CEP":"60830-295","Regional":"SER 6","INEP":23272708,"CODSGE":"253","6 mees":"NÃO","1 ano":"NÃO","2 anos":"NÃO","3 anos":"NÃO","4 anos":"NÃO","5 anos":"NÃO","6 anos":"NÃO","7 anos":"NÃO","8 anos":"NÃO","9 anos":"NÃO","10 anos":"NÃO","11 anos":"SIM","12 anos":"SIM","13 anos":"SIM","14 anos":"SIM","Ano":"2023","Fonte":"Secretaria Municipal de Educação - SME","SRC da camada":"EPSG:4326 - WGS 84","Codificação":"UTF-8"}},{"type":"Feature","id":"vw_ParqueEscolarMunicipal_2023.fid-5656ca56_19a5f394e75_6928","geometry":{"type":"Point","coordinates":[-38.47246068,-3.82158207]},"geometry_name":"geom","properties":{"id":111,"fid":111,"Tipo":"EMTP","Título":"ESCOLA MUNICIPAL","Nome":"PARQUE SÃO MIGUEL","Seriação":"F-1,2,3,4,5","Faixa etária":"6 A 10 ANOS","Distrito":"6","Endereço":"RUA LOURDES VIDAL ALVES, 444","Bairro":"LAGOA REDONDA","Código do bairro":63,"CEP":"60831-160","Regional":"SER 6","INEP":23074582,"CODSGE":"219","6 mees":"NÃO","1 ano":"NÃO","2 anos":"NÃO","3 anos":"NÃO","4 anos":"NÃO","5 anos":"NÃO","6 anos":"SIM","7 anos":"SIM","8 anos":"SIM","9 anos":"SIM","10 anos":"SIM","11 anos":"NÃO","12 anos":"NÃO","13 anos":"NÃO","14 anos":"NÃO","Ano":"2023","Fonte":"Secretaria Municipal de Educação - SME","SRC da camada":"EPSG:4326 - WGS 84","Codificação":"UTF-8"}},{"type":"Feature","id":"vw_ParqueEscolarMunicipal_2023.fid-5656ca56_19a5f394e75_6929","geometry":{"type":"Point","coordinates":[-38.47735509,-3.82611983]},"geometry_name":"geom","properties":{"id":112,"fid":112,"Tipo":"EMTP","Título":"ESCOLA MUNICIPAL","Nome":"JOÃO SARAIVA LEÃO","Seriação":"F-1,2,3,4,5","Faixa etária":"6 A 10 ANOS","Distrito":"6","Endereço":"AV. PROFESSOR JOSÉ ARTHUR DE CARVALHO, 50","Bairro":"GUAJERU","Código do bairro":59,"CEP":"60831-370","Regional":"SER 6","INEP":23235373,"CODSGE":"327","6 mees":"NÃO","1 ano":"NÃO","2 anos":"NÃO","3 anos":"NÃO","4 anos":"NÃO","5 anos":"NÃO","6 anos":"SIM","7 anos":"SIM","8 anos":"SIM","9 anos":"SIM","10 anos":"SIM","11 anos":"NÃO","12 anos":"NÃO","13 anos":"NÃO","14 anos":"NÃO","Ano":"2023","Fonte":"Secretaria Municipal de Educação - SME","SRC da camada":"EPSG:4326 - WGS 84","Codificação":"UTF-8"}},{"type":"Feature","id":"vw_ParqueEscolarMunicipal_2023.fid-5656ca56_19a5f394e75_692a","geometry":{"type":"Point","coordinates":[-38.48627707,-3.82859743]},"geometry_name":"geom","properties":{"id":113,"fid":113,"Tipo":"EMTP","Título":"ESCOLA MUNICIPAL","Nome":"JOSEFA BARROS DE ALENCAR","Seriação":"I-4,5/F-1,2,3,4,5","Faixa etária":"4 A 10 ANOS","Distrito":"6","Endereço":"RUA DOUTOR JOAQUIM BENTO, 590","Bairro":"MESSEJANA","Código do bairro":65,"CEP":"60840-200","Regional":"SER 6","INEP":23078693,"CODSGE":"338","6 mees":"NÃO","1 ano":"NÃO","2 anos":"NÃO","3 anos":"NÃO","4 anos":"SIM","5 anos":"SIM","6 anos":"SIM","7 anos":"SIM","8 anos":"SIM","9 anos":"SIM","10 anos":"SIM","11 anos":"NÃO","12 anos":"NÃO","13 anos":"NÃO","14 anos":"NÃO","Ano":"2023","Fonte":"Secretaria Municipal de Educação - SME","SRC da camada":"EPSG:4326 - WGS 84","Codificação":"UTF-8"}},{"type":"Feature","id":"vw_ParqueEscolarMunicipal_2023.fid-5656ca56_19a5f394e75_692b","geometry":{"type":"Point","coordinates":[-38.49192255,-3.83061461]},"geometry_name":"geom","properties":{"id":114,"fid":114,"Tipo":"EMTP","Título":"ESCOLA MUNICIPAL","Nome":"ANGÉLICA GURGEL","Seriação":"F-6,7,8,9","Faixa etária":"11 A 14 ANOS","Distrito":"6","Endereço":"RUA DOUTOR PERGENTINO MAIA, 375","Bairro":"MESSEJANA","Código do bairro":65,"CEP":"60840-045","Regional":"SER 6","INEP":23065192,"CODSGE":"217","6 mees":"NÃO","1 ano":"NÃO","2 anos":"NÃO","3 anos":"NÃO","4 anos":"NÃO","5 anos":"NÃO","6 anos":"NÃO","7 anos":"NÃO","8 anos":"NÃO","9 anos":"NÃO","10 anos":"NÃO","11 anos":"SIM","12 anos":"SIM","13 anos":"SIM","14 anos":"SIM","Ano":"2023","Fonte":"Secretaria Municipal de Educação - SME","SRC da camada":"EPSG:4326 - WGS 84","Codificação":"UTF-8"}},{"type":"Feature","id":"vw_ParqueEscolarMunicipal_2023.fid-5656ca56_19a5f394e75_692c","geometry":{"type":"Point","coordinates":[-38.4854465,-3.82553155]},"geometry_name":"geom","properties":{"id":115,"fid":115,"Tipo":"EMTP","Título":"ESCOLA MUNICIPAL","Nome":"PROFESSORA RAIMUNDA FÉLIX DE ALCÂNTARA","Seriação":"F-6,7,8,9","Faixa etária":"11 A 14 ANOS","Distrito":"6","Endereço":"AV. MEM DE SÁ, 384","Bairro":"MESSEJANA","Código do bairro":65,"CEP":"60841-130","Regional":"SER 6","INEP":23323469,"CODSGE":"221","6 mees":"NÃO","1 ano":"NÃO","2 anos":"NÃO","3 anos":"NÃO","4 anos":"NÃO","5 anos":"NÃO","6 anos":"NÃO","7 anos":"NÃO","8 anos":"NÃO","9 anos":"NÃO","10 anos":"NÃO","11 anos":"SIM","12 anos":"SIM","13 anos":"SIM","14 anos":"SIM","Ano":"2023","Fonte":"Secretaria Municipal de Educação - SME","SRC da camada":"EPSG:4326 - WGS 84","Codificação":"UTF-8"}},{"type":"Feature","id":"vw_ParqueEscolarMunicipal_2023.fid-5656ca56_19a5f394e75_692d","geometry":{"type":"Point","coordinates":[-38.48927975,-3.82090674]},"geometry_name":"geom","properties":{"id":116,"fid":116,"Tipo":"EMTP","Título":"ESCOLA MUNICIPAL","Nome":"PROFESSOR CLODOMIR TEÓFILO GIRÃO","Seriação":"I-4,5/F-1,2,3,4,5","Faixa etária":"4 A 10 ANOS","Distrito":"6","Endereço":"TRAV. RÚTILO, 108","Bairro":"MESSEJANA","Código do bairro":65,"CEP":"60841-645","Regional":"SER 6","INEP":23263075,"CODSGE":"362","6 mees":"NÃO","1 ano":"NÃO","2 anos":"NÃO","3 anos":"NÃO","4 anos":"SIM","5 anos":"SIM","6 anos":"SIM","7 anos":"SIM","8 anos":"SIM","9 anos":"SIM","10 anos":"SIM","11 anos":"NÃO","12 anos":"NÃO","13 anos":"NÃO","14 anos":"NÃO","Ano":"2023","Fonte":"Secretaria Municipal de Educação - SME","SRC da camada":"EPSG:4326 - WGS 84","Codificação":"UTF-8"}},{"type":"Feature","id":"vw_ParqueEscolarMunicipal_2023.fid-5656ca56_19a5f394e75_692e","geometry":{"type":"Point","coordinates":[-38.47612188,-3.84740336]},"geometry_name":"geom","properties":{"id":117,"fid":117,"Tipo":"EMTP","Título":"ESCOLA MUNICIPAL","Nome":"JOÃO NOGUEIRA JUCÁ","Seriação":"I-4,5/F-1,2,3,4,5","Faixa etária":"4 A 10 ANOS","Distrito":"6","Endereço":"RUA B, 10 (LOTEAMENTO ESPLANADA MESSEJANA)","Bairro":"COAÇU","Código do bairro":55,"CEP":"60872-110","Regional":"SER 6","INEP":23546018,"CODSGE":"317","6 mees":"NÃO","1 ano":"NÃO","2 anos":"NÃO","3 anos":"NÃO","4 anos":"SIM","5 anos":"SIM","6 anos":"SIM","7 anos":"SIM","8 anos":"SIM","9 anos":"SIM","10 anos":"SIM","11 anos":"NÃO","12 anos":"NÃO","13 anos":"NÃO","14 anos":"NÃO","Ano":"2023","Fonte":"Secretaria Municipal de Educação - SME","SRC da camada":"EPSG:4326 - WGS 84","Codificação":"UTF-8"}},{"type":"Feature","id":"vw_ParqueEscolarMunicipal_2023.fid-5656ca56_19a5f394e75_692f","geometry":{"type":"Point","coordinates":[-38.49401113,-3.86733093]},"geometry_name":"geom","properties":{"id":118,"fid":118,"Tipo":"EMTI","Título":"ESCOLA MUNICIPAL DE TEMPO INTEGRAL","Nome":"GUIOMAR DA SILVA ALMEIDA","Seriação":"F-6,7,8,9","Faixa etária":"11 A 14 ANOS","Distrito":"6","Endereço":"RUA PEROLINA DE MORAIS, 449","Bairro":"PAUPINA","Código do bairro":68,"CEP":"60873-810","Regional":"SER 6","INEP":23070846,"CODSGE":"303","6 mees":"NÃO","1 ano":"NÃO","2 anos":"NÃO","3 anos":"NÃO","4 anos":"NÃO","5 anos":"NÃO","6 anos":"NÃO","7 anos":"NÃO","8 anos":"NÃO","9 anos":"NÃO","10 anos":"NÃO","11 anos":"SIM","12 anos":"SIM","13 anos":"SIM","14 anos":"SIM","Ano":"2023","Fonte":"Secretaria Municipal de Educação - SME","SRC da camada":"EPSG:4326 - WGS 84","Codificação":"UTF-8"}},{"type":"Feature","id":"vw_ParqueEscolarMunicipal_2023.fid-5656ca56_19a5f394e75_6930","geometry":{"type":"Point","coordinates":[-38.49276806,-3.85870281]},"geometry_name":"geom","properties":{"id":119,"fid":119,"Tipo":"EMTP","Título":"ESCOLA MUNICIPAL","Nome":"PROFESSOR ANÍSIO TEIXEIRA","Seriação":"I-5/F-1,2,3,4,5","Faixa etária":"5 A 10 ANOS","Distrito":"6","Endereço":"RUA SIMÃO SANTOS, S/N","Bairro":"PAUPINA","Código do bairro":68,"CEP":"60875-020","Regional":"SER 6","INEP":23065206,"CODSGE":"189","6 mees":"NÃO","1 ano":"NÃO","2 anos":"NÃO","3 anos":"NÃO","4 anos":"NÃO","5 anos":"SIM","6 anos":"SIM","7 anos":"SIM","8 anos":"SIM","9 anos":"SIM","10 anos":"SIM","11 anos":"NÃO","12 anos":"NÃO","13 anos":"NÃO","14 anos":"NÃO","Ano":"2023","Fonte":"Secretaria Municipal de Educação - SME","SRC da camada":"EPSG:4326 - WGS 84","Codificação":"UTF-8"}},{"type":"Feature","id":"vw_ParqueEscolarMunicipal_2023.fid-5656ca56_19a5f394e75_6931","geometry":{"type":"Point","coordinates":[-38.48659097,-3.84185641]},"geometry_name":"geom","properties":{"id":120,"fid":120,"Tipo":"EMTP","Título":"ESCOLA MUNICIPAL","Nome":"CÔNEGO FRANCISCO PEREIRA DA SILVA","Seriação":"F-1,2,3,4,5,6,7,8,9","Faixa etária":"6 A 14 ANOS","Distrito":"6","Endereço":"RUA LUIZ FRANCISCO XAVIER, 256","Bairro":"PAUPINA","Código do bairro":68,"CEP":"60872-508","Regional":"SER 6","INEP":23070137,"CODSGE":"163","6 mees":"NÃO","1 ano":"NÃO","2 anos":"NÃO","3 anos":"NÃO","4 anos":"NÃO","5 anos":"NÃO","6 anos":"SIM","7 anos":"SIM","8 anos":"SIM","9 anos":"SIM","10 anos":"SIM","11 anos":"SIM","12 anos":"SIM","13 anos":"SIM","14 anos":"SIM","Ano":"2023","Fonte":"Secretaria Municipal de Educação - SME","SRC da camada":"EPSG:4326 - WGS 84","Codificação":"UTF-8"}},{"type":"Feature","id":"vw_ParqueEscolarMunicipal_2023.fid-5656ca56_19a5f394e75_6932","geometry":{"type":"Point","coordinates":[-38.49051226,-3.83861803]},"geometry_name":"geom","properties":{"id":121,"fid":121,"Tipo":"EMTP","Título":"ESCOLA MUNICIPAL","Nome":"JOSÉ BARROS DE ALENCAR","Seriação":"I-4,5/F-1,2,3,4","Faixa etária":"4 A 9 ANOS","Distrito":"6","Endereço":"RUA GARDÊNIA, S/N (PARQUE MAMOEIRO)","Bairro":"PAUPINA","Código do bairro":68,"CEP":"60872-675","Regional":"SER 6","INEP":23250429,"CODSGE":"366","6 mees":"NÃO","1 ano":"NÃO","2 anos":"NÃO","3 anos":"NÃO","4 anos":"SIM","5 anos":"SIM","6 anos":"SIM","7 anos":"SIM","8 anos":"SIM","9 anos":"SIM","10 anos":"NÃO","11 anos":"NÃO","12 anos":"NÃO","13 anos":"NÃO","14 anos":"NÃO","Ano":"2023","Fonte":"Secretaria Municipal de Educação - SME","SRC da camada":"EPSG:4326 - WGS 84","Codificação":"UTF-8"}},{"type":"Feature","id":"vw_ParqueEscolarMunicipal_2023.fid-5656ca56_19a5f394e75_6933","geometry":{"type":"Point","coordinates":[-38.50896353,-3.88894855]},"geometry_name":"geom","properties":{"id":122,"fid":122,"Tipo":"EMTP","Título":"ESCOLA MUNICIPAL","Nome":"TRISTÃO DE ALENCAR","Seriação":"I-4,5/F-1,2,3,4,5","Faixa etária":"4 A 10 ANOS","Distrito":"6","Endereço":"RUA JOSÉ NOGUEIRA, 69","Bairro":"PEDRAS","Código do bairro":69,"CEP":"60874-670","Regional":"SER 9","INEP":23078162,"CODSGE":"325","6 mees":"NÃO","1 ano":"NÃO","2 anos":"NÃO","3 anos":"NÃO","4 anos":"SIM","5 anos":"SIM","6 anos":"SIM","7 anos":"SIM","8 anos":"SIM","9 anos":"SIM","10 anos":"SIM","11 anos":"NÃO","12 anos":"NÃO","13 anos":"NÃO","14 anos":"NÃO","Ano":"2023","Fonte":"Secretaria Municipal de Educação - SME","SRC da camada":"EPSG:4326 - WGS 84","Codificação":"UTF-8"}},{"type":"Feature","id":"vw_ParqueEscolarMunicipal_2023.fid-5656ca56_19a5f394e75_6934","geometry":{"type":"Point","coordinates":[-38.53026161,-3.87980683]},"geometry_name":"geom","properties":{"id":123,"fid":123,"Tipo":"EMTP","Título":"ESCOLA MUNICIPAL","Nome":"FRANCISCA ORIÁ SERPA","Seriação":"F-6,7,8,9","Faixa etária":"11 A 14 ANOS","Distrito":"6","Endereço":"RUA JORGE FIGUEIREDO, 3652","Bairro":"PEDRAS","Código do bairro":69,"CEP":"60874-765","Regional":"SER 9","INEP":23069953,"CODSGE":"319","6 mees":"NÃO","1 ano":"NÃO","2 anos":"NÃO","3 anos":"NÃO","4 anos":"NÃO","5 anos":"NÃO","6 anos":"NÃO","7 anos":"NÃO","8 anos":"NÃO","9 anos":"NÃO","10 anos":"NÃO","11 anos":"SIM","12 anos":"SIM","13 anos":"SIM","14 anos":"SIM","Ano":"2023","Fonte":"Secretaria Municipal de Educação - SME","SRC da camada":"EPSG:4326 - WGS 84","Codificação":"UTF-8"}},{"type":"Feature","id":"vw_ParqueEscolarMunicipal_2023.fid-5656ca56_19a5f394e75_6935","geometry":{"type":"Point","coordinates":[-38.49500023,-3.84549655]},"geometry_name":"geom","properties":{"id":124,"fid":124,"Tipo":"EMTP","Título":"ESCOLA MUNICIPAL","Nome":"DEMÓCRITO ROCHA","Seriação":"F-5,6,7,8,9","Faixa etária":"9 A 14 ANOS","Distrito":"6","Endereço":"RUA PADRE PEDRO DE ALENCAR, 2012","Bairro":"PARQUE SANTA MARIA","Código do bairro":87,"CEP":"60873-082","Regional":"SER 9","INEP":23067829,"CODSGE":"365","6 mees":"NÃO","1 ano":"NÃO","2 anos":"NÃO","3 anos":"NÃO","4 anos":"NÃO","5 anos":"NÃO","6 anos":"NÃO","7 anos":"NÃO","8 anos":"NÃO","9 anos":"NÃO","10 anos":"SIM","11 anos":"SIM","12 anos":"SIM","13 anos":"SIM","14 anos":"SIM","Ano":"2023","Fonte":"Secretaria Municipal de Educação - SME","SRC da camada":"EPSG:4326 - WGS 84","Codificação":"UTF-8"}},{"type":"Feature","id":"vw_ParqueEscolarMunicipal_2023.fid-5656ca56_19a5f394e75_6936","geometry":{"type":"Point","coordinates":[-38.50579578,-3.86159794]},"geometry_name":"geom","properties":{"id":125,"fid":125,"Tipo":"EMTP","Título":"ESCOLA MUNICIPAL","Nome":"MANOELITO GUIMARÃES DOMINGUES","Seriação":"I-4,5/F-1,2,3,4,5","Faixa etária":"4 A 10 ANOS","Distrito":"6","Endereço":"RUA BABILÔNIA, S/N","Bairro":"ANCURI","Código do bairro":50,"CEP":"60874-130","Regional":"SER 9","INEP":23244291,"CODSGE":"159","6 mees":"NÃO","1 ano":"NÃO","2 anos":"NÃO","3 anos":"NÃO","4 anos":"SIM","5 anos":"SIM","6 anos":"SIM","7 anos":"SIM","8 anos":"SIM","9 anos":"SIM","10 anos":"SIM","11 anos":"NÃO","12 anos":"NÃO","13 anos":"NÃO","14 anos":"NÃO","Ano":"2023","Fonte":"Secretaria Municipal de Educação - SME","SRC da camada":"EPSG:4326 - WGS 84","Codificação":"UTF-8"}},{"type":"Feature","id":"vw_ParqueEscolarMunicipal_2023.fid-5656ca56_19a5f394e75_6937","geometry":{"type":"Point","coordinates":[-38.50077199,-3.85342774]},"geometry_name":"geom","properties":{"id":126,"fid":126,"Tipo":"EMTP","Título":"ESCOLA MUNICIPAL","Nome":"BÁRBARA DE ALENCAR","Seriação":"F-6,7,8,9","Faixa etária":"11 A 14 ANOS","Distrito":"6","Endereço":"RUA CAPITÃO PORFÍRIO, 544","Bairro":"PARQUE SANTA MARIA","Código do bairro":87,"CEP":"60873-135","Regional":"SER 9","INEP":23065834,"CODSGE":"142","6 mees":"NÃO","1 ano":"NÃO","2 anos":"NÃO","3 anos":"NÃO","4 anos":"NÃO","5 anos":"NÃO","6 anos":"NÃO","7 anos":"NÃO","8 anos":"NÃO","9 anos":"NÃO","10 anos":"NÃO","11 anos":"SIM","12 anos":"SIM","13 anos":"SIM","14 anos":"SIM","Ano":"2023","Fonte":"Secretaria Municipal de Educação - SME","SRC da camada":"EPSG:4326 - WGS 84","Codificação":"UTF-8"}},{"type":"Feature","id":"vw_ParqueEscolarMunicipal_2023.fid-5656ca56_19a5f394e75_6938","geometry":{"type":"Point","coordinates":[-38.5019498,-3.85132572]},"geometry_name":"geom","properties":{"id":127,"fid":127,"Tipo":"EMTP","Título":"ESCOLA MUNICIPAL","Nome":"JOSÉ MOREIRA LEITÃO","Seriação":"I-5/F-1,2,3,4,5","Faixa etária":"5 A 10 ANOS","Distrito":"6","Endereço":"RUA HONORINO MAIA, 467","Bairro":"PARQUE SANTA MARIA","Código do bairro":87,"CEP":"60873-000","Regional":"SER 9","INEP":23186771,"CODSGE":"262","6 mees":"NÃO","1 ano":"NÃO","2 anos":"NÃO","3 anos":"NÃO","4 anos":"NÃO","5 anos":"SIM","6 anos":"SIM","7 anos":"SIM","8 anos":"SIM","9 anos":"SIM","10 anos":"SIM","11 anos":"NÃO","12 anos":"NÃO","13 anos":"NÃO","14 anos":"NÃO","Ano":"2023","Fonte":"Secretaria Municipal de Educação - SME","SRC da camada":"EPSG:4326 - WGS 84","Codificação":"UTF-8"}},{"type":"Feature","id":"vw_ParqueEscolarMunicipal_2023.fid-5656ca56_19a5f394e75_6939","geometry":{"type":"Point","coordinates":[-38.52477315,-3.85100126]},"geometry_name":"geom","properties":{"id":128,"fid":128,"Tipo":"EMTP","Título":"ESCOLA MUNICIPAL","Nome":"MARIA HELENILCE CAVALCANTE LEITE MARTINS","Seriação":"F-1,2,3,4,5,6,7,8,9","Faixa etária":"6 A 14 ANOS","Distrito":"6","Endereço":"RUA MAÍZA, S/N","Bairro":"CONJUNTO PALMEIRAS","Código do bairro":118,"CEP":"60870-250","Regional":"SER 9","INEP":23073667,"CODSGE":"320","6 mees":"NÃO","1 ano":"NÃO","2 anos":"NÃO","3 anos":"NÃO","4 anos":"NÃO","5 anos":"NÃO","6 anos":"SIM","7 anos":"SIM","8 anos":"SIM","9 anos":"SIM","10 anos":"SIM","11 anos":"SIM","12 anos":"SIM","13 anos":"SIM","14 anos":"SIM","Ano":"2023","Fonte":"Secretaria Municipal de Educação - SME","SRC da camada":"EPSG:4326 - WGS 84","Codificação":"UTF-8"}},{"type":"Feature","id":"vw_ParqueEscolarMunicipal_2023.fid-5656ca56_19a5f394e75_693a","geometry":{"type":"Point","coordinates":[-38.52763379,-3.84845097]},"geometry_name":"geom","properties":{"id":129,"fid":129,"Tipo":"EMTP","Título":"ESCOLA MUNICIPAL","Nome":"JOÃO GERMANO DA PONTE NETO","Seriação":"I-4,5/F-1,2,3,4,5","Faixa etária":"4 A 10 ANOS","Distrito":"6","Endereço":"RUA MAÍZA, 549","Bairro":"CONJUNTO PALMEIRAS","Código do bairro":118,"CEP":"60870-250","Regional":"SER 9","INEP":23071796,"CODSGE":"177","6 mees":"NÃO","1 ano":"NÃO","2 anos":"NÃO","3 anos":"NÃO","4 anos":"SIM","5 anos":"SIM","6 anos":"SIM","7 anos":"SIM","8 anos":"SIM","9 anos":"SIM","10 anos":"SIM","11 anos":"NÃO","12 anos":"NÃO","13 anos":"NÃO","14 anos":"NÃO","Ano":"2023","Fonte":"Secretaria Municipal de Educação - SME","SRC da camada":"EPSG:4326 - WGS 84","Codificação":"UTF-8"}},{"type":"Feature","id":"vw_ParqueEscolarMunicipal_2023.fid-5656ca56_19a5f394e75_693b","geometry":{"type":"Point","coordinates":[-38.52357244,-3.84602965]},"geometry_name":"geom","properties":{"id":130,"fid":130,"Tipo":"CEI","Título":"CENTRO DE EDUCAÇÃO INFANTIL","Nome":"PROFESSORA MARIA DO SOCORRO FERREIRA VIRINO","Seriação":"I-2,3,4","Faixa etária":"2 A 5 ANOS","Distrito":"6","Endereço":"AV. VALPARAISO, 339","Bairro":"CONJUNTO PALMEIRAS","Código do bairro":118,"CEP":"60870-440","Regional":"SER 9","INEP":23256460,"CODSGE":"497","6 mees":"NÃO","1 ano":"NÃO","2 anos":"SIM","3 anos":"SIM","4 anos":"SIM","5 anos":"SIM","6 anos":"NÃO","7 anos":"NÃO","8 anos":"NÃO","9 anos":"NÃO","10 anos":"NÃO","11 anos":"NÃO","12 anos":"NÃO","13 anos":"NÃO","14 anos":"NÃO","Ano":"2023","Fonte":"Secretaria Municipal de Educação - SME","SRC da camada":"EPSG:4326 - WGS 84","Codificação":"UTF-8"}},{"type":"Feature","id":"vw_ParqueEscolarMunicipal_2023.fid-5656ca56_19a5f394e75_693c","geometry":{"type":"Point","coordinates":[-38.52312425,-3.8462812]},"geometry_name":"geom","properties":{"id":131,"fid":131,"Tipo":"EMTP","Título":"ESCOLA MUNICIPAL","Nome":"CÉSAR CALS DE OLIVEIRA NETO","Seriação":"F-1,2,3,4,5","Faixa etária":"6 A 10 ANOS","Distrito":"6","Endereço":"RUA OLÍMPIO RIBEIRO, 20","Bairro":"CONJUNTO PALMEIRAS","Código do bairro":118,"CEP":"60870-340","Regional":"SER 9","INEP":23250623,"CODSGE":"271","6 mees":"NÃO","1 ano":"NÃO","2 anos":"NÃO","3 anos":"NÃO","4 anos":"NÃO","5 anos":"NÃO","6 anos":"SIM","7 anos":"SIM","8 anos":"SIM","9 anos":"SIM","10 anos":"SIM","11 anos":"NÃO","12 anos":"NÃO","13 anos":"NÃO","14 anos":"NÃO","Ano":"2023","Fonte":"Secretaria Municipal de Educação - SME","SRC da camada":"EPSG:4326 - WGS 84","Codificação":"UTF-8"}},{"type":"Feature","id":"vw_ParqueEscolarMunicipal_2023.fid-5656ca56_19a5f394e75_693d","geometry":{"type":"Point","coordinates":[-38.52305341,-3.84573733]},"geometry_name":"geom","properties":{"id":132,"fid":132,"Tipo":"EMTP","Título":"ESCOLA MUNICIPAL","Nome":"PROFESSORA MARIA DO SOCORRO FERREIRA VIRINO","Seriação":"F-1,2,3,4,5","Faixa etária":"6 A 10 ANOS","Distrito":"6","Endereço":"RUA MODESTA, 44","Bairro":"CONJUNTO PALMEIRAS","Código do bairro":118,"CEP":"60870-140","Regional":"SER 9","INEP":23256460,"CODSGE":"299","6 mees":"NÃO","1 ano":"NÃO","2 anos":"NÃO","3 anos":"NÃO","4 anos":"NÃO","5 anos":"NÃO","6 anos":"SIM","7 anos":"SIM","8 anos":"SIM","9 anos":"SIM","10 anos":"SIM","11 anos":"NÃO","12 anos":"NÃO","13 anos":"NÃO","14 anos":"NÃO","Ano":"2023","Fonte":"Secretaria Municipal de Educação - SME","SRC da camada":"EPSG:4326 - WGS 84","Codificação":"UTF-8"}},{"type":"Feature","id":"vw_ParqueEscolarMunicipal_2023.fid-5656ca56_19a5f394e75_693e","geometry":{"type":"Point","coordinates":[-38.52336286,-3.84536466]},"geometry_name":"geom","properties":{"id":133,"fid":133,"Tipo":"EMTP","Título":"ESCOLA MUNICIPAL","Nome":"MARIETA CALS","Seriação":"F-6,7,8,9","Faixa etária":"11 A 14 ANOS","Distrito":"6","Endereço":"AV. VALPARAISO, 160","Bairro":"CONJUNTO PALMEIRAS","Código do bairro":118,"CEP":"60870-440","Regional":"SER 9","INEP":23074078,"CODSGE":"157","6 mees":"NÃO","1 ano":"NÃO","2 anos":"NÃO","3 anos":"NÃO","4 anos":"NÃO","5 anos":"NÃO","6 anos":"NÃO","7 anos":"NÃO","8 anos":"NÃO","9 anos":"NÃO","10 anos":"NÃO","11 anos":"SIM","12 anos":"SIM","13 anos":"SIM","14 anos":"SIM","Ano":"2023","Fonte":"Secretaria Municipal de Educação - SME","SRC da camada":"EPSG:4326 - WGS 84","Codificação":"UTF-8"}},{"type":"Feature","id":"vw_ParqueEscolarMunicipal_2023.fid-5656ca56_19a5f394e75_693f","geometry":{"type":"Point","coordinates":[-38.52756828,-3.83934387]},"geometry_name":"geom","properties":{"id":134,"fid":134,"Tipo":"EMTP","Título":"ESCOLA MUNICIPAL","Nome":"PROFESSORA BERNADETE ORIÁ DE OLIVEIRA","Seriação":"I-4,5/F-1,2,3,4,5","Faixa etária":"4 A 10 ANOS","Distrito":"6","Endereço":"RUA DOUTOR CODES SANDOVAL, 796","Bairro":"CONJUNTO PALMEIRAS","Código do bairro":118,"CEP":"60870-090","Regional":"SER 9","INEP":23256605,"CODSGE":"287","6 mees":"NÃO","1 ano":"NÃO","2 anos":"NÃO","3 anos":"NÃO","4 anos":"SIM","5 anos":"SIM","6 anos":"SIM","7 anos":"SIM","8 anos":"SIM","9 anos":"SIM","10 anos":"SIM","11 anos":"NÃO","12 anos":"NÃO","13 anos":"NÃO","14 anos":"NÃO","Ano":"2023","Fonte":"Secretaria Municipal de Educação - SME","SRC da camada":"EPSG:4326 - WGS 84","Codificação":"UTF-8"}},{"type":"Feature","id":"vw_ParqueEscolarMunicipal_2023.fid-5656ca56_19a5f394e75_6940","geometry":{"type":"Point","coordinates":[-38.50685237,-3.84466193]},"geometry_name":"geom","properties":{"id":135,"fid":135,"Tipo":"EMTP","Título":"ESCOLA MUNICIPAL","Nome":"JORNALISTA JOSÉ BLANCHARD GIRÃO DA SILVA","Seriação":"I-4,5/F-1,2,3,4,5","Faixa etária":"4 A 10 ANOS","Distrito":"6","Endereço":"TRAV. MISSIONÁRIO OLIVEIRA, 301","Bairro":"JANGURUSSU","Código do bairro":61,"CEP":"60870-603","Regional":"SER 9","INEP":23324260,"CODSGE":"193","6 mees":"NÃO","1 ano":"NÃO","2 anos":"NÃO","3 anos":"NÃO","4 anos":"SIM","5 anos":"SIM","6 anos":"SIM","7 anos":"SIM","8 anos":"SIM","9 anos":"SIM","10 anos":"SIM","11 anos":"NÃO","12 anos":"NÃO","13 anos":"NÃO","14 anos":"NÃO","Ano":"2023","Fonte":"Secretaria Municipal de Educação - SME","SRC da camada":"EPSG:4326 - WGS 84","Codificação":"UTF-8"}},{"type":"Feature","id":"vw_ParqueEscolarMunicipal_2023.fid-5656ca56_19a5f394e75_6941","geometry":{"type":"Point","coordinates":[-38.5047751,-3.84591028]},"geometry_name":"geom","properties":{"id":136,"fid":136,"Tipo":"EMTP","Título":"ESCOLA MUNICIPAL","Nome":"VEREADOR JOSÉ BARROS DE ALENCAR","Seriação":"F-6,7,8,9","Faixa etária":"11 A 14 ANOS","Distrito":"6","Endereço":"RUA D, 48 (CONJ. SANTOS DIAS)","Bairro":"JANGURUSSU","Código do bairro":61,"CEP":"60870-565","Regional":"SER 9","INEP":23072229,"CODSGE":"324","6 mees":"NÃO","1 ano":"NÃO","2 anos":"NÃO","3 anos":"NÃO","4 anos":"NÃO","5 anos":"NÃO","6 anos":"NÃO","7 anos":"NÃO","8 anos":"NÃO","9 anos":"NÃO","10 anos":"NÃO","11 anos":"SIM","12 anos":"SIM","13 anos":"SIM","14 anos":"SIM","Ano":"2023","Fonte":"Secretaria Municipal de Educação - SME","SRC da camada":"EPSG:4326 - WGS 84","Codificação":"UTF-8"}},{"type":"Feature","id":"vw_ParqueEscolarMunicipal_2023.fid-5656ca56_19a5f394e75_6942","geometry":{"type":"Point","coordinates":[-38.5117838,-3.85239116]},"geometry_name":"geom","properties":{"id":137,"fid":137,"Tipo":"EMTP","Título":"ESCOLA MUNICIPAL","Nome":"MARIA DE JESUS ORIÁ ALENCAR","Seriação":"I-4,5/F-1,2,3,4,5","Faixa etária":"4 A 10 ANOS","Distrito":"6","Endereço":"RUA 43, S/N (CONJUNTO SÃO JOÃO)","Bairro":"JANGURUSSU","Código do bairro":61,"CEP":"60876-660","Regional":"SER 9","INEP":23073535,"CODSGE":"158","6 mees":"NÃO","1 ano":"NÃO","2 anos":"NÃO","3 anos":"NÃO","4 anos":"SIM","5 anos":"SIM","6 anos":"SIM","7 anos":"SIM","8 anos":"SIM","9 anos":"SIM","10 anos":"SIM","11 anos":"NÃO","12 anos":"NÃO","13 anos":"NÃO","14 anos":"NÃO","Ano":"2023","Fonte":"Secretaria Municipal de Educação - SME","SRC da camada":"EPSG:4326 - WGS 84","Codificação":"UTF-8"}},{"type":"Feature","id":"vw_ParqueEscolarMunicipal_2023.fid-5656ca56_19a5f394e75_6943","geometry":{"type":"Point","coordinates":[-38.52021595,-3.84833445]},"geometry_name":"geom","properties":{"id":138,"fid":138,"Tipo":"EMTI","Título":"ESCOLA MUNICIPAL DE TEMPO INTEGRAL","Nome":"PROFESSOR ANTÔNIO GIRÃO BARROSO","Seriação":"F-6,7,8,9","Faixa etária":"11 A 14 ANOS","Distrito":"6","Endereço":"RUA 37, S/N (CONJUNTO SÍTIO SÃO JOÃO)","Bairro":"JANGURUSSU","Código do bairro":61,"CEP":"60876-601","Regional":"SER 9","INEP":23065346,"CODSGE":"316","6 mees":"NÃO","1 ano":"NÃO","2 anos":"NÃO","3 anos":"NÃO","4 anos":"NÃO","5 anos":"NÃO","6 anos":"NÃO","7 anos":"NÃO","8 anos":"NÃO","9 anos":"NÃO","10 anos":"NÃO","11 anos":"SIM","12 anos":"SIM","13 anos":"SIM","14 anos":"SIM","Ano":"2023","Fonte":"Secretaria Municipal de Educação - SME","SRC da camada":"EPSG:4326 - WGS 84","Codificação":"UTF-8"}},{"type":"Feature","id":"vw_ParqueEscolarMunicipal_2023.fid-5656ca56_19a5f394e75_6944","geometry":{"type":"Point","coordinates":[-38.52313127,-3.83901881]},"geometry_name":"geom","properties":{"id":139,"fid":139,"Tipo":"EMTP","Título":"ESCOLA MUNICIPAL","Nome":"MARTHA DOS MARTINS COELHO GUILHERME","Seriação":"I-4,5/F-1,2,3,4,5,6,7,8,9","Faixa etária":"4 A 14 ANOS","Distrito":"6","Endereço":"RUA 313, 243 (CONJUNTO SÃO CRISTÓVÃO)","Bairro":"JANGURUSSU","Código do bairro":61,"CEP":"60866-370","Regional":"SER 9","INEP":23074124,"CODSGE":"312","6 mees":"NÃO","1 ano":"NÃO","2 anos":"NÃO","3 anos":"NÃO","4 anos":"SIM","5 anos":"SIM","6 anos":"SIM","7 anos":"SIM","8 anos":"SIM","9 anos":"SIM","10 anos":"SIM","11 anos":"SIM","12 anos":"SIM","13 anos":"SIM","14 anos":"SIM","Ano":"2023","Fonte":"Secretaria Municipal de Educação - SME","SRC da camada":"EPSG:4326 - WGS 84","Codificação":"UTF-8"}},{"type":"Feature","id":"vw_ParqueEscolarMunicipal_2023.fid-5656ca56_19a5f394e75_6945","geometry":{"type":"Point","coordinates":[-38.51874586,-3.83146678]},"geometry_name":"geom","properties":{"id":140,"fid":140,"Tipo":"EMTP","Título":"ESCOLA MUNICIPAL","Nome":"PROFESSOR FRANCISCO DE MELO JABORANDI","Seriação":"I-4,5/F-1,2,3,4,5","Faixa etária":"4 A 10 ANOS","Distrito":"6","Endereço":"AV. GOVERNADOR LEONEL BRIZOLA, 198","Bairro":"JANGURUSSU","Código do bairro":61,"CEP":"60866-190","Regional":"SER 9","INEP":23070013,"CODSGE":"165","6 mees":"NÃO","1 ano":"NÃO","2 anos":"NÃO","3 anos":"NÃO","4 anos":"SIM","5 anos":"SIM","6 anos":"SIM","7 anos":"SIM","8 anos":"SIM","9 anos":"SIM","10 anos":"SIM","11 anos":"NÃO","12 anos":"NÃO","13 anos":"NÃO","14 anos":"NÃO","Ano":"2023","Fonte":"Secretaria Municipal de Educação - SME","SRC da camada":"EPSG:4326 - WGS 84","Codificação":"UTF-8"}},{"type":"Feature","id":"vw_ParqueEscolarMunicipal_2023.fid-5656ca56_19a5f394e75_6946","geometry":{"type":"Point","coordinates":[-38.52383194,-3.83129702]},"geometry_name":"geom","properties":{"id":141,"fid":141,"Tipo":"EMTP","Título":"ESCOLA MUNICIPAL","Nome":"TAÍS MARIA BEZERRA NOGUEIRA","Seriação":"F-6,7,8,9","Faixa etária":"11 A 14 ANOS","Distrito":"6","Endereço":"AV. GOVERNADOR LEONEL BRIZOLA, 710","Bairro":"JANGURUSSU","Código do bairro":61,"CEP":"60866-190","Regional":"SER 9","INEP":23077794,"CODSGE":"315","6 mees":"NÃO","1 ano":"NÃO","2 anos":"NÃO","3 anos":"NÃO","4 anos":"NÃO","5 anos":"NÃO","6 anos":"NÃO","7 anos":"NÃO","8 anos":"NÃO","9 anos":"NÃO","10 anos":"NÃO","11 anos":"SIM","12 anos":"SIM","13 anos":"SIM","14 anos":"SIM","Ano":"2023","Fonte":"Secretaria Municipal de Educação - SME","SRC da camada":"EPSG:4326 - WGS 84","Codificação":"UTF-8"}},{"type":"Feature","id":"vw_ParqueEscolarMunicipal_2023.fid-5656ca56_19a5f394e75_6947","geometry":{"type":"Point","coordinates":[-38.52004024,-3.82403428]},"geometry_name":"geom","properties":{"id":142,"fid":142,"Tipo":"CEI","Título":"CENTRO DE EDUCAÇÃO INFANTIL","Nome":"PROFESSORA OLINDINA CARVALHO DE MORAIS","Seriação":"I-4,5","Faixa etária":"3 A 5 ANOS","Distrito":"6","Endereço":"RUA 05, 581 (CONJUNTO JOÃO PAULO II)","Bairro":"BARROSO","Código do bairro":51,"CEP":"60863-800","Regional":"SER 9","INEP":23070013,"CODSGE":"119","6 mees":"NÃO","1 ano":"NÃO","2 anos":"NÃO","3 anos":"NÃO","4 anos":"SIM","5 anos":"SIM","6 anos":"NÃO","7 anos":"NÃO","8 anos":"NÃO","9 anos":"NÃO","10 anos":"NÃO","11 anos":"NÃO","12 anos":"NÃO","13 anos":"NÃO","14 anos":"NÃO","Ano":"2023","Fonte":"Secretaria Municipal de Educação - SME","SRC da camada":"EPSG:4326 - WGS 84","Codificação":"UTF-8"}},{"type":"Feature","id":"vw_ParqueEscolarMunicipal_2023.fid-5656ca56_19a5f394e75_6948","geometry":{"type":"Point","coordinates":[-38.51920187,-3.82424076]},"geometry_name":"geom","properties":{"id":143,"fid":143,"Tipo":"EMTP","Título":"ESCOLA MUNICIPAL","Nome":"SINÓ PINHEIRO","Seriação":"F-1,2,3,5","Faixa etária":"6, 7, 8 E 10 ANOS","Distrito":"6","Endereço":"RUA 14, 151 (CONJUNTO JOÃO PAULO II)","Bairro":"BARROSO","Código do bairro":51,"CEP":"60863-770","Regional":"SER 9","INEP":23233800,"CODSGE":"326","6 mees":"NÃO","1 ano":"NÃO","2 anos":"NÃO","3 anos":"NÃO","4 anos":"NÃO","5 anos":"NÃO","6 anos":"SIM","7 anos":"SIM","8 anos":"SIM","9 anos":"NÃO","10 anos":"SIM","11 anos":"NÃO","12 anos":"NÃO","13 anos":"NÃO","14 anos":"NÃO","Ano":"2023","Fonte":"Secretaria Municipal de Educação - SME","SRC da camada":"EPSG:4326 - WGS 84","Codificação":"UTF-8"}},{"type":"Feature","id":"vw_ParqueEscolarMunicipal_2023.fid-5656ca56_19a5f394e75_6949","geometry":{"type":"Point","coordinates":[-38.50643655,-3.81911781]},"geometry_name":"geom","properties":{"id":144,"fid":144,"Tipo":"EMTP","Título":"ESCOLA MUNICIPAL","Nome":"PROFESSORA MARIA ANTONÉZIA MEIRELES E SÁ","Seriação":"F-6,7,8,9","Faixa etária":"11 A 14 ANOS","Distrito":"6","Endereço":"RUA CORONEL VIRGÍLIO TÁVORA, 1340","Bairro":"BARROSO","Código do bairro":51,"CEP":"60862-715","Regional":"SER 9","INEP":23324279,"CODSGE":"196","6 mees":"NÃO","1 ano":"NÃO","2 anos":"NÃO","3 anos":"NÃO","4 anos":"NÃO","5 anos":"NÃO","6 anos":"NÃO","7 anos":"NÃO","8 anos":"NÃO","9 anos":"NÃO","10 anos":"NÃO","11 anos":"SIM","12 anos":"SIM","13 anos":"SIM","14 anos":"SIM","Ano":"2023","Fonte":"Secretaria Municipal de Educação - SME","SRC da camada":"EPSG:4326 - WGS 84","Codificação":"UTF-8"}},{"type":"Feature","id":"vw_ParqueEscolarMunicipal_2023.fid-5656ca56_19a5f394e75_694a","geometry":{"type":"Point","coordinates":[-38.50999264,-3.81495916]},"geometry_name":"geom","properties":{"id":145,"fid":145,"Tipo":"EMTP","Título":"ESCOLA MUNICIPAL","Nome":"OTÁVIO DE FARIAS","Seriação":"F-1,2,3,4,5","Faixa etária":"6 A 10 ANOS","Distrito":"6","Endereço":"RUA JOÃO FERREIRA, S/N","Bairro":"BARROSO","Código do bairro":51,"CEP":"60862-650","Regional":"SER 9","INEP":23078723,"CODSGE":"141","6 mees":"NÃO","1 ano":"NÃO","2 anos":"NÃO","3 anos":"NÃO","4 anos":"NÃO","5 anos":"NÃO","6 anos":"SIM","7 anos":"SIM","8 anos":"SIM","9 anos":"SIM","10 anos":"SIM","11 anos":"NÃO","12 anos":"NÃO","13 anos":"NÃO","14 anos":"NÃO","Ano":"2023","Fonte":"Secretaria Municipal de Educação - SME","SRC da camada":"EPSG:4326 - WGS 84","Codificação":"UTF-8"}},{"type":"Feature","id":"vw_ParqueEscolarMunicipal_2023.fid-5656ca56_19a5f394e75_694b","geometry":{"type":"Point","coordinates":[-38.53048447,-3.82824034]},"geometry_name":"geom","properties":{"id":146,"fid":146,"Tipo":"EMTP","Título":"ESCOLA MUNICIPAL","Nome":"DELMA HERMÍNIA DA SILVA PEREIRA","Seriação":"F-6,7,8,9","Faixa etária":"11 A 14 ANOS","Distrito":"4","Endereço":"AV. PRESIDENTE COSTA E SILVA, 5606","Bairro":"PASSARÉ","Código do bairro":88,"CEP":"60750-022","Regional":"SER 8","INEP":23272694,"CODSGE":"252","6 mees":"NÃO","1 ano":"NÃO","2 anos":"NÃO","3 anos":"NÃO","4 anos":"NÃO","5 anos":"NÃO","6 anos":"NÃO","7 anos":"NÃO","8 anos":"NÃO","9 anos":"NÃO","10 anos":"NÃO","11 anos":"SIM","12 anos":"SIM","13 anos":"SIM","14 anos":"SIM","Ano":"2023","Fonte":"Secretaria Municipal de Educação - SME","SRC da camada":"EPSG:4326 - WGS 84","Codificação":"UTF-8"}},{"type":"Feature","id":"vw_ParqueEscolarMunicipal_2023.fid-5656ca56_19a5f394e75_694c","geometry":{"type":"Point","coordinates":[-38.53325597,-3.82739111]},"geometry_name":"geom","properties":{"id":147,"fid":147,"Tipo":"EMTP","Título":"ESCOLA MUNICIPAL","Nome":"ANDRÉ LUIS","Seriação":"I-4,5/F-1,2,3,4,5","Faixa etária":"4 A 10 ANOS","Distrito":"4","Endereço":"AV. PRESIDENTE COSTA E SILVA, 5255","Bairro":"PASSARÉ","Código do bairro":88,"CEP":"60862-515","Regional":"SER 8","INEP":23256850,"CODSGE":"297","6 mees":"NÃO","1 ano":"NÃO","2 anos":"NÃO","3 anos":"NÃO","4 anos":"SIM","5 anos":"SIM","6 anos":"SIM","7 anos":"SIM","8 anos":"SIM","9 anos":"SIM","10 anos":"SIM","11 anos":"NÃO","12 anos":"NÃO","13 anos":"NÃO","14 anos":"NÃO","Ano":"2023","Fonte":"Secretaria Municipal de Educação - SME","SRC da camada":"EPSG:4326 - WGS 84","Codificação":"UTF-8"}},{"type":"Feature","id":"vw_ParqueEscolarMunicipal_2023.fid-5656ca56_19a5f394e75_694d","geometry":{"type":"Point","coordinates":[-38.5331191,-3.82194404]},"geometry_name":"geom","properties":{"id":148,"fid":148,"Tipo":"EMTP","Título":"ESCOLA MUNICIPAL","Nome":"IMACULADA CONCEIÇÃO","Seriação":"I-5/F-1,2,3,4,5","Faixa etária":"5 A 10 ANOS","Distrito":"4","Endereço":"RUA 01, 10 (CONJUNTO JARDIM CASTELÃO)","Bairro":"PASSARÉ","Código do bairro":88,"CEP":"60862-120","Regional":"SER 8","INEP":23233702,"CODSGE":"347","6 mees":"NÃO","1 ano":"NÃO","2 anos":"NÃO","3 anos":"NÃO","4 anos":"NÃO","5 anos":"SIM","6 anos":"SIM","7 anos":"SIM","8 anos":"SIM","9 anos":"SIM","10 anos":"SIM","11 anos":"NÃO","12 anos":"NÃO","13 anos":"NÃO","14 anos":"NÃO","Ano":"2023","Fonte":"Secretaria Municipal de Educação - SME","SRC da camada":"EPSG:4326 - WGS 84","Codificação":"UTF-8"}},{"type":"Feature","id":"vw_ParqueEscolarMunicipal_2023.fid-5656ca56_19a5f394e75_694e","geometry":{"type":"Point","coordinates":[-38.52226287,-3.81742794]},"geometry_name":"geom","properties":{"id":149,"fid":149,"Tipo":"EMTP","Título":"ESCOLA MUNICIPAL","Nome":"FRANCISCO ANDRADE TEÓFILO GIRÃO","Seriação":"I-5/F-1,2,3,4,5,6,7","Faixa etária":"5 A 12 ANOS","Distrito":"4","Endereço":"RUA UNIDOS VENCEREMOS, 2040","Bairro":"PASSARÉ","Código do bairro":88,"CEP":"60860-096","Regional":"SER 8","INEP":23250550,"CODSGE":"220","6 mees":"NÃO","1 ano":"NÃO","2 anos":"NÃO","3 anos":"NÃO","4 anos":"NÃO","5 anos":"SIM","6 anos":"SIM","7 anos":"SIM","8 anos":"SIM","9 anos":"SIM","10 anos":"SIM","11 anos":"SIM","12 anos":"SIM","13 anos":"NÃO","14 anos":"NÃO","Ano":"2023","Fonte":"Secretaria Municipal de Educação - SME","SRC da camada":"EPSG:4326 - WGS 84","Codificação":"UTF-8"}},{"type":"Feature","id":"vw_ParqueEscolarMunicipal_2023.fid-5656ca56_19a5f394e75_694f","geometry":{"type":"Point","coordinates":[-38.53746834,-3.8137263]},"geometry_name":"geom","properties":{"id":150,"fid":150,"Tipo":"EMTP","Título":"ESCOLA MUNICIPAL","Nome":"RAIMUNDO DE MOURA MATOS","Seriação":"I-5/F-1,2,3,4,5","Faixa etária":"5 A 10 ANOS","Distrito":"4","Endereço":"AV. DOIS DE MAIO, 1300","Bairro":"PASSARÉ","Código do bairro":88,"CEP":"60867-105","Regional":"SER 8","INEP":23250666,"CODSGE":"359","6 mees":"NÃO","1 ano":"NÃO","2 anos":"NÃO","3 anos":"NÃO","4 anos":"NÃO","5 anos":"SIM","6 anos":"SIM","7 anos":"SIM","8 anos":"SIM","9 anos":"SIM","10 anos":"SIM","11 anos":"NÃO","12 anos":"NÃO","13 anos":"NÃO","14 anos":"NÃO","Ano":"2023","Fonte":"Secretaria Municipal de Educação - SME","SRC da camada":"EPSG:4326 - WGS 84","Codificação":"UTF-8"}},{"type":"Feature","id":"vw_ParqueEscolarMunicipal_2023.fid-5656ca56_19a5f394e75_6950","geometry":{"type":"Point","coordinates":[-38.54275167,-3.82023613]},"geometry_name":"geom","properties":{"id":151,"fid":151,"Tipo":"EMTP","Título":"ESCOLA MUNICIPAL","Nome":"PROFESSORA MARIA JOSÉ MACÁRIO COELHO","Seriação":"F-6,7,8,9","Faixa etária":"11 A 14 ANOS","Distrito":"4","Endereço":"RUA BANABUIÚ, 530","Bairro":"PARQUE DOIS IRMÃOS","Código do bairro":84,"CEP":"60861-431","Regional":"SER 8","INEP":23325224,"CODSGE":"195","6 mees":"NÃO","1 ano":"NÃO","2 anos":"NÃO","3 anos":"NÃO","4 anos":"NÃO","5 anos":"NÃO","6 anos":"NÃO","7 anos":"NÃO","8 anos":"NÃO","9 anos":"NÃO","10 anos":"NÃO","11 anos":"SIM","12 anos":"SIM","13 anos":"SIM","14 anos":"SIM","Ano":"2023","Fonte":"Secretaria Municipal de Educação - SME","SRC da camada":"EPSG:4326 - WGS 84","Codificação":"UTF-8"}},{"type":"Feature","id":"vw_ParqueEscolarMunicipal_2023.fid-5656ca56_19a5f394e75_6951","geometry":{"type":"Point","coordinates":[-38.54886176,-3.80675965]},"geometry_name":"geom","properties":{"id":152,"fid":152,"Tipo":"EMTP","Título":"ESCOLA MUNICIPAL","Nome":"INFANTE ROSALINA RODRIGUES","Seriação":"F-1,2,3,4,5","Faixa etária":"6 A 10 ANOS","Distrito":"4","Endereço":"AV. 02, 700 (LOT. AV. DOS EXPEDICIONÁRIOS)","Bairro":"PARQUE DOIS IRMÃOS","Código do bairro":84,"CEP":"60745-510","Regional":"SER 8","INEP":23324252,"CODSGE":"194","6 mees":"NÃO","1 ano":"NÃO","2 anos":"NÃO","3 anos":"NÃO","4 anos":"NÃO","5 anos":"NÃO","6 anos":"SIM","7 anos":"SIM","8 anos":"SIM","9 anos":"SIM","10 anos":"SIM","11 anos":"NÃO","12 anos":"NÃO","13 anos":"NÃO","14 anos":"NÃO","Ano":"2023","Fonte":"Secretaria Municipal de Educação - SME","SRC da camada":"EPSG:4326 - WGS 84","Codificação":"UTF-8"}},{"type":"Feature","id":"vw_ParqueEscolarMunicipal_2023.fid-5656ca56_19a5f394e75_6952","geometry":{"type":"Point","coordinates":[-38.5444419,-3.80169351]},"geometry_name":"geom","properties":{"id":153,"fid":153,"Tipo":"EMTP","Título":"ESCOLA MUNICIPAL","Nome":"ABDENAGO DA ROCHA LIMA","Seriação":"I-4,5/F-1,2,3,4,5","Faixa etária":"4 A 10 ANOS","Distrito":"4","Endereço":"RUA 114, 75 (CONJUNTO TUPÃ MIRIM)","Bairro":"PARQUE DOIS IRMÃOS","Código do bairro":84,"CEP":"60744-530","Regional":"SER 8","INEP":23186909,"CODSGE":"277","6 mees":"NÃO","1 ano":"NÃO","2 anos":"NÃO","3 anos":"NÃO","4 anos":"SIM","5 anos":"SIM","6 anos":"SIM","7 anos":"SIM","8 anos":"SIM","9 anos":"SIM","10 anos":"SIM","11 anos":"NÃO","12 anos":"NÃO","13 anos":"NÃO","14 anos":"NÃO","Ano":"2023","Fonte":"Secretaria Municipal de Educação - SME","SRC da camada":"EPSG:4326 - WGS 84","Codificação":"UTF-8"}},{"type":"Feature","id":"vw_ParqueEscolarMunicipal_2023.fid-5656ca56_19a5f394e75_6953","geometry":{"type":"Point","coordinates":[-38.54598299,-3.7992066]},"geometry_name":"geom","properties":{"id":154,"fid":154,"Tipo":"EMTP","Título":"ESCOLA MUNICIPAL","Nome":"MANUEL LIMA SOARES","Seriação":"F-6,7,8,9","Faixa etária":"11 A 14 ANOS","Distrito":"4","Endereço":"RUA 130, 60 (CONJUNTO TUPÃ MIRIM)","Bairro":"PARQUE DOIS IRMÃOS","Código do bairro":84,"CEP":"60744-640","Regional":"SER 8","INEP":23184558,"CODSGE":"341","6 mees":"NÃO","1 ano":"NÃO","2 anos":"NÃO","3 anos":"NÃO","4 anos":"NÃO","5 anos":"NÃO","6 anos":"NÃO","7 anos":"NÃO","8 anos":"NÃO","9 anos":"NÃO","10 anos":"NÃO","11 anos":"SIM","12 anos":"SIM","13 anos":"SIM","14 anos":"SIM","Ano":"2023","Fonte":"Secretaria Municipal de Educação - SME","SRC da camada":"EPSG:4326 - WGS 84","Codificação":"UTF-8"}},{"type":"Feature","id":"vw_ParqueEscolarMunicipal_2023.fid-5656ca56_19a5f394e75_6954","geometry":{"type":"Point","coordinates":[-38.54731154,-3.79821198]},"geometry_name":"geom","properties":{"id":155,"fid":155,"Tipo":"EMTP","Título":"ESCOLA MUNICIPAL","Nome":"SANTA TEREZINHA","Seriação":"I-4,5/F-1,2,3,4,5","Faixa etária":"4 A 10 ANOS","Distrito":"4","Endereço":"AV. NORTE SUL, 145","Bairro":"PARQUE DOIS IRMÃOS","Código do bairro":84,"CEP":"60744-395","Regional":"SER 8","INEP":23242710,"CODSGE":"350","6 mees":"NÃO","1 ano":"NÃO","2 anos":"NÃO","3 anos":"NÃO","4 anos":"SIM","5 anos":"SIM","6 anos":"SIM","7 anos":"SIM","8 anos":"SIM","9 anos":"SIM","10 anos":"SIM","11 anos":"NÃO","12 anos":"NÃO","13 anos":"NÃO","14 anos":"NÃO","Ano":"2023","Fonte":"Secretaria Municipal de Educação - SME","SRC da camada":"EPSG:4326 - WGS 84","Codificação":"UTF-8"}},{"type":"Feature","id":"vw_ParqueEscolarMunicipal_2023.fid-5656ca56_19a5f394e75_6955","geometry":{"type":"Point","coordinates":[-38.51814029,-3.81261664]},"geometry_name":"geom","properties":{"id":156,"fid":156,"Tipo":"EMTP","Título":"ESCOLA MUNICIPAL","Nome":"PAULO SÉRGIO DE SOUSA LIRA","Seriação":"F-1,2,3,4,5","Faixa etária":"6 A 10 ANOS","Distrito":"4","Endereço":"RUA ITABORAÍ, 264","Bairro":"PASSARÉ","Código do bairro":88,"CEP":"60861-830","Regional":"SER 8","INEP":23546999,"CODSGE":"357","6 mees":"NÃO","1 ano":"NÃO","2 anos":"NÃO","3 anos":"NÃO","4 anos":"NÃO","5 anos":"NÃO","6 anos":"SIM","7 anos":"SIM","8 anos":"SIM","9 anos":"SIM","10 anos":"SIM","11 anos":"NÃO","12 anos":"NÃO","13 anos":"NÃO","14 anos":"NÃO","Ano":"2023","Fonte":"Secretaria Municipal de Educação - SME","SRC da camada":"EPSG:4326 - WGS 84","Codificação":"UTF-8"}},{"type":"Feature","id":"vw_ParqueEscolarMunicipal_2023.fid-5656ca56_19a5f394e75_6956","geometry":{"type":"Point","coordinates":[-38.47860291,-3.83262462]},"geometry_name":"geom","properties":{"id":157,"fid":157,"Tipo":"CRP","Título":"CRECHE PARCEIRA","Nome":"NOVA ESPERANÇA","Seriação":"I-1,2,3","Faixa etária":"1 A 3 ANOS","Distrito":"6","Endereço":"RUA B, 611","Bairro":"GUAJERU","Código do bairro":59,"CEP":"60843-165","Regional":"SER 6","INEP":23279664,"CODSGE":"555","6 mees":"NÃO","1 ano":"SIM","2 anos":"SIM","3 anos":"SIM","4 anos":"NÃO","5 anos":"NÃO","6 anos":"NÃO","7 anos":"NÃO","8 anos":"NÃO","9 anos":"NÃO","10 anos":"NÃO","11 anos":"NÃO","12 anos":"NÃO","13 anos":"NÃO","14 anos":"NÃO","Ano":"2023","Fonte":"Secretaria Municipal de Educação - SME","SRC da camada":"EPSG:4326 - WGS 84","Codificação":"UTF-8"}},{"type":"Feature","id":"vw_ParqueEscolarMunicipal_2023.fid-5656ca56_19a5f394e75_6957","geometry":{"type":"Point","coordinates":[-38.47374857,-3.84963579]},"geometry_name":"geom","properties":{"id":158,"fid":158,"Tipo":"CRP","Título":"CRECHE PARCEIRA","Nome":"PÔR DO SOL","Seriação":"I-1,2,3","Faixa etária":"1 A 3 ANOS","Distrito":"6","Endereço":"RUA ZUMBI, 430","Bairro":"COAÇU","Código do bairro":55,"CEP":"60872-405","Regional":"SER 6","INEP":23280603,"CODSGE":"559","6 mees":"NÃO","1 ano":"SIM","2 anos":"SIM","3 anos":"SIM","4 anos":"NÃO","5 anos":"NÃO","6 anos":"NÃO","7 anos":"NÃO","8 anos":"NÃO","9 anos":"NÃO","10 anos":"NÃO","11 anos":"NÃO","12 anos":"NÃO","13 anos":"NÃO","14 anos":"NÃO","Ano":"2023","Fonte":"Secretaria Municipal de Educação - SME","SRC da camada":"EPSG:4326 - WGS 84","Codificação":"UTF-8"}},{"type":"Feature","id":"vw_ParqueEscolarMunicipal_2023.fid-5656ca56_19a5f394e75_6958","geometry":{"type":"Point","coordinates":[-38.48753706,-3.84981109]},"geometry_name":"geom","properties":{"id":159,"fid":159,"Tipo":"CRP","Título":"CRECHE PARCEIRA","Nome":"UNIÃO DA PAUPINA","Seriação":"I-1,2,3","Faixa etária":"1 A 3 ANOS","Distrito":"6","Endereço":"RUA LUIZ FRANCISCO XAVIER, 1113","Bairro":"PAUPINA","Código do bairro":68,"CEP":"60872-508","Regional":"SER 6","INEP":23280646,"CODSGE":"571","6 mees":"NÃO","1 ano":"SIM","2 anos":"SIM","3 anos":"SIM","4 anos":"NÃO","5 anos":"NÃO","6 anos":"NÃO","7 anos":"NÃO","8 anos":"NÃO","9 anos":"NÃO","10 anos":"NÃO","11 anos":"NÃO","12 anos":"NÃO","13 anos":"NÃO","14 anos":"NÃO","Ano":"2023","Fonte":"Secretaria Municipal de Educação - SME","SRC da camada":"EPSG:4326 - WGS 84","Codificação":"UTF-8"}},{"type":"Feature","id":"vw_ParqueEscolarMunicipal_2023.fid-5656ca56_19a5f394e75_6959","geometry":{"type":"Point","coordinates":[-38.52778322,-3.81404798]},"geometry_name":"geom","properties":{"id":160,"fid":160,"Tipo":"CRP","Título":"CRECHE PARCEIRA","Nome":"NOVO AMANHECER","Seriação":"I-1,2,3","Faixa etária":"1 A 3 ANOS","Distrito":"4","Endereço":"RUA CHICO MENDES, 110","Bairro":"PASSARÉ","Código do bairro":88,"CEP":"60862-330","Regional":"SER 8","INEP":23280581,"CODSGE":"539","6 mees":"NÃO","1 ano":"SIM","2 anos":"SIM","3 anos":"SIM","4 anos":"NÃO","5 anos":"NÃO","6 anos":"NÃO","7 anos":"NÃO","8 anos":"NÃO","9 anos":"NÃO","10 anos":"NÃO","11 anos":"NÃO","12 anos":"NÃO","13 anos":"NÃO","14 anos":"NÃO","Ano":"2023","Fonte":"Secretaria Municipal de Educação - SME","SRC da camada":"EPSG:4326 - WGS 84","Codificação":"UTF-8"}},{"type":"Feature","id":"vw_ParqueEscolarMunicipal_2023.fid-5656ca56_19a5f394e75_695a","geometry":{"type":"Point","coordinates":[-38.53691525,-3.81239278]},"geometry_name":"geom","properties":{"id":161,"fid":161,"Tipo":"CRP","Título":"CRECHE PARCEIRA","Nome":"INÊS BRASIL","Seriação":"I-1,2,3","Faixa etária":"1 A 3 ANOS","Distrito":"4","Endereço":"RUA MENOR JERÔNIMO, 105","Bairro":"PASSARÉ","Código do bairro":88,"CEP":"60868-714","Regional":"SER 8","INEP":23280549,"CODSGE":"548","6 mees":"NÃO","1 ano":"SIM","2 anos":"SIM","3 anos":"SIM","4 anos":"NÃO","5 anos":"NÃO","6 anos":"NÃO","7 anos":"NÃO","8 anos":"NÃO","9 anos":"NÃO","10 anos":"NÃO","11 anos":"NÃO","12 anos":"NÃO","13 anos":"NÃO","14 anos":"NÃO","Ano":"2023","Fonte":"Secretaria Municipal de Educação - SME","SRC da camada":"EPSG:4326 - WGS 84","Codificação":"UTF-8"}},{"type":"Feature","id":"vw_ParqueEscolarMunicipal_2023.fid-5656ca56_19a5f394e75_695b","geometry":{"type":"Point","coordinates":[-38.4571029,-3.82703201]},"geometry_name":"geom","properties":{"id":162,"fid":162,"Tipo":"CEI","Título":"CENTRO DE EDUCAÇÃO INFANTIL","Nome":"PROFESSORA FERNANDA MARIA DE ALENCAR COLARES","Seriação":"I-1,2,3","Faixa etária":"1 A 4 ANOS","Distrito":"6","Endereço":"RUA RAQUEL FLORÊNCIO, 351","Bairro":"LAGOA REDONDA","Código do bairro":63,"CEP":"60832-140","Regional":"SER 6","INEP":23070188,"CODSGE":"416","6 mees":"NÃO","1 ano":"SIM","2 anos":"SIM","3 anos":"SIM","4 anos":"SIM","5 anos":"NÃO","6 anos":"NÃO","7 anos":"NÃO","8 anos":"NÃO","9 anos":"NÃO","10 anos":"NÃO","11 anos":"NÃO","12 anos":"NÃO","13 anos":"NÃO","14 anos":"NÃO","Ano":"2023","Fonte":"Secretaria Municipal de Educação - SME","SRC da camada":"EPSG:4326 - WGS 84","Codificação":"UTF-8"}},{"type":"Feature","id":"vw_ParqueEscolarMunicipal_2023.fid-5656ca56_19a5f394e75_695c","geometry":{"type":"Point","coordinates":[-38.46363754,-3.8270225]},"geometry_name":"geom","properties":{"id":163,"fid":163,"Tipo":"CEI","Título":"CENTRO DE EDUCAÇÃO INFANTIL","Nome":"PROFESSORA TEREZINHA FERREIRA PARENTE","Seriação":"I-1,2,3","Faixa etária":"1 A 3 ANOS","Distrito":"6","Endereço":"RUA NELSON COELHO, 209","Bairro":"LAGOA REDONDA","Código do bairro":63,"CEP":"60831-410","Regional":"SER 6","INEP":23078006,"CODSGE":"454","6 mees":"NÃO","1 ano":"SIM","2 anos":"SIM","3 anos":"SIM","4 anos":"NÃO","5 anos":"NÃO","6 anos":"NÃO","7 anos":"NÃO","8 anos":"NÃO","9 anos":"NÃO","10 anos":"NÃO","11 anos":"NÃO","12 anos":"NÃO","13 anos":"NÃO","14 anos":"NÃO","Ano":"2023","Fonte":"Secretaria Municipal de Educação - SME","SRC da camada":"EPSG:4326 - WGS 84","Codificação":"UTF-8"}},{"type":"Feature","id":"vw_ParqueEscolarMunicipal_2023.fid-5656ca56_19a5f394e75_695d","geometry":{"type":"Point","coordinates":[-38.47114654,-3.82245035]},"geometry_name":"geom","properties":{"id":164,"fid":164,"Tipo":"CEI","Título":"CENTRO DE EDUCAÇÃO INFANTIL","Nome":"PARQUE SÃO MIGUEL","Seriação":"I-1,2,3","Faixa etária":"1 A 5 ANOS","Distrito":"6","Endereço":"TRAV. SILVEIRA DA MOTA, 105","Bairro":"LAGOA REDONDA","Código do bairro":63,"CEP":"60831-163","Regional":"SER 6","INEP":23074582,"CODSGE":"409","6 mees":"NÃO","1 ano":"SIM","2 anos":"SIM","3 anos":"SIM","4 anos":"SIM","5 anos":"SIM","6 anos":"NÃO","7 anos":"NÃO","8 anos":"NÃO","9 anos":"NÃO","10 anos":"NÃO","11 anos":"NÃO","12 anos":"NÃO","13 anos":"NÃO","14 anos":"NÃO","Ano":"2023","Fonte":"Secretaria Municipal de Educação - SME","SRC da camada":"EPSG:4326 - WGS 84","Codificação":"UTF-8"}},{"type":"Feature","id":"vw_ParqueEscolarMunicipal_2023.fid-5656ca56_19a5f394e75_695e","geometry":{"type":"Point","coordinates":[-38.48019166,-3.83105832]},"geometry_name":"geom","properties":{"id":165,"fid":165,"Tipo":"CEI","Título":"CENTRO DE EDUCAÇÃO INFANTIL","Nome":"JOÃO SARAIVA LEÃO","Seriação":"I-4,5","Faixa etária":"3 A 5 ANOS","Distrito":"6","Endereço":"RUA ANTÔNIO CANDEIA, 89","Bairro":"GUAJERU","Código do bairro":59,"CEP":"60843-230","Regional":"SER 6","INEP":23235373,"CODSGE":"446","6 mees":"NÃO","1 ano":"NÃO","2 anos":"NÃO","3 anos":"NÃO","4 anos":"SIM","5 anos":"SIM","6 anos":"NÃO","7 anos":"NÃO","8 anos":"NÃO","9 anos":"NÃO","10 anos":"NÃO","11 anos":"NÃO","12 anos":"NÃO","13 anos":"NÃO","14 anos":"NÃO","Ano":"2023","Fonte":"Secretaria Municipal de Educação - SME","SRC da camada":"EPSG:4326 - WGS 84","Codificação":"UTF-8"}},{"type":"Feature","id":"vw_ParqueEscolarMunicipal_2023.fid-5656ca56_19a5f394e75_695f","geometry":{"type":"Point","coordinates":[-38.48119793,-3.84755933]},"geometry_name":"geom","properties":{"id":166,"fid":166,"Tipo":"CEI","Título":"CENTRO DE EDUCAÇÃO INFANTIL","Nome":"CÔNEGO FRANCISCO PEREIRA DA SILVA","Seriação":"I-2,3,4","Faixa etária":"2 A 5 ANOS","Distrito":"6","Endereço":"RUA MARIA DE LOURDES LIMA, 60","Bairro":"SÃO BENTO","Código do bairro":119,"CEP":"60872-504","Regional":"SER 6","INEP":23070137,"CODSGE":"470","6 mees":"NÃO","1 ano":"NÃO","2 anos":"SIM","3 anos":"SIM","4 anos":"SIM","5 anos":"SIM","6 anos":"NÃO","7 anos":"NÃO","8 anos":"NÃO","9 anos":"NÃO","10 anos":"NÃO","11 anos":"NÃO","12 anos":"NÃO","13 anos":"NÃO","14 anos":"NÃO","Ano":"2023","Fonte":"Secretaria Municipal de Educação - SME","SRC da camada":"EPSG:4326 - WGS 84","Codificação":"UTF-8"}},{"type":"Feature","id":"vw_ParqueEscolarMunicipal_2023.fid-5656ca56_19a5f394e75_6960","geometry":{"type":"Point","coordinates":[-38.49336446,-3.85896432]},"geometry_name":"geom","properties":{"id":167,"fid":167,"Tipo":"CEI","Título":"CENTRO DE EDUCAÇÃO INFANTIL","Nome":"PROFESSOR ANÍSIO TEIXEIRA","Seriação":"I-2,3,4","Faixa etária":"2 A 5 ANOS","Distrito":"6","Endereço":"RUA GUARANI, 355","Bairro":"PAUPINA","Código do bairro":68,"CEP":"60873-530","Regional":"SER 6","INEP":23065206,"CODSGE":"487","6 mees":"NÃO","1 ano":"NÃO","2 anos":"SIM","3 anos":"SIM","4 anos":"SIM","5 anos":"SIM","6 anos":"NÃO","7 anos":"NÃO","8 anos":"NÃO","9 anos":"NÃO","10 anos":"NÃO","11 anos":"NÃO","12 anos":"NÃO","13 anos":"NÃO","14 anos":"NÃO","Ano":"2023","Fonte":"Secretaria Municipal de Educação - SME","SRC da camada":"EPSG:4326 - WGS 84","Codificação":"UTF-8"}},{"type":"Feature","id":"vw_ParqueEscolarMunicipal_2023.fid-5656ca56_19a5f394e75_6961","geometry":{"type":"Point","coordinates":[-38.50244764,-3.85167839]},"geometry_name":"geom","properties":{"id":168,"fid":168,"Tipo":"CEI","Título":"CENTRO DE EDUCAÇÃO INFANTIL","Nome":"JOSÉ MOREIRA LEITÃO","Seriação":"I-1,2,3","Faixa etária":"1 A 5 ANOS","Distrito":"6","Endereço":"RUA PEDRO DE SOUSA, 800","Bairro":"PARQUE SANTA MARIA","Código do bairro":87,"CEP":"60873-105","Regional":"SER 9","INEP":23186771,"CODSGE":"383","6 mees":"NÃO","1 ano":"SIM","2 anos":"SIM","3 anos":"SIM","4 anos":"SIM","5 anos":"NÃO","6 anos":"NÃO","7 anos":"NÃO","8 anos":"NÃO","9 anos":"NÃO","10 anos":"NÃO","11 anos":"NÃO","12 anos":"NÃO","13 anos":"NÃO","14 anos":"NÃO","Ano":"2023","Fonte":"Secretaria Municipal de Educação - SME","SRC da camada":"EPSG:4326 - WGS 84","Codificação":"UTF-8"}},{"type":"Feature","id":"vw_ParqueEscolarMunicipal_2023.fid-5656ca56_19a5f394e75_6962","geometry":{"type":"Point","coordinates":[-38.52434393,-3.85131992]},"geometry_name":"geom","properties":{"id":169,"fid":170,"Tipo":"CEI","Título":"CENTRO DE EDUCAÇÃO INFANTIL","Nome":"MARIA HELENILCE CAVALCANTE LEITE MARTINS","Seriação":"I-1,2,3","Faixa etária":"1 A 3 ANOS","Distrito":"6","Endereço":"RUA MAÍZA, 81","Bairro":"CONJUNTO PALMEIRAS","Código do bairro":118,"CEP":"60870-250","Regional":"SER 9","INEP":23073667,"CODSGE":"449","6 mees":"NÃO","1 ano":"SIM","2 anos":"SIM","3 anos":"SIM","4 anos":"NÃO","5 anos":"NÃO","6 anos":"NÃO","7 anos":"NÃO","8 anos":"NÃO","9 anos":"NÃO","10 anos":"NÃO","11 anos":"NÃO","12 anos":"NÃO","13 anos":"NÃO","14 anos":"NÃO","Ano":"2023","Fonte":"Secretaria Municipal de Educação - SME","SRC da camada":"EPSG:4326 - WGS 84","Codificação":"UTF-8"}},{"type":"Feature","id":"vw_ParqueEscolarMunicipal_2023.fid-5656ca56_19a5f394e75_6963","geometry":{"type":"Point","coordinates":[-38.5227311,-3.84654529]},"geometry_name":"geom","properties":{"id":170,"fid":171,"Tipo":"CEI","Título":"CENTRO DE EDUCAÇÃO INFANTIL","Nome":"CÉSAR CALS DE OLIVEIRA NETO","Seriação":"I-3,4,5","Faixa etária":"3 A 5 ANOS","Distrito":"6","Endereço":"RUA CAMPINENSE, 54","Bairro":"CONJUNTO PALMEIRAS","Código do bairro":118,"CEP":"60870-350","Regional":"SER 9","INEP":23250623,"CODSGE":"376","6 mees":"NÃO","1 ano":"NÃO","2 anos":"NÃO","3 anos":"SIM","4 anos":"SIM","5 anos":"SIM","6 anos":"NÃO","7 anos":"NÃO","8 anos":"NÃO","9 anos":"NÃO","10 anos":"NÃO","11 anos":"NÃO","12 anos":"NÃO","13 anos":"NÃO","14 anos":"NÃO","Ano":"2023","Fonte":"Secretaria Municipal de Educação - SME","SRC da camada":"EPSG:4326 - WGS 84","Codificação":"UTF-8"}},{"type":"Feature","id":"vw_ParqueEscolarMunicipal_2023.fid-5656ca56_19a5f394e75_6964","geometry":{"type":"Point","coordinates":[-38.52734465,-3.83898576]},"geometry_name":"geom","properties":{"id":171,"fid":172,"Tipo":"CEI","Título":"CENTRO DE EDUCAÇÃO INFANTIL","Nome":"PROFESSORA BERNADETE ORIÁ DE OLIVEIRA","Seriação":"I-1,2,3","Faixa etária":"1 A 3 ANOS","Distrito":"6","Endereço":"RUA JOSÉ LINHARES, 903","Bairro":"CONJUNTO PALMEIRAS","Código do bairro":118,"CEP":"60870-040","Regional":"SER 9","INEP":23256605,"CODSGE":"501","6 mees":"NÃO","1 ano":"SIM","2 anos":"SIM","3 anos":"SIM","4 anos":"NÃO","5 anos":"NÃO","6 anos":"NÃO","7 anos":"NÃO","8 anos":"NÃO","9 anos":"NÃO","10 anos":"NÃO","11 anos":"NÃO","12 anos":"NÃO","13 anos":"NÃO","14 anos":"NÃO","Ano":"2023","Fonte":"Secretaria Municipal de Educação - SME","SRC da camada":"EPSG:4326 - WGS 84","Codificação":"UTF-8"}},{"type":"Feature","id":"vw_ParqueEscolarMunicipal_2023.fid-5656ca56_19a5f394e75_6965","geometry":{"type":"Point","coordinates":[-38.50648991,-3.84423532]},"geometry_name":"geom","properties":{"id":172,"fid":173,"Tipo":"CEI","Título":"CENTRO DE EDUCAÇÃO INFANTIL","Nome":"JORNALISTA JOSÉ BLANCHARD GIRÃO DA SILVA","Seriação":"I-1,2,3","Faixa etária":"1 A 4 ANOS","Distrito":"6","Endereço":"TRAV. MISSIONÁRIO OLIVEIRA, 301","Bairro":"JANGURUSSU","Código do bairro":61,"CEP":"60870-603","Regional":"SER 9","INEP":23324260,"CODSGE":"374","6 mees":"NÃO","1 ano":"SIM","2 anos":"SIM","3 anos":"SIM","4 anos":"SIM","5 anos":"NÃO","6 anos":"NÃO","7 anos":"NÃO","8 anos":"NÃO","9 anos":"NÃO","10 anos":"NÃO","11 anos":"NÃO","12 anos":"NÃO","13 anos":"NÃO","14 anos":"NÃO","Ano":"2023","Fonte":"Secretaria Municipal de Educação - SME","SRC da camada":"EPSG:4326 - WGS 84","Codificação":"UTF-8"}},{"type":"Feature","id":"vw_ParqueEscolarMunicipal_2023.fid-5656ca56_19a5f394e75_6966","geometry":{"type":"Point","coordinates":[-38.51690835,-3.85777172]},"geometry_name":"geom","properties":{"id":173,"fid":174,"Tipo":"CEI","Título":"CENTRO DE EDUCAÇÃO INFANTIL","Nome":"MARIA DE JESUS ORIÁ ALENCAR","Seriação":"I-1,2,3","Faixa etária":"1 A 4 ANOS","Distrito":"6","Endereço":"RUA MULHERES DE AREIA, 61","Bairro":"JANGURUSSU","Código do bairro":61,"CEP":"60877-340","Regional":"SER 9","INEP":23073535,"CODSGE":"471","6 mees":"NÃO","1 ano":"SIM","2 anos":"SIM","3 anos":"SIM","4 anos":"SIM","5 anos":"NÃO","6 anos":"NÃO","7 anos":"NÃO","8 anos":"NÃO","9 anos":"NÃO","10 anos":"NÃO","11 anos":"NÃO","12 anos":"NÃO","13 anos":"NÃO","14 anos":"NÃO","Ano":"2023","Fonte":"Secretaria Municipal de Educação - SME","SRC da camada":"EPSG:4326 - WGS 84","Codificação":"UTF-8"}},{"type":"Feature","id":"vw_ParqueEscolarMunicipal_2023.fid-5656ca56_19a5f394e75_6967","geometry":{"type":"Point","coordinates":[-38.51801348,-3.83165525]},"geometry_name":"geom","properties":{"id":174,"fid":175,"Tipo":"CEI","Título":"CENTRO DE EDUCAÇÃO INFANTIL","Nome":"PROFESSOR FRANCISCO DE MELO JABORANDI","Seriação":"I-2,3","Faixa etária":"2 E 3 ANOS","Distrito":"6","Endereço":"AV. GOVERNADOR LEONEL BRIZOLA, 198A","Bairro":"JANGURUSSU","Código do bairro":61,"CEP":"60866-190","Regional":"SER 9","INEP":23070013,"CODSGE":"468","6 mees":"NÃO","1 ano":"NÃO","2 anos":"SIM","3 anos":"SIM","4 anos":"NÃO","5 anos":"NÃO","6 anos":"NÃO","7 anos":"NÃO","8 anos":"NÃO","9 anos":"NÃO","10 anos":"NÃO","11 anos":"NÃO","12 anos":"NÃO","13 anos":"NÃO","14 anos":"NÃO","Ano":"2023","Fonte":"Secretaria Municipal de Educação - SME","SRC da camada":"EPSG:4326 - WGS 84","Codificação":"UTF-8"}},{"type":"Feature","id":"vw_ParqueEscolarMunicipal_2023.fid-5656ca56_19a5f394e75_6968","geometry":{"type":"Point","coordinates":[-38.53328982,-3.82774598]},"geometry_name":"geom","properties":{"id":175,"fid":176,"Tipo":"CRP","Título":"CRECHE PARCEIRA","Nome":"ANDRÉ LUIS","Seriação":"I-1,2,3","Faixa etária":"1 A 3 ANOS","Distrito":"4","Endereço":"AV. PRESIDENTE COSTA E SILVA, 5255","Bairro":"PASSARÉ","Código do bairro":88,"CEP":"60862-515","Regional":"SER 8","INEP":23279796,"CODSGE":"579","6 mees":"NÃO","1 ano":"SIM","2 anos":"SIM","3 anos":"SIM","4 anos":"NÃO","5 anos":"NÃO","6 anos":"NÃO","7 anos":"NÃO","8 anos":"NÃO","9 anos":"NÃO","10 anos":"NÃO","11 anos":"NÃO","12 anos":"NÃO","13 anos":"NÃO","14 anos":"NÃO","Ano":"2023","Fonte":"Secretaria Municipal de Educação - SME","SRC da camada":"EPSG:4326 - WGS 84","Codificação":"UTF-8"}},{"type":"Feature","id":"vw_ParqueEscolarMunicipal_2023.fid-5656ca56_19a5f394e75_6969","geometry":{"type":"Point","coordinates":[-38.52352243,-3.81454051]},"geometry_name":"geom","properties":{"id":176,"fid":177,"Tipo":"CEI","Título":"CENTRO DE EDUCAÇÃO INFANTIL","Nome":"FRANCISCO ANDRADE TEÓFILO GIRÃO","Seriação":"I-4,5","Faixa etária":"3 A 5 ANOS","Distrito":"4","Endereço":"RUA DOM ANTÔNIO LUSTOSA, 191","Bairro":"PASSARÉ","Código do bairro":88,"CEP":"60862-070","Regional":"SER 8","INEP":23250550,"CODSGE":"408","6 mees":"NÃO","1 ano":"NÃO","2 anos":"NÃO","3 anos":"NÃO","4 anos":"SIM","5 anos":"SIM","6 anos":"NÃO","7 anos":"NÃO","8 anos":"NÃO","9 anos":"NÃO","10 anos":"NÃO","11 anos":"NÃO","12 anos":"NÃO","13 anos":"NÃO","14 anos":"NÃO","Ano":"2023","Fonte":"Secretaria Municipal de Educação - SME","SRC da camada":"EPSG:4326 - WGS 84","Codificação":"UTF-8"}},{"type":"Feature","id":"vw_ParqueEscolarMunicipal_2023.fid-5656ca56_19a5f394e75_696a","geometry":{"type":"Point","coordinates":[-38.53794489,-3.81317028]},"geometry_name":"geom","properties":{"id":177,"fid":178,"Tipo":"CEI","Título":"CENTRO DE EDUCAÇÃO INFANTIL","Nome":"MARIA DAS DORES DE SOUSA SILVA","Seriação":"I-4,5","Faixa etária":"3 A 5 ANOS","Distrito":"4","Endereço":"RUA MARIA MIRTES PEREIRA, 1005","Bairro":"PASSARÉ","Código do bairro":88,"CEP":"60867-060","Regional":"SER 8","INEP":23250666,"CODSGE":"425","6 mees":"NÃO","1 ano":"NÃO","2 anos":"NÃO","3 anos":"NÃO","4 anos":"SIM","5 anos":"SIM","6 anos":"NÃO","7 anos":"NÃO","8 anos":"NÃO","9 anos":"NÃO","10 anos":"NÃO","11 anos":"NÃO","12 anos":"NÃO","13 anos":"NÃO","14 anos":"NÃO","Ano":"2023","Fonte":"Secretaria Municipal de Educação - SME","SRC da camada":"EPSG:4326 - WGS 84","Codificação":"UTF-8"}},{"type":"Feature","id":"vw_ParqueEscolarMunicipal_2023.fid-5656ca56_19a5f394e75_696b","geometry":{"type":"Point","coordinates":[-38.54842417,-3.80694648]},"geometry_name":"geom","properties":{"id":178,"fid":179,"Tipo":"CEI","Título":"CENTRO DE EDUCAÇÃO INFANTIL","Nome":"INFANTE ROSALINA RODRIGUES","Seriação":"I-1,2,3","Faixa etária":"1 A 5 ANOS","Distrito":"4","Endereço":"AV. 02, 800 (LOT. AV. DOS EXPEDICIONÁRIOS)","Bairro":"PARQUE DOIS IRMÃOS","Código do bairro":84,"CEP":"60745-510","Regional":"SER 8","INEP":23324252,"CODSGE":"373","6 mees":"NÃO","1 ano":"SIM","2 anos":"SIM","3 anos":"SIM","4 anos":"SIM","5 anos":"SIM","6 anos":"NÃO","7 anos":"NÃO","8 anos":"NÃO","9 anos":"NÃO","10 anos":"NÃO","11 anos":"NÃO","12 anos":"NÃO","13 anos":"NÃO","14 anos":"NÃO","Ano":"2023","Fonte":"Secretaria Municipal de Educação - SME","SRC da camada":"EPSG:4326 - WGS 84","Codificação":"UTF-8"}},{"type":"Feature","id":"vw_ParqueEscolarMunicipal_2023.fid-5656ca56_19a5f394e75_696c","geometry":{"type":"Point","coordinates":[-38.54680046,-3.79924846]},"geometry_name":"geom","properties":{"id":179,"fid":180,"Tipo":"CEI","Título":"CENTRO DE EDUCAÇÃO INFANTIL","Nome":"MANUEL LIMA SOARES","Seriação":"I-1,2,3","Faixa etária":"1 A 3 ANOS","Distrito":"4","Endereço":"RUA 130, 60 (CONJUNTO TUPÃ MIRIM)","Bairro":"PARQUE DOIS IRMÃOS","Código do bairro":84,"CEP":"60744-640","Regional":"SER 8","INEP":23184558,"CODSGE":"436","6 mees":"NÃO","1 ano":"SIM","2 anos":"SIM","3 anos":"SIM","4 anos":"NÃO","5 anos":"NÃO","6 anos":"NÃO","7 anos":"NÃO","8 anos":"NÃO","9 anos":"NÃO","10 anos":"NÃO","11 anos":"NÃO","12 anos":"NÃO","13 anos":"NÃO","14 anos":"NÃO","Ano":"2023","Fonte":"Secretaria Municipal de Educação - SME","SRC da camada":"EPSG:4326 - WGS 84","Codificação":"UTF-8"}},{"type":"Feature","id":"vw_ParqueEscolarMunicipal_2023.fid-5656ca56_19a5f394e75_696d","geometry":{"type":"Point","coordinates":[-38.51367942,-3.83848902]},"geometry_name":"geom","properties":{"id":180,"fid":181,"Tipo":"EMTP","Título":"ESCOLA MUNICIPAL","Nome":"LIONS CLUBE FORTALEZA FÁTIMA","Seriação":"F-1,2,3,4,5","Faixa etária":"6 A 10 ANOS","Distrito":"6","Endereço":"TV. LIONS CLUBE, 141","Bairro":"JANGURUSSU","Código do bairro":61,"CEP":"60865-415","Regional":"SER 9","INEP":23256001,"CODSGE":"469","6 mees":"NÃO","1 ano":"NÃO","2 anos":"NÃO","3 anos":"NÃO","4 anos":"NÃO","5 anos":"NÃO","6 anos":"SIM","7 anos":"SIM","8 anos":"SIM","9 anos":"SIM","10 anos":"SIM","11 anos":"NÃO","12 anos":"NÃO","13 anos":"NÃO","14 anos":"NÃO","Ano":"2023","Fonte":"Secretaria Municipal de Educação - SME","SRC da camada":"EPSG:4326 - WGS 84","Codificação":"UTF-8"}},{"type":"Feature","id":"vw_ParqueEscolarMunicipal_2023.fid-5656ca56_19a5f394e75_696e","geometry":{"type":"Point","coordinates":[-38.51657185,-3.82641176]},"geometry_name":"geom","properties":{"id":181,"fid":182,"Tipo":"ANE","Título":"ESCOLA MUNICIPAL","Nome":"SINÓ PINHEIRO UNID II","Seriação":"F-3,4","Faixa etária":"8 E 9 ANOS","Distrito":"6","Endereço":"RUA 9 , 279 (CONJUNTO JOÃO PAULO II)","Bairro":"BARROSO","Código do bairro":51,"CEP":"60863-660","Regional":"SER 9","INEP":23233800,"CODSGE":"447","6 mees":"NÃO","1 ano":"NÃO","2 anos":"NÃO","3 anos":"NÃO","4 anos":"NÃO","5 anos":"NÃO","6 anos":"NÃO","7 anos":"NÃO","8 anos":"SIM","9 anos":"SIM","10 anos":"NÃO","11 anos":"NÃO","12 anos":"NÃO","13 anos":"NÃO","14 anos":"NÃO","Ano":"2023","Fonte":"Secretaria Municipal de Educação - SME","SRC da camada":"EPSG:4326 - WGS 84","Codificação":"UTF-8"}},{"type":"Feature","id":"vw_ParqueEscolarMunicipal_2023.fid-5656ca56_19a5f394e75_696f","geometry":{"type":"Point","coordinates":[-38.6004332,-3.78324552]},"geometry_name":"geom","properties":{"id":182,"fid":183,"Tipo":"CRP","Título":"CRECHE PARCEIRA","Nome":"RAIO DE LUZ","Seriação":"I-1,2,3","Faixa etária":"1 A 3 ANOS","Distrito":"5","Endereço":"RUA JOSÉ ABÍLIO, 976","Bairro":"GRANJA PORTUGAL","Código do bairro":79,"CEP":"60541-052","Regional":"SER 5","INEP":23279478,"CODSGE":"884","6 mees":"NÃO","1 ano":"SIM","2 anos":"SIM","3 anos":"SIM","4 anos":"NÃO","5 anos":"NÃO","6 anos":"NÃO","7 anos":"NÃO","8 anos":"NÃO","9 anos":"NÃO","10 anos":"NÃO","11 anos":"NÃO","12 anos":"NÃO","13 anos":"NÃO","14 anos":"NÃO","Ano":"2023","Fonte":"Secretaria Municipal de Educação - SME","SRC da camada":"EPSG:4326 - WGS 84","Codificação":"UTF-8"}},{"type":"Feature","id":"vw_ParqueEscolarMunicipal_2023.fid-5656ca56_19a5f394e75_6970","geometry":{"type":"Point","coordinates":[-38.58036494,-3.79918922]},"geometry_name":"geom","properties":{"id":183,"fid":184,"Tipo":"CRP","Título":"CRECHE PARCEIRA","Nome":"TIA AUGUSTA","Seriação":"I-1,2,3","Faixa etária":"1 A 3 ANOS","Distrito":"5","Endereço":"RUA AMÉRICO ROCHA LIMA, 587","Bairro":"MANOEL SÁTIRO","Código do bairro":81,"CEP":"60713-240","Regional":"SER 10","INEP":23279966,"CODSGE":"883","6 mees":"NÃO","1 ano":"SIM","2 anos":"SIM","3 anos":"SIM","4 anos":"NÃO","5 anos":"NÃO","6 anos":"NÃO","7 anos":"NÃO","8 anos":"NÃO","9 anos":"NÃO","10 anos":"NÃO","11 anos":"NÃO","12 anos":"NÃO","13 anos":"NÃO","14 anos":"NÃO","Ano":"2023","Fonte":"Secretaria Municipal de Educação - SME","SRC da camada":"EPSG:4326 - WGS 84","Codificação":"UTF-8"}},{"type":"Feature","id":"vw_ParqueEscolarMunicipal_2023.fid-5656ca56_19a5f394e75_6971","geometry":{"type":"Point","coordinates":[-38.5999838,-3.82228699]},"geometry_name":"geom","properties":{"id":184,"fid":185,"Tipo":"CEI","Título":"CENTRO DE EDUCAÇÃO INFANTIL","Nome":"HENRIQUE VENÂNCIO DA SILVA","Seriação":"I-1,2,3","Faixa etária":"1 A 5 ANOS","Distrito":"5","Endereço":"RUA OSÓRIO CORREIA, S/N","Bairro":"PARQUE PRESIDENTE VARGAS","Código do bairro":85,"CEP":"60765-515","Regional":"SER 10","INEP":23235080,"CODSGE":"856","6 mees":"NÃO","1 ano":"SIM","2 anos":"SIM","3 anos":"SIM","4 anos":"SIM","5 anos":"SIM","6 anos":"NÃO","7 anos":"NÃO","8 anos":"NÃO","9 anos":"NÃO","10 anos":"NÃO","11 anos":"NÃO","12 anos":"NÃO","13 anos":"NÃO","14 anos":"NÃO","Ano":"2023","Fonte":"Secretaria Municipal de Educação - SME","SRC da camada":"EPSG:4326 - WGS 84","Codificação":"UTF-8"}},{"type":"Feature","id":"vw_ParqueEscolarMunicipal_2023.fid-5656ca56_19a5f394e75_6972","geometry":{"type":"Point","coordinates":[-38.60871705,-3.76489998]},"geometry_name":"geom","properties":{"id":185,"fid":186,"Tipo":"CEI","Título":"CENTRO DE EDUCAÇÃO INFANTIL","Nome":"ANTÔNIO VALDINAR DE CARVALHO CUSTÓDIO","Seriação":"I-1,2,3","Faixa etária":"1 A 5 ANOS","Distrito":"3","Endereço":"RUA 202, S/N","Bairro":"CONJUNTO CEARÁ I","Código do bairro":42,"CEP":"60530-260","Regional":"SER 11","INEP":23264160,"CODSGE":"859","6 mees":"NÃO","1 ano":"SIM","2 anos":"SIM","3 anos":"SIM","4 anos":"SIM","5 anos":"SIM","6 anos":"NÃO","7 anos":"NÃO","8 anos":"NÃO","9 anos":"NÃO","10 anos":"NÃO","11 anos":"NÃO","12 anos":"NÃO","13 anos":"NÃO","14 anos":"NÃO","Ano":"2023","Fonte":"Secretaria Municipal de Educação - SME","SRC da camada":"EPSG:4326 - WGS 84","Codificação":"UTF-8"}},{"type":"Feature","id":"vw_ParqueEscolarMunicipal_2023.fid-5656ca56_19a5f394e75_6973","geometry":{"type":"Point","coordinates":[-38.60032806,-3.79571302]},"geometry_name":"geom","properties":{"id":186,"fid":187,"Tipo":"CRP","Título":"CRECHE PARCEIRA","Nome":"PEQUENO GÊNIO","Seriação":"I-1,2,3","Faixa etária":"1 A 3 ANOS","Distrito":"5","Endereço":"RUA NOVA CONQUISTA, 692","Bairro":"BOM JARDIM","Código do bairro":72,"CEP":"60543-355","Regional":"SER 5","INEP":23280239,"CODSGE":"849","6 mees":"NÃO","1 ano":"SIM","2 anos":"SIM","3 anos":"SIM","4 anos":"NÃO","5 anos":"NÃO","6 anos":"NÃO","7 anos":"NÃO","8 anos":"NÃO","9 anos":"NÃO","10 anos":"NÃO","11 anos":"NÃO","12 anos":"NÃO","13 anos":"NÃO","14 anos":"NÃO","Ano":"2023","Fonte":"Secretaria Municipal de Educação - SME","SRC da camada":"EPSG:4326 - WGS 84","Codificação":"UTF-8"}},{"type":"Feature","id":"vw_ParqueEscolarMunicipal_2023.fid-5656ca56_19a5f394e75_6974","geometry":{"type":"Point","coordinates":[-38.61844686,-3.77440139]},"geometry_name":"geom","properties":{"id":187,"fid":188,"Tipo":"CEI","Título":"CENTRO DE EDUCAÇÃO INFANTIL","Nome":"ANTÔNIA NATHALIA CRISTINA CHAVES MACIEL","Seriação":"I-1,2,3","Faixa etária":"1 A 5 ANOS","Distrito":"3","Endereço":"RUA 910, S/N","Bairro":"CONJUNTO CEARÁ II","Código do bairro":75,"CEP":"60532-510","Regional":"SER 11","INEP":23257202,"CODSGE":"404","6 mees":"NÃO","1 ano":"SIM","2 anos":"SIM","3 anos":"SIM","4 anos":"SIM","5 anos":"SIM","6 anos":"NÃO","7 anos":"NÃO","8 anos":"NÃO","9 anos":"NÃO","10 anos":"NÃO","11 anos":"NÃO","12 anos":"NÃO","13 anos":"NÃO","14 anos":"NÃO","Ano":"2023","Fonte":"Secretaria Municipal de Educação - SME","SRC da camada":"EPSG:4326 - WGS 84","Codificação":"UTF-8"}},{"type":"Feature","id":"vw_ParqueEscolarMunicipal_2023.fid-5656ca56_19a5f394e75_6975","geometry":{"type":"Point","coordinates":[-38.60203836,-3.78414657]},"geometry_name":"geom","properties":{"id":188,"fid":189,"Tipo":"CRP","Título":"CRECHE PARCEIRA","Nome":"PEQUENO MUNDO DE FLORA","Seriação":"I-1,2,3","Faixa etária":"1 A 3 ANOS","Distrito":"5","Endereço":"RUA ANTÔNIO NERY, 1350","Bairro":"GRANJA PORTUGAL","Código do bairro":79,"CEP":"60545-232","Regional":"SER 5","INEP":23280590,"CODSGE":"848","6 mees":"NÃO","1 ano":"SIM","2 anos":"SIM","3 anos":"SIM","4 anos":"NÃO","5 anos":"NÃO","6 anos":"NÃO","7 anos":"NÃO","8 anos":"NÃO","9 anos":"NÃO","10 anos":"NÃO","11 anos":"NÃO","12 anos":"NÃO","13 anos":"NÃO","14 anos":"NÃO","Ano":"2023","Fonte":"Secretaria Municipal de Educação - SME","SRC da camada":"EPSG:4326 - WGS 84","Codificação":"UTF-8"}},{"type":"Feature","id":"vw_ParqueEscolarMunicipal_2023.fid-5656ca56_19a5f394e75_6976","geometry":{"type":"Point","coordinates":[-38.60272897,-3.77215897]},"geometry_name":"geom","properties":{"id":189,"fid":190,"Tipo":"CEI","Título":"CENTRO DE EDUCAÇÃO INFANTIL","Nome":"JORNALISTA NENO CAVALCANTE","Seriação":"I-1,2,3","Faixa etária":"1 A 5 ANOS","Distrito":"3","Endereço":"RUA 725, S/N","Bairro":"CONJUNTO CEARÁ II","Código do bairro":75,"CEP":"60531-740","Regional":"SER 11","INEP":23072180,"CODSGE":"835","6 mees":"NÃO","1 ano":"SIM","2 anos":"SIM","3 anos":"SIM","4 anos":"SIM","5 anos":"SIM","6 anos":"NÃO","7 anos":"NÃO","8 anos":"NÃO","9 anos":"NÃO","10 anos":"NÃO","11 anos":"NÃO","12 anos":"NÃO","13 anos":"NÃO","14 anos":"NÃO","Ano":"2023","Fonte":"Secretaria Municipal de Educação - SME","SRC da camada":"EPSG:4326 - WGS 84","Codificação":"UTF-8"}},{"type":"Feature","id":"vw_ParqueEscolarMunicipal_2023.fid-5656ca56_19a5f394e75_6977","geometry":{"type":"Point","coordinates":[-38.59787476,-3.78917852]},"geometry_name":"geom","properties":{"id":190,"fid":191,"Tipo":"ANE","Título":"ESCOLA MUNICIPAL","Nome":"CRESCER E APRENDER UNID II","Seriação":"I-4,5/F-1","Faixa etária":"4 A 6 ANOS","Distrito":"5","Endereço":"RUA MIRTES CORDEIRO, 700","Bairro":"GRANJA PORTUGAL","Código do bairro":79,"CEP":"60543-464","Regional":"SER 5","INEP":23271540,"CODSGE":"819","6 mees":"NÃO","1 ano":"NÃO","2 anos":"NÃO","3 anos":"NÃO","4 anos":"SIM","5 anos":"SIM","6 anos":"SIM","7 anos":"NÃO","8 anos":"NÃO","9 anos":"NÃO","10 anos":"NÃO","11 anos":"NÃO","12 anos":"NÃO","13 anos":"NÃO","14 anos":"NÃO","Ano":"2023","Fonte":"Secretaria Municipal de Educação - SME","SRC da camada":"EPSG:4326 - WGS 84","Codificação":"UTF-8"}},{"type":"Feature","id":"vw_ParqueEscolarMunicipal_2023.fid-5656ca56_19a5f394e75_6978","geometry":{"type":"Point","coordinates":[-38.6135279,-3.79717498]},"geometry_name":"geom","properties":{"id":191,"fid":192,"Tipo":"CEI","Título":"CENTRO DE EDUCAÇÃO INFANTIL","Nome":"PROFESSOR AGOSTINHO GÓSSON","Seriação":"I-1,2,3","Faixa etária":"1 A 5 ANOS","Distrito":"5","Endereço":"RUA H, S/N ( CONJUNTO NOVA RESIDÊNCIA)","Bairro":"GRANJA LISBOA","Código do bairro":78,"CEP":"60546-170","Regional":"SER 5","INEP":23256761,"CODSGE":"809","6 mees":"NÃO","1 ano":"SIM","2 anos":"SIM","3 anos":"SIM","4 anos":"SIM","5 anos":"SIM","6 anos":"NÃO","7 anos":"NÃO","8 anos":"NÃO","9 anos":"NÃO","10 anos":"NÃO","11 anos":"NÃO","12 anos":"NÃO","13 anos":"NÃO","14 anos":"NÃO","Ano":"2023","Fonte":"Secretaria Municipal de Educação - SME","SRC da camada":"EPSG:4326 - WGS 84","Codificação":"UTF-8"}},{"type":"Feature","id":"vw_ParqueEscolarMunicipal_2023.fid-5656ca56_19a5f394e75_6979","geometry":{"type":"Point","coordinates":[-38.58803413,-3.79865039]},"geometry_name":"geom","properties":{"id":192,"fid":193,"Tipo":"CRP","Título":"CRECHE PARCEIRA","Nome":"SANTO ANTÔNIO II","Seriação":"I-2,3","Faixa etária":"2 E 3 ANOS","Distrito":"5","Endereço":"RUA COMENDADOR GARCIA, 1823","Bairro":"PARQUE SÃO JOSÉ","Código do bairro":86,"CEP":"60730-235","Regional":"SER 10","INEP":23280719,"CODSGE":"800","6 mees":"NÃO","1 ano":"NÃO","2 anos":"SIM","3 anos":"SIM","4 anos":"NÃO","5 anos":"NÃO","6 anos":"NÃO","7 anos":"NÃO","8 anos":"NÃO","9 anos":"NÃO","10 anos":"NÃO","11 anos":"NÃO","12 anos":"NÃO","13 anos":"NÃO","14 anos":"NÃO","Ano":"2023","Fonte":"Secretaria Municipal de Educação - SME","SRC da camada":"EPSG:4326 - WGS 84","Codificação":"UTF-8"}},{"type":"Feature","id":"vw_ParqueEscolarMunicipal_2023.fid-5656ca56_19a5f394e75_697a","geometry":{"type":"Point","coordinates":[-38.58221237,-3.79875156]},"geometry_name":"geom","properties":{"id":193,"fid":194,"Tipo":"CRP","Título":"CRECHE PARCEIRA","Nome":"TIA MAZÉ","Seriação":"I-1,2,3","Faixa etária":"1 A 3 ANOS","Distrito":"5","Endereço":"RUA AMÉRICO ROCHA LIMA, 776","Bairro":"MANOEL SÁTIRO","Código do bairro":81,"CEP":"60713-240","Regional":"SER 10","INEP":23279974,"CODSGE":"796","6 mees":"NÃO","1 ano":"SIM","2 anos":"SIM","3 anos":"SIM","4 anos":"NÃO","5 anos":"NÃO","6 anos":"NÃO","7 anos":"NÃO","8 anos":"NÃO","9 anos":"NÃO","10 anos":"NÃO","11 anos":"NÃO","12 anos":"NÃO","13 anos":"NÃO","14 anos":"NÃO","Ano":"2023","Fonte":"Secretaria Municipal de Educação - SME","SRC da camada":"EPSG:4326 - WGS 84","Codificação":"UTF-8"}},{"type":"Feature","id":"vw_ParqueEscolarMunicipal_2023.fid-5656ca56_19a5f394e75_697b","geometry":{"type":"Point","coordinates":[-38.60146806,-3.77712013]},"geometry_name":"geom","properties":{"id":194,"fid":195,"Tipo":"ANE","Título":"ESCOLA MUNICIPAL","Nome":"IRMÃ ROCHA UNID II","Seriação":"F-1,2,3,4","Faixa etária":"6 A 9 ANOS","Distrito":"5","Endereço":"RUA EMÍLIO DE MENEZES, S/N","Bairro":"GRANJA PORTUGAL","Código do bairro":79,"CEP":"60541-424","Regional":"SER 5","INEP":23256966,"CODSGE":"791","6 mees":"NÃO","1 ano":"NÃO","2 anos":"NÃO","3 anos":"NÃO","4 anos":"NÃO","5 anos":"NÃO","6 anos":"SIM","7 anos":"SIM","8 anos":"SIM","9 anos":"SIM","10 anos":"NÃO","11 anos":"NÃO","12 anos":"NÃO","13 anos":"NÃO","14 anos":"NÃO","Ano":"2023","Fonte":"Secretaria Municipal de Educação - SME","SRC da camada":"EPSG:4326 - WGS 84","Codificação":"UTF-8"}},{"type":"Feature","id":"vw_ParqueEscolarMunicipal_2023.fid-5656ca56_19a5f394e75_697c","geometry":{"type":"Point","coordinates":[-38.61187073,-3.80547494]},"geometry_name":"geom","properties":{"id":195,"fid":196,"Tipo":"EMTI","Título":"ESCOLA MUNICIPAL DE TEMPO INTEGRAL","Nome":"PROFESSOR ALEXANDRE RODRIGUES DE ALBUQUERQUE","Seriação":"F-6,7,8,9","Faixa etária":"11 A 14 ANOS","Distrito":"5","Endereço":"RUA ALVES BEZERRA, 743","Bairro":"SIQUEIRA","Código do bairro":90,"CEP":"60736-130","Regional":"SER 5","INEP":23264799,"CODSGE":"797","6 mees":"NÃO","1 ano":"NÃO","2 anos":"NÃO","3 anos":"NÃO","4 anos":"NÃO","5 anos":"NÃO","6 anos":"NÃO","7 anos":"NÃO","8 anos":"NÃO","9 anos":"NÃO","10 anos":"NÃO","11 anos":"SIM","12 anos":"SIM","13 anos":"SIM","14 anos":"SIM","Ano":"2023","Fonte":"Secretaria Municipal de Educação - SME","SRC da camada":"EPSG:4326 - WGS 84","Codificação":"UTF-8"}},{"type":"Feature","id":"vw_ParqueEscolarMunicipal_2023.fid-5656ca56_19a5f394e75_697d","geometry":{"type":"Point","coordinates":[-38.61605235,-3.81515711]},"geometry_name":"geom","properties":{"id":196,"fid":197,"Tipo":"CEI","Título":"CENTRO DE EDUCAÇÃO INFANTIL","Nome":"FRANCISCA DE ABREU LIMA","Seriação":"I-1,2,3","Faixa etária":"1 A 5 ANOS","Distrito":"5","Endereço":"RUA C, S/N (LOTEAMENTO SIQUEIRA II)","Bairro":"SIQUEIRA","Código do bairro":90,"CEP":"60736-300","Regional":"SER 5","INEP":23227419,"CODSGE":"798","6 mees":"NÃO","1 ano":"SIM","2 anos":"SIM","3 anos":"SIM","4 anos":"SIM","5 anos":"SIM","6 anos":"NÃO","7 anos":"NÃO","8 anos":"NÃO","9 anos":"NÃO","10 anos":"NÃO","11 anos":"NÃO","12 anos":"NÃO","13 anos":"NÃO","14 anos":"NÃO","Ano":"2023","Fonte":"Secretaria Municipal de Educação - SME","SRC da camada":"EPSG:4326 - WGS 84","Codificação":"UTF-8"}},{"type":"Feature","id":"vw_ParqueEscolarMunicipal_2023.fid-5656ca56_19a5f394e75_697e","geometry":{"type":"Point","coordinates":[-38.5796501,-3.79850373]},"geometry_name":"geom","properties":{"id":197,"fid":198,"Tipo":"CRP","Título":"CRECHE PARCEIRA","Nome":"PROJETO JOÃOZINHO","Seriação":"I-1,2,3","Faixa etária":"1 A 3 ANOS","Distrito":"5","Endereço":"RUA BULGÁRIA, 822","Bairro":"MANOEL SÁTIRO","Código do bairro":81,"CEP":"60713-500","Regional":"SER 10","INEP":23279958,"CODSGE":"775","6 mees":"NÃO","1 ano":"SIM","2 anos":"SIM","3 anos":"SIM","4 anos":"NÃO","5 anos":"NÃO","6 anos":"NÃO","7 anos":"NÃO","8 anos":"NÃO","9 anos":"NÃO","10 anos":"NÃO","11 anos":"NÃO","12 anos":"NÃO","13 anos":"NÃO","14 anos":"NÃO","Ano":"2023","Fonte":"Secretaria Municipal de Educação - SME","SRC da camada":"EPSG:4326 - WGS 84","Codificação":"UTF-8"}},{"type":"Feature","id":"vw_ParqueEscolarMunicipal_2023.fid-5656ca56_19a5f394e75_697f","geometry":{"type":"Point","coordinates":[-38.59438919,-3.79386485]},"geometry_name":"geom","properties":{"id":198,"fid":199,"Tipo":"CEI","Título":"CENTRO DE EDUCAÇÃO INFANTIL","Nome":"MARIA LUIZA BARBOSA CHAVES","Seriação":"I-1,2,3","Faixa etária":"1 A 5 ANOS","Distrito":"5","Endereço":"RUA OSCAR FRANÇA, 267","Bairro":"BOM JARDIM","Código do bairro":72,"CEP":"60543-366","Regional":"SER 5","INEP":23272724,"CODSGE":"767","6 mees":"NÃO","1 ano":"SIM","2 anos":"SIM","3 anos":"SIM","4 anos":"SIM","5 anos":"SIM","6 anos":"NÃO","7 anos":"NÃO","8 anos":"NÃO","9 anos":"NÃO","10 anos":"NÃO","11 anos":"NÃO","12 anos":"NÃO","13 anos":"NÃO","14 anos":"NÃO","Ano":"2023","Fonte":"Secretaria Municipal de Educação - SME","SRC da camada":"EPSG:4326 - WGS 84","Codificação":"UTF-8"}},{"type":"Feature","id":"vw_ParqueEscolarMunicipal_2023.fid-5656ca56_19a5f394e75_6980","geometry":{"type":"Point","coordinates":[-38.60314427,-3.82079215]},"geometry_name":"geom","properties":{"id":199,"fid":200,"Tipo":"EMTI","Título":"ESCOLA MUNICIPAL DE TEMPO INTEGRAL","Nome":"PROFESSORA MARIA JOSÉ FERREIRA GOMES","Seriação":"F-6,7,8,9","Faixa etária":"11 A 14 ANOS","Distrito":"5","Endereço":"RUA CÔNEGO DE CASTRO, 8617","Bairro":"PARQUE PRESIDENTE VARGAS","Código do bairro":85,"CEP":"60765-623","Regional":"SER 10","INEP":23259558,"CODSGE":"769","6 mees":"NÃO","1 ano":"NÃO","2 anos":"NÃO","3 anos":"NÃO","4 anos":"NÃO","5 anos":"NÃO","6 anos":"NÃO","7 anos":"NÃO","8 anos":"NÃO","9 anos":"NÃO","10 anos":"NÃO","11 anos":"SIM","12 anos":"SIM","13 anos":"SIM","14 anos":"SIM","Ano":"2023","Fonte":"Secretaria Municipal de Educação - SME","SRC da camada":"EPSG:4326 - WGS 84","Codificação":"UTF-8"}},{"type":"Feature","id":"vw_ParqueEscolarMunicipal_2023.fid-5656ca56_19a5f394e75_6981","geometry":{"type":"Point","coordinates":[-38.60463499,-3.80429499]},"geometry_name":"geom","properties":{"id":200,"fid":201,"Tipo":"CRP","Título":"CRECHE PARCEIRA","Nome":"ALIANÇA","Seriação":"I-2,3","Faixa etária":"2 E 3 ANOS","Distrito":"5","Endereço":"RUA MARIA DE JESUS, 10","Bairro":"SIQUEIRA","Código do bairro":90,"CEP":"60731-710","Regional":"SER 5","INEP":23280956,"CODSGE":"751","6 mees":"NÃO","1 ano":"NÃO","2 anos":"SIM","3 anos":"SIM","4 anos":"NÃO","5 anos":"NÃO","6 anos":"NÃO","7 anos":"NÃO","8 anos":"NÃO","9 anos":"NÃO","10 anos":"NÃO","11 anos":"NÃO","12 anos":"NÃO","13 anos":"NÃO","14 anos":"NÃO","Ano":"2023","Fonte":"Secretaria Municipal de Educação - SME","SRC da camada":"EPSG:4326 - WGS 84","Codificação":"UTF-8"}},{"type":"Feature","id":"vw_ParqueEscolarMunicipal_2023.fid-5656ca56_19a5f394e75_6982","geometry":{"type":"Point","coordinates":[-38.60262688,-3.79529846]},"geometry_name":"geom","properties":{"id":201,"fid":202,"Tipo":"CRP","Título":"CRECHE PARCEIRA","Nome":"VIDA NOVA","Seriação":"I-2,3","Faixa etária":"2 E 3 ANOS","Distrito":"5","Endereço":"RUA VALDEMAR PAES, 1208","Bairro":"BOM JARDIM","Código do bairro":72,"CEP":"60545-055","Regional":"SER 5","INEP":23280921,"CODSGE":"642","6 mees":"NÃO","1 ano":"NÃO","2 anos":"SIM","3 anos":"SIM","4 anos":"NÃO","5 anos":"NÃO","6 anos":"NÃO","7 anos":"NÃO","8 anos":"NÃO","9 anos":"NÃO","10 anos":"NÃO","11 anos":"NÃO","12 anos":"NÃO","13 anos":"NÃO","14 anos":"NÃO","Ano":"2023","Fonte":"Secretaria Municipal de Educação - SME","SRC da camada":"EPSG:4326 - WGS 84","Codificação":"UTF-8"}},{"type":"Feature","id":"vw_ParqueEscolarMunicipal_2023.fid-5656ca56_19a5f394e75_6983","geometry":{"type":"Point","coordinates":[-38.6174353,-3.78940831]},"geometry_name":"geom","properties":{"id":202,"fid":203,"Tipo":"CRP","Título":"CRECHE PARCEIRA","Nome":"TIA ZULEIDE","Seriação":"I-1,2,3","Faixa etária":"1 A 3 ANOS","Distrito":"5","Endereço":"RUA BOM JESUS, 2695","Bairro":"GRANJA LISBOA","Código do bairro":78,"CEP":"60540-255","Regional":"SER 5","INEP":23280042,"CODSGE":"664","6 mees":"NÃO","1 ano":"SIM","2 anos":"SIM","3 anos":"SIM","4 anos":"NÃO","5 anos":"NÃO","6 anos":"NÃO","7 anos":"NÃO","8 anos":"NÃO","9 anos":"NÃO","10 anos":"NÃO","11 anos":"NÃO","12 anos":"NÃO","13 anos":"NÃO","14 anos":"NÃO","Ano":"2023","Fonte":"Secretaria Municipal de Educação - SME","SRC da camada":"EPSG:4326 - WGS 84","Codificação":"UTF-8"}},{"type":"Feature","id":"vw_ParqueEscolarMunicipal_2023.fid-5656ca56_19a5f394e75_6984","geometry":{"type":"Point","coordinates":[-38.6172523,-3.80790168]},"geometry_name":"geom","properties":{"id":203,"fid":204,"Tipo":"CEI","Título":"CENTRO DE EDUCAÇÃO INFANTIL","Nome":"NOGUEIRA","Seriação":"I-1,2,3","Faixa etária":"1 A 5 ANOS","Distrito":"5","Endereço":"RUA P, S/N (LOT. PARAÍSO VERDE)","Bairro":"SIQUEIRA","Código do bairro":90,"CEP":"60732-449","Regional":"SER 5","INEP":23244283,"CODSGE":"602","6 mees":"NÃO","1 ano":"SIM","2 anos":"SIM","3 anos":"SIM","4 anos":"SIM","5 anos":"SIM","6 anos":"NÃO","7 anos":"NÃO","8 anos":"NÃO","9 anos":"NÃO","10 anos":"NÃO","11 anos":"NÃO","12 anos":"NÃO","13 anos":"NÃO","14 anos":"NÃO","Ano":"2023","Fonte":"Secretaria Municipal de Educação - SME","SRC da camada":"EPSG:4326 - WGS 84","Codificação":"UTF-8"}},{"type":"Feature","id":"vw_ParqueEscolarMunicipal_2023.fid-5656ca56_19a5f394e75_6985","geometry":{"type":"Point","coordinates":[-38.60481606,-3.79690809]},"geometry_name":"geom","properties":{"id":204,"fid":205,"Tipo":"CRP","Título":"CRECHE PARCEIRA","Nome":"JARDIM DA CRIANÇA","Seriação":"I-2,3","Faixa etária":"2 E 3 ANOS","Distrito":"5","Endereço":"RUA URUCUTUBA, 1156","Bairro":"BOM JARDIM","Código do bairro":72,"CEP":"60543-315","Regional":"SER 5","INEP":23279915,"CODSGE":"552","6 mees":"NÃO","1 ano":"NÃO","2 anos":"SIM","3 anos":"SIM","4 anos":"NÃO","5 anos":"NÃO","6 anos":"NÃO","7 anos":"NÃO","8 anos":"NÃO","9 anos":"NÃO","10 anos":"NÃO","11 anos":"NÃO","12 anos":"NÃO","13 anos":"NÃO","14 anos":"NÃO","Ano":"2023","Fonte":"Secretaria Municipal de Educação - SME","SRC da camada":"EPSG:4326 - WGS 84","Codificação":"UTF-8"}},{"type":"Feature","id":"vw_ParqueEscolarMunicipal_2023.fid-5656ca56_19a5f394e75_6986","geometry":{"type":"Point","coordinates":[-38.59093084,-3.7994218]},"geometry_name":"geom","properties":{"id":205,"fid":206,"Tipo":"CRP","Título":"CRECHE PARCEIRA","Nome":"JOSÉ ORDÉLIO MENDES ALVES","Seriação":"I-1,2,3","Faixa etária":"1 A 3 ANOS","Distrito":"5","Endereço":"RUA COSTA FREIRE, 2472","Bairro":"PARQUE SÃO JOSÉ","Código do bairro":86,"CEP":"60730-255","Regional":"SER 10","INEP":23280069,"CODSGE":"541","6 mees":"NÃO","1 ano":"SIM","2 anos":"SIM","3 anos":"SIM","4 anos":"NÃO","5 anos":"NÃO","6 anos":"NÃO","7 anos":"NÃO","8 anos":"NÃO","9 anos":"NÃO","10 anos":"NÃO","11 anos":"NÃO","12 anos":"NÃO","13 anos":"NÃO","14 anos":"NÃO","Ano":"2023","Fonte":"Secretaria Municipal de Educação - SME","SRC da camada":"EPSG:4326 - WGS 84","Codificação":"UTF-8"}},{"type":"Feature","id":"vw_ParqueEscolarMunicipal_2023.fid-5656ca56_19a5f394e75_6987","geometry":{"type":"Point","coordinates":[-38.59913002,-3.76832462]},"geometry_name":"geom","properties":{"id":206,"fid":207,"Tipo":"EMTP","Título":"ESCOLA MUNICIPAL","Nome":"PADRE ARIMATEIA DINIZ","Seriação":"F-1,2,3,4,5,6,7,8,9","Faixa etária":"6 A 14 ANOS","Distrito":"3","Endereço":"RUA 810, S/N","Bairro":"CONJUNTO CEARÁ I","Código do bairro":42,"CEP":"60532-150","Regional":"SER 11","INEP":23072180,"CODSGE":"109","6 mees":"NÃO","1 ano":"NÃO","2 anos":"NÃO","3 anos":"NÃO","4 anos":"NÃO","5 anos":"NÃO","6 anos":"SIM","7 anos":"SIM","8 anos":"SIM","9 anos":"SIM","10 anos":"SIM","11 anos":"SIM","12 anos":"SIM","13 anos":"SIM","14 anos":"SIM","Ano":"2023","Fonte":"Secretaria Municipal de Educação - SME","SRC da camada":"EPSG:4326 - WGS 84","Codificação":"UTF-8"}},{"type":"Feature","id":"vw_ParqueEscolarMunicipal_2023.fid-5656ca56_19a5f394e75_6988","geometry":{"type":"Point","coordinates":[-38.61741694,-3.7772298]},"geometry_name":"geom","properties":{"id":207,"fid":208,"Tipo":"CEI","Título":"CENTRO DE EDUCAÇÃO INFANTIL","Nome":"FRANCISCO EDMILSON PINHEIRO","Seriação":"I-4,5","Faixa etária":"3 A 5 ANOS","Distrito":"5","Endereço":"AV. H, 2115","Bairro":"GRANJA LISBOA","Código do bairro":78,"CEP":"60533-667","Regional":"SER 5","INEP":23070030,"CODSGE":"405","6 mees":"NÃO","1 ano":"NÃO","2 anos":"NÃO","3 anos":"NÃO","4 anos":"SIM","5 anos":"SIM","6 anos":"NÃO","7 anos":"NÃO","8 anos":"NÃO","9 anos":"NÃO","10 anos":"NÃO","11 anos":"NÃO","12 anos":"NÃO","13 anos":"NÃO","14 anos":"NÃO","Ano":"2023","Fonte":"Secretaria Municipal de Educação - SME","SRC da camada":"EPSG:4326 - WGS 84","Codificação":"UTF-8"}},{"type":"Feature","id":"vw_ParqueEscolarMunicipal_2023.fid-5656ca56_19a5f394e75_6989","geometry":{"type":"Point","coordinates":[-38.6025435,-3.7817796]},"geometry_name":"geom","properties":{"id":208,"fid":209,"Tipo":"CEI","Título":"CENTRO DE EDUCAÇÃO INFANTIL","Nome":"REITOR ANTÔNIO MARTINS FILHO UNID II","Seriação":"I-4,5","Faixa etária":"3 A 5 ANOS","Distrito":"5","Endereço":"RUA HUMBERTO LOMEU, 1220","Bairro":"GRANJA PORTUGAL","Código do bairro":79,"CEP":"60541-112","Regional":"SER 5","INEP":23257342,"CODSGE":"434","6 mees":"NÃO","1 ano":"NÃO","2 anos":"NÃO","3 anos":"NÃO","4 anos":"SIM","5 anos":"SIM","6 anos":"NÃO","7 anos":"NÃO","8 anos":"NÃO","9 anos":"NÃO","10 anos":"NÃO","11 anos":"NÃO","12 anos":"NÃO","13 anos":"NÃO","14 anos":"NÃO","Ano":"2023","Fonte":"Secretaria Municipal de Educação - SME","SRC da camada":"EPSG:4326 - WGS 84","Codificação":"UTF-8"}},{"type":"Feature","id":"vw_ParqueEscolarMunicipal_2023.fid-5656ca56_19a5f394e75_698a","geometry":{"type":"Point","coordinates":[-38.59163151,-3.81889665]},"geometry_name":"geom","properties":{"id":209,"fid":210,"Tipo":"EMTP","Título":"ESCOLA MUNICIPAL","Nome":"PROFESSOR JOSÉ MARIA MOREIRA CAMPOS","Seriação":"F-1,2,3,4,5,6,7,8","Faixa etária":"6 A 13 ANOS","Distrito":"5","Endereço":"RUA FRANCISCO DE ALMEIDA, 525","Bairro":"PARQUE SANTA ROSA","Código do bairro":87,"CEP":"60762-845","Regional":"SER 10","INEP":23235080,"CODSGE":"308","6 mees":"NÃO","1 ano":"NÃO","2 anos":"NÃO","3 anos":"NÃO","4 anos":"NÃO","5 anos":"NÃO","6 anos":"SIM","7 anos":"SIM","8 anos":"SIM","9 anos":"SIM","10 anos":"SIM","11 anos":"SIM","12 anos":"SIM","13 anos":"SIM","14 anos":"NÃO","Ano":"2023","Fonte":"Secretaria Municipal de Educação - SME","SRC da camada":"EPSG:4326 - WGS 84","Codificação":"UTF-8"}},{"type":"Feature","id":"vw_ParqueEscolarMunicipal_2023.fid-5656ca56_19a5f394e75_698b","geometry":{"type":"Point","coordinates":[-38.59645543,-3.81153212]},"geometry_name":"geom","properties":{"id":210,"fid":211,"Tipo":"EMTP","Título":"ESCOLA MUNICIPAL","Nome":"ALAÍDE AUGUSTO DE OLIVEIRA","Seriação":"F-1,2,3,4,5","Faixa etária":"6 A 10 ANOS","Distrito":"5","Endereço":"RUA SETEMBRINA, 525","Bairro":"CONJUNTO ESPERANÇA","Código do bairro":76,"CEP":"60763-646","Regional":"SER 10","INEP":23263148,"CODSGE":"229","6 mees":"NÃO","1 ano":"NÃO","2 anos":"NÃO","3 anos":"NÃO","4 anos":"NÃO","5 anos":"NÃO","6 anos":"SIM","7 anos":"SIM","8 anos":"SIM","9 anos":"SIM","10 anos":"SIM","11 anos":"NÃO","12 anos":"NÃO","13 anos":"NÃO","14 anos":"NÃO","Ano":"2023","Fonte":"Secretaria Municipal de Educação - SME","SRC da camada":"EPSG:4326 - WGS 84","Codificação":"UTF-8"}},{"type":"Feature","id":"vw_ParqueEscolarMunicipal_2023.fid-5656ca56_19a5f394e75_698c","geometry":{"type":"Point","coordinates":[-38.59467309,-3.81163349]},"geometry_name":"geom","properties":{"id":211,"fid":212,"Tipo":"EMTP","Título":"ESCOLA MUNICIPAL","Nome":"PADRE CÍCERO ROMÃO BATISTA","Seriação":"I-4,5/F-1,2","Faixa etária":"4 A 7 ANOS","Distrito":"5","Endereço":"RUA 114, 460","Bairro":"CONJUNTO ESPERANÇA","Código do bairro":76,"CEP":"60763-630","Regional":"SER 10","INEP":23257725,"CODSGE":"281","6 mees":"NÃO","1 ano":"NÃO","2 anos":"NÃO","3 anos":"NÃO","4 anos":"SIM","5 anos":"SIM","6 anos":"SIM","7 anos":"SIM","8 anos":"NÃO","9 anos":"NÃO","10 anos":"NÃO","11 anos":"NÃO","12 anos":"NÃO","13 anos":"NÃO","14 anos":"NÃO","Ano":"2023","Fonte":"Secretaria Municipal de Educação - SME","SRC da camada":"EPSG:4326 - WGS 84","Codificação":"UTF-8"}},{"type":"Feature","id":"vw_ParqueEscolarMunicipal_2023.fid-5656ca56_19a5f394e75_698d","geometry":{"type":"Point","coordinates":[-38.57703552,-3.80096719]},"geometry_name":"geom","properties":{"id":212,"fid":213,"Tipo":"EMTP","Título":"ESCOLA MUNICIPAL","Nome":"MARIA VIVIANE BENEVIDES GOUVEIA","Seriação":"I-4,5/F-1,2,3,4,5,6,7,8,9","Faixa etária":"4 A 14 ANOS","Distrito":"5","Endereço":"RUA CREUZA ROQUE, 247","Bairro":"MANOEL SÁTIRO","Código do bairro":81,"CEP":"60713-330","Regional":"SER 10","INEP":23073764,"CODSGE":"204","6 mees":"NÃO","1 ano":"NÃO","2 anos":"NÃO","3 anos":"NÃO","4 anos":"SIM","5 anos":"SIM","6 anos":"SIM","7 anos":"SIM","8 anos":"SIM","9 anos":"SIM","10 anos":"SIM","11 anos":"SIM","12 anos":"SIM","13 anos":"SIM","14 anos":"SIM","Ano":"2023","Fonte":"Secretaria Municipal de Educação - SME","SRC da camada":"EPSG:4326 - WGS 84","Codificação":"UTF-8"}},{"type":"Feature","id":"vw_ParqueEscolarMunicipal_2023.fid-5656ca56_19a5f394e75_698e","geometry":{"type":"Point","coordinates":[-38.58099276,-3.79770458]},"geometry_name":"geom","properties":{"id":213,"fid":214,"Tipo":"EMTP","Título":"ESCOLA MUNICIPAL","Nome":"HENRIQUETA GALENO","Seriação":"F-1,2,3,4,5,6,7,8,9","Faixa etária":"6 A 14 ANOS","Distrito":"5","Endereço":"RUA MAJOR MONTENEGRO, 917","Bairro":"MANOEL SÁTIRO","Código do bairro":81,"CEP":"60713-520","Regional":"SER 10","INEP":23070960,"CODSGE":"131","6 mees":"NÃO","1 ano":"NÃO","2 anos":"NÃO","3 anos":"NÃO","4 anos":"NÃO","5 anos":"NÃO","6 anos":"SIM","7 anos":"SIM","8 anos":"SIM","9 anos":"SIM","10 anos":"SIM","11 anos":"SIM","12 anos":"SIM","13 anos":"SIM","14 anos":"SIM","Ano":"2023","Fonte":"Secretaria Municipal de Educação - SME","SRC da camada":"EPSG:4326 - WGS 84","Codificação":"UTF-8"}},{"type":"Feature","id":"vw_ParqueEscolarMunicipal_2023.fid-5656ca56_19a5f394e75_698f","geometry":{"type":"Point","coordinates":[-38.58431793,-3.79542924]},"geometry_name":"geom","properties":{"id":214,"fid":215,"Tipo":"EMTP","Título":"ESCOLA MUNICIPAL","Nome":"NOELZINDA SÁTIRO SANTIAGO","Seriação":"I-4,5/F-1,2,3,4,5","Faixa etária":"4 A 10 ANOS","Distrito":"5","Endereço":"RUA DOM XISTO ALBANO, 1298","Bairro":"PARQUE SÃO JOSÉ","Código do bairro":86,"CEP":"60730-165","Regional":"SER 10","INEP":23233877,"CODSGE":"344","6 mees":"NÃO","1 ano":"NÃO","2 anos":"NÃO","3 anos":"NÃO","4 anos":"SIM","5 anos":"SIM","6 anos":"SIM","7 anos":"SIM","8 anos":"SIM","9 anos":"SIM","10 anos":"SIM","11 anos":"NÃO","12 anos":"NÃO","13 anos":"NÃO","14 anos":"NÃO","Ano":"2023","Fonte":"Secretaria Municipal de Educação - SME","SRC da camada":"EPSG:4326 - WGS 84","Codificação":"UTF-8"}},{"type":"Feature","id":"vw_ParqueEscolarMunicipal_2023.fid-5656ca56_19a5f394e75_6990","geometry":{"type":"Point","coordinates":[-38.59742969,-3.80726007]},"geometry_name":"geom","properties":{"id":215,"fid":216,"Tipo":"EMTP","Título":"ESCOLA MUNICIPAL","Nome":"FRANCISCA DE ABREU LIMA","Seriação":"I-4,5/F-1,2,3,4,5","Faixa etária":"4 A 10 ANOS","Distrito":"5","Endereço":"RUA HUMBERTO DE ALMEIDA, 535","Bairro":"CANINDEZINHO","Código do bairro":74,"CEP":"60731-415","Regional":"SER 10","INEP":23227419,"CODSGE":"309","6 mees":"NÃO","1 ano":"NÃO","2 anos":"NÃO","3 anos":"NÃO","4 anos":"SIM","5 anos":"SIM","6 anos":"SIM","7 anos":"SIM","8 anos":"SIM","9 anos":"SIM","10 anos":"SIM","11 anos":"NÃO","12 anos":"NÃO","13 anos":"NÃO","14 anos":"NÃO","Ano":"2023","Fonte":"Secretaria Municipal de Educação - SME","SRC da camada":"EPSG:4326 - WGS 84","Codificação":"UTF-8"}},{"type":"Feature","id":"vw_ParqueEscolarMunicipal_2023.fid-5656ca56_19a5f394e75_6991","geometry":{"type":"Point","coordinates":[-38.60210805,-3.80735152]},"geometry_name":"geom","properties":{"id":216,"fid":217,"Tipo":"EMTP","Título":"ESCOLA MUNICIPAL","Nome":"FLORIVAL ALVES SERAINE","Seriação":"I-5/F-1,2,3,4,5","Faixa etária":"5 A 10 ANOS","Distrito":"5","Endereço":"RUA ITATIAIA, 1000","Bairro":"CANINDEZINHO","Código do bairro":74,"CEP":"60731-455","Regional":"SER 10","INEP":23256923,"CODSGE":"168","6 mees":"NÃO","1 ano":"NÃO","2 anos":"NÃO","3 anos":"NÃO","4 anos":"NÃO","5 anos":"SIM","6 anos":"SIM","7 anos":"SIM","8 anos":"SIM","9 anos":"SIM","10 anos":"SIM","11 anos":"NÃO","12 anos":"NÃO","13 anos":"NÃO","14 anos":"NÃO","Ano":"2023","Fonte":"Secretaria Municipal de Educação - SME","SRC da camada":"EPSG:4326 - WGS 84","Codificação":"UTF-8"}},{"type":"Feature","id":"vw_ParqueEscolarMunicipal_2023.fid-5656ca56_19a5f394e75_6992","geometry":{"type":"Point","coordinates":[-38.60222407,-3.81730831]},"geometry_name":"geom","properties":{"id":217,"fid":218,"Tipo":"EMTP","Título":"ESCOLA MUNICIPAL","Nome":"PADRE ANTÔNIO MONTEIRO DA CRUZ","Seriação":"F-1,2,3,4,5,6,7,8,9","Faixa etária":"6 A 14 ANOS","Distrito":"5","Endereço":"RUA PEDESTRE XIII, 25 (CONJ. JARDIM FLUMINENSE)","Bairro":"CANINDEZINHO","Código do bairro":74,"CEP":"60734-290","Regional":"SER 10","INEP":23184914,"CODSGE":"340","6 mees":"NÃO","1 ano":"NÃO","2 anos":"NÃO","3 anos":"NÃO","4 anos":"NÃO","5 anos":"NÃO","6 anos":"SIM","7 anos":"SIM","8 anos":"SIM","9 anos":"SIM","10 anos":"SIM","11 anos":"SIM","12 anos":"SIM","13 anos":"SIM","14 anos":"SIM","Ano":"2023","Fonte":"Secretaria Municipal de Educação - SME","SRC da camada":"EPSG:4326 - WGS 84","Codificação":"UTF-8"}},{"type":"Feature","id":"vw_ParqueEscolarMunicipal_2023.fid-5656ca56_19a5f394e75_6993","geometry":{"type":"Point","coordinates":[-38.60853372,-3.82102128]},"geometry_name":"geom","properties":{"id":218,"fid":219,"Tipo":"EMTP","Título":"ESCOLA MUNICIPAL","Nome":"JORNALISTA DEMÓCRITO DUMMAR","Seriação":"I-5/F-1,2,3,4,5","Faixa etária":"5 A 10 ANOS","Distrito":"5","Endereço":"AV. EUCLIDES PAULINO BARROSO, 2505","Bairro":"CANINDEZINHO","Código do bairro":74,"CEP":"60743-630","Regional":"SER 10","INEP":23245182,"CODSGE":"96","6 mees":"NÃO","1 ano":"NÃO","2 anos":"NÃO","3 anos":"NÃO","4 anos":"NÃO","5 anos":"SIM","6 anos":"SIM","7 anos":"SIM","8 anos":"SIM","9 anos":"SIM","10 anos":"SIM","11 anos":"NÃO","12 anos":"NÃO","13 anos":"NÃO","14 anos":"NÃO","Ano":"2023","Fonte":"Secretaria Municipal de Educação - SME","SRC da camada":"EPSG:4326 - WGS 84","Codificação":"UTF-8"}},{"type":"Feature","id":"vw_ParqueEscolarMunicipal_2023.fid-5656ca56_19a5f394e75_6994","geometry":{"type":"Point","coordinates":[-38.59866451,-3.80176599]},"geometry_name":"geom","properties":{"id":219,"fid":220,"Tipo":"EMTP","Título":"ESCOLA MUNICIPAL","Nome":"NARCISO PESSOA DE ARAÚJO","Seriação":"F-6,7,8,9","Faixa etária":"11 A 14 ANOS","Distrito":"5","Endereço":"AV. GENERAL OSÓRIO DE PAIVA, 4841","Bairro":"CANINDEZINHO","Código do bairro":74,"CEP":"60730-243","Regional":"SER 10","INEP":23302615,"CODSGE":"254","6 mees":"NÃO","1 ano":"NÃO","2 anos":"NÃO","3 anos":"NÃO","4 anos":"NÃO","5 anos":"NÃO","6 anos":"NÃO","7 anos":"NÃO","8 anos":"NÃO","9 anos":"NÃO","10 anos":"NÃO","11 anos":"SIM","12 anos":"SIM","13 anos":"SIM","14 anos":"SIM","Ano":"2023","Fonte":"Secretaria Municipal de Educação - SME","SRC da camada":"EPSG:4326 - WGS 84","Codificação":"UTF-8"}},{"type":"Feature","id":"vw_ParqueEscolarMunicipal_2023.fid-5656ca56_19a5f394e75_6995","geometry":{"type":"Point","coordinates":[-38.61724305,-3.81767925]},"geometry_name":"geom","properties":{"id":220,"fid":221,"Tipo":"EMTP","Título":"ESCOLA MUNICIPAL","Nome":"JOAQUIM ALVES","Seriação":"F-1,2,3,4,5","Faixa etária":"6 A 10 ANOS","Distrito":"5","Endereço":"RUA COSTA DO SOL, 1061","Bairro":"SIQUEIRA","Código do bairro":90,"CEP":"60732-180","Regional":"SER 5","INEP":23072016,"CODSGE":"176","6 mees":"NÃO","1 ano":"NÃO","2 anos":"NÃO","3 anos":"NÃO","4 anos":"NÃO","5 anos":"NÃO","6 anos":"SIM","7 anos":"SIM","8 anos":"SIM","9 anos":"SIM","10 anos":"SIM","11 anos":"NÃO","12 anos":"NÃO","13 anos":"NÃO","14 anos":"NÃO","Ano":"2023","Fonte":"Secretaria Municipal de Educação - SME","SRC da camada":"EPSG:4326 - WGS 84","Codificação":"UTF-8"}},{"type":"Feature","id":"vw_ParqueEscolarMunicipal_2023.fid-5656ca56_19a5f394e75_6996","geometry":{"type":"Point","coordinates":[-38.62319912,-3.80549763]},"geometry_name":"geom","properties":{"id":221,"fid":222,"Tipo":"EMTP","Título":"ESCOLA MUNICIPAL","Nome":"PROFESSOR JOSÉ CÍRIO PEREIRA FILHO","Seriação":"I-5/F-1,2,3,4,5","Faixa etária":"5 A 10 ANOS","Distrito":"5","Endereço":"RUA QUARTZO ROSA, 100","Bairro":"SIQUEIRA","Código do bairro":90,"CEP":"60732-498","Regional":"SER 5","INEP":23244283,"CODSGE":"103","6 mees":"NÃO","1 ano":"NÃO","2 anos":"NÃO","3 anos":"NÃO","4 anos":"NÃO","5 anos":"SIM","6 anos":"SIM","7 anos":"SIM","8 anos":"SIM","9 anos":"SIM","10 anos":"SIM","11 anos":"NÃO","12 anos":"NÃO","13 anos":"NÃO","14 anos":"NÃO","Ano":"2023","Fonte":"Secretaria Municipal de Educação - SME","SRC da camada":"EPSG:4326 - WGS 84","Codificação":"UTF-8"}},{"type":"Feature","id":"vw_ParqueEscolarMunicipal_2023.fid-5656ca56_19a5f394e75_6997","geometry":{"type":"Point","coordinates":[-38.61434974,-3.80191716]},"geometry_name":"geom","properties":{"id":222,"fid":223,"Tipo":"EMTP","Título":"ESCOLA MUNICIPAL","Nome":"PROFESSOR EDILSON BRASIL SOÁREZ","Seriação":"I-5/F-1,2,3,4,5,6,7,8,9","Faixa etária":"5 A 14 ANOS","Distrito":"5","Endereço":"RUA LOCAL 11, S/N (CONJUNTO TATU MUNDÉ)","Bairro":"SIQUEIRA","Código do bairro":90,"CEP":"60544-673","Regional":"SER 5","INEP":23264187,"CODSGE":"273","6 mees":"NÃO","1 ano":"NÃO","2 anos":"NÃO","3 anos":"NÃO","4 anos":"NÃO","5 anos":"SIM","6 anos":"SIM","7 anos":"SIM","8 anos":"SIM","9 anos":"SIM","10 anos":"SIM","11 anos":"SIM","12 anos":"SIM","13 anos":"SIM","14 anos":"SIM","Ano":"2023","Fonte":"Secretaria Municipal de Educação - SME","SRC da camada":"EPSG:4326 - WGS 84","Codificação":"UTF-8"}},{"type":"Feature","id":"vw_ParqueEscolarMunicipal_2023.fid-5656ca56_19a5f394e75_6998","geometry":{"type":"Point","coordinates":[-38.60800546,-3.79724123]},"geometry_name":"geom","properties":{"id":223,"fid":224,"Tipo":"EMTP","Título":"ESCOLA MUNICIPAL","Nome":"HERBERT DE SOUSA","Seriação":"I-4,5/F-1,2,3,4,5","Faixa etária":"4 A 10 ANOS","Distrito":"5","Endereço":"RUA URUCUTUBA, 1599","Bairro":"BOM JARDIM","Código do bairro":72,"CEP":"60543-315","Regional":"SER 5","INEP":23213736,"CODSGE":"342","6 mees":"NÃO","1 ano":"NÃO","2 anos":"NÃO","3 anos":"NÃO","4 anos":"SIM","5 anos":"SIM","6 anos":"SIM","7 anos":"SIM","8 anos":"SIM","9 anos":"SIM","10 anos":"SIM","11 anos":"NÃO","12 anos":"NÃO","13 anos":"NÃO","14 anos":"NÃO","Ano":"2023","Fonte":"Secretaria Municipal de Educação - SME","SRC da camada":"EPSG:4326 - WGS 84","Codificação":"UTF-8"}},{"type":"Feature","id":"vw_ParqueEscolarMunicipal_2023.fid-5656ca56_19a5f394e75_6999","geometry":{"type":"Point","coordinates":[-38.60095261,-3.79991942]},"geometry_name":"geom","properties":{"id":224,"fid":225,"Tipo":"EMTP","Título":"ESCOLA MUNICIPAL","Nome":"CATARINA LIMA DA SILVA","Seriação":"F-6,7,8,9","Faixa etária":"11 A 14 ANOS","Distrito":"5","Endereço":"RUA PEDRO MARTINS, 313","Bairro":"BOM JARDIM","Código do bairro":72,"CEP":"60543-305","Regional":"SER 5","INEP":23242469,"CODSGE":"349","6 mees":"NÃO","1 ano":"NÃO","2 anos":"NÃO","3 anos":"NÃO","4 anos":"NÃO","5 anos":"NÃO","6 anos":"NÃO","7 anos":"NÃO","8 anos":"NÃO","9 anos":"NÃO","10 anos":"NÃO","11 anos":"SIM","12 anos":"SIM","13 anos":"SIM","14 anos":"SIM","Ano":"2023","Fonte":"Secretaria Municipal de Educação - SME","SRC da camada":"EPSG:4326 - WGS 84","Codificação":"UTF-8"}},{"type":"Feature","id":"vw_ParqueEscolarMunicipal_2023.fid-5656ca56_19a5f394e75_699a","geometry":{"type":"Point","coordinates":[-38.60184878,-3.79865418]},"geometry_name":"geom","properties":{"id":225,"fid":226,"Tipo":"EMTP","Título":"ESCOLA MUNICIPAL","Nome":"PROFESSOR JOSÉ FERREIRA DE ALENCAR","Seriação":"I-4,5/F-1,2,3,4,5","Faixa etária":"4 A 10 ANOS","Distrito":"5","Endereço":"RUA SÃO FRANCISCO, 557","Bairro":"BOM JARDIM","Código do bairro":72,"CEP":"60545-064","Regional":"SER 5","INEP":23304812,"CODSGE":"251","6 mees":"NÃO","1 ano":"NÃO","2 anos":"NÃO","3 anos":"NÃO","4 anos":"SIM","5 anos":"SIM","6 anos":"SIM","7 anos":"SIM","8 anos":"SIM","9 anos":"SIM","10 anos":"SIM","11 anos":"NÃO","12 anos":"NÃO","13 anos":"NÃO","14 anos":"NÃO","Ano":"2023","Fonte":"Secretaria Municipal de Educação - SME","SRC da camada":"EPSG:4326 - WGS 84","Codificação":"UTF-8"}},{"type":"Feature","id":"vw_ParqueEscolarMunicipal_2023.fid-5656ca56_19a5f394e75_699b","geometry":{"type":"Point","coordinates":[-38.60184289,-3.79234197]},"geometry_name":"geom","properties":{"id":226,"fid":227,"Tipo":"EMTP","Título":"ESCOLA MUNICIPAL","Nome":"SEBASTIÃO DE ABREU","Seriação":"F-6,7,8,9","Faixa etária":"11 A 14 ANOS","Distrito":"5","Endereço":"RUA GERALDO BARBOSA, 1065","Bairro":"BOM JARDIM","Código do bairro":72,"CEP":"60543-332","Regional":"SER 5","INEP":23077468,"CODSGE":"260","6 mees":"NÃO","1 ano":"NÃO","2 anos":"NÃO","3 anos":"NÃO","4 anos":"NÃO","5 anos":"NÃO","6 anos":"NÃO","7 anos":"NÃO","8 anos":"NÃO","9 anos":"NÃO","10 anos":"NÃO","11 anos":"SIM","12 anos":"SIM","13 anos":"SIM","14 anos":"SIM","Ano":"2023","Fonte":"Secretaria Municipal de Educação - SME","SRC da camada":"EPSG:4326 - WGS 84","Codificação":"UTF-8"}},{"type":"Feature","id":"vw_ParqueEscolarMunicipal_2023.fid-5656ca56_19a5f394e75_699c","geometry":{"type":"Point","coordinates":[-38.59443798,-3.79415834]},"geometry_name":"geom","properties":{"id":227,"fid":228,"Tipo":"EMTP","Título":"ESCOLA MUNICIPAL","Nome":"SANTOS DUMONT","Seriação":"F-1,2,3,4,5,6,7,8,9","Faixa etária":"6 A 14 ANOS","Distrito":"5","Endereço":"RUA GERALDO BARBOSA, 240","Bairro":"BOM JARDIM","Código do bairro":72,"CEP":"60543-335","Regional":"SER 5","INEP":23272724,"CODSGE":"269","6 mees":"NÃO","1 ano":"NÃO","2 anos":"NÃO","3 anos":"NÃO","4 anos":"NÃO","5 anos":"NÃO","6 anos":"SIM","7 anos":"SIM","8 anos":"SIM","9 anos":"SIM","10 anos":"SIM","11 anos":"SIM","12 anos":"SIM","13 anos":"SIM","14 anos":"SIM","Ano":"2023","Fonte":"Secretaria Municipal de Educação - SME","SRC da camada":"EPSG:4326 - WGS 84","Codificação":"UTF-8"}},{"type":"Feature","id":"vw_ParqueEscolarMunicipal_2023.fid-5656ca56_19a5f394e75_699d","geometry":{"type":"Point","coordinates":[-38.5981461,-3.79181708]},"geometry_name":"geom","properties":{"id":228,"fid":229,"Tipo":"EMTP","Título":"ESCOLA MUNICIPAL","Nome":"SANTA ISABEL","Seriação":"F-2,3,4,5","Faixa etária":"7 A 10 ANOS","Distrito":"5","Endereço":"AV. OSCAR ARARIPE, 741","Bairro":"BOM JARDIM","Código do bairro":72,"CEP":"60543-452","Regional":"SER 5","INEP":23256915,"CODSGE":"218","6 mees":"NÃO","1 ano":"NÃO","2 anos":"NÃO","3 anos":"NÃO","4 anos":"NÃO","5 anos":"NÃO","6 anos":"NÃO","7 anos":"SIM","8 anos":"SIM","9 anos":"SIM","10 anos":"SIM","11 anos":"NÃO","12 anos":"NÃO","13 anos":"NÃO","14 anos":"NÃO","Ano":"2023","Fonte":"Secretaria Municipal de Educação - SME","SRC da camada":"EPSG:4326 - WGS 84","Codificação":"UTF-8"}},{"type":"Feature","id":"vw_ParqueEscolarMunicipal_2023.fid-5656ca56_19a5f394e75_699e","geometry":{"type":"Point","coordinates":[-38.5978208,-3.79072873]},"geometry_name":"geom","properties":{"id":229,"fid":230,"Tipo":"EMTP","Título":"ESCOLA MUNICIPAL","Nome":"CRESCER E APRENDER","Seriação":"I-4,5/F-1","Faixa etária":"4 A 6 ANOS","Distrito":"5","Endereço":"RUA EDSON MARTINS, 642","Bairro":"BOM JARDIM","Código do bairro":72,"CEP":"60543-454","Regional":"SER 5","INEP":23271540,"CODSGE":"111","6 mees":"NÃO","1 ano":"NÃO","2 anos":"NÃO","3 anos":"NÃO","4 anos":"SIM","5 anos":"SIM","6 anos":"SIM","7 anos":"NÃO","8 anos":"NÃO","9 anos":"NÃO","10 anos":"NÃO","11 anos":"NÃO","12 anos":"NÃO","13 anos":"NÃO","14 anos":"NÃO","Ano":"2023","Fonte":"Secretaria Municipal de Educação - SME","SRC da camada":"EPSG:4326 - WGS 84","Codificação":"UTF-8"}},{"type":"Feature","id":"vw_ParqueEscolarMunicipal_2023.fid-5656ca56_19a5f394e75_699f","geometry":{"type":"Point","coordinates":[-38.61392431,-3.77360418]},"geometry_name":"geom","properties":{"id":230,"fid":231,"Tipo":"EMTP","Título":"ESCOLA MUNICIPAL","Nome":"EDILSON BRASIL SOÁREZ","Seriação":"F-6,7,8,9","Faixa etária":"11 A 14 ANOS","Distrito":"3","Endereço":"RUA 303D, 67","Bairro":"CONJUNTO CEARÁ II","Código do bairro":75,"CEP":"60530-570","Regional":"SER 11","INEP":23068167,"CODSGE":"237","6 mees":"NÃO","1 ano":"NÃO","2 anos":"NÃO","3 anos":"NÃO","4 anos":"NÃO","5 anos":"NÃO","6 anos":"NÃO","7 anos":"NÃO","8 anos":"NÃO","9 anos":"NÃO","10 anos":"NÃO","11 anos":"SIM","12 anos":"SIM","13 anos":"SIM","14 anos":"SIM","Ano":"2023","Fonte":"Secretaria Municipal de Educação - SME","SRC da camada":"EPSG:4326 - WGS 84","Codificação":"UTF-8"}},{"type":"Feature","id":"vw_ParqueEscolarMunicipal_2023.fid-5656ca56_19a5f394e75_69a0","geometry":{"type":"Point","coordinates":[-38.62463647,-3.79294967]},"geometry_name":"geom","properties":{"id":231,"fid":232,"Tipo":"EMTP","Título":"ESCOLA MUNICIPAL","Nome":"RACHEL VIANA MARTINS","Seriação":"I-4,5/F-1,2,3,4,5,6,7,8,9","Faixa etária":"4 A 14 ANOS","Distrito":"5","Endereço":"RUA TUCUNDUBA, 2703","Bairro":"GRANJA LISBOA","Código do bairro":78,"CEP":"60540-121","Regional":"SER 5","INEP":23076720,"CODSGE":"121","6 mees":"NÃO","1 ano":"NÃO","2 anos":"NÃO","3 anos":"NÃO","4 anos":"SIM","5 anos":"SIM","6 anos":"SIM","7 anos":"SIM","8 anos":"SIM","9 anos":"SIM","10 anos":"SIM","11 anos":"SIM","12 anos":"SIM","13 anos":"SIM","14 anos":"SIM","Ano":"2023","Fonte":"Secretaria Municipal de Educação - SME","SRC da camada":"EPSG:4326 - WGS 84","Codificação":"UTF-8"}},{"type":"Feature","id":"vw_ParqueEscolarMunicipal_2023.fid-5656ca56_19a5f394e75_69a1","geometry":{"type":"Point","coordinates":[-38.61356361,-3.79650841]},"geometry_name":"geom","properties":{"id":232,"fid":233,"Tipo":"EMTP","Título":"ESCOLA MUNICIPAL","Nome":"RAIMUNDO MOREIRA SENA","Seriação":"F-1,2,3,4,5","Faixa etária":"6 A 10 ANOS","Distrito":"5","Endereço":"RUA G, 93","Bairro":"GRANJA LISBOA","Código do bairro":78,"CEP":"60546-160","Regional":"SER 5","INEP":23256761,"CODSGE":"122","6 mees":"NÃO","1 ano":"NÃO","2 anos":"NÃO","3 anos":"NÃO","4 anos":"NÃO","5 anos":"NÃO","6 anos":"SIM","7 anos":"SIM","8 anos":"SIM","9 anos":"SIM","10 anos":"SIM","11 anos":"NÃO","12 anos":"NÃO","13 anos":"NÃO","14 anos":"NÃO","Ano":"2023","Fonte":"Secretaria Municipal de Educação - SME","SRC da camada":"EPSG:4326 - WGS 84","Codificação":"UTF-8"}},{"type":"Feature","id":"vw_ParqueEscolarMunicipal_2023.fid-5656ca56_19a5f394e75_69a2","geometry":{"type":"Point","coordinates":[-38.6155104,-3.79381669]},"geometry_name":"geom","properties":{"id":233,"fid":234,"Tipo":"EMTP","Título":"ESCOLA MUNICIPAL","Nome":"ULYSSES GUIMARÃES","Seriação":"I-4,5/F-1,2,3,4,5","Faixa etária":"4 A 10 ANOS","Distrito":"5","Endereço":"RUA TENENTE FRANCISCO PAIVA, 1350","Bairro":"GRANJA LISBOA","Código do bairro":78,"CEP":"60540-478","Regional":"SER 5","INEP":23256907,"CODSGE":"146","6 mees":"NÃO","1 ano":"NÃO","2 anos":"NÃO","3 anos":"NÃO","4 anos":"SIM","5 anos":"SIM","6 anos":"SIM","7 anos":"SIM","8 anos":"SIM","9 anos":"SIM","10 anos":"SIM","11 anos":"NÃO","12 anos":"NÃO","13 anos":"NÃO","14 anos":"NÃO","Ano":"2023","Fonte":"Secretaria Municipal de Educação - SME","SRC da camada":"EPSG:4326 - WGS 84","Codificação":"UTF-8"}},{"type":"Feature","id":"vw_ParqueEscolarMunicipal_2023.fid-5656ca56_19a5f394e75_69a3","geometry":{"type":"Point","coordinates":[-38.61048764,-3.78632718]},"geometry_name":"geom","properties":{"id":234,"fid":235,"Tipo":"EMTP","Título":"ESCOLA MUNICIPAL","Nome":"DOUTOR SÉRVULO MENDES BARROSO","Seriação":"F-1,2,3,4,5","Faixa etária":"6 A 10 ANOS","Distrito":"5","Endereço":"RUA JOSÉ MARTINS, 2159","Bairro":"GRANJA LISBOA","Código do bairro":78,"CEP":"60540-545","Regional":"SER 5","INEP":23263113,"CODSGE":"228","6 mees":"NÃO","1 ano":"NÃO","2 anos":"NÃO","3 anos":"NÃO","4 anos":"NÃO","5 anos":"NÃO","6 anos":"SIM","7 anos":"SIM","8 anos":"SIM","9 anos":"SIM","10 anos":"SIM","11 anos":"NÃO","12 anos":"NÃO","13 anos":"NÃO","14 anos":"NÃO","Ano":"2023","Fonte":"Secretaria Municipal de Educação - SME","SRC da camada":"EPSG:4326 - WGS 84","Codificação":"UTF-8"}},{"type":"Feature","id":"vw_ParqueEscolarMunicipal_2023.fid-5656ca56_19a5f394e75_69a4","geometry":{"type":"Point","coordinates":[-38.60983274,-3.78833861]},"geometry_name":"geom","properties":{"id":235,"fid":236,"Tipo":"EMTP","Título":"ESCOLA MUNICIPAL","Nome":"PROFESSORA LIREDA FACÓ","Seriação":"F-6,7,8,9","Faixa etária":"11 A 14 ANOS","Distrito":"5","Endereço":"RUA TRÊS CORAÇÕES, 735","Bairro":"GRANJA LISBOA","Código do bairro":78,"CEP":"60540-441","Regional":"SER 5","INEP":23073144,"CODSGE":"346","6 mees":"NÃO","1 ano":"NÃO","2 anos":"NÃO","3 anos":"NÃO","4 anos":"NÃO","5 anos":"NÃO","6 anos":"NÃO","7 anos":"NÃO","8 anos":"NÃO","9 anos":"NÃO","10 anos":"NÃO","11 anos":"SIM","12 anos":"SIM","13 anos":"SIM","14 anos":"SIM","Ano":"2023","Fonte":"Secretaria Municipal de Educação - SME","SRC da camada":"EPSG:4326 - WGS 84","Codificação":"UTF-8"}},{"type":"Feature","id":"vw_ParqueEscolarMunicipal_2023.fid-5656ca56_19a5f394e75_69a5","geometry":{"type":"Point","coordinates":[-38.6191581,-3.79123278]},"geometry_name":"geom","properties":{"id":236,"fid":237,"Tipo":"EMTP","Título":"ESCOLA MUNICIPAL","Nome":"MANOEL MALVEIRA MAIA","Seriação":"I-4,5/F-1,2,3,4,5","Faixa etária":"4 A 10 ANOS","Distrito":"5","Endereço":"RUA DANDARA KETLEY, 2890","Bairro":"GRANJA LISBOA","Código do bairro":78,"CEP":"60540-122","Regional":"SER 5","INEP":23256699,"CODSGE":"123","6 mees":"NÃO","1 ano":"NÃO","2 anos":"NÃO","3 anos":"NÃO","4 anos":"SIM","5 anos":"SIM","6 anos":"SIM","7 anos":"SIM","8 anos":"SIM","9 anos":"SIM","10 anos":"SIM","11 anos":"NÃO","12 anos":"NÃO","13 anos":"NÃO","14 anos":"NÃO","Ano":"2023","Fonte":"Secretaria Municipal de Educação - SME","SRC da camada":"EPSG:4326 - WGS 84","Codificação":"UTF-8"}},{"type":"Feature","id":"vw_ParqueEscolarMunicipal_2023.fid-5656ca56_19a5f394e75_69a6","geometry":{"type":"Point","coordinates":[-38.62477382,-3.79062973]},"geometry_name":"geom","properties":{"id":237,"fid":238,"Tipo":"EMTP","Título":"ESCOLA MUNICIPAL","Nome":"PROFESSORA ANTÔNIA MARIA DE LIMA","Seriação":"I-4,5/F-1,2,3","Faixa etária":"4 A 8 ANOS","Distrito":"5","Endereço":"RUA SARGENTO JOÃO PINHEIRO, 2601","Bairro":"GRANJA LISBOA","Código do bairro":78,"CEP":"60540-513","Regional":"SER 5","INEP":23445645,"CODSGE":"161","6 mees":"NÃO","1 ano":"NÃO","2 anos":"NÃO","3 anos":"NÃO","4 anos":"SIM","5 anos":"SIM","6 anos":"SIM","7 anos":"SIM","8 anos":"SIM","9 anos":"NÃO","10 anos":"NÃO","11 anos":"NÃO","12 anos":"NÃO","13 anos":"NÃO","14 anos":"NÃO","Ano":"2023","Fonte":"Secretaria Municipal de Educação - SME","SRC da camada":"EPSG:4326 - WGS 84","Codificação":"UTF-8"}},{"type":"Feature","id":"vw_ParqueEscolarMunicipal_2023.fid-5656ca56_19a5f394e75_69a7","geometry":{"type":"Point","coordinates":[-38.62951554,-3.78898244]},"geometry_name":"geom","properties":{"id":238,"fid":239,"Tipo":"EMTP","Título":"ESCOLA MUNICIPAL","Nome":"JOÃO MENDES DE ANDRADE","Seriação":"F-4,5,6,7,8,9","Faixa etária":"9 A 14 ANOS","Distrito":"5","Endereço":"RUA B, 1366 (CONJUNTO PALMARES)","Bairro":"GRANJA LISBOA","Código do bairro":78,"CEP":"60540-258","Regional":"SER 5","INEP":23071850,"CODSGE":"336","6 mees":"NÃO","1 ano":"NÃO","2 anos":"NÃO","3 anos":"NÃO","4 anos":"NÃO","5 anos":"NÃO","6 anos":"NÃO","7 anos":"NÃO","8 anos":"NÃO","9 anos":"SIM","10 anos":"SIM","11 anos":"SIM","12 anos":"SIM","13 anos":"SIM","14 anos":"SIM","Ano":"2023","Fonte":"Secretaria Municipal de Educação - SME","SRC da camada":"EPSG:4326 - WGS 84","Codificação":"UTF-8"}},{"type":"Feature","id":"vw_ParqueEscolarMunicipal_2023.fid-5656ca56_19a5f394e75_69a8","geometry":{"type":"Point","coordinates":[-38.62670075,-3.78461553]},"geometry_name":"geom","properties":{"id":239,"fid":240,"Tipo":"EMTI","Título":"ESCOLA MUNICIPAL DE TEMPO INTEGRAL","Nome":"DOM ANTÔNIO DE ALMEIDA LUSTOSA","Seriação":"F-6,7,8,9","Faixa etária":"11 A 14 ANOS","Distrito":"5","Endereço":"RUA GERALDO BARBOSA, 3901","Bairro":"GRANJA LISBOA","Código do bairro":78,"CEP":"60540-344","Regional":"SER 5","INEP":23065265,"CODSGE":"135","6 mees":"NÃO","1 ano":"NÃO","2 anos":"NÃO","3 anos":"NÃO","4 anos":"NÃO","5 anos":"NÃO","6 anos":"NÃO","7 anos":"NÃO","8 anos":"NÃO","9 anos":"NÃO","10 anos":"NÃO","11 anos":"SIM","12 anos":"SIM","13 anos":"SIM","14 anos":"SIM","Ano":"2023","Fonte":"Secretaria Municipal de Educação - SME","SRC da camada":"EPSG:4326 - WGS 84","Codificação":"UTF-8"}},{"type":"Feature","id":"vw_ParqueEscolarMunicipal_2023.fid-5656ca56_19a5f394e75_69a9","geometry":{"type":"Point","coordinates":[-38.62436921,-3.78171833]},"geometry_name":"geom","properties":{"id":240,"fid":241,"Tipo":"EMTP","Título":"ESCOLA MUNICIPAL","Nome":"MARIA DOLORES PETROLA DE MELO JORGE","Seriação":"I-4,5/F-1,2,3,4,5","Faixa etária":"4 A 10 ANOS","Distrito":"5","Endereço":"RUA PAULINO ROCHA, 1000","Bairro":"GRANJA LISBOA","Código do bairro":78,"CEP":"60540-576","Regional":"SER 5","INEP":23263121,"CODSGE":"265","6 mees":"NÃO","1 ano":"NÃO","2 anos":"NÃO","3 anos":"NÃO","4 anos":"SIM","5 anos":"SIM","6 anos":"SIM","7 anos":"SIM","8 anos":"SIM","9 anos":"SIM","10 anos":"SIM","11 anos":"NÃO","12 anos":"NÃO","13 anos":"NÃO","14 anos":"NÃO","Ano":"2023","Fonte":"Secretaria Municipal de Educação - SME","SRC da camada":"EPSG:4326 - WGS 84","Codificação":"UTF-8"}},{"type":"Feature","id":"vw_ParqueEscolarMunicipal_2023.fid-5656ca56_19a5f394e75_69aa","geometry":{"type":"Point","coordinates":[-38.61750146,-3.77692812]},"geometry_name":"geom","properties":{"id":241,"fid":242,"Tipo":"EMTP","Título":"ESCOLA MUNICIPAL","Nome":"FRANCISCO EDMILSON PINHEIRO","Seriação":"F-1,2,3,4,5","Faixa etária":"6 A 10 ANOS","Distrito":"5","Endereço":"AV. H, 2115","Bairro":"GRANJA LISBOA","Código do bairro":78,"CEP":"60533-667","Regional":"SER 5","INEP":23070030,"CODSGE":"224","6 mees":"NÃO","1 ano":"NÃO","2 anos":"NÃO","3 anos":"NÃO","4 anos":"NÃO","5 anos":"NÃO","6 anos":"SIM","7 anos":"SIM","8 anos":"SIM","9 anos":"SIM","10 anos":"SIM","11 anos":"NÃO","12 anos":"NÃO","13 anos":"NÃO","14 anos":"NÃO","Ano":"2023","Fonte":"Secretaria Municipal de Educação - SME","SRC da camada":"EPSG:4326 - WGS 84","Codificação":"UTF-8"}},{"type":"Feature","id":"vw_ParqueEscolarMunicipal_2023.fid-5656ca56_19a5f394e75_69ab","geometry":{"type":"Point","coordinates":[-38.59596692,-3.78349757]},"geometry_name":"geom","properties":{"id":242,"fid":243,"Tipo":"EMTP","Título":"ESCOLA MUNICIPAL","Nome":"JOSÉ CARLOS MATOS","Seriação":"I-4,5/F-1,2,3,4,5","Faixa etária":"4 A 10 ANOS","Distrito":"5","Endereço":"RUA ITAJAÍ, 802","Bairro":"GRANJA PORTUGAL","Código do bairro":79,"CEP":"60545-290","Regional":"SER 5","INEP":23256796,"CODSGE":"143","6 mees":"NÃO","1 ano":"NÃO","2 anos":"NÃO","3 anos":"NÃO","4 anos":"SIM","5 anos":"SIM","6 anos":"SIM","7 anos":"SIM","8 anos":"SIM","9 anos":"SIM","10 anos":"SIM","11 anos":"NÃO","12 anos":"NÃO","13 anos":"NÃO","14 anos":"NÃO","Ano":"2023","Fonte":"Secretaria Municipal de Educação - SME","SRC da camada":"EPSG:4326 - WGS 84","Codificação":"UTF-8"}},{"type":"Feature","id":"vw_ParqueEscolarMunicipal_2023.fid-5656ca56_19a5f394e75_69ac","geometry":{"type":"Point","coordinates":[-38.59377994,-3.78651443]},"geometry_name":"geom","properties":{"id":243,"fid":244,"Tipo":"EMTP","Título":"ESCOLA MUNICIPAL","Nome":"EDUCADOR PAULO FREIRE","Seriação":"I-1,2,3","Faixa etária":"1 A 14 ANOS","Distrito":"5","Endereço":"RUA CORONEL FABRICIANO, 452","Bairro":"GRANJA PORTUGAL","Código do bairro":79,"CEP":"60540-835","Regional":"SER 5","INEP":23214899,"CODSGE":"348","6 mees":"NÃO","1 ano":"SIM","2 anos":"SIM","3 anos":"SIM","4 anos":"SIM","5 anos":"SIM","6 anos":"SIM","7 anos":"SIM","8 anos":"SIM","9 anos":"SIM","10 anos":"SIM","11 anos":"SIM","12 anos":"SIM","13 anos":"SIM","14 anos":"SIM","Ano":"2023","Fonte":"Secretaria Municipal de Educação - SME","SRC da camada":"EPSG:4326 - WGS 84","Codificação":"UTF-8"}},{"type":"Feature","id":"vw_ParqueEscolarMunicipal_2023.fid-5656ca56_19a5f394e75_69ad","geometry":{"type":"Point","coordinates":[-38.60132581,-3.78106817]},"geometry_name":"geom","properties":{"id":244,"fid":245,"Tipo":"EMTP","Título":"ESCOLA MUNICIPAL","Nome":"REITOR ANTÔNIO MARTINS FILHO","Seriação":"F-1,2,3,4,5","Faixa etária":"6 A 10 ANOS","Distrito":"5","Endereço":"RUA TEODORO DE CASTRO, 1175","Bairro":"GRANJA PORTUGAL","Código do bairro":79,"CEP":"60541-192","Regional":"SER 5","INEP":23257342,"CODSGE":"345","6 mees":"NÃO","1 ano":"NÃO","2 anos":"NÃO","3 anos":"NÃO","4 anos":"NÃO","5 anos":"NÃO","6 anos":"SIM","7 anos":"SIM","8 anos":"SIM","9 anos":"SIM","10 anos":"SIM","11 anos":"NÃO","12 anos":"NÃO","13 anos":"NÃO","14 anos":"NÃO","Ano":"2023","Fonte":"Secretaria Municipal de Educação - SME","SRC da camada":"EPSG:4326 - WGS 84","Codificação":"UTF-8"}},{"type":"Feature","id":"vw_ParqueEscolarMunicipal_2023.fid-5656ca56_19a5f394e75_69ae","geometry":{"type":"Point","coordinates":[-38.6030103,-3.78149353]},"geometry_name":"geom","properties":{"id":245,"fid":246,"Tipo":"EMTP","Título":"ESCOLA MUNICIPAL","Nome":"CREUSA DO CARMO ROCHA","Seriação":"F-6,7,8,9","Faixa etária":"11 A 14 ANOS","Distrito":"5","Endereço":"RUA DUAS NAÇÕES, 1055","Bairro":"GRANJA PORTUGAL","Código do bairro":79,"CEP":"60545-242","Regional":"SER 5","INEP":23067543,"CODSGE":"149","6 mees":"NÃO","1 ano":"NÃO","2 anos":"NÃO","3 anos":"NÃO","4 anos":"NÃO","5 anos":"NÃO","6 anos":"NÃO","7 anos":"NÃO","8 anos":"NÃO","9 anos":"NÃO","10 anos":"NÃO","11 anos":"SIM","12 anos":"SIM","13 anos":"SIM","14 anos":"SIM","Ano":"2023","Fonte":"Secretaria Municipal de Educação - SME","SRC da camada":"EPSG:4326 - WGS 84","Codificação":"UTF-8"}},{"type":"Feature","id":"vw_ParqueEscolarMunicipal_2023.fid-5656ca56_19a5f394e75_69af","geometry":{"type":"Point","coordinates":[-38.60117727,-3.77732806]},"geometry_name":"geom","properties":{"id":246,"fid":247,"Tipo":"EMTP","Título":"ESCOLA MUNICIPAL","Nome":"IRMÃ ROCHA","Seriação":"I-4,5/F-1,2","Faixa etária":"4 A 7 ANOS","Distrito":"5","Endereço":"RUA EMÍLIO DE MENEZES, 2515","Bairro":"GRANJA PORTUGAL","Código do bairro":79,"CEP":"60541-424","Regional":"SER 5","INEP":23256966,"CODSGE":"290","6 mees":"NÃO","1 ano":"NÃO","2 anos":"NÃO","3 anos":"NÃO","4 anos":"SIM","5 anos":"SIM","6 anos":"SIM","7 anos":"SIM","8 anos":"NÃO","9 anos":"NÃO","10 anos":"NÃO","11 anos":"NÃO","12 anos":"NÃO","13 anos":"NÃO","14 anos":"NÃO","Ano":"2023","Fonte":"Secretaria Municipal de Educação - SME","SRC da camada":"EPSG:4326 - WGS 84","Codificação":"UTF-8"}},{"type":"Feature","id":"vw_ParqueEscolarMunicipal_2023.fid-5656ca56_19a5f394e75_69b0","geometry":{"type":"Point","coordinates":[-38.60181643,-3.77710256]},"geometry_name":"geom","properties":{"id":247,"fid":248,"Tipo":"EMTP","Título":"ESCOLA MUNICIPAL","Nome":"CONCEIÇÃO MOURÃO","Seriação":"F-6,7,8,9","Faixa etária":"11 A 14 ANOS","Distrito":"5","Endereço":"RUA DUAS NAÇÕES, 551","Bairro":"GRANJA PORTUGAL","Código do bairro":79,"CEP":"60545-241","Regional":"SER 5","INEP":23067390,"CODSGE":"184","6 mees":"NÃO","1 ano":"NÃO","2 anos":"NÃO","3 anos":"NÃO","4 anos":"NÃO","5 anos":"NÃO","6 anos":"NÃO","7 anos":"NÃO","8 anos":"NÃO","9 anos":"NÃO","10 anos":"NÃO","11 anos":"SIM","12 anos":"SIM","13 anos":"SIM","14 anos":"SIM","Ano":"2023","Fonte":"Secretaria Municipal de Educação - SME","SRC da camada":"EPSG:4326 - WGS 84","Codificação":"UTF-8"}},{"type":"Feature","id":"vw_ParqueEscolarMunicipal_2023.fid-5656ca56_19a5f394e75_69b1","geometry":{"type":"Point","coordinates":[-38.60791714,-3.77199131]},"geometry_name":"geom","properties":{"id":248,"fid":249,"Tipo":"EMTP","Título":"ESCOLA MUNICIPAL","Nome":"GOVERNADOR FAUSTINO DE ALBUQUERQUE","Seriação":"F-6,7,8,9","Faixa etária":"11 A 14 ANOS","Distrito":"3","Endereço":"RUA 143, 155","Bairro":"CONJUNTO CEARÁ II","Código do bairro":75,"CEP":"60530-210","Regional":"SER 11","INEP":23069945,"CODSGE":"128","6 mees":"NÃO","1 ano":"NÃO","2 anos":"NÃO","3 anos":"NÃO","4 anos":"NÃO","5 anos":"NÃO","6 anos":"NÃO","7 anos":"NÃO","8 anos":"NÃO","9 anos":"NÃO","10 anos":"NÃO","11 anos":"SIM","12 anos":"SIM","13 anos":"SIM","14 anos":"SIM","Ano":"2023","Fonte":"Secretaria Municipal de Educação - SME","SRC da camada":"EPSG:4326 - WGS 84","Codificação":"UTF-8"}},{"type":"Feature","id":"vw_ParqueEscolarMunicipal_2023.fid-5656ca56_19a5f394e75_69b2","geometry":{"type":"Point","coordinates":[-38.61373763,-3.77073774]},"geometry_name":"geom","properties":{"id":249,"fid":250,"Tipo":"EMTP","Título":"ESCOLA MUNICIPAL","Nome":"JOÃO PAULO II","Seriação":"F-1,2,3,4,5","Faixa etária":"6 A 10 ANOS","Distrito":"3","Endereço":"AV. C, 1381","Bairro":"CONJUNTO CEARÁ II","Código do bairro":75,"CEP":"60533-617","Regional":"SER 11","INEP":23257202,"CODSGE":"267","6 mees":"NÃO","1 ano":"NÃO","2 anos":"NÃO","3 anos":"NÃO","4 anos":"NÃO","5 anos":"NÃO","6 anos":"SIM","7 anos":"SIM","8 anos":"SIM","9 anos":"SIM","10 anos":"SIM","11 anos":"NÃO","12 anos":"NÃO","13 anos":"NÃO","14 anos":"NÃO","Ano":"2023","Fonte":"Secretaria Municipal de Educação - SME","SRC da camada":"EPSG:4326 - WGS 84","Codificação":"UTF-8"}},{"type":"Feature","id":"vw_ParqueEscolarMunicipal_2023.fid-5656ca56_19a5f394e75_69b3","geometry":{"type":"Point","coordinates":[-38.60488497,-3.76530019]},"geometry_name":"geom","properties":{"id":250,"fid":251,"Tipo":"EMTP","Título":"ESCOLA MUNICIPAL","Nome":"JOÃO NUNES PINHEIRO","Seriação":"F-1,2,3,4,5","Faixa etária":"6 A 10 ANOS","Distrito":"3","Endereço":"AV. F, 550","Bairro":"CONJUNTO CEARÁ I","Código do bairro":42,"CEP":"60533-644","Regional":"SER 11","INEP":23264160,"CODSGE":"272","6 mees":"NÃO","1 ano":"NÃO","2 anos":"NÃO","3 anos":"NÃO","4 anos":"NÃO","5 anos":"NÃO","6 anos":"SIM","7 anos":"SIM","8 anos":"SIM","9 anos":"SIM","10 anos":"SIM","11 anos":"NÃO","12 anos":"NÃO","13 anos":"NÃO","14 anos":"NÃO","Ano":"2023","Fonte":"Secretaria Municipal de Educação - SME","SRC da camada":"EPSG:4326 - WGS 84","Codificação":"UTF-8"}},{"type":"Feature","id":"vw_ParqueEscolarMunicipal_2023.fid-5656ca56_19a5f394e75_69b4","geometry":{"type":"Point","coordinates":[-38.61188623,-3.76257596]},"geometry_name":"geom","properties":{"id":251,"fid":252,"Tipo":"EMTI","Título":"ESCOLA MUNICIPAL DE TEMPO INTEGRAL","Nome":"PROFESSOR ADEMAR NUNES BATISTA","Seriação":"F-6,7,8,9","Faixa etária":"11 A 14 ANOS","Distrito":"3","Endereço":"RUA 1159 , 100","Bairro":"CONJUNTO CEARÁ I","Código do bairro":42,"CEP":"60533-540","Regional":"SER 11","INEP":23069015,"CODSGE":"236","6 mees":"NÃO","1 ano":"NÃO","2 anos":"NÃO","3 anos":"NÃO","4 anos":"NÃO","5 anos":"NÃO","6 anos":"NÃO","7 anos":"NÃO","8 anos":"NÃO","9 anos":"NÃO","10 anos":"NÃO","11 anos":"SIM","12 anos":"SIM","13 anos":"SIM","14 anos":"SIM","Ano":"2023","Fonte":"Secretaria Municipal de Educação - SME","SRC da camada":"EPSG:4326 - WGS 84","Codificação":"UTF-8"}},{"type":"Feature","id":"vw_ParqueEscolarMunicipal_2023.fid-5656ca56_19a5f394e75_69b5","geometry":{"type":"Point","coordinates":[-38.6104871,-3.75948258]},"geometry_name":"geom","properties":{"id":252,"fid":253,"Tipo":"EMTP","Título":"ESCOLA MUNICIPAL","Nome":"PROFESSOR JOSÉ MILITÃO DE ALBUQUERQUE","Seriação":"F-1,2,3,4,5,6,7,8,9","Faixa etária":"6 A 14 ANOS","Distrito":"3","Endereço":"RUA 1145, 14","Bairro":"CONJUNTO CEARÁ I","Código do bairro":42,"CEP":"60533-470","Regional":"SER 11","INEP":23069350,"CODSGE":"248","6 mees":"NÃO","1 ano":"NÃO","2 anos":"NÃO","3 anos":"NÃO","4 anos":"NÃO","5 anos":"NÃO","6 anos":"SIM","7 anos":"SIM","8 anos":"SIM","9 anos":"SIM","10 anos":"SIM","11 anos":"SIM","12 anos":"SIM","13 anos":"SIM","14 anos":"SIM","Ano":"2023","Fonte":"Secretaria Municipal de Educação - SME","SRC da camada":"EPSG:4326 - WGS 84","Codificação":"UTF-8"}},{"type":"Feature","id":"vw_ParqueEscolarMunicipal_2023.fid-5656ca56_19a5f394e75_69b6","geometry":{"type":"Point","coordinates":[-38.59786474,-3.81006467]},"geometry_name":"geom","properties":{"id":253,"fid":254,"Tipo":"CRP","Título":"CRECHE PARCEIRA","Nome":"MARIA PEQUENA","Seriação":"I-1,2,3","Faixa etária":"1 A 3 ANOS","Distrito":"5","Endereço":"RUA PARANAGUÁ, 255","Bairro":"CANINDEZINHO","Código do bairro":74,"CEP":"60734-155","Regional":"SER 10","INEP":23280565,"CODSGE":"557","6 mees":"NÃO","1 ano":"SIM","2 anos":"SIM","3 anos":"SIM","4 anos":"NÃO","5 anos":"NÃO","6 anos":"NÃO","7 anos":"NÃO","8 anos":"NÃO","9 anos":"NÃO","10 anos":"NÃO","11 anos":"NÃO","12 anos":"NÃO","13 anos":"NÃO","14 anos":"NÃO","Ano":"2023","Fonte":"Secretaria Municipal de Educação - SME","SRC da camada":"EPSG:4326 - WGS 84","Codificação":"UTF-8"}},{"type":"Feature","id":"vw_ParqueEscolarMunicipal_2023.fid-5656ca56_19a5f394e75_69b7","geometry":{"type":"Point","coordinates":[-38.59083129,-3.7983303]},"geometry_name":"geom","properties":{"id":254,"fid":255,"Tipo":"CRP","Título":"CRECHE PARCEIRA","Nome":"SANTO ANTÔNIO","Seriação":"I-1,2,3","Faixa etária":"1 A 3 ANOS","Distrito":"5","Endereço":"RUA JOÃO RAMALHO, 475","Bairro":"PARQUE SÃO JOSÉ","Código do bairro":86,"CEP":"60730-290","Regional":"SER 10","INEP":23280999,"CODSGE":"550","6 mees":"NÃO","1 ano":"SIM","2 anos":"SIM","3 anos":"SIM","4 anos":"NÃO","5 anos":"NÃO","6 anos":"NÃO","7 anos":"NÃO","8 anos":"NÃO","9 anos":"NÃO","10 anos":"NÃO","11 anos":"NÃO","12 anos":"NÃO","13 anos":"NÃO","14 anos":"NÃO","Ano":"2023","Fonte":"Secretaria Municipal de Educação - SME","SRC da camada":"EPSG:4326 - WGS 84","Codificação":"UTF-8"}},{"type":"Feature","id":"vw_ParqueEscolarMunicipal_2023.fid-5656ca56_19a5f394e75_69b8","geometry":{"type":"Point","coordinates":[-38.61935809,-3.78294214]},"geometry_name":"geom","properties":{"id":255,"fid":256,"Tipo":"CEI","Título":"CENTRO DE EDUCAÇÃO INFANTIL","Nome":"MARIA DOLORES PETROLA DE MELO JORGE","Seriação":"I-1,2,3","Faixa etária":"1 A 5 ANOS","Distrito":"5","Endereço":"RUA SARGENTO BARBOSA, 851","Bairro":"GRANJA LISBOA","Código do bairro":78,"CEP":"60540-491","Regional":"SER 5","INEP":23263121,"CODSGE":"380","6 mees":"NÃO","1 ano":"SIM","2 anos":"SIM","3 anos":"SIM","4 anos":"SIM","5 anos":"SIM","6 anos":"NÃO","7 anos":"NÃO","8 anos":"NÃO","9 anos":"NÃO","10 anos":"NÃO","11 anos":"NÃO","12 anos":"NÃO","13 anos":"NÃO","14 anos":"NÃO","Ano":"2023","Fonte":"Secretaria Municipal de Educação - SME","SRC da camada":"EPSG:4326 - WGS 84","Codificação":"UTF-8"}},{"type":"Feature","id":"vw_ParqueEscolarMunicipal_2023.fid-5656ca56_19a5f394e75_69b9","geometry":{"type":"Point","coordinates":[-38.62841127,-3.80211849]},"geometry_name":"geom","properties":{"id":256,"fid":257,"Tipo":"CRP","Título":"CRECHE PARCEIRA","Nome":"NOVO MUNDO PIONEIRO","Seriação":"I-1,2,3","Faixa etária":"1 A 3 ANOS","Distrito":"5","Endereço":"RUA 2 (LOT. PRQ. ITAIGARA), S/N","Bairro":"SIQUEIRA","Código do bairro":90,"CEP":"60732-412","Regional":"SER 5","INEP":23280093,"CODSGE":"524","6 mees":"NÃO","1 ano":"SIM","2 anos":"SIM","3 anos":"SIM","4 anos":"NÃO","5 anos":"NÃO","6 anos":"NÃO","7 anos":"NÃO","8 anos":"NÃO","9 anos":"NÃO","10 anos":"NÃO","11 anos":"NÃO","12 anos":"NÃO","13 anos":"NÃO","14 anos":"NÃO","Ano":"2023","Fonte":"Secretaria Municipal de Educação - SME","SRC da camada":"EPSG:4326 - WGS 84","Codificação":"UTF-8"}},{"type":"Feature","id":"vw_ParqueEscolarMunicipal_2023.fid-5656ca56_19a5f394e75_69ba","geometry":{"type":"Point","coordinates":[-38.60235592,-3.78479344]},"geometry_name":"geom","properties":{"id":257,"fid":258,"Tipo":"CRP","Título":"CRECHE PARCEIRA","Nome":"DONA EULÁLIA UCHOA ALVES","Seriação":"I-1,2,3","Faixa etária":"1 A 3 ANOS","Distrito":"5","Endereço":"RUA MATEUS LEMOS, 1190","Bairro":"GRANJA PORTUGAL","Código do bairro":79,"CEP":"60540-805","Regional":"SER 5","INEP":23280522,"CODSGE":"578","6 mees":"NÃO","1 ano":"SIM","2 anos":"SIM","3 anos":"SIM","4 anos":"NÃO","5 anos":"NÃO","6 anos":"NÃO","7 anos":"NÃO","8 anos":"NÃO","9 anos":"NÃO","10 anos":"NÃO","11 anos":"NÃO","12 anos":"NÃO","13 anos":"NÃO","14 anos":"NÃO","Ano":"2023","Fonte":"Secretaria Municipal de Educação - SME","SRC da camada":"EPSG:4326 - WGS 84","Codificação":"UTF-8"}},{"type":"Feature","id":"vw_ParqueEscolarMunicipal_2023.fid-5656ca56_19a5f394e75_69bb","geometry":{"type":"Point","coordinates":[-38.61701322,-3.77256168]},"geometry_name":"geom","properties":{"id":258,"fid":259,"Tipo":"CRP","Título":"CRECHE PARCEIRA","Nome":"IRMÃOS FIRMO","Seriação":"I-1,2,3","Faixa etária":"1 A 3 ANOS","Distrito":"3","Endereço":"RUA 1096, 34","Bairro":"CONJUNTO CEARÁ II","Código do bairro":75,"CEP":"60533-230","Regional":"SER 11","INEP":23280140,"CODSGE":"536","6 mees":"NÃO","1 ano":"SIM","2 anos":"SIM","3 anos":"SIM","4 anos":"NÃO","5 anos":"NÃO","6 anos":"NÃO","7 anos":"NÃO","8 anos":"NÃO","9 anos":"NÃO","10 anos":"NÃO","11 anos":"NÃO","12 anos":"NÃO","13 anos":"NÃO","14 anos":"NÃO","Ano":"2023","Fonte":"Secretaria Municipal de Educação - SME","SRC da camada":"EPSG:4326 - WGS 84","Codificação":"UTF-8"}},{"type":"Feature","id":"vw_ParqueEscolarMunicipal_2023.fid-5656ca56_19a5f394e75_69bc","geometry":{"type":"Point","coordinates":[-38.61193174,-3.76327363]},"geometry_name":"geom","properties":{"id":259,"fid":260,"Tipo":"CRP","Título":"CRECHE PARCEIRA","Nome":"NOSSA SENHORA DE FÁTIMA","Seriação":"I-1,2,3","Faixa etária":"1 A 3 ANOS","Distrito":"3","Endereço":"RUA 1107, S/N","Bairro":"CONJUNTO CEARÁ I","Código do bairro":42,"CEP":"60533-270","Regional":"SER 11","INEP":23280204,"CODSGE":"531","6 mees":"NÃO","1 ano":"SIM","2 anos":"SIM","3 anos":"SIM","4 anos":"NÃO","5 anos":"NÃO","6 anos":"NÃO","7 anos":"NÃO","8 anos":"NÃO","9 anos":"NÃO","10 anos":"NÃO","11 anos":"NÃO","12 anos":"NÃO","13 anos":"NÃO","14 anos":"NÃO","Ano":"2023","Fonte":"Secretaria Municipal de Educação - SME","SRC da camada":"EPSG:4326 - WGS 84","Codificação":"UTF-8"}},{"type":"Feature","id":"vw_ParqueEscolarMunicipal_2023.fid-5656ca56_19a5f394e75_69bd","geometry":{"type":"Point","coordinates":[-38.59126276,-3.81412335]},"geometry_name":"geom","properties":{"id":260,"fid":261,"Tipo":"CEI","Título":"CENTRO DE EDUCAÇÃO INFANTIL","Nome":"PADRE CÍCERO ROMÃO BATISTA","Seriação":"I-2,3,4","Faixa etária":"1 A 5 ANOS","Distrito":"5","Endereço":"RUA 106, 377","Bairro":"CONJUNTO ESPERANÇA","Código do bairro":76,"CEP":"60763-550","Regional":"SER 10","INEP":23257725,"CODSGE":"504","6 mees":"NÃO","1 ano":"NÃO","2 anos":"SIM","3 anos":"SIM","4 anos":"SIM","5 anos":"NÃO","6 anos":"NÃO","7 anos":"NÃO","8 anos":"NÃO","9 anos":"NÃO","10 anos":"NÃO","11 anos":"NÃO","12 anos":"NÃO","13 anos":"NÃO","14 anos":"NÃO","Ano":"2023","Fonte":"Secretaria Municipal de Educação - SME","SRC da camada":"EPSG:4326 - WGS 84","Codificação":"UTF-8"}},{"type":"Feature","id":"vw_ParqueEscolarMunicipal_2023.fid-5656ca56_19a5f394e75_69be","geometry":{"type":"Point","coordinates":[-38.60265494,-3.80694529]},"geometry_name":"geom","properties":{"id":261,"fid":262,"Tipo":"CEI","Título":"CENTRO DE EDUCAÇÃO INFANTIL","Nome":"FLORIVAL ALVES SERAINE","Seriação":"I-3,4","Faixa etária":"3 E 4 ANOS","Distrito":"5","Endereço":"RUA JOSÉ ASSIS DE OLIVEIRA, 1324","Bairro":"CANINDEZINHO","Código do bairro":74,"CEP":"60731-452","Regional":"SER 10","INEP":23256923,"CODSGE":"466","6 mees":"NÃO","1 ano":"NÃO","2 anos":"NÃO","3 anos":"SIM","4 anos":"SIM","5 anos":"NÃO","6 anos":"NÃO","7 anos":"NÃO","8 anos":"NÃO","9 anos":"NÃO","10 anos":"NÃO","11 anos":"NÃO","12 anos":"NÃO","13 anos":"NÃO","14 anos":"NÃO","Ano":"2023","Fonte":"Secretaria Municipal de Educação - SME","SRC da camada":"EPSG:4326 - WGS 84","Codificação":"UTF-8"}},{"type":"Feature","id":"vw_ParqueEscolarMunicipal_2023.fid-5656ca56_19a5f394e75_69bf","geometry":{"type":"Point","coordinates":[-38.59581645,-3.81360719]},"geometry_name":"geom","properties":{"id":262,"fid":263,"Tipo":"CEI","Título":"CENTRO DE EDUCAÇÃO INFANTIL","Nome":"ALAÍDE AUGUSTO DE OLIVEIRA","Seriação":"I-2,3,4","Faixa etária":"2 A 5 ANOS","Distrito":"5","Endereço":"RUA E, 187 (CONJUNTO IMPERIAL)","Bairro":"CONJUNTO ESPERANÇA","Código do bairro":76,"CEP":"60763-664","Regional":"SER 10","INEP":23263148,"CODSGE":"437","6 mees":"NÃO","1 ano":"NÃO","2 anos":"SIM","3 anos":"SIM","4 anos":"SIM","5 anos":"SIM","6 anos":"NÃO","7 anos":"NÃO","8 anos":"NÃO","9 anos":"NÃO","10 anos":"NÃO","11 anos":"NÃO","12 anos":"NÃO","13 anos":"NÃO","14 anos":"NÃO","Ano":"2023","Fonte":"Secretaria Municipal de Educação - SME","SRC da camada":"EPSG:4326 - WGS 84","Codificação":"UTF-8"}},{"type":"Feature","id":"vw_ParqueEscolarMunicipal_2023.fid-5656ca56_19a5f394e75_69c0","geometry":{"type":"Point","coordinates":[-38.60243953,-3.81753361]},"geometry_name":"geom","properties":{"id":263,"fid":264,"Tipo":"CEI","Título":"CENTRO DE EDUCAÇÃO INFANTIL","Nome":"ZILDA ARNS NEUMANN","Seriação":"I-3,4,5","Faixa etária":"3 A 5 ANOS","Distrito":"5","Endereço":"RUA PEDESTRE XIII, 25 (CONJ. JARDIM FLUMINENSE)","Bairro":"CANINDEZINHO","Código do bairro":74,"CEP":"60734-290","Regional":"SER 10","INEP":23184914,"CODSGE":"438","6 mees":"NÃO","1 ano":"NÃO","2 anos":"NÃO","3 anos":"SIM","4 anos":"SIM","5 anos":"SIM","6 anos":"NÃO","7 anos":"NÃO","8 anos":"NÃO","9 anos":"NÃO","10 anos":"NÃO","11 anos":"NÃO","12 anos":"NÃO","13 anos":"NÃO","14 anos":"NÃO","Ano":"2023","Fonte":"Secretaria Municipal de Educação - SME","SRC da camada":"EPSG:4326 - WGS 84","Codificação":"UTF-8"}},{"type":"Feature","id":"vw_ParqueEscolarMunicipal_2023.fid-5656ca56_19a5f394e75_69c1","geometry":{"type":"Point","coordinates":[-38.60827679,-3.82189918]},"geometry_name":"geom","properties":{"id":264,"fid":265,"Tipo":"CEI","Título":"CENTRO DE EDUCAÇÃO INFANTIL","Nome":"JORNALISTA DEMÓCRITO DUMMAR","Seriação":"I-1,2,3","Faixa etária":"1 A 5 ANOS","Distrito":"5","Endereço":"RUA JOSÉ DANTAS PEREIRA, 334","Bairro":"CANINDEZINHO","Código do bairro":74,"CEP":"60734-670","Regional":"SER 10","INEP":23245182,"CODSGE":"369","6 mees":"NÃO","1 ano":"NÃO","2 anos":"SIM","3 anos":"SIM","4 anos":"SIM","5 anos":"NÃO","6 anos":"NÃO","7 anos":"NÃO","8 anos":"NÃO","9 anos":"NÃO","10 anos":"NÃO","11 anos":"NÃO","12 anos":"NÃO","13 anos":"NÃO","14 anos":"NÃO","Ano":"2023","Fonte":"Secretaria Municipal de Educação - SME","SRC da camada":"EPSG:4326 - WGS 84","Codificação":"UTF-8"}},{"type":"Feature","id":"vw_ParqueEscolarMunicipal_2023.fid-5656ca56_19a5f394e75_69c2","geometry":{"type":"Point","coordinates":[-38.61181327,-3.80450603]},"geometry_name":"geom","properties":{"id":265,"fid":266,"Tipo":"CEI","Título":"CENTRO DE EDUCAÇÃO INFANTIL","Nome":"CHICO ANYSIO","Seriação":"I-1,2,3","Faixa etária":"1 A 5 ANOS","Distrito":"5","Endereço":"RUA ALVES BEZERRA, 788","Bairro":"SIQUEIRA","Código do bairro":90,"CEP":"60736-130","Regional":"SER 5","INEP":23257652,"CODSGE":"431","6 mees":"NÃO","1 ano":"SIM","2 anos":"SIM","3 anos":"SIM","4 anos":"SIM","5 anos":"SIM","6 anos":"NÃO","7 anos":"NÃO","8 anos":"NÃO","9 anos":"NÃO","10 anos":"NÃO","11 anos":"NÃO","12 anos":"NÃO","13 anos":"NÃO","14 anos":"NÃO","Ano":"2023","Fonte":"Secretaria Municipal de Educação - SME","SRC da camada":"EPSG:4326 - WGS 84","Codificação":"UTF-8"}},{"type":"Feature","id":"vw_ParqueEscolarMunicipal_2023.fid-5656ca56_19a5f394e75_69c3","geometry":{"type":"Point","coordinates":[-38.62274161,-3.80586929]},"geometry_name":"geom","properties":{"id":266,"fid":267,"Tipo":"CEI","Título":"CENTRO DE EDUCAÇÃO INFANTIL","Nome":"PROFESSOR JOSÉ CÍRIO PEREIRA FILHO","Seriação":"I-3,4","Faixa etária":"3 E 4 ANOS","Distrito":"5","Endereço":"RUA RUBI, 100","Bairro":"SIQUEIRA","Código do bairro":90,"CEP":"60732-495","Regional":"SER 5","INEP":23244283,"CODSGE":"368","6 mees":"NÃO","1 ano":"NÃO","2 anos":"NÃO","3 anos":"SIM","4 anos":"SIM","5 anos":"NÃO","6 anos":"NÃO","7 anos":"NÃO","8 anos":"NÃO","9 anos":"NÃO","10 anos":"NÃO","11 anos":"NÃO","12 anos":"NÃO","13 anos":"NÃO","14 anos":"NÃO","Ano":"2023","Fonte":"Secretaria Municipal de Educação - SME","SRC da camada":"EPSG:4326 - WGS 84","Codificação":"UTF-8"}},{"type":"Feature","id":"vw_ParqueEscolarMunicipal_2023.fid-5656ca56_19a5f394e75_69c4","geometry":{"type":"Point","coordinates":[-38.62516995,-3.79290202]},"geometry_name":"geom","properties":{"id":267,"fid":268,"Tipo":"CEI","Título":"CENTRO DE EDUCAÇÃO INFANTIL","Nome":"RACHEL VIANA MARTINS","Seriação":"I-1,2,3","Faixa etária":"1 A 3 ANOS","Distrito":"5","Endereço":"RUA TUCUNDUBA, 2703","Bairro":"GRANJA LISBOA","Código do bairro":78,"CEP":"60540-121","Regional":"SER 5","INEP":23076720,"CODSGE":"390","6 mees":"NÃO","1 ano":"SIM","2 anos":"SIM","3 anos":"SIM","4 anos":"NÃO","5 anos":"NÃO","6 anos":"NÃO","7 anos":"NÃO","8 anos":"NÃO","9 anos":"NÃO","10 anos":"NÃO","11 anos":"NÃO","12 anos":"NÃO","13 anos":"NÃO","14 anos":"NÃO","Ano":"2023","Fonte":"Secretaria Municipal de Educação - SME","SRC da camada":"EPSG:4326 - WGS 84","Codificação":"UTF-8"}},{"type":"Feature","id":"vw_ParqueEscolarMunicipal_2023.fid-5656ca56_19a5f394e75_69c5","geometry":{"type":"Point","coordinates":[-38.61385377,-3.79623585]},"geometry_name":"geom","properties":{"id":268,"fid":269,"Tipo":"CEI","Título":"CENTRO DE EDUCAÇÃO INFANTIL","Nome":"RAIMUNDO MOREIRA SENA","Seriação":"I-2,3,4","Faixa etária":"2 A 5 ANOS","Distrito":"5","Endereço":"RUA A, 106 (CONJUNTO NOVA RESIDÊNCIA)","Bairro":"GRANJA LISBOA","Código do bairro":78,"CEP":"60546-100","Regional":"SER 5","INEP":23256761,"CODSGE":"389","6 mees":"NÃO","1 ano":"NÃO","2 anos":"SIM","3 anos":"SIM","4 anos":"SIM","5 anos":"SIM","6 anos":"NÃO","7 anos":"NÃO","8 anos":"NÃO","9 anos":"NÃO","10 anos":"NÃO","11 anos":"NÃO","12 anos":"NÃO","13 anos":"NÃO","14 anos":"NÃO","Ano":"2023","Fonte":"Secretaria Municipal de Educação - SME","SRC da camada":"EPSG:4326 - WGS 84","Codificação":"UTF-8"}},{"type":"Feature","id":"vw_ParqueEscolarMunicipal_2023.fid-5656ca56_19a5f394e75_69c6","geometry":{"type":"Point","coordinates":[-38.60952166,-3.78812641]},"geometry_name":"geom","properties":{"id":269,"fid":270,"Tipo":"CEI","Título":"CENTRO DE EDUCAÇÃO INFANTIL","Nome":"PROFESSORA LIREDA FACÓ","Seriação":"I-4,5","Faixa etária":"3 A 5 ANOS","Distrito":"5","Endereço":"RUA TRÊS CORAÇÕES, 735","Bairro":"GRANJA LISBOA","Código do bairro":78,"CEP":"60540-441","Regional":"SER 5","INEP":23073144,"CODSGE":"433","6 mees":"NÃO","1 ano":"NÃO","2 anos":"NÃO","3 anos":"NÃO","4 anos":"SIM","5 anos":"SIM","6 anos":"NÃO","7 anos":"NÃO","8 anos":"NÃO","9 anos":"NÃO","10 anos":"NÃO","11 anos":"NÃO","12 anos":"NÃO","13 anos":"NÃO","14 anos":"NÃO","Ano":"2023","Fonte":"Secretaria Municipal de Educação - SME","SRC da camada":"EPSG:4326 - WGS 84","Codificação":"UTF-8"}},{"type":"Feature","id":"vw_ParqueEscolarMunicipal_2023.fid-5656ca56_19a5f394e75_69c7","geometry":{"type":"Point","coordinates":[-38.61899941,-3.79079908]},"geometry_name":"geom","properties":{"id":270,"fid":271,"Tipo":"CEI","Título":"CENTRO DE EDUCAÇÃO INFANTIL","Nome":"MANOEL MALVEIRA MAIA","Seriação":"I-1,2,3","Faixa etária":"1 A 3 ANOS","Distrito":"5","Endereço":"RUA DANDARA KETLEY, 2890A","Bairro":"GRANJA LISBOA","Código do bairro":78,"CEP":"60540-122","Regional":"SER 5","INEP":23256699,"CODSGE":"388","6 mees":"NÃO","1 ano":"SIM","2 anos":"SIM","3 anos":"SIM","4 anos":"NÃO","5 anos":"NÃO","6 anos":"NÃO","7 anos":"NÃO","8 anos":"NÃO","9 anos":"NÃO","10 anos":"NÃO","11 anos":"NÃO","12 anos":"NÃO","13 anos":"NÃO","14 anos":"NÃO","Ano":"2023","Fonte":"Secretaria Municipal de Educação - SME","SRC da camada":"EPSG:4326 - WGS 84","Codificação":"UTF-8"}},{"type":"Feature","id":"vw_ParqueEscolarMunicipal_2023.fid-5656ca56_19a5f394e75_69c8","geometry":{"type":"Point","coordinates":[-38.629868,-3.78919725]},"geometry_name":"geom","properties":{"id":271,"fid":272,"Tipo":"CEI","Título":"CENTRO DE EDUCAÇÃO INFANTIL","Nome":"JOÃO MENDES DE ANDRADE","Seriação":"I-2,3,4","Faixa etária":"1 A 5 ANOS","Distrito":"5","Endereço":"RUA DESCARTES BRAGA, 4222","Bairro":"GRANJA LISBOA","Código do bairro":78,"CEP":"60540-096","Regional":"SER 5","INEP":23071850,"CODSGE":"440","6 mees":"NÃO","1 ano":"NÃO","2 anos":"SIM","3 anos":"SIM","4 anos":"SIM","5 anos":"NÃO","6 anos":"NÃO","7 anos":"NÃO","8 anos":"NÃO","9 anos":"NÃO","10 anos":"NÃO","11 anos":"NÃO","12 anos":"NÃO","13 anos":"NÃO","14 anos":"NÃO","Ano":"2023","Fonte":"Secretaria Municipal de Educação - SME","SRC da camada":"EPSG:4326 - WGS 84","Codificação":"UTF-8"}},{"type":"Feature","id":"vw_ParqueEscolarMunicipal_2023.fid-5656ca56_19a5f394e75_69c9","geometry":{"type":"Point","coordinates":[-38.62718152,-3.7843583]},"geometry_name":"geom","properties":{"id":272,"fid":273,"Tipo":"CEI","Título":"CENTRO DE EDUCAÇÃO INFANTIL","Nome":"PROFESSORA ANTÔNIA MARIA DE LIMA","Seriação":"I-2,3,4","Faixa etária":"1 A 5 ANOS","Distrito":"5","Endereço":"RUA GERALDO BARBOSA, 3923","Bairro":"GRANJA LISBOA","Código do bairro":78,"CEP":"60540-344","Regional":"SER 5","INEP":23445645,"CODSGE":"483","6 mees":"NÃO","1 ano":"NÃO","2 anos":"SIM","3 anos":"SIM","4 anos":"SIM","5 anos":"NÃO","6 anos":"NÃO","7 anos":"NÃO","8 anos":"NÃO","9 anos":"NÃO","10 anos":"NÃO","11 anos":"NÃO","12 anos":"NÃO","13 anos":"NÃO","14 anos":"NÃO","Ano":"2023","Fonte":"Secretaria Municipal de Educação - SME","SRC da camada":"EPSG:4326 - WGS 84","Codificação":"UTF-8"}},{"type":"Feature","id":"vw_ParqueEscolarMunicipal_2023.fid-5656ca56_19a5f394e75_69ca","geometry":{"type":"Point","coordinates":[-38.60225124,-3.78187899]},"geometry_name":"geom","properties":{"id":273,"fid":274,"Tipo":"CEI","Título":"CENTRO DE EDUCAÇÃO INFANTIL","Nome":"REITOR ANTÔNIO MARTINS FILHO","Seriação":"I-2,3,4","Faixa etária":"1 A 5 ANOS","Distrito":"5","Endereço":"RUA HUMBERTO LOMEU, 1222","Bairro":"GRANJA PORTUGAL","Código do bairro":79,"CEP":"60541-112","Regional":"SER 5","INEP":23257342,"CODSGE":"435","6 mees":"NÃO","1 ano":"NÃO","2 anos":"SIM","3 anos":"SIM","4 anos":"SIM","5 anos":"NÃO","6 anos":"NÃO","7 anos":"NÃO","8 anos":"NÃO","9 anos":"NÃO","10 anos":"NÃO","11 anos":"NÃO","12 anos":"NÃO","13 anos":"NÃO","14 anos":"NÃO","Ano":"2023","Fonte":"Secretaria Municipal de Educação - SME","SRC da camada":"EPSG:4326 - WGS 84","Codificação":"UTF-8"}},{"type":"Feature","id":"vw_ParqueEscolarMunicipal_2023.fid-5656ca56_19a5f394e75_69cb","geometry":{"type":"Point","coordinates":[-38.60575714,-3.80444874]},"geometry_name":"geom","properties":{"id":274,"fid":275,"Tipo":"EMTP","Título":"ESCOLA MUNICIPAL","Nome":"TOMAZ MUNIZ","Seriação":"F-1,2,3,4,5","Faixa etária":"6 A 10 ANOS","Distrito":"5","Endereço":"RUA DOUTORA VANDA CIDADE, 185","Bairro":"SIQUEIRA","Código do bairro":90,"CEP":"60736-050","Regional":"SER 5","INEP":23257652,"CODSGE":"430","6 mees":"NÃO","1 ano":"NÃO","2 anos":"NÃO","3 anos":"NÃO","4 anos":"NÃO","5 anos":"NÃO","6 anos":"SIM","7 anos":"SIM","8 anos":"SIM","9 anos":"SIM","10 anos":"SIM","11 anos":"NÃO","12 anos":"NÃO","13 anos":"NÃO","14 anos":"NÃO","Ano":"2023","Fonte":"Secretaria Municipal de Educação - SME","SRC da camada":"EPSG:4326 - WGS 84","Codificação":"UTF-8"}},{"type":"Feature","id":"vw_ParqueEscolarMunicipal_2023.fid-5656ca56_19a5f394e75_69cc","geometry":{"type":"Point","coordinates":[-38.60387848,-3.78649285]},"geometry_name":"geom","properties":{"id":275,"fid":276,"Tipo":"ANE","Título":"ESCOLA MUNICIPAL","Nome":"PROFESSORA LIREDA FACÓ UNID II","Seriação":"F-1,2,3,4,5","Faixa etária":"6 A 10 ANOS","Distrito":"5","Endereço":"RUA JOÃO XXIII, 1454","Bairro":"GRANJA PORTUGAL","Código do bairro":79,"CEP":"60540-664","Regional":"SER 5","INEP":23073144,"CODSGE":"432","6 mees":"NÃO","1 ano":"NÃO","2 anos":"NÃO","3 anos":"NÃO","4 anos":"NÃO","5 anos":"NÃO","6 anos":"SIM","7 anos":"SIM","8 anos":"SIM","9 anos":"SIM","10 anos":"SIM","11 anos":"NÃO","12 anos":"NÃO","13 anos":"NÃO","14 anos":"NÃO","Ano":"2023","Fonte":"Secretaria Municipal de Educação - SME","SRC da camada":"EPSG:4326 - WGS 84","Codificação":"UTF-8"}},{"type":"Feature","id":"vw_ParqueEscolarMunicipal_2023.fid-5656ca56_19a5f394e75_69cd","geometry":{"type":"Point","coordinates":[-38.61771905,-3.80762429]},"geometry_name":"geom","properties":{"id":276,"fid":277,"Tipo":"EMTI","Título":"ESCOLA MUNICIPAL DE TEMPO INTEGRAL","Nome":"PROFESSOR EXPEDITO PARENTE","Seriação":"F-6,7,8,9","Faixa etária":"11 A 14 ANOS","Distrito":"5","Endereço":"RUA P, S/N (LOT. PARAÍSO VERDE)","Bairro":"SIQUEIRA","Código do bairro":90,"CEP":"60732-449","Regional":"SER 5","INEP":23275146,"CODSGE":"944","6 mees":"NÃO","1 ano":"NÃO","2 anos":"NÃO","3 anos":"NÃO","4 anos":"NÃO","5 anos":"NÃO","6 anos":"NÃO","7 anos":"NÃO","8 anos":"NÃO","9 anos":"NÃO","10 anos":"NÃO","11 anos":"SIM","12 anos":"SIM","13 anos":"SIM","14 anos":"SIM","Ano":"2023","Fonte":"Secretaria Municipal de Educação - SME","SRC da camada":"EPSG:4326 - WGS 84","Codificação":"UTF-8"}},{"type":"Feature","id":"vw_ParqueEscolarMunicipal_2023.fid-5656ca56_19a5f394e75_69ce","geometry":{"type":"Point","coordinates":[-38.60412321,-3.76672245]},"geometry_name":"geom","properties":{"id":277,"fid":278,"Tipo":"EMTI","Título":"ESCOLA MUNICIPAL DE TEMPO INTEGRAL","Nome":"PROFESSOR PRISCO BEZERRA","Seriação":"F-6,7,8,9","Faixa etária":"11 A 14 ANOS","Distrito":"3","Endereço":"AV. F, 702","Bairro":"CONJUNTO CEARÁ I","Código do bairro":42,"CEP":"60533-644","Regional":"SER 11","INEP":23274930,"CODSGE":"945","6 mees":"NÃO","1 ano":"NÃO","2 anos":"NÃO","3 anos":"NÃO","4 anos":"NÃO","5 anos":"NÃO","6 anos":"NÃO","7 anos":"NÃO","8 anos":"NÃO","9 anos":"NÃO","10 anos":"NÃO","11 anos":"SIM","12 anos":"SIM","13 anos":"SIM","14 anos":"SIM","Ano":"2023","Fonte":"Secretaria Municipal de Educação - SME","SRC da camada":"EPSG:4326 - WGS 84","Codificação":"UTF-8"}},{"type":"Feature","id":"vw_ParqueEscolarMunicipal_2023.fid-5656ca56_19a5f394e75_69cf","geometry":{"type":"Point","coordinates":[-38.59841053,-3.83020097]},"geometry_name":"geom","properties":{"id":278,"fid":279,"Tipo":"ANE","Título":"ESCOLA MUNICIPAL","Nome":"MARILENE LOPES RABELO UNID II","Seriação":"I-3,4,5","Faixa etária":"3 A 5 ANOS","Distrito":"5","Endereço":"RUA MARTINS DE LIMA, 391","Bairro":"PARQUE PRESIDENTE VARGAS","Código do bairro":85,"CEP":"60765-725","Regional":"SER 10","INEP":23206152,"CODSGE":"943","6 mees":"NÃO","1 ano":"NÃO","2 anos":"NÃO","3 anos":"SIM","4 anos":"SIM","5 anos":"SIM","6 anos":"NÃO","7 anos":"NÃO","8 anos":"NÃO","9 anos":"NÃO","10 anos":"NÃO","11 anos":"NÃO","12 anos":"NÃO","13 anos":"NÃO","14 anos":"NÃO","Ano":"2023","Fonte":"Secretaria Municipal de Educação - SME","SRC da camada":"EPSG:4326 - WGS 84","Codificação":"UTF-8"}},{"type":"Feature","id":"vw_ParqueEscolarMunicipal_2023.fid-5656ca56_19a5f394e75_69d0","geometry":{"type":"Point","coordinates":[-38.59792639,-3.83086309]},"geometry_name":"geom","properties":{"id":279,"fid":280,"Tipo":"EMTP","Título":"ESCOLA MUNICIPAL","Nome":"MARILENE LOPES RABELO","Seriação":"F-1,2,3,4,5","Faixa etária":"6 A 10 ANOS","Distrito":"5","Endereço":"RUA JACARANDÁ, 460","Bairro":"PARQUE PRESIDENTE VARGAS","Código do bairro":85,"CEP":"60765-551","Regional":"SER 10","INEP":23206152,"CODSGE":"942","6 mees":"NÃO","1 ano":"NÃO","2 anos":"NÃO","3 anos":"NÃO","4 anos":"NÃO","5 anos":"NÃO","6 anos":"SIM","7 anos":"SIM","8 anos":"SIM","9 anos":"SIM","10 anos":"SIM","11 anos":"NÃO","12 anos":"NÃO","13 anos":"NÃO","14 anos":"NÃO","Ano":"2023","Fonte":"Secretaria Municipal de Educação - SME","SRC da camada":"EPSG:4326 - WGS 84","Codificação":"UTF-8"}},{"type":"Feature","id":"vw_ParqueEscolarMunicipal_2023.fid-5656ca56_19a5f394e75_69d1","geometry":{"type":"Point","coordinates":[-38.59875574,-3.77612758]},"geometry_name":"geom","properties":{"id":280,"fid":281,"Tipo":"CRP","Título":"CRECHE PARCEIRA","Nome":"ENCANTOS DE CELESTE","Seriação":"I-1,2,3","Faixa etária":"1 A 3 ANOS","Distrito":"5","Endereço":"RUA CARLOS CHAGAS, 2080","Bairro":"GRANJA PORTUGAL","Código do bairro":79,"CEP":"60541-555","Regional":"SER 5","INEP":23280050,"CODSGE":"940","6 mees":"NÃO","1 ano":"SIM","2 anos":"SIM","3 anos":"SIM","4 anos":"NÃO","5 anos":"NÃO","6 anos":"NÃO","7 anos":"NÃO","8 anos":"NÃO","9 anos":"NÃO","10 anos":"NÃO","11 anos":"NÃO","12 anos":"NÃO","13 anos":"NÃO","14 anos":"NÃO","Ano":"2023","Fonte":"Secretaria Municipal de Educação - SME","SRC da camada":"EPSG:4326 - WGS 84","Codificação":"UTF-8"}},{"type":"Feature","id":"vw_ParqueEscolarMunicipal_2023.fid-5656ca56_19a5f394e75_69d2","geometry":{"type":"Point","coordinates":[-38.59640471,-3.82123428]},"geometry_name":"geom","properties":{"id":281,"fid":282,"Tipo":"CRP","Título":"CRECHE PARCEIRA","Nome":"MEU MUNDO AZUL","Seriação":"I-1,2,3","Faixa etária":"1 A 3 ANOS","Distrito":"5","Endereço":"RUA PROFESSOR CABRAL, 888","Bairro":"PARQUE SANTA ROSA","Código do bairro":87,"CEP":"60762-775","Regional":"SER 10","INEP":23280573,"CODSGE":"939","6 mees":"NÃO","1 ano":"SIM","2 anos":"SIM","3 anos":"SIM","4 anos":"NÃO","5 anos":"NÃO","6 anos":"NÃO","7 anos":"NÃO","8 anos":"NÃO","9 anos":"NÃO","10 anos":"NÃO","11 anos":"NÃO","12 anos":"NÃO","13 anos":"NÃO","14 anos":"NÃO","Ano":"2023","Fonte":"Secretaria Municipal de Educação - SME","SRC da camada":"EPSG:4326 - WGS 84","Codificação":"UTF-8"}},{"type":"Feature","id":"vw_ParqueEscolarMunicipal_2023.fid-5656ca56_19a5f394e75_69d3","geometry":{"type":"Point","coordinates":[-38.58327311,-3.83118148]},"geometry_name":"geom","properties":{"id":282,"fid":283,"Tipo":"CRP","Título":"CRECHE PARCEIRA","Nome":"PEQUENOS HERÓIS","Seriação":"I-2,3","Faixa etária":"2 E 3 ANOS","Distrito":"5","Endereço":"RUA DR. PROCÓPIO, 205","Bairro":"ARACAPÉ","Código do bairro":124,"CEP":"60764-605","Regional":"SER 10","INEP":23280328,"CODSGE":"645","6 mees":"NÃO","1 ano":"NÃO","2 anos":"SIM","3 anos":"SIM","4 anos":"NÃO","5 anos":"NÃO","6 anos":"NÃO","7 anos":"NÃO","8 anos":"NÃO","9 anos":"NÃO","10 anos":"NÃO","11 anos":"NÃO","12 anos":"NÃO","13 anos":"NÃO","14 anos":"NÃO","Ano":"2023","Fonte":"Secretaria Municipal de Educação - SME","SRC da camada":"EPSG:4326 - WGS 84","Codificação":"UTF-8"}},{"type":"Feature","id":"vw_ParqueEscolarMunicipal_2023.fid-5656ca56_19a5f394e75_69d4","geometry":{"type":"Point","coordinates":[-38.5653931,-3.78078331]},"geometry_name":"geom","properties":{"id":283,"fid":284,"Tipo":"CEI","Título":"CENTRO DE EDUCAÇÃO INFANTIL","Nome":"PROFESSOR JOSÉ VALDEVINO DE CARVALHO","Seriação":"I-2,3","Faixa etária":"2 E 3 ANOS","Distrito":"4","Endereço":"AV. GODOFREDO MACIEL, 522","Bairro":"PARANGABA","Código do bairro":105,"CEP":"60710-000","Regional":"SER 4","INEP":23072563,"CODSGE":"393","6 mees":"NÃO","1 ano":"NÃO","2 anos":"SIM","3 anos":"SIM","4 anos":"NÃO","5 anos":"NÃO","6 anos":"NÃO","7 anos":"NÃO","8 anos":"NÃO","9 anos":"NÃO","10 anos":"NÃO","11 anos":"NÃO","12 anos":"NÃO","13 anos":"NÃO","14 anos":"NÃO","Ano":"2023","Fonte":"Secretaria Municipal de Educação - SME","SRC da camada":"EPSG:4326 - WGS 84","Codificação":"UTF-8"}},{"type":"Feature","id":"vw_ParqueEscolarMunicipal_2023.fid-5656ca56_19a5f394e75_69d5","geometry":{"type":"Point","coordinates":[-38.55206584,-3.83901505]},"geometry_name":"geom","properties":{"id":284,"fid":285,"Tipo":"CEI","Título":"CENTRO DE EDUCAÇÃO INFANTIL","Nome":"PEDRO BOCA RICA","Seriação":"I-1,2,3","Faixa etária":"1 A 5 ANOS","Distrito":"4","Endereço":"RUA D, 235 (LOT. PARQUE MONTENEGRO II)","Bairro":"PREFEITO JOSÉ WALTER","Código do bairro":89,"CEP":"60751-265","Regional":"SER 8","INEP":23234172,"CODSGE":"457","6 mees":"NÃO","1 ano":"SIM","2 anos":"SIM","3 anos":"SIM","4 anos":"SIM","5 anos":"SIM","6 anos":"NÃO","7 anos":"NÃO","8 anos":"NÃO","9 anos":"NÃO","10 anos":"NÃO","11 anos":"NÃO","12 anos":"NÃO","13 anos":"NÃO","14 anos":"NÃO","Ano":"2023","Fonte":"Secretaria Municipal de Educação - SME","SRC da camada":"EPSG:4326 - WGS 84","Codificação":"UTF-8"}},{"type":"Feature","id":"vw_ParqueEscolarMunicipal_2023.fid-5656ca56_19a5f394e75_69d6","geometry":{"type":"Point","coordinates":[-38.53327716,-3.76847508]},"geometry_name":"geom","properties":{"id":285,"fid":286,"Tipo":"EMTP","Título":"ESCOLA MUNICIPAL","Nome":"GENERAL MANOEL CORDEIRO NETO","Seriação":"F-6,7,8,9","Faixa etária":"11 A 14 ANOS","Distrito":"4","Endereço":"RUA JORGE ACÚRCIO, 900","Bairro":"VILA UNIÃO","Código do bairro":109,"CEP":"60410-802","Regional":"SER 4","INEP":23073870,"CODSGE":"110","6 mees":"NÃO","1 ano":"NÃO","2 anos":"NÃO","3 anos":"NÃO","4 anos":"NÃO","5 anos":"NÃO","6 anos":"NÃO","7 anos":"NÃO","8 anos":"NÃO","9 anos":"NÃO","10 anos":"NÃO","11 anos":"SIM","12 anos":"SIM","13 anos":"SIM","14 anos":"SIM","Ano":"2023","Fonte":"Secretaria Municipal de Educação - SME","SRC da camada":"EPSG:4326 - WGS 84","Codificação":"UTF-8"}},{"type":"Feature","id":"vw_ParqueEscolarMunicipal_2023.fid-5656ca56_19a5f394e75_69d7","geometry":{"type":"Point","coordinates":[-38.59114496,-3.8300037]},"geometry_name":"geom","properties":{"id":286,"fid":287,"Tipo":"CEI","Título":"CENTRO DE EDUCAÇÃO INFANTIL","Nome":"JOÃO HILDO DE CARVALHO FURTADO UNID II","Seriação":"I-4,5","Faixa etária":"3 A 5 ANOS","Distrito":"5","Endereço":"RUA POLIANA, S/N","Bairro":"ARACAPÉ","Código do bairro":124,"CEP":"60764-600","Regional":"SER 10","INEP":23263130,"CODSGE":"419","6 mees":"NÃO","1 ano":"NÃO","2 anos":"NÃO","3 anos":"NÃO","4 anos":"SIM","5 anos":"SIM","6 anos":"NÃO","7 anos":"NÃO","8 anos":"NÃO","9 anos":"NÃO","10 anos":"NÃO","11 anos":"NÃO","12 anos":"NÃO","13 anos":"NÃO","14 anos":"NÃO","Ano":"2023","Fonte":"Secretaria Municipal de Educação - SME","SRC da camada":"EPSG:4326 - WGS 84","Codificação":"UTF-8"}},{"type":"Feature","id":"vw_ParqueEscolarMunicipal_2023.fid-5656ca56_19a5f394e75_69d8","geometry":{"type":"Point","coordinates":[-38.54972884,-3.78401798]},"geometry_name":"geom","properties":{"id":287,"fid":288,"Tipo":"EMTP","Título":"ESCOLA MUNICIPAL","Nome":"IRMÃ GIULIANA GALLI","Seriação":"F-1,2,3,4,5","Faixa etária":"6 A 10 ANOS","Distrito":"4","Endereço":"RUA ANTONIO BOTELHO, 715","Bairro":"SERRINHA","Código do bairro":107,"CEP":"60741-110","Regional":"SER 8","INEP":23244976,"CODSGE":"97","6 mees":"NÃO","1 ano":"NÃO","2 anos":"NÃO","3 anos":"NÃO","4 anos":"NÃO","5 anos":"NÃO","6 anos":"SIM","7 anos":"SIM","8 anos":"SIM","9 anos":"SIM","10 anos":"SIM","11 anos":"NÃO","12 anos":"NÃO","13 anos":"NÃO","14 anos":"NÃO","Ano":"2023","Fonte":"Secretaria Municipal de Educação - SME","SRC da camada":"EPSG:4326 - WGS 84","Codificação":"UTF-8"}},{"type":"Feature","id":"vw_ParqueEscolarMunicipal_2023.fid-5656ca56_19a5f394e75_69d9","geometry":{"type":"Point","coordinates":[-38.54958785,-3.78428966]},"geometry_name":"geom","properties":{"id":288,"fid":289,"Tipo":"CRP","Título":"CRECHE PARCEIRA","Nome":"GOTAS DE AMOR","Seriação":"I-3","Faixa etária":"3 ANOS","Distrito":"4","Endereço":"RUA ANTÔNIO BOTELHO, 715","Bairro":"SERRINHA","Código do bairro":107,"CEP":"60741-110","Regional":"SER 8","INEP":23277343,"CODSGE":"882","6 mees":"NÃO","1 ano":"NÃO","2 anos":"NÃO","3 anos":"SIM","4 anos":"NÃO","5 anos":"NÃO","6 anos":"NÃO","7 anos":"NÃO","8 anos":"NÃO","9 anos":"NÃO","10 anos":"NÃO","11 anos":"NÃO","12 anos":"NÃO","13 anos":"NÃO","14 anos":"NÃO","Ano":"2023","Fonte":"Secretaria Municipal de Educação - SME","SRC da camada":"EPSG:4326 - WGS 84","Codificação":"UTF-8"}},{"type":"Feature","id":"vw_ParqueEscolarMunicipal_2023.fid-5656ca56_19a5f394e75_69da","geometry":{"type":"Point","coordinates":[-38.56886485,-3.83419483]},"geometry_name":"geom","properties":{"id":289,"fid":290,"Tipo":"EMTI","Título":"ESCOLA MUNICIPAL DE TEMPO INTEGRAL","Nome":"LEONEL DE MOURA BRIZOLA","Seriação":"F-6,7,8,9","Faixa etária":"11 A 14 ANOS","Distrito":"4","Endereço":"RUA CORONEL DE QUEIROZ, 671\r\nRUA CORONEL DE QUEIROZ, 750","Bairro":"PLANALTO AYRTON SENNA","Código do bairro":116,"CEP":"60760-510","Regional":"SER 8","INEP":23275006,"CODSGE":"937","6 mees":"NÃO","1 ano":"NÃO","2 anos":"NÃO","3 anos":"NÃO","4 anos":"NÃO","5 anos":"NÃO","6 anos":"NÃO","7 anos":"NÃO","8 anos":"NÃO","9 anos":"NÃO","10 anos":"NÃO","11 anos":"SIM","12 anos":"SIM","13 anos":"SIM","14 anos":"SIM","Ano":"2023","Fonte":"Secretaria Municipal de Educação - SME","SRC da camada":"EPSG:4326 - WGS 84","Codificação":"UTF-8"}},{"type":"Feature","id":"vw_ParqueEscolarMunicipal_2023.fid-5656ca56_19a5f394e75_69db","geometry":{"type":"Point","coordinates":[-38.55862386,-3.83031851]},"geometry_name":"geom","properties":{"id":290,"fid":291,"Tipo":"ANE","Título":"ESCOLA MUNICIPAL","Nome":"PROFESSORA VÂNIA MARIA NEVES FACÓ BARROS UNID II","Seriação":"I-4,5","Faixa etária":"3 A 5 ANOS","Distrito":"4","Endereço":"RUA 65, 250","Bairro":"PREFEITO JOSÉ WALTER","Código do bairro":89,"CEP":"60750-790","Regional":"SER 8","INEP":23235365,"CODSGE":"762","6 mees":"NÃO","1 ano":"NÃO","2 anos":"NÃO","3 anos":"NÃO","4 anos":"SIM","5 anos":"SIM","6 anos":"NÃO","7 anos":"NÃO","8 anos":"NÃO","9 anos":"NÃO","10 anos":"NÃO","11 anos":"NÃO","12 anos":"NÃO","13 anos":"NÃO","14 anos":"NÃO","Ano":"2023","Fonte":"Secretaria Municipal de Educação - SME","SRC da camada":"EPSG:4326 - WGS 84","Codificação":"UTF-8"}},{"type":"Feature","id":"vw_ParqueEscolarMunicipal_2023.fid-5656ca56_19a5f394e75_69dc","geometry":{"type":"Point","coordinates":[-38.55830849,-3.83779473]},"geometry_name":"geom","properties":{"id":291,"fid":292,"Tipo":"EMTP","Título":"ESCOLA MUNICIPAL","Nome":"ROGACIANO LEITE","Seriação":"F-6,7,8,9","Faixa etária":"11 A 14 ANOS","Distrito":"4","Endereço":"RUA 45, S/N","Bairro":"PREFEITO JOSÉ WALTER","Código do bairro":89,"CEP":"60750-590","Regional":"SER 8","INEP":23077131,"CODSGE":"264","6 mees":"NÃO","1 ano":"NÃO","2 anos":"NÃO","3 anos":"NÃO","4 anos":"NÃO","5 anos":"NÃO","6 anos":"NÃO","7 anos":"NÃO","8 anos":"NÃO","9 anos":"NÃO","10 anos":"NÃO","11 anos":"SIM","12 anos":"SIM","13 anos":"SIM","14 anos":"SIM","Ano":"2023","Fonte":"Secretaria Municipal de Educação - SME","SRC da camada":"EPSG:4326 - WGS 84","Codificação":"UTF-8"}},{"type":"Feature","id":"vw_ParqueEscolarMunicipal_2023.fid-5656ca56_19a5f394e75_69dd","geometry":{"type":"Point","coordinates":[-38.55921501,-3.83249236]},"geometry_name":"geom","properties":{"id":292,"fid":293,"Tipo":"EMTP","Título":"ESCOLA MUNICIPAL","Nome":"MONTEIRO LOBATO","Seriação":"I-4,5/F-1,2,3,4,5","Faixa etária":"4 A 10 ANOS","Distrito":"4","Endereço":"RUA 83, 181","Bairro":"PREFEITO JOSÉ WALTER","Código do bairro":89,"CEP":"60751-050","Regional":"SER 8","INEP":23234172,"CODSGE":"88","6 mees":"NÃO","1 ano":"NÃO","2 anos":"NÃO","3 anos":"NÃO","4 anos":"SIM","5 anos":"SIM","6 anos":"SIM","7 anos":"SIM","8 anos":"SIM","9 anos":"SIM","10 anos":"SIM","11 anos":"NÃO","12 anos":"NÃO","13 anos":"NÃO","14 anos":"NÃO","Ano":"2023","Fonte":"Secretaria Municipal de Educação - SME","SRC da camada":"EPSG:4326 - WGS 84","Codificação":"UTF-8"}},{"type":"Feature","id":"vw_ParqueEscolarMunicipal_2023.fid-5656ca56_19a5f394e75_69de","geometry":{"type":"Point","coordinates":[-38.55599487,-3.83128631]},"geometry_name":"geom","properties":{"id":293,"fid":294,"Tipo":"EMTP","Título":"ESCOLA MUNICIPAL","Nome":"MINHA VIDA MEUS AMORES","Seriação":"I-4,5/F-1,2","Faixa etária":"4 A 7 ANOS","Distrito":"4","Endereço":"AV. D, 380 (2ª ETAPA)","Bairro":"PREFEITO JOSÉ WALTER","Código do bairro":89,"CEP":"60750-030","Regional":"SER 8","INEP":23257520,"CODSGE":"318","6 mees":"NÃO","1 ano":"NÃO","2 anos":"NÃO","3 anos":"NÃO","4 anos":"SIM","5 anos":"SIM","6 anos":"SIM","7 anos":"SIM","8 anos":"NÃO","9 anos":"NÃO","10 anos":"NÃO","11 anos":"NÃO","12 anos":"NÃO","13 anos":"NÃO","14 anos":"NÃO","Ano":"2023","Fonte":"Secretaria Municipal de Educação - SME","SRC da camada":"EPSG:4326 - WGS 84","Codificação":"UTF-8"}},{"type":"Feature","id":"vw_ParqueEscolarMunicipal_2023.fid-5656ca56_19a5f394e75_69df","geometry":{"type":"Point","coordinates":[-38.55575868,-3.82360404]},"geometry_name":"geom","properties":{"id":294,"fid":295,"Tipo":"EMTP","Título":"ESCOLA MUNICIPAL","Nome":"PROFESSORA VÂNIA MARIA NEVES FACÓ BARROS","Seriação":"F-1,2,3,4,5","Faixa etária":"6 A 10 ANOS","Distrito":"4","Endereço":"RUA 16, 30","Bairro":"PREFEITO JOSÉ WALTER","Código do bairro":89,"CEP":"60750-300","Regional":"SER 8","INEP":23235365,"CODSGE":"261","6 mees":"NÃO","1 ano":"NÃO","2 anos":"NÃO","3 anos":"NÃO","4 anos":"NÃO","5 anos":"NÃO","6 anos":"SIM","7 anos":"SIM","8 anos":"SIM","9 anos":"SIM","10 anos":"SIM","11 anos":"NÃO","12 anos":"NÃO","13 anos":"NÃO","14 anos":"NÃO","Ano":"2023","Fonte":"Secretaria Municipal de Educação - SME","SRC da camada":"EPSG:4326 - WGS 84","Codificação":"UTF-8"}},{"type":"Feature","id":"vw_ParqueEscolarMunicipal_2023.fid-5656ca56_19a5f394e75_69e0","geometry":{"type":"Point","coordinates":[-38.55692965,-3.82908648]},"geometry_name":"geom","properties":{"id":295,"fid":296,"Tipo":"EMTP","Título":"ESCOLA MUNICIPAL","Nome":"RACHEL DE QUEIROZ","Seriação":"F-1,2,3,4,5","Faixa etária":"6 A 10 ANOS","Distrito":"4","Endereço":"AV. C, 559","Bairro":"PREFEITO JOSÉ WALTER","Código do bairro":89,"CEP":"60750-020","Regional":"SER 8","INEP":23076798,"CODSGE":"87","6 mees":"NÃO","1 ano":"NÃO","2 anos":"NÃO","3 anos":"NÃO","4 anos":"NÃO","5 anos":"NÃO","6 anos":"SIM","7 anos":"SIM","8 anos":"SIM","9 anos":"SIM","10 anos":"SIM","11 anos":"NÃO","12 anos":"NÃO","13 anos":"NÃO","14 anos":"NÃO","Ano":"2023","Fonte":"Secretaria Municipal de Educação - SME","SRC da camada":"EPSG:4326 - WGS 84","Codificação":"UTF-8"}},{"type":"Feature","id":"vw_ParqueEscolarMunicipal_2023.fid-5656ca56_19a5f394e75_69e1","geometry":{"type":"Point","coordinates":[-38.55495438,-3.82663303]},"geometry_name":"geom","properties":{"id":296,"fid":297,"Tipo":"EMTI","Título":"ESCOLA MUNICIPAL DE TEMPO INTEGRAL","Nome":"DIOGO VITAL DE SIQUEIRA","Seriação":"F-6,7,8,9","Faixa etária":"11 A 14 ANOS","Distrito":"4","Endereço":"AV. L, S/N","Bairro":"PREFEITO JOSÉ WALTER","Código do bairro":89,"CEP":"60750-110","Regional":"SER 8","INEP":23078740,"CODSGE":"150","6 mees":"NÃO","1 ano":"NÃO","2 anos":"NÃO","3 anos":"NÃO","4 anos":"NÃO","5 anos":"NÃO","6 anos":"NÃO","7 anos":"NÃO","8 anos":"NÃO","9 anos":"NÃO","10 anos":"NÃO","11 anos":"SIM","12 anos":"SIM","13 anos":"SIM","14 anos":"SIM","Ano":"2023","Fonte":"Secretaria Municipal de Educação - SME","SRC da camada":"EPSG:4326 - WGS 84","Codificação":"UTF-8"}},{"type":"Feature","id":"vw_ParqueEscolarMunicipal_2023.fid-5656ca56_19a5f394e75_69e2","geometry":{"type":"Point","coordinates":[-38.55483528,-3.82264351]},"geometry_name":"geom","properties":{"id":297,"fid":298,"Tipo":"EMTP","Título":"ESCOLA MUNICIPAL","Nome":"FRANCISCO NUNES CAVALCANTE","Seriação":"I-4,5/F-1,2,3,4,5","Faixa etária":"4 A 10 ANOS","Distrito":"4","Endereço":"RUA POETA MÁRIO LINHARES, 561","Bairro":"PREFEITO JOSÉ WALTER","Código do bairro":89,"CEP":"60750-160","Regional":"SER 8","INEP":23070056,"CODSGE":"179","6 mees":"NÃO","1 ano":"NÃO","2 anos":"NÃO","3 anos":"NÃO","4 anos":"SIM","5 anos":"SIM","6 anos":"SIM","7 anos":"SIM","8 anos":"SIM","9 anos":"SIM","10 anos":"SIM","11 anos":"NÃO","12 anos":"NÃO","13 anos":"NÃO","14 anos":"NÃO","Ano":"2023","Fonte":"Secretaria Municipal de Educação - SME","SRC da camada":"EPSG:4326 - WGS 84","Codificação":"UTF-8"}},{"type":"Feature","id":"vw_ParqueEscolarMunicipal_2023.fid-5656ca56_19a5f394e75_69e3","geometry":{"type":"Point","coordinates":[-38.56862471,-3.83355965]},"geometry_name":"geom","properties":{"id":298,"fid":299,"Tipo":"CEI","Título":"CENTRO DE EDUCAÇÃO INFANTIL","Nome":"TEREZA D'ANA","Seriação":"I-4,5","Faixa etária":"3 A 5 ANOS","Distrito":"4","Endereço":"RUA CORONEL DE QUEIROZ, 750","Bairro":"PLANALTO AYRTON SENNA","Código do bairro":116,"CEP":"60760-510","Regional":"SER 8","INEP":23257679,"CODSGE":"1168","6 mees":"NÃO","1 ano":"NÃO","2 anos":"NÃO","3 anos":"NÃO","4 anos":"SIM","5 anos":"SIM","6 anos":"NÃO","7 anos":"NÃO","8 anos":"NÃO","9 anos":"NÃO","10 anos":"NÃO","11 anos":"NÃO","12 anos":"NÃO","13 anos":"NÃO","14 anos":"NÃO","Ano":"2023","Fonte":"Secretaria Municipal de Educação - SME","SRC da camada":"EPSG:4326 - WGS 84","Codificação":"UTF-8"}},{"type":"Feature","id":"vw_ParqueEscolarMunicipal_2023.fid-5656ca56_19a5f394e75_69e4","geometry":{"type":"Point","coordinates":[-38.57502625,-3.83534363]},"geometry_name":"geom","properties":{"id":299,"fid":300,"Tipo":"EMTP","Título":"ESCOLA MUNICIPAL","Nome":"ADALBERTO STUDART FILHO","Seriação":"F-1,2,3,4,5","Faixa etária":"6 A 10 ANOS","Distrito":"4","Endereço":"RUA DO CAMPO, 25","Bairro":"PLANALTO AYRTON SENNA","Código do bairro":116,"CEP":"60766-395","Regional":"SER 8","INEP":23264179,"CODSGE":"259","6 mees":"NÃO","1 ano":"NÃO","2 anos":"NÃO","3 anos":"NÃO","4 anos":"NÃO","5 anos":"NÃO","6 anos":"SIM","7 anos":"SIM","8 anos":"SIM","9 anos":"SIM","10 anos":"SIM","11 anos":"NÃO","12 anos":"NÃO","13 anos":"NÃO","14 anos":"NÃO","Ano":"2023","Fonte":"Secretaria Municipal de Educação - SME","SRC da camada":"EPSG:4326 - WGS 84","Codificação":"UTF-8"}},{"type":"Feature","id":"vw_ParqueEscolarMunicipal_2023.fid-5656ca56_19a5f394e75_69e5","geometry":{"type":"Point","coordinates":[-38.56613977,-3.83202996]},"geometry_name":"geom","properties":{"id":300,"fid":301,"Tipo":"EMTP","Título":"ESCOLA MUNICIPAL","Nome":"GEÍSA FIRMO GONÇALVES","Seriação":"F-1,2,3,4,5","Faixa etária":"6 A 10 ANOS","Distrito":"4","Endereço":"RUA ZULEICA PONTES, 1260","Bairro":"PLANALTO AYRTON SENNA","Código do bairro":116,"CEP":"60760-425","Regional":"SER 8","INEP":23257679,"CODSGE":"120","6 mees":"NÃO","1 ano":"NÃO","2 anos":"NÃO","3 anos":"NÃO","4 anos":"NÃO","5 anos":"NÃO","6 anos":"SIM","7 anos":"SIM","8 anos":"SIM","9 anos":"SIM","10 anos":"SIM","11 anos":"NÃO","12 anos":"NÃO","13 anos":"NÃO","14 anos":"NÃO","Ano":"2023","Fonte":"Secretaria Municipal de Educação - SME","SRC da camada":"EPSG:4326 - WGS 84","Codificação":"UTF-8"}},{"type":"Feature","id":"vw_ParqueEscolarMunicipal_2023.fid-5656ca56_19a5f394e75_69e6","geometry":{"type":"Point","coordinates":[-38.57070055,-3.8311285]},"geometry_name":"geom","properties":{"id":301,"fid":302,"Tipo":"EMTP","Título":"ESCOLA MUNICIPAL","Nome":"MARIA ZÉLIA CORREIA DE SOUZA","Seriação":"I-4,5/F-1,2,3,4,5","Faixa etária":"4 A 10 ANOS","Distrito":"4","Endereço":"RUA ANTÔNIO PEREIRA, 1495","Bairro":"PLANALTO AYRTON SENNA","Código do bairro":116,"CEP":"60766-295","Regional":"SER 8","INEP":23073772,"CODSGE":"223","6 mees":"NÃO","1 ano":"NÃO","2 anos":"NÃO","3 anos":"NÃO","4 anos":"SIM","5 anos":"SIM","6 anos":"SIM","7 anos":"SIM","8 anos":"SIM","9 anos":"SIM","10 anos":"SIM","11 anos":"NÃO","12 anos":"NÃO","13 anos":"NÃO","14 anos":"NÃO","Ano":"2023","Fonte":"Secretaria Municipal de Educação - SME","SRC da camada":"EPSG:4326 - WGS 84","Codificação":"UTF-8"}},{"type":"Feature","id":"vw_ParqueEscolarMunicipal_2023.fid-5656ca56_19a5f394e75_69e7","geometry":{"type":"Point","coordinates":[-38.55805614,-3.81879257]},"geometry_name":"geom","properties":{"id":302,"fid":303,"Tipo":"EMTP","Título":"ESCOLA MUNICIPAL","Nome":"CASIMIRO MONTENEGRO","Seriação":"I-4,5/F-1,2,3,4,5,6,7,8,9","Faixa etária":"4 A 14 ANOS","Distrito":"5","Endereço":"AV. BERNARDO MANUEL,11360","Bairro":"MONDUBIM","Código do bairro":83,"CEP":"60761-740","Regional":"SER 10","INEP":23078766,"CODSGE":"180","6 mees":"NÃO","1 ano":"NÃO","2 anos":"NÃO","3 anos":"NÃO","4 anos":"SIM","5 anos":"SIM","6 anos":"SIM","7 anos":"SIM","8 anos":"SIM","9 anos":"SIM","10 anos":"SIM","11 anos":"SIM","12 anos":"SIM","13 anos":"SIM","14 anos":"SIM","Ano":"2023","Fonte":"Secretaria Municipal de Educação - SME","SRC da camada":"EPSG:4326 - WGS 84","Codificação":"UTF-8"}},{"type":"Feature","id":"vw_ParqueEscolarMunicipal_2023.fid-5656ca56_19a5f394e75_69e8","geometry":{"type":"Point","coordinates":[-38.59047728,-3.8303666]},"geometry_name":"geom","properties":{"id":303,"fid":304,"Tipo":"EMTP","Título":"ESCOLA MUNICIPAL","Nome":"JOÃO HILDO DE CARVALHO FURTADO","Seriação":"I-5/F-1,2,3,4,5,6,7,8,9","Faixa etária":"5 A 14 ANOS","Distrito":"5","Endereço":"RUA JUVÊNCIO SALES, S/N","Bairro":"ARACAPÉ","Código do bairro":124,"CEP":"60764-600","Regional":"SER 10","INEP":23263130,"CODSGE":"200","6 mees":"NÃO","1 ano":"NÃO","2 anos":"NÃO","3 anos":"NÃO","4 anos":"NÃO","5 anos":"SIM","6 anos":"SIM","7 anos":"SIM","8 anos":"SIM","9 anos":"SIM","10 anos":"SIM","11 anos":"SIM","12 anos":"SIM","13 anos":"SIM","14 anos":"SIM","Ano":"2023","Fonte":"Secretaria Municipal de Educação - SME","SRC da camada":"EPSG:4326 - WGS 84","Codificação":"UTF-8"}},{"type":"Feature","id":"vw_ParqueEscolarMunicipal_2023.fid-5656ca56_19a5f394e75_69e9","geometry":{"type":"Point","coordinates":[-38.58093125,-3.82598204]},"geometry_name":"geom","properties":{"id":304,"fid":305,"Tipo":"EMTP","Título":"ESCOLA MUNICIPAL","Nome":"JONATHAN DA ROCHA ALCOFORADO","Seriação":"F-1,2,3,4,5,6,7,8,9","Faixa etária":"6 A 14 ANOS","Distrito":"5","Endereço":"RUA MARIA GOMES DE SÁ, 1030","Bairro":"MONDUBIM","Código do bairro":83,"CEP":"60765-173","Regional":"SER 10","INEP":23234067,"CODSGE":"337","6 mees":"NÃO","1 ano":"NÃO","2 anos":"NÃO","3 anos":"NÃO","4 anos":"NÃO","5 anos":"NÃO","6 anos":"SIM","7 anos":"SIM","8 anos":"SIM","9 anos":"SIM","10 anos":"SIM","11 anos":"SIM","12 anos":"SIM","13 anos":"SIM","14 anos":"SIM","Ano":"2023","Fonte":"Secretaria Municipal de Educação - SME","SRC da camada":"EPSG:4326 - WGS 84","Codificação":"UTF-8"}},{"type":"Feature","id":"vw_ParqueEscolarMunicipal_2023.fid-5656ca56_19a5f394e75_69ea","geometry":{"type":"Point","coordinates":[-38.57659019,-3.82567757]},"geometry_name":"geom","properties":{"id":305,"fid":306,"Tipo":"EMTP","Título":"ESCOLA MUNICIPAL","Nome":"PROFESSORA IRENE DE SOUZA PEREIRA","Seriação":"F-1,2,3,4,5,6,7,8,9","Faixa etária":"6 A 14 ANOS","Distrito":"4","Endereço":"RUA F, S/N (LOT. EDITH BARREIRA BRAGA)","Bairro":"PLANALTO AYRTON SENNA","Código do bairro":116,"CEP":"60766-045","Regional":"SER 8","INEP":23257059,"CODSGE":"358","6 mees":"NÃO","1 ano":"NÃO","2 anos":"NÃO","3 anos":"NÃO","4 anos":"NÃO","5 anos":"NÃO","6 anos":"SIM","7 anos":"SIM","8 anos":"SIM","9 anos":"SIM","10 anos":"SIM","11 anos":"SIM","12 anos":"SIM","13 anos":"SIM","14 anos":"SIM","Ano":"2023","Fonte":"Secretaria Municipal de Educação - SME","SRC da camada":"EPSG:4326 - WGS 84","Codificação":"UTF-8"}},{"type":"Feature","id":"vw_ParqueEscolarMunicipal_2023.fid-5656ca56_19a5f394e75_69eb","geometry":{"type":"Point","coordinates":[-38.56970429,-3.81720683]},"geometry_name":"geom","properties":{"id":306,"fid":307,"Tipo":"EMTP","Título":"ESCOLA MUNICIPAL","Nome":"PROFESSOR OSMÍRIO DE OLIVEIRA BARRETO","Seriação":"I-4,5/F-1,2,3,4,5","Faixa etária":"4 A 10 ANOS","Distrito":"5","Endereço":"RUA 10, S/N (CONJUNTO SÍTIO CORREGO)","Bairro":"MONDUBIM","Código do bairro":83,"CEP":"60752-110","Regional":"SER 10","INEP":23186690,"CODSGE":"83","6 mees":"NÃO","1 ano":"NÃO","2 anos":"NÃO","3 anos":"NÃO","4 anos":"SIM","5 anos":"SIM","6 anos":"SIM","7 anos":"SIM","8 anos":"SIM","9 anos":"SIM","10 anos":"SIM","11 anos":"NÃO","12 anos":"NÃO","13 anos":"NÃO","14 anos":"NÃO","Ano":"2023","Fonte":"Secretaria Municipal de Educação - SME","SRC da camada":"EPSG:4326 - WGS 84","Codificação":"UTF-8"}},{"type":"Feature","id":"vw_ParqueEscolarMunicipal_2023.fid-5656ca56_19a5f394e75_69ec","geometry":{"type":"Point","coordinates":[-38.56852273,-3.80639324]},"geometry_name":"geom","properties":{"id":307,"fid":308,"Tipo":"EMTP","Título":"ESCOLA MUNICIPAL","Nome":"PROFESSOR JACINTO BOTELHO","Seriação":"I-4,5/F-1,2,3,4,5,6,7,8,9","Faixa etária":"4 A 14 ANOS","Distrito":"5","Endereço":"RUA DOUTOR RODRIGO CODES SANDOVAL, 374","Bairro":"MONDUBIM","Código do bairro":83,"CEP":"60711-455","Regional":"SER 10","INEP":23071435,"CODSGE":"181","6 mees":"NÃO","1 ano":"NÃO","2 anos":"NÃO","3 anos":"NÃO","4 anos":"SIM","5 anos":"SIM","6 anos":"SIM","7 anos":"SIM","8 anos":"SIM","9 anos":"SIM","10 anos":"SIM","11 anos":"SIM","12 anos":"SIM","13 anos":"SIM","14 anos":"SIM","Ano":"2023","Fonte":"Secretaria Municipal de Educação - SME","SRC da camada":"EPSG:4326 - WGS 84","Codificação":"UTF-8"}},{"type":"Feature","id":"vw_ParqueEscolarMunicipal_2023.fid-5656ca56_19a5f394e75_69ed","geometry":{"type":"Point","coordinates":[-38.57950364,-3.78630503]},"geometry_name":"geom","properties":{"id":308,"fid":309,"Tipo":"EMTP","Título":"ESCOLA MUNICIPAL","Nome":"RAIMUNDO SOARES DE SOUZA","Seriação":"F-5,6,7,8,9","Faixa etária":"9 A 14 ANOS","Distrito":"4","Endereço":"RUA COSTA FREIRE, 550","Bairro":"VILA PERI","Código do bairro":108,"CEP":"60730-135","Regional":"SER 4","INEP":23184779,"CODSGE":"278","6 mees":"NÃO","1 ano":"NÃO","2 anos":"NÃO","3 anos":"NÃO","4 anos":"NÃO","5 anos":"NÃO","6 anos":"NÃO","7 anos":"NÃO","8 anos":"NÃO","9 anos":"NÃO","10 anos":"SIM","11 anos":"SIM","12 anos":"SIM","13 anos":"SIM","14 anos":"SIM","Ano":"2023","Fonte":"Secretaria Municipal de Educação - SME","SRC da camada":"EPSG:4326 - WGS 84","Codificação":"UTF-8"}},{"type":"Feature","id":"vw_ParqueEscolarMunicipal_2023.fid-5656ca56_19a5f394e75_69ee","geometry":{"type":"Point","coordinates":[-38.57634688,-3.78428316]},"geometry_name":"geom","properties":{"id":309,"fid":310,"Tipo":"EMTP","Título":"ESCOLA MUNICIPAL","Nome":"CATULO DA PAIXÃO CEARENSE","Seriação":"I-4,5/F-1,2,3,4","Faixa etária":"4 A 9 ANOS","Distrito":"4","Endereço":"RUA LEÃO DO NORTE, 300","Bairro":"VILA PERI","Código do bairro":108,"CEP":"60730-010","Regional":"SER 4","INEP":23066660,"CODSGE":"242","6 mees":"NÃO","1 ano":"NÃO","2 anos":"NÃO","3 anos":"NÃO","4 anos":"SIM","5 anos":"SIM","6 anos":"SIM","7 anos":"SIM","8 anos":"SIM","9 anos":"SIM","10 anos":"NÃO","11 anos":"NÃO","12 anos":"NÃO","13 anos":"NÃO","14 anos":"NÃO","Ano":"2023","Fonte":"Secretaria Municipal de Educação - SME","SRC da camada":"EPSG:4326 - WGS 84","Codificação":"UTF-8"}},{"type":"Feature","id":"vw_ParqueEscolarMunicipal_2023.fid-5656ca56_19a5f394e75_69ef","geometry":{"type":"Point","coordinates":[-38.56371092,-3.79512581]},"geometry_name":"geom","properties":{"id":310,"fid":311,"Tipo":"EMTP","Título":"ESCOLA MUNICIPAL","Nome":"SAGRADO CORAÇÃO","Seriação":"I-4,5/F-1,2","Faixa etária":"4 A 7 ANOS","Distrito":"5","Endereço":"RUA HOLANDA, 477","Bairro":"MARAPONGA","Código do bairro":82,"CEP":"60711-005","Regional":"SER 10","INEP":23256656,"CODSGE":"339","6 mees":"NÃO","1 ano":"NÃO","2 anos":"NÃO","3 anos":"NÃO","4 anos":"SIM","5 anos":"SIM","6 anos":"SIM","7 anos":"SIM","8 anos":"NÃO","9 anos":"NÃO","10 anos":"NÃO","11 anos":"NÃO","12 anos":"NÃO","13 anos":"NÃO","14 anos":"NÃO","Ano":"2023","Fonte":"Secretaria Municipal de Educação - SME","SRC da camada":"EPSG:4326 - WGS 84","Codificação":"UTF-8"}},{"type":"Feature","id":"vw_ParqueEscolarMunicipal_2023.fid-5656ca56_19a5f394e75_69f0","geometry":{"type":"Point","coordinates":[-38.56299886,-3.79926016]},"geometry_name":"geom","properties":{"id":311,"fid":312,"Tipo":"EMTP","Título":"ESCOLA MUNICIPAL","Nome":"JOÃO ESTANISLAU FAÇANHA","Seriação":"F-3,4,5,6,7,8,9","Faixa etária":"8 A 14 ANOS","Distrito":"5","Endereço":"RUA 11, S/N (CONJUNTO CAMPO DOS INGLESES)","Bairro":"JARDIM CEARENSE","Código do bairro":80,"CEP":"60712-300","Regional":"SER 10","INEP":23233842,"CODSGE":"258","6 mees":"NÃO","1 ano":"NÃO","2 anos":"NÃO","3 anos":"NÃO","4 anos":"NÃO","5 anos":"NÃO","6 anos":"NÃO","7 anos":"NÃO","8 anos":"SIM","9 anos":"SIM","10 anos":"SIM","11 anos":"SIM","12 anos":"SIM","13 anos":"SIM","14 anos":"SIM","Ano":"2023","Fonte":"Secretaria Municipal de Educação - SME","SRC da camada":"EPSG:4326 - WGS 84","Codificação":"UTF-8"}},{"type":"Feature","id":"vw_ParqueEscolarMunicipal_2023.fid-5656ca56_19a5f394e75_69f1","geometry":{"type":"Point","coordinates":[-38.5589327,-3.77572081]},"geometry_name":"geom","properties":{"id":312,"fid":313,"Tipo":"EMTP","Título":"ESCOLA MUNICIPAL","Nome":"PROFESSOR JOSÉ VALDEVINO DE CARVALHO","Seriação":"I-4,5/F-1,2,3,4,5","Faixa etária":"4 A 10 ANOS","Distrito":"4","Endereço":"RUA GUARÁ, S/N","Bairro":"PARANGABA","Código do bairro":105,"CEP":"60740-140","Regional":"SER 4","INEP":23072563,"CODSGE":"116","6 mees":"NÃO","1 ano":"NÃO","2 anos":"NÃO","3 anos":"NÃO","4 anos":"SIM","5 anos":"SIM","6 anos":"SIM","7 anos":"SIM","8 anos":"SIM","9 anos":"SIM","10 anos":"SIM","11 anos":"NÃO","12 anos":"NÃO","13 anos":"NÃO","14 anos":"NÃO","Ano":"2023","Fonte":"Secretaria Municipal de Educação - SME","SRC da camada":"EPSG:4326 - WGS 84","Codificação":"UTF-8"}},{"type":"Feature","id":"vw_ParqueEscolarMunicipal_2023.fid-5656ca56_19a5f394e75_69f2","geometry":{"type":"Point","coordinates":[-38.55852193,-3.77292736]},"geometry_name":"geom","properties":{"id":313,"fid":314,"Tipo":"EMTP","Título":"ESCOLA MUNICIPAL","Nome":"CLÁUDIO MARTINS","Seriação":"F-6,7,8,9","Faixa etária":"11 A 14 ANOS","Distrito":"4","Endereço":"RUA BARÃO DE CANINDÉ, S/N","Bairro":"ITAOCA","Código do bairro":99,"CEP":"60421-106","Regional":"SER 4","INEP":23075155,"CODSGE":"279","6 mees":"NÃO","1 ano":"NÃO","2 anos":"NÃO","3 anos":"NÃO","4 anos":"NÃO","5 anos":"NÃO","6 anos":"NÃO","7 anos":"NÃO","8 anos":"NÃO","9 anos":"NÃO","10 anos":"NÃO","11 anos":"SIM","12 anos":"SIM","13 anos":"SIM","14 anos":"SIM","Ano":"2023","Fonte":"Secretaria Municipal de Educação - SME","SRC da camada":"EPSG:4326 - WGS 84","Codificação":"UTF-8"}},{"type":"Feature","id":"vw_ParqueEscolarMunicipal_2023.fid-5656ca56_19a5f394e75_69f3","geometry":{"type":"Point","coordinates":[-38.55416214,-3.79449519]},"geometry_name":"geom","properties":{"id":314,"fid":315,"Tipo":"EMTP","Título":"ESCOLA MUNICIPAL","Nome":"PROJETO NASCENTE","Seriação":"I-4,5/F-1,2,3,4,5,6,7,8,9","Faixa etária":"4 A 14 ANOS","Distrito":"4","Endereço":"RUA BETEL, 1715","Bairro":"RACHEL DE QUEIROZ","Código do bairro":77,"CEP":"60714-612","Regional":"SER 8","INEP":23075074,"CODSGE":"208","6 mees":"NÃO","1 ano":"NÃO","2 anos":"NÃO","3 anos":"NÃO","4 anos":"SIM","5 anos":"SIM","6 anos":"SIM","7 anos":"SIM","8 anos":"SIM","9 anos":"SIM","10 anos":"SIM","11 anos":"SIM","12 anos":"SIM","13 anos":"SIM","14 anos":"SIM","Ano":"2023","Fonte":"Secretaria Municipal de Educação - SME","SRC da camada":"EPSG:4326 - WGS 84","Codificação":"UTF-8"}},{"type":"Feature","id":"vw_ParqueEscolarMunicipal_2023.fid-5656ca56_19a5f394e75_69f4","geometry":{"type":"Point","coordinates":[-38.56073366,-3.78478934]},"geometry_name":"geom","properties":{"id":315,"fid":316,"Tipo":"EMTP","Título":"ESCOLA MUNICIPAL","Nome":"THOMAZ POMPEU SOBRINHO","Seriação":"F-1,2,3,4,5,6,7,8,9","Faixa etária":"6 A 14 ANOS","Distrito":"4","Endereço":"RUA JOSÉ MENELEU, 531","Bairro":"ITAPERI","Código do bairro":100,"CEP":"60714-040","Regional":"SER 8","INEP":23078030,"CODSGE":"183","6 mees":"NÃO","1 ano":"NÃO","2 anos":"NÃO","3 anos":"NÃO","4 anos":"NÃO","5 anos":"NÃO","6 anos":"SIM","7 anos":"SIM","8 anos":"SIM","9 anos":"SIM","10 anos":"SIM","11 anos":"SIM","12 anos":"SIM","13 anos":"SIM","14 anos":"SIM","Ano":"2023","Fonte":"Secretaria Municipal de Educação - SME","SRC da camada":"EPSG:4326 - WGS 84","Codificação":"UTF-8"}},{"type":"Feature","id":"vw_ParqueEscolarMunicipal_2023.fid-5656ca56_19a5f394e75_69f5","geometry":{"type":"Point","coordinates":[-38.54396949,-3.79245605]},"geometry_name":"geom","properties":{"id":316,"fid":317,"Tipo":"EMTP","Título":"ESCOLA MUNICIPAL","Nome":"ZAÍRA MONTEIRO GONDIM","Seriação":"F-6,7,8,9","Faixa etária":"11 A 14 ANOS","Distrito":"4","Endereço":"RUA PEDRO AGUIAR, 315","Bairro":"ITAPERI","Código do bairro":100,"CEP":"60714-330","Regional":"SER 8","INEP":23078626,"CODSGE":"172","6 mees":"NÃO","1 ano":"NÃO","2 anos":"NÃO","3 anos":"NÃO","4 anos":"NÃO","5 anos":"NÃO","6 anos":"NÃO","7 anos":"NÃO","8 anos":"NÃO","9 anos":"NÃO","10 anos":"NÃO","11 anos":"SIM","12 anos":"SIM","13 anos":"SIM","14 anos":"SIM","Ano":"2023","Fonte":"Secretaria Municipal de Educação - SME","SRC da camada":"EPSG:4326 - WGS 84","Codificação":"UTF-8"}},{"type":"Feature","id":"vw_ParqueEscolarMunicipal_2023.fid-5656ca56_19a5f394e75_69f6","geometry":{"type":"Point","coordinates":[-38.53757783,-3.7917204]},"geometry_name":"geom","properties":{"id":317,"fid":318,"Tipo":"EMTP","Título":"ESCOLA MUNICIPAL","Nome":"MARIA DE CARVALHO MARTINS","Seriação":"I-4,5/F-1,2,3,4,5","Faixa etária":"4 A 10 ANOS","Distrito":"4","Endereço":"AV. DOUTOR SILAS MUNGUBA, 4300","Bairro":"ITAPERI","Código do bairro":100,"CEP":"60714-502","Regional":"SER 8","INEP":23234423,"CODSGE":"173","6 mees":"NÃO","1 ano":"NÃO","2 anos":"NÃO","3 anos":"NÃO","4 anos":"SIM","5 anos":"SIM","6 anos":"SIM","7 anos":"SIM","8 anos":"SIM","9 anos":"SIM","10 anos":"SIM","11 anos":"NÃO","12 anos":"NÃO","13 anos":"NÃO","14 anos":"NÃO","Ano":"2023","Fonte":"Secretaria Municipal de Educação - SME","SRC da camada":"EPSG:4326 - WGS 84","Codificação":"UTF-8"}},{"type":"Feature","id":"vw_ParqueEscolarMunicipal_2023.fid-5656ca56_19a5f394e75_69f7","geometry":{"type":"Point","coordinates":[-38.54261153,-3.78305345]},"geometry_name":"geom","properties":{"id":318,"fid":319,"Tipo":"EMTP","Título":"ESCOLA MUNICIPAL","Nome":"MARCOS VALENTIM PEREIRA DE SOUZA","Seriação":"I-4,5/F-1,2,3,4,5","Faixa etária":"4 A 10 ANOS","Distrito":"4","Endereço":"RUA FREIRE ALEMÃO, 91","Bairro":"SERRINHA","Código do bairro":107,"CEP":"60742-110","Regional":"SER 8","INEP":23198486,"CODSGE":"171","6 mees":"NÃO","1 ano":"NÃO","2 anos":"NÃO","3 anos":"NÃO","4 anos":"SIM","5 anos":"SIM","6 anos":"SIM","7 anos":"SIM","8 anos":"SIM","9 anos":"SIM","10 anos":"SIM","11 anos":"NÃO","12 anos":"NÃO","13 anos":"NÃO","14 anos":"NÃO","Ano":"2023","Fonte":"Secretaria Municipal de Educação - SME","SRC da camada":"EPSG:4326 - WGS 84","Codificação":"UTF-8"}},{"type":"Feature","id":"vw_ParqueEscolarMunicipal_2023.fid-5656ca56_19a5f394e75_69f8","geometry":{"type":"Point","coordinates":[-38.54906426,-3.77846474]},"geometry_name":"geom","properties":{"id":319,"fid":320,"Tipo":"EMTP","Título":"ESCOLA MUNICIPAL","Nome":"WALDEMAR BARROSO","Seriação":"F-6,7,8,9","Faixa etária":"11 A 14 ANOS","Distrito":"4","Endereço":"RUA CÔNEGO LIMA SUCUPIRA, 410","Bairro":"SERRINHA","Código do bairro":107,"CEP":"60741-255","Regional":"SER 8","INEP":23078553,"CODSGE":"133","6 mees":"NÃO","1 ano":"NÃO","2 anos":"NÃO","3 anos":"NÃO","4 anos":"NÃO","5 anos":"NÃO","6 anos":"NÃO","7 anos":"NÃO","8 anos":"NÃO","9 anos":"NÃO","10 anos":"NÃO","11 anos":"SIM","12 anos":"SIM","13 anos":"SIM","14 anos":"SIM","Ano":"2023","Fonte":"Secretaria Municipal de Educação - SME","SRC da camada":"EPSG:4326 - WGS 84","Codificação":"UTF-8"}},{"type":"Feature","id":"vw_ParqueEscolarMunicipal_2023.fid-5656ca56_19a5f394e75_69f9","geometry":{"type":"Point","coordinates":[-38.55889022,-3.77265262]},"geometry_name":"geom","properties":{"id":320,"fid":321,"Tipo":"EMTI","Título":"ESCOLA MUNICIPAL DE TEMPO INTEGRAL","Nome":"CAROLINO SUCUPIRA","Seriação":"F-1,2,3,4,5","Faixa etária":"6 A 10 ANOS","Distrito":"4","Endereço":"RUA MUNDICA PAULA, 670","Bairro":"ITAOCA","Código do bairro":99,"CEP":"60421-410","Regional":"SER 4","INEP":23324244,"CODSGE":"101","6 mees":"NÃO","1 ano":"NÃO","2 anos":"NÃO","3 anos":"NÃO","4 anos":"NÃO","5 anos":"NÃO","6 anos":"SIM","7 anos":"SIM","8 anos":"SIM","9 anos":"SIM","10 anos":"SIM","11 anos":"NÃO","12 anos":"NÃO","13 anos":"NÃO","14 anos":"NÃO","Ano":"2023","Fonte":"Secretaria Municipal de Educação - SME","SRC da camada":"EPSG:4326 - WGS 84","Codificação":"UTF-8"}},{"type":"Feature","id":"vw_ParqueEscolarMunicipal_2023.fid-5656ca56_19a5f394e75_69fa","geometry":{"type":"Point","coordinates":[-38.56317146,-3.76396872]},"geometry_name":"geom","properties":{"id":321,"fid":322,"Tipo":"EMTP","Título":"ESCOLA MUNICIPAL","Nome":"PAULO SARASATE","Seriação":"I-4,5/F-1,2,3,4,5","Faixa etária":"4 A 10 ANOS","Distrito":"3","Endereço":"RUA PEDRO MUNIZ, 250","Bairro":"DEMÓCRITO ROCHA","Código do bairro":96,"CEP":"60440-060","Regional":"SER 11","INEP":23075856,"CODSGE":"115","6 mees":"NÃO","1 ano":"NÃO","2 anos":"NÃO","3 anos":"NÃO","4 anos":"SIM","5 anos":"SIM","6 anos":"SIM","7 anos":"SIM","8 anos":"SIM","9 anos":"SIM","10 anos":"SIM","11 anos":"NÃO","12 anos":"NÃO","13 anos":"NÃO","14 anos":"NÃO","Ano":"2023","Fonte":"Secretaria Municipal de Educação - SME","SRC da camada":"EPSG:4326 - WGS 84","Codificação":"UTF-8"}},{"type":"Feature","id":"vw_ParqueEscolarMunicipal_2023.fid-5656ca56_19a5f394e75_69fb","geometry":{"type":"Point","coordinates":[-38.56533931,-3.75731913]},"geometry_name":"geom","properties":{"id":322,"fid":323,"Tipo":"EMTP","Título":"ESCOLA MUNICIPAL","Nome":"JOSÉ BATISTA DE OLIVEIRA","Seriação":"I-4,5/F-1,2,3,4,5","Faixa etária":"4 A 10 ANOS","Distrito":"3","Endereço":"RUA GOIÁS, S/N","Bairro":"PANAMERICANO","Código do bairro":104,"CEP":"60441-005","Regional":"SER 11","INEP":23234407,"CODSGE":"197","6 mees":"NÃO","1 ano":"NÃO","2 anos":"NÃO","3 anos":"NÃO","4 anos":"SIM","5 anos":"SIM","6 anos":"SIM","7 anos":"SIM","8 anos":"SIM","9 anos":"SIM","10 anos":"SIM","11 anos":"NÃO","12 anos":"NÃO","13 anos":"NÃO","14 anos":"NÃO","Ano":"2023","Fonte":"Secretaria Municipal de Educação - SME","SRC da camada":"EPSG:4326 - WGS 84","Codificação":"UTF-8"}},{"type":"Feature","id":"vw_ParqueEscolarMunicipal_2023.fid-5656ca56_19a5f394e75_69fc","geometry":{"type":"Point","coordinates":[-38.55476185,-3.76141936]},"geometry_name":"geom","properties":{"id":323,"fid":324,"Tipo":"EMTP","Título":"ESCOLA MUNICIPAL","Nome":"VICENTE FIALHO","Seriação":"I-4,5/F-1,2,3,4,5,6,7,8,9","Faixa etária":"4 A 14 ANOS","Distrito":"4","Endereço":"RUA IRMÃ BAZET, 193","Bairro":"MONTESE","Código do bairro":103,"CEP":"60420-670","Regional":"SER 4","INEP":23078413,"CODSGE":"245","6 mees":"NÃO","1 ano":"NÃO","2 anos":"NÃO","3 anos":"NÃO","4 anos":"SIM","5 anos":"SIM","6 anos":"SIM","7 anos":"SIM","8 anos":"SIM","9 anos":"SIM","10 anos":"SIM","11 anos":"SIM","12 anos":"SIM","13 anos":"SIM","14 anos":"SIM","Ano":"2023","Fonte":"Secretaria Municipal de Educação - SME","SRC da camada":"EPSG:4326 - WGS 84","Codificação":"UTF-8"}},{"type":"Feature","id":"vw_ParqueEscolarMunicipal_2023.fid-5656ca56_19a5f394e75_69fd","geometry":{"type":"Point","coordinates":[-38.52810036,-3.77323134]},"geometry_name":"geom","properties":{"id":324,"fid":325,"Tipo":"EMTP","Título":"ESCOLA MUNICIPAL","Nome":"HAROLDO JORGE BRAUN VIEIRA","Seriação":"I-4,5/F-1,2,3,4,5,6,7,8","Faixa etária":"4 A 13 ANOS","Distrito":"4","Endereço":"AV. LAURO VIEIRA CHAVES, 55","Bairro":"AEROPORTO","Código do bairro":92,"CEP":"60422-700","Regional":"SER 4","INEP":23262605,"CODSGE":"270","6 mees":"NÃO","1 ano":"NÃO","2 anos":"NÃO","3 anos":"NÃO","4 anos":"SIM","5 anos":"SIM","6 anos":"SIM","7 anos":"SIM","8 anos":"SIM","9 anos":"SIM","10 anos":"SIM","11 anos":"SIM","12 anos":"SIM","13 anos":"SIM","14 anos":"NÃO","Ano":"2023","Fonte":"Secretaria Municipal de Educação - SME","SRC da camada":"EPSG:4326 - WGS 84","Codificação":"UTF-8"}},{"type":"Feature","id":"vw_ParqueEscolarMunicipal_2023.fid-5656ca56_19a5f394e75_69fe","geometry":{"type":"Point","coordinates":[-38.53398532,-3.763587]},"geometry_name":"geom","properties":{"id":325,"fid":326,"Tipo":"EMTP","Título":"ESCOLA MUNICIPAL","Nome":"PAPA JOÃO XXIII","Seriação":"I-4,5/F-1,2,3,4,5","Faixa etária":"4 A 10 ANOS","Distrito":"4","Endereço":"RUA TREZE DE ABRIL, 545","Bairro":"VILA UNIÃO","Código do bairro":109,"CEP":"60411-055","Regional":"SER 4","INEP":23071990,"CODSGE":"198","6 mees":"NÃO","1 ano":"NÃO","2 anos":"NÃO","3 anos":"NÃO","4 anos":"SIM","5 anos":"SIM","6 anos":"SIM","7 anos":"SIM","8 anos":"SIM","9 anos":"SIM","10 anos":"SIM","11 anos":"NÃO","12 anos":"NÃO","13 anos":"NÃO","14 anos":"NÃO","Ano":"2023","Fonte":"Secretaria Municipal de Educação - SME","SRC da camada":"EPSG:4326 - WGS 84","Codificação":"UTF-8"}},{"type":"Feature","id":"vw_ParqueEscolarMunicipal_2023.fid-5656ca56_19a5f394e75_69ff","geometry":{"type":"Point","coordinates":[-38.52192283,-3.74973922]},"geometry_name":"geom","properties":{"id":326,"fid":327,"Tipo":"EMTP","Título":"ESCOLA MUNICIPAL","Nome":"MADRE TERESA DE CALCUTÁ","Seriação":"I-4,5/F-1,2,3,4,5","Faixa etária":"4 A 10 ANOS","Distrito":"4","Endereço":"RUA GUILHERME MOREIRA, 75","Bairro":"FÁTIMA","Código do bairro":16,"CEP":"60040-490","Regional":"SER 4","INEP":23186950,"CODSGE":"207","6 mees":"NÃO","1 ano":"NÃO","2 anos":"NÃO","3 anos":"NÃO","4 anos":"SIM","5 anos":"SIM","6 anos":"SIM","7 anos":"SIM","8 anos":"SIM","9 anos":"SIM","10 anos":"SIM","11 anos":"NÃO","12 anos":"NÃO","13 anos":"NÃO","14 anos":"NÃO","Ano":"2023","Fonte":"Secretaria Municipal de Educação - SME","SRC da camada":"EPSG:4326 - WGS 84","Codificação":"UTF-8"}},{"type":"Feature","id":"vw_ParqueEscolarMunicipal_2023.fid-5656ca56_19a5f394e75_6a00","geometry":{"type":"Point","coordinates":[-38.54920104,-3.75708676]},"geometry_name":"geom","properties":{"id":327,"fid":328,"Tipo":"EMTP","Título":"ESCOLA MUNICIPAL","Nome":"PADRE FELICE PISTONE","Seriação":"I-4,5/F-1,2,3,4,5","Faixa etária":"4 A 10 ANOS","Distrito":"4","Endereço":"RUA JÚLIO CÉSAR, 1810","Bairro":"DAMAS","Código do bairro":13,"CEP":"60425-236","Regional":"SER 4","INEP":23256486,"CODSGE":"294","6 mees":"NÃO","1 ano":"NÃO","2 anos":"NÃO","3 anos":"NÃO","4 anos":"SIM","5 anos":"SIM","6 anos":"SIM","7 anos":"SIM","8 anos":"SIM","9 anos":"SIM","10 anos":"SIM","11 anos":"NÃO","12 anos":"NÃO","13 anos":"NÃO","14 anos":"NÃO","Ano":"2023","Fonte":"Secretaria Municipal de Educação - SME","SRC da camada":"EPSG:4326 - WGS 84","Codificação":"UTF-8"}},{"type":"Feature","id":"vw_ParqueEscolarMunicipal_2023.fid-5656ca56_19a5f394e75_6a01","geometry":{"type":"Point","coordinates":[-38.54517869,-3.75466918]},"geometry_name":"geom","properties":{"id":328,"fid":329,"Tipo":"EMTP","Título":"ESCOLA MUNICIPAL","Nome":"DOM MANOEL DA SILVA GOMES","Seriação":"F-6,7,8,9","Faixa etária":"11 A 14 ANOS","Distrito":"4","Endereço":"RUA SAMUEL UCHÔA, 550","Bairro":"JARDIM AMÉRICA","Código do bairro":19,"CEP":"60416-205","Regional":"SER 4","INEP":23073934,"CODSGE":"127","6 mees":"NÃO","1 ano":"NÃO","2 anos":"NÃO","3 anos":"NÃO","4 anos":"NÃO","5 anos":"NÃO","6 anos":"NÃO","7 anos":"NÃO","8 anos":"NÃO","9 anos":"NÃO","10 anos":"NÃO","11 anos":"SIM","12 anos":"SIM","13 anos":"SIM","14 anos":"SIM","Ano":"2023","Fonte":"Secretaria Municipal de Educação - SME","SRC da camada":"EPSG:4326 - WGS 84","Codificação":"UTF-8"}},{"type":"Feature","id":"vw_ParqueEscolarMunicipal_2023.fid-5656ca56_19a5f394e75_6a02","geometry":{"type":"Point","coordinates":[-38.53781319,-3.75253129]},"geometry_name":"geom","properties":{"id":329,"fid":330,"Tipo":"EMTI","Título":"ESCOLA MUNICIPAL DE TEMPO INTEGRAL","Nome":"FILGUEIRAS LIMA","Seriação":"F-6,7,8,9","Faixa etária":"11 A 14 ANOS","Distrito":"4","Endereço":"AV. DOS EXPEDICIONÁRIOS, 3910","Bairro":"JARDIM AMÉRICA","Código do bairro":19,"CEP":"60410-446","Regional":"SER 4","INEP":23070250,"CODSGE":"148","6 mees":"NÃO","1 ano":"NÃO","2 anos":"NÃO","3 anos":"NÃO","4 anos":"NÃO","5 anos":"NÃO","6 anos":"NÃO","7 anos":"NÃO","8 anos":"NÃO","9 anos":"NÃO","10 anos":"NÃO","11 anos":"SIM","12 anos":"SIM","13 anos":"SIM","14 anos":"SIM","Ano":"2023","Fonte":"Secretaria Municipal de Educação - SME","SRC da camada":"EPSG:4326 - WGS 84","Codificação":"UTF-8"}},{"type":"Feature","id":"vw_ParqueEscolarMunicipal_2023.fid-5656ca56_19a5f394e75_6a03","geometry":{"type":"Point","coordinates":[-38.56492874,-3.82652939]},"geometry_name":"geom","properties":{"id":330,"fid":331,"Tipo":"EMTP","Título":"ESCOLA MUNICIPAL","Nome":"NOVO RENASCER","Seriação":"I-4,5/F-1,2,3,4,5","Faixa etária":"4 A 10 ANOS","Distrito":"5","Endereço":"RUA LESTE OESTE, 140","Bairro":"MONDUBIM","Código do bairro":83,"CEP":"60762-397","Regional":"SER 10","INEP":23256737,"CODSGE":"364","6 mees":"NÃO","1 ano":"NÃO","2 anos":"NÃO","3 anos":"NÃO","4 anos":"SIM","5 anos":"SIM","6 anos":"SIM","7 anos":"SIM","8 anos":"SIM","9 anos":"SIM","10 anos":"SIM","11 anos":"NÃO","12 anos":"NÃO","13 anos":"NÃO","14 anos":"NÃO","Ano":"2023","Fonte":"Secretaria Municipal de Educação - SME","SRC da camada":"EPSG:4326 - WGS 84","Codificação":"UTF-8"}},{"type":"Feature","id":"vw_ParqueEscolarMunicipal_2023.fid-5656ca56_19a5f394e75_6a04","geometry":{"type":"Point","coordinates":[-38.55937594,-3.83391808]},"geometry_name":"geom","properties":{"id":331,"fid":332,"Tipo":"CRP","Título":"CRECHE PARCEIRA","Nome":"VÓ ESTEFÂNIA","Seriação":"I-1,2,3","Faixa etária":"1 A 3 ANOS","Distrito":"4","Endereço":"AV. E, 635","Bairro":"PREFEITO JOSÉ WALTER","Código do bairro":89,"CEP":"60750-040","Regional":"SER 8","INEP":23279605,"CODSGE":"567","6 mees":"NÃO","1 ano":"SIM","2 anos":"SIM","3 anos":"SIM","4 anos":"NÃO","5 anos":"NÃO","6 anos":"NÃO","7 anos":"NÃO","8 anos":"NÃO","9 anos":"NÃO","10 anos":"NÃO","11 anos":"NÃO","12 anos":"NÃO","13 anos":"NÃO","14 anos":"NÃO","Ano":"2023","Fonte":"Secretaria Municipal de Educação - SME","SRC da camada":"EPSG:4326 - WGS 84","Codificação":"UTF-8"}},{"type":"Feature","id":"vw_ParqueEscolarMunicipal_2023.fid-5656ca56_19a5f394e75_6a05","geometry":{"type":"Point","coordinates":[-38.58838925,-3.82771111]},"geometry_name":"geom","properties":{"id":332,"fid":333,"Tipo":"CRP","Título":"CRECHE PARCEIRA","Nome":"PEQUENOS BRILHANTES","Seriação":"I-1,2,3","Faixa etária":"1 A 3 ANOS","Distrito":"5","Endereço":"RUA OTÁVIO LIMA, 90","Bairro":"ARACAPÉ","Código do bairro":124,"CEP":"60764-545","Regional":"SER 10","INEP":23280255,"CODSGE":"543","6 mees":"NÃO","1 ano":"SIM","2 anos":"SIM","3 anos":"SIM","4 anos":"NÃO","5 anos":"NÃO","6 anos":"NÃO","7 anos":"NÃO","8 anos":"NÃO","9 anos":"NÃO","10 anos":"NÃO","11 anos":"NÃO","12 anos":"NÃO","13 anos":"NÃO","14 anos":"NÃO","Ano":"2023","Fonte":"Secretaria Municipal de Educação - SME","SRC da camada":"EPSG:4326 - WGS 84","Codificação":"UTF-8"}},{"type":"Feature","id":"vw_ParqueEscolarMunicipal_2023.fid-5656ca56_19a5f394e75_6a06","geometry":{"type":"Point","coordinates":[-38.57771414,-3.78559119]},"geometry_name":"geom","properties":{"id":333,"fid":334,"Tipo":"CRP","Título":"CRECHE PARCEIRA","Nome":"PARAÍSO DA CRIANÇA","Seriação":"I-2,3","Faixa etária":"2 E 3 ANOS","Distrito":"4","Endereço":"RUA EINSTEIN, 6","Bairro":"VILA PERI","Código do bairro":108,"CEP":"60730-145","Regional":"SER 4","INEP":23279583,"CODSGE":"546","6 mees":"NÃO","1 ano":"NÃO","2 anos":"SIM","3 anos":"SIM","4 anos":"NÃO","5 anos":"NÃO","6 anos":"NÃO","7 anos":"NÃO","8 anos":"NÃO","9 anos":"NÃO","10 anos":"NÃO","11 anos":"NÃO","12 anos":"NÃO","13 anos":"NÃO","14 anos":"NÃO","Ano":"2023","Fonte":"Secretaria Municipal de Educação - SME","SRC da camada":"EPSG:4326 - WGS 84","Codificação":"UTF-8"}},{"type":"Feature","id":"vw_ParqueEscolarMunicipal_2023.fid-5656ca56_19a5f394e75_6a07","geometry":{"type":"Point","coordinates":[-38.56470355,-3.79992516]},"geometry_name":"geom","properties":{"id":334,"fid":335,"Tipo":"CRP","Título":"CRECHE PARCEIRA","Nome":"SONHO DE CRIANÇA","Seriação":"I-1,2,3","Faixa etária":"1 A 3 ANOS","Distrito":"5","Endereço":"RUA VIDAL DE NEGREIROS, 359","Bairro":"JARDIM CEARENSE","Código do bairro":80,"CEP":"60712-108","Regional":"SER 10","INEP":23280018,"CODSGE":"527","6 mees":"NÃO","1 ano":"SIM","2 anos":"SIM","3 anos":"SIM","4 anos":"NÃO","5 anos":"NÃO","6 anos":"NÃO","7 anos":"NÃO","8 anos":"NÃO","9 anos":"NÃO","10 anos":"NÃO","11 anos":"NÃO","12 anos":"NÃO","13 anos":"NÃO","14 anos":"NÃO","Ano":"2023","Fonte":"Secretaria Municipal de Educação - SME","SRC da camada":"EPSG:4326 - WGS 84","Codificação":"UTF-8"}},{"type":"Feature","id":"vw_ParqueEscolarMunicipal_2023.fid-5656ca56_19a5f394e75_6a08","geometry":{"type":"Point","coordinates":[-38.55012182,-3.78265997]},"geometry_name":"geom","properties":{"id":335,"fid":336,"Tipo":"CRP","Título":"CRECHE PARCEIRA","Nome":"IRMÃ GIULIANA GALLI","Seriação":"I-1,2","Faixa etária":"1 E 2 ANOS","Distrito":"4","Endereço":"RUA PADRE NÓBREGA, S/N","Bairro":"SERRINHA","Código do bairro":107,"CEP":"60741-410","Regional":"SER 8","INEP":23075341,"CODSGE":"522","6 mees":"NÃO","1 ano":"SIM","2 anos":"SIM","3 anos":"NÃO","4 anos":"NÃO","5 anos":"NÃO","6 anos":"NÃO","7 anos":"NÃO","8 anos":"NÃO","9 anos":"NÃO","10 anos":"NÃO","11 anos":"NÃO","12 anos":"NÃO","13 anos":"NÃO","14 anos":"NÃO","Ano":"2023","Fonte":"Secretaria Municipal de Educação - SME","SRC da camada":"EPSG:4326 - WGS 84","Codificação":"UTF-8"}},{"type":"Feature","id":"vw_ParqueEscolarMunicipal_2023.fid-5656ca56_19a5f394e75_6a09","geometry":{"type":"Point","coordinates":[-38.55817235,-3.83811734]},"geometry_name":"geom","properties":{"id":336,"fid":337,"Tipo":"CEI","Título":"CENTRO DE EDUCAÇÃO INFANTIL","Nome":"ROGACIANO LEITE","Seriação":"I-1,2,3","Faixa etária":"1 A 3 ANOS","Distrito":"4","Endereço":"AV. J, 1488","Bairro":"PREFEITO JOSÉ WALTER","Código do bairro":89,"CEP":"60750-090","Regional":"SER 8","INEP":23077131,"CODSGE":"381","6 mees":"NÃO","1 ano":"SIM","2 anos":"SIM","3 anos":"SIM","4 anos":"NÃO","5 anos":"NÃO","6 anos":"NÃO","7 anos":"NÃO","8 anos":"NÃO","9 anos":"NÃO","10 anos":"NÃO","11 anos":"NÃO","12 anos":"NÃO","13 anos":"NÃO","14 anos":"NÃO","Ano":"2023","Fonte":"Secretaria Municipal de Educação - SME","SRC da camada":"EPSG:4326 - WGS 84","Codificação":"UTF-8"}},{"type":"Feature","id":"vw_ParqueEscolarMunicipal_2023.fid-5656ca56_19a5f394e75_6a0a","geometry":{"type":"Point","coordinates":[-38.55718281,-3.8295692]},"geometry_name":"geom","properties":{"id":337,"fid":338,"Tipo":"CEI","Título":"CENTRO DE EDUCAÇÃO INFANTIL","Nome":"RACHEL DE QUEIROZ","Seriação":"I-1,2,3","Faixa etária":"1 A 3 ANOS","Distrito":"4","Endereço":"RUA 41, S/N","Bairro":"PREFEITO JOSÉ WALTER","Código do bairro":89,"CEP":"60750-550","Regional":"SER 8","INEP":23076798,"CODSGE":"458","6 mees":"NÃO","1 ano":"SIM","2 anos":"SIM","3 anos":"SIM","4 anos":"NÃO","5 anos":"NÃO","6 anos":"NÃO","7 anos":"NÃO","8 anos":"NÃO","9 anos":"NÃO","10 anos":"NÃO","11 anos":"NÃO","12 anos":"NÃO","13 anos":"NÃO","14 anos":"NÃO","Ano":"2023","Fonte":"Secretaria Municipal de Educação - SME","SRC da camada":"EPSG:4326 - WGS 84","Codificação":"UTF-8"}},{"type":"Feature","id":"vw_ParqueEscolarMunicipal_2023.fid-5656ca56_19a5f394e75_6a0b","geometry":{"type":"Point","coordinates":[-38.57036453,-3.83119685]},"geometry_name":"geom","properties":{"id":338,"fid":339,"Tipo":"CEI","Título":"CENTRO DE EDUCAÇÃO INFANTIL","Nome":"MARIA ZÉLIA CORREIA DE SOUZA","Seriação":"I-1,2,3","Faixa etária":"1 A 3 ANOS","Distrito":"4","Endereço":"RUA ANTÔNIO PEREIRA, 1495","Bairro":"PLANALTO AYRTON SENNA","Código do bairro":116,"CEP":"60766-295","Regional":"SER 8","INEP":23073772,"CODSGE":"406","6 mees":"NÃO","1 ano":"SIM","2 anos":"SIM","3 anos":"SIM","4 anos":"NÃO","5 anos":"NÃO","6 anos":"NÃO","7 anos":"NÃO","8 anos":"NÃO","9 anos":"NÃO","10 anos":"NÃO","11 anos":"NÃO","12 anos":"NÃO","13 anos":"NÃO","14 anos":"NÃO","Ano":"2023","Fonte":"Secretaria Municipal de Educação - SME","SRC da camada":"EPSG:4326 - WGS 84","Codificação":"UTF-8"}},{"type":"Feature","id":"vw_ParqueEscolarMunicipal_2023.fid-5656ca56_19a5f394e75_6a0c","geometry":{"type":"Point","coordinates":[-38.59022489,-3.82935371]},"geometry_name":"geom","properties":{"id":339,"fid":340,"Tipo":"CEI","Título":"CENTRO DE EDUCAÇÃO INFANTIL","Nome":"JOÃO HILDO DE CARVALHO FURTADO","Seriação":"I-1,2,3","Faixa etária":"1 A 3 ANOS","Distrito":"5","Endereço":"AV. C, S/N (CONJUNTO ARACAPÉ)","Bairro":"ARACAPÉ","Código do bairro":124,"CEP":"60765-052","Regional":"SER 10","INEP":23263130,"CODSGE":"420","6 mees":"NÃO","1 ano":"SIM","2 anos":"SIM","3 anos":"SIM","4 anos":"NÃO","5 anos":"NÃO","6 anos":"NÃO","7 anos":"NÃO","8 anos":"NÃO","9 anos":"NÃO","10 anos":"NÃO","11 anos":"NÃO","12 anos":"NÃO","13 anos":"NÃO","14 anos":"NÃO","Ano":"2023","Fonte":"Secretaria Municipal de Educação - SME","SRC da camada":"EPSG:4326 - WGS 84","Codificação":"UTF-8"}},{"type":"Feature","id":"vw_ParqueEscolarMunicipal_2023.fid-5656ca56_19a5f394e75_6a0d","geometry":{"type":"Point","coordinates":[-38.58106349,-3.82566951]},"geometry_name":"geom","properties":{"id":340,"fid":341,"Tipo":"CEI","Título":"CENTRO DE EDUCAÇÃO INFANTIL","Nome":"JONATHAN DA ROCHA ALCOFORADO","Seriação":"I-4,5","Faixa etária":"3 A 5 ANOS","Distrito":"5","Endereço":"RUA JACANAUBA, 89","Bairro":"MONDUBIM","Código do bairro":83,"CEP":"60764-492","Regional":"SER 10","INEP":23234067,"CODSGE":"439","6 mees":"NÃO","1 ano":"NÃO","2 anos":"NÃO","3 anos":"NÃO","4 anos":"SIM","5 anos":"SIM","6 anos":"NÃO","7 anos":"NÃO","8 anos":"NÃO","9 anos":"NÃO","10 anos":"NÃO","11 anos":"NÃO","12 anos":"NÃO","13 anos":"NÃO","14 anos":"NÃO","Ano":"2023","Fonte":"Secretaria Municipal de Educação - SME","SRC da camada":"EPSG:4326 - WGS 84","Codificação":"UTF-8"}},{"type":"Feature","id":"vw_ParqueEscolarMunicipal_2023.fid-5656ca56_19a5f394e75_6a0e","geometry":{"type":"Point","coordinates":[-38.56975589,-3.81759498]},"geometry_name":"geom","properties":{"id":341,"fid":342,"Tipo":"CEI","Título":"CENTRO DE EDUCAÇÃO INFANTIL","Nome":"PROFESSOR OSMÍRIO DE OLIVEIRA BARRETO","Seriação":"I-2,3,4","Faixa etária":"1 A 5 ANOS","Distrito":"5","Endereço":"RUA 10, S/N (CONJUNTO SÍTIO CÓRREGO)","Bairro":"MONDUBIM","Código do bairro":83,"CEP":"60752-110","Regional":"SER 10","INEP":23186690,"CODSGE":"461","6 mees":"NÃO","1 ano":"NÃO","2 anos":"SIM","3 anos":"SIM","4 anos":"SIM","5 anos":"NÃO","6 anos":"NÃO","7 anos":"NÃO","8 anos":"NÃO","9 anos":"NÃO","10 anos":"NÃO","11 anos":"NÃO","12 anos":"NÃO","13 anos":"NÃO","14 anos":"NÃO","Ano":"2023","Fonte":"Secretaria Municipal de Educação - SME","SRC da camada":"EPSG:4326 - WGS 84","Codificação":"UTF-8"}},{"type":"Feature","id":"vw_ParqueEscolarMunicipal_2023.fid-5656ca56_19a5f394e75_6a0f","geometry":{"type":"Point","coordinates":[-38.5805342,-3.81336204]},"geometry_name":"geom","properties":{"id":342,"fid":343,"Tipo":"CEI","Título":"CENTRO DE EDUCAÇÃO INFANTIL","Nome":"MARIA HERCÍLIA EVANGELISTA MARTINS","Seriação":"I-2,3,4","Faixa etária":"2 A 5 ANOS","Distrito":"5","Endereço":"RUA 03, 300 (LOTEAMENTO PARQUE SANTANA I)","Bairro":"MONDUBIM","Código do bairro":83,"CEP":"60767-630","Regional":"SER 10","INEP":23256990,"CODSGE":"402","6 mees":"NÃO","1 ano":"NÃO","2 anos":"SIM","3 anos":"SIM","4 anos":"SIM","5 anos":"SIM","6 anos":"NÃO","7 anos":"NÃO","8 anos":"NÃO","9 anos":"NÃO","10 anos":"NÃO","11 anos":"NÃO","12 anos":"NÃO","13 anos":"NÃO","14 anos":"NÃO","Ano":"2023","Fonte":"Secretaria Municipal de Educação - SME","SRC da camada":"EPSG:4326 - WGS 84","Codificação":"UTF-8"}},{"type":"Feature","id":"vw_ParqueEscolarMunicipal_2023.fid-5656ca56_19a5f394e75_6a10","geometry":{"type":"Point","coordinates":[-38.5692518,-3.80652965]},"geometry_name":"geom","properties":{"id":343,"fid":344,"Tipo":"CEI","Título":"CENTRO DE EDUCAÇÃO INFANTIL","Nome":"PROFESSOR JACINTO BOTELHO","Seriação":"I-2,3","Faixa etária":"2 E 3 ANOS","Distrito":"5","Endereço":"RUA CEL. MANOEL ALBANO, 288","Bairro":"MONDUBIM","Código do bairro":83,"CEP":"60711-465","Regional":"SER 10","INEP":23071435,"CODSGE":"492","6 mees":"NÃO","1 ano":"NÃO","2 anos":"SIM","3 anos":"SIM","4 anos":"NÃO","5 anos":"NÃO","6 anos":"NÃO","7 anos":"NÃO","8 anos":"NÃO","9 anos":"NÃO","10 anos":"NÃO","11 anos":"NÃO","12 anos":"NÃO","13 anos":"NÃO","14 anos":"NÃO","Ano":"2023","Fonte":"Secretaria Municipal de Educação - SME","SRC da camada":"EPSG:4326 - WGS 84","Codificação":"UTF-8"}},{"type":"Feature","id":"vw_ParqueEscolarMunicipal_2023.fid-5656ca56_19a5f394e75_6a11","geometry":{"type":"Point","coordinates":[-38.56212703,-3.79927383]},"geometry_name":"geom","properties":{"id":344,"fid":345,"Tipo":"CEI","Título":"CENTRO DE EDUCAÇÃO INFANTIL","Nome":"JOÃO ESTANISLAU FAÇANHA","Seriação":"I-2,3,4","Faixa etária":"1 A 5 ANOS","Distrito":"5","Endereço":"RUA HOLANDA, 870","Bairro":"JARDIM CEARENSE","Código do bairro":80,"CEP":"60712-165","Regional":"SER 10","INEP":23233842,"CODSGE":"384","6 mees":"NÃO","1 ano":"NÃO","2 anos":"SIM","3 anos":"SIM","4 anos":"SIM","5 anos":"NÃO","6 anos":"NÃO","7 anos":"NÃO","8 anos":"NÃO","9 anos":"NÃO","10 anos":"NÃO","11 anos":"NÃO","12 anos":"NÃO","13 anos":"NÃO","14 anos":"NÃO","Ano":"2023","Fonte":"Secretaria Municipal de Educação - SME","SRC da camada":"EPSG:4326 - WGS 84","Codificação":"UTF-8"}},{"type":"Feature","id":"vw_ParqueEscolarMunicipal_2023.fid-5656ca56_19a5f394e75_6a12","geometry":{"type":"Point","coordinates":[-38.55950657,-3.77771381]},"geometry_name":"geom","properties":{"id":345,"fid":346,"Tipo":"CEI","Título":"CENTRO DE EDUCAÇÃO INFANTIL","Nome":"ALGODÃO DOCE","Seriação":"I-2,3","Faixa etária":"2 E 3 ANOS","Distrito":"4","Endereço":"RUA JOSÉ QUEIROZ PORTO, 25","Bairro":"PARANGABA","Código do bairro":105,"CEP":"60740-120","Regional":"SER 4","INEP":23072563,"CODSGE":"394","6 mees":"NÃO","1 ano":"NÃO","2 anos":"SIM","3 anos":"SIM","4 anos":"NÃO","5 anos":"NÃO","6 anos":"NÃO","7 anos":"NÃO","8 anos":"NÃO","9 anos":"NÃO","10 anos":"NÃO","11 anos":"NÃO","12 anos":"NÃO","13 anos":"NÃO","14 anos":"NÃO","Ano":"2023","Fonte":"Secretaria Municipal de Educação - SME","SRC da camada":"EPSG:4326 - WGS 84","Codificação":"UTF-8"}},{"type":"Feature","id":"vw_ParqueEscolarMunicipal_2023.fid-5656ca56_19a5f394e75_6a13","geometry":{"type":"Point","coordinates":[-38.55384355,-3.79419792]},"geometry_name":"geom","properties":{"id":346,"fid":347,"Tipo":"CEI","Título":"CENTRO DE EDUCAÇÃO INFANTIL","Nome":"PROJETO NASCENTE","Seriação":"I-1,2,3","Faixa etária":"1 A 3 ANOS","Distrito":"4","Endereço":"RUA BETEL, S/N","Bairro":"RACHEL DE QUEIROZ","Código do bairro":77,"CEP":"60714-612","Regional":"SER 8","INEP":23075074,"CODSGE":"413","6 mees":"NÃO","1 ano":"SIM","2 anos":"SIM","3 anos":"SIM","4 anos":"NÃO","5 anos":"NÃO","6 anos":"NÃO","7 anos":"NÃO","8 anos":"NÃO","9 anos":"NÃO","10 anos":"NÃO","11 anos":"NÃO","12 anos":"NÃO","13 anos":"NÃO","14 anos":"NÃO","Ano":"2023","Fonte":"Secretaria Municipal de Educação - SME","SRC da camada":"EPSG:4326 - WGS 84","Codificação":"UTF-8"}},{"type":"Feature","id":"vw_ParqueEscolarMunicipal_2023.fid-5656ca56_19a5f394e75_6a14","geometry":{"type":"Point","coordinates":[-38.56152296,-3.78236418]},"geometry_name":"geom","properties":{"id":347,"fid":348,"Tipo":"CEI","Título":"CENTRO DE EDUCAÇÃO INFANTIL","Nome":"PADRE MARCELINO ZANELLA","Seriação":"I-2,3,4","Faixa etária":"2 A 5 ANOS","Distrito":"4","Endereço":"RUA INGLATERRA, 222","Bairro":"ITAPERI","Código do bairro":100,"CEP":"60714-150","Regional":"SER 8","INEP":23078030,"CODSGE":"491","6 mees":"NÃO","1 ano":"NÃO","2 anos":"SIM","3 anos":"SIM","4 anos":"SIM","5 anos":"SIM","6 anos":"NÃO","7 anos":"NÃO","8 anos":"NÃO","9 anos":"NÃO","10 anos":"NÃO","11 anos":"NÃO","12 anos":"NÃO","13 anos":"NÃO","14 anos":"NÃO","Ano":"2023","Fonte":"Secretaria Municipal de Educação - SME","SRC da camada":"EPSG:4326 - WGS 84","Codificação":"UTF-8"}},{"type":"Feature","id":"vw_ParqueEscolarMunicipal_2023.fid-5656ca56_19a5f394e75_6a15","geometry":{"type":"Point","coordinates":[-38.53791578,-3.79209876]},"geometry_name":"geom","properties":{"id":348,"fid":349,"Tipo":"CEI","Título":"CENTRO DE EDUCAÇÃO INFANTIL","Nome":"MARIA DE CARVALHO MARTINS","Seriação":"I-2,3","Faixa etária":"2 E 3 ANOS","Distrito":"4","Endereço":"RUA GIRASSOL, 649","Bairro":"ITAPERI","Código do bairro":100,"CEP":"60714-445","Regional":"SER 8","INEP":23234423,"CODSGE":"464","6 mees":"NÃO","1 ano":"NÃO","2 anos":"SIM","3 anos":"SIM","4 anos":"NÃO","5 anos":"NÃO","6 anos":"NÃO","7 anos":"NÃO","8 anos":"NÃO","9 anos":"NÃO","10 anos":"NÃO","11 anos":"NÃO","12 anos":"NÃO","13 anos":"NÃO","14 anos":"NÃO","Ano":"2023","Fonte":"Secretaria Municipal de Educação - SME","SRC da camada":"EPSG:4326 - WGS 84","Codificação":"UTF-8"}},{"type":"Feature","id":"vw_ParqueEscolarMunicipal_2023.fid-5656ca56_19a5f394e75_6a16","geometry":{"type":"Point","coordinates":[-38.54261848,-3.78269906]},"geometry_name":"geom","properties":{"id":349,"fid":350,"Tipo":"CEI","Título":"CENTRO DE EDUCAÇÃO INFANTIL","Nome":"MARCOS VALENTIM PEREIRA DE SOUZA","Seriação":"I-2,3","Faixa etária":"2 E 3 ANOS","Distrito":"4","Endereço":"RUA FREIRE ALEMÃO, 91","Bairro":"SERRINHA","Código do bairro":107,"CEP":"60742-110","Regional":"SER 8","INEP":23198486,"CODSGE":"465","6 mees":"NÃO","1 ano":"NÃO","2 anos":"SIM","3 anos":"SIM","4 anos":"NÃO","5 anos":"NÃO","6 anos":"NÃO","7 anos":"NÃO","8 anos":"NÃO","9 anos":"NÃO","10 anos":"NÃO","11 anos":"NÃO","12 anos":"NÃO","13 anos":"NÃO","14 anos":"NÃO","Ano":"2023","Fonte":"Secretaria Municipal de Educação - SME","SRC da camada":"EPSG:4326 - WGS 84","Codificação":"UTF-8"}},{"type":"Feature","id":"vw_ParqueEscolarMunicipal_2023.fid-5656ca56_19a5f394e75_6a17","geometry":{"type":"Point","coordinates":[-38.56313899,-3.76440194]},"geometry_name":"geom","properties":{"id":350,"fid":351,"Tipo":"CEI","Título":"CENTRO DE EDUCAÇÃO INFANTIL","Nome":"PAULO SARASATE","Seriação":"I-2,3","Faixa etária":"2 E 3 ANOS","Distrito":"3","Endereço":"RUA PEDRO MUNIZ, 250","Bairro":"DEMÓCRITO ROCHA","Código do bairro":96,"CEP":"60440-060","Regional":"SER 11","INEP":23075856,"CODSGE":"395","6 mees":"NÃO","1 ano":"NÃO","2 anos":"SIM","3 anos":"SIM","4 anos":"NÃO","5 anos":"NÃO","6 anos":"NÃO","7 anos":"NÃO","8 anos":"NÃO","9 anos":"NÃO","10 anos":"NÃO","11 anos":"NÃO","12 anos":"NÃO","13 anos":"NÃO","14 anos":"NÃO","Ano":"2023","Fonte":"Secretaria Municipal de Educação - SME","SRC da camada":"EPSG:4326 - WGS 84","Codificação":"UTF-8"}},{"type":"Feature","id":"vw_ParqueEscolarMunicipal_2023.fid-5656ca56_19a5f394e75_6a18","geometry":{"type":"Point","coordinates":[-38.56573764,-3.75748077]},"geometry_name":"geom","properties":{"id":351,"fid":352,"Tipo":"CEI","Título":"CENTRO DE EDUCAÇÃO INFANTIL","Nome":"JOSÉ BATISTA DE OLIVEIRA","Seriação":"I-2,3","Faixa etária":"2 E 3 ANOS","Distrito":"3","Endereço":"RUA MINAS GERAIS, S/N","Bairro":"PANAMERICANO","Código do bairro":104,"CEP":"60441-035","Regional":"SER 11","INEP":23234407,"CODSGE":"423","6 mees":"NÃO","1 ano":"NÃO","2 anos":"SIM","3 anos":"SIM","4 anos":"NÃO","5 anos":"NÃO","6 anos":"NÃO","7 anos":"NÃO","8 anos":"NÃO","9 anos":"NÃO","10 anos":"NÃO","11 anos":"NÃO","12 anos":"NÃO","13 anos":"NÃO","14 anos":"NÃO","Ano":"2023","Fonte":"Secretaria Municipal de Educação - SME","SRC da camada":"EPSG:4326 - WGS 84","Codificação":"UTF-8"}},{"type":"Feature","id":"vw_ParqueEscolarMunicipal_2023.fid-5656ca56_19a5f394e75_6a19","geometry":{"type":"Point","coordinates":[-38.55491794,-3.76186721]},"geometry_name":"geom","properties":{"id":352,"fid":353,"Tipo":"CEI","Título":"CENTRO DE EDUCAÇÃO INFANTIL","Nome":"VICENTE FIALHO","Seriação":"I-2,3","Faixa etária":"2 E 3 ANOS","Distrito":"4","Endereço":"RUA IRMÃ BAZET, 193","Bairro":"MONTESE","Código do bairro":103,"CEP":"60420-670","Regional":"SER 4","INEP":23078413,"CODSGE":"424","6 mees":"NÃO","1 ano":"NÃO","2 anos":"SIM","3 anos":"SIM","4 anos":"NÃO","5 anos":"NÃO","6 anos":"NÃO","7 anos":"NÃO","8 anos":"NÃO","9 anos":"NÃO","10 anos":"NÃO","11 anos":"NÃO","12 anos":"NÃO","13 anos":"NÃO","14 anos":"NÃO","Ano":"2023","Fonte":"Secretaria Municipal de Educação - SME","SRC da camada":"EPSG:4326 - WGS 84","Codificação":"UTF-8"}},{"type":"Feature","id":"vw_ParqueEscolarMunicipal_2023.fid-5656ca56_19a5f394e75_6a1a","geometry":{"type":"Point","coordinates":[-38.53617295,-3.7664316]},"geometry_name":"geom","properties":{"id":353,"fid":354,"Tipo":"CEI","Título":"CENTRO DE EDUCAÇÃO INFANTIL","Nome":"TEODORICO BARROSO","Seriação":"I-1,2,3","Faixa etária":"1 A 3 ANOS","Distrito":"4","Endereço":"RUA HELVÉCIO MONTE, 751","Bairro":"VILA UNIÃO","Código do bairro":109,"CEP":"60420-040","Regional":"SER 4","INEP":23071990,"CODSGE":"421","6 mees":"NÃO","1 ano":"SIM","2 anos":"SIM","3 anos":"SIM","4 anos":"NÃO","5 anos":"NÃO","6 anos":"NÃO","7 anos":"NÃO","8 anos":"NÃO","9 anos":"NÃO","10 anos":"NÃO","11 anos":"NÃO","12 anos":"NÃO","13 anos":"NÃO","14 anos":"NÃO","Ano":"2023","Fonte":"Secretaria Municipal de Educação - SME","SRC da camada":"EPSG:4326 - WGS 84","Codificação":"UTF-8"}},{"type":"Feature","id":"vw_ParqueEscolarMunicipal_2023.fid-5656ca56_19a5f394e75_6a1b","geometry":{"type":"Point","coordinates":[-38.53447068,-3.7633539]},"geometry_name":"geom","properties":{"id":354,"fid":355,"Tipo":"CEI","Título":"CENTRO DE EDUCAÇÃO INFANTIL","Nome":"PAPA JOÃO XXIII","Seriação":"I-1,2,3","Faixa etária":"1 A 3 ANOS","Distrito":"4","Endereço":"RUA TREZE DE ABRIL, 595 A","Bairro":"VILA UNIÃO","Código do bairro":109,"CEP":"60411-055","Regional":"SER 4","INEP":23071990,"CODSGE":"422","6 mees":"NÃO","1 ano":"SIM","2 anos":"SIM","3 anos":"SIM","4 anos":"NÃO","5 anos":"NÃO","6 anos":"NÃO","7 anos":"NÃO","8 anos":"NÃO","9 anos":"NÃO","10 anos":"NÃO","11 anos":"NÃO","12 anos":"NÃO","13 anos":"NÃO","14 anos":"NÃO","Ano":"2023","Fonte":"Secretaria Municipal de Educação - SME","SRC da camada":"EPSG:4326 - WGS 84","Codificação":"UTF-8"}},{"type":"Feature","id":"vw_ParqueEscolarMunicipal_2023.fid-5656ca56_19a5f394e75_6a1c","geometry":{"type":"Point","coordinates":[-38.52092556,-3.7593987]},"geometry_name":"geom","properties":{"id":355,"fid":356,"Tipo":"CEI","Título":"CENTRO DE EDUCAÇÃO INFANTIL","Nome":"MADRE TERESA DE CALCUTÁ","Seriação":"I-1,2,3","Faixa etária":"1 A 5 ANOS","Distrito":"4","Endereço":"RUA CAPITÃO BATISTA, S/N","Bairro":"FÁTIMA","Código do bairro":16,"CEP":"60415-255","Regional":"SER 4","INEP":23186950,"CODSGE":"415","6 mees":"NÃO","1 ano":"SIM","2 anos":"SIM","3 anos":"SIM","4 anos":"SIM","5 anos":"SIM","6 anos":"NÃO","7 anos":"NÃO","8 anos":"NÃO","9 anos":"NÃO","10 anos":"NÃO","11 anos":"NÃO","12 anos":"NÃO","13 anos":"NÃO","14 anos":"NÃO","Ano":"2023","Fonte":"Secretaria Municipal de Educação - SME","SRC da camada":"EPSG:4326 - WGS 84","Codificação":"UTF-8"}},{"type":"Feature","id":"vw_ParqueEscolarMunicipal_2023.fid-5656ca56_19a5f394e75_6a1d","geometry":{"type":"Point","coordinates":[-38.5386399,-3.75258105]},"geometry_name":"geom","properties":{"id":356,"fid":357,"Tipo":"CEI","Título":"CENTRO DE EDUCAÇÃO INFANTIL","Nome":"FILGUEIRAS LIMA","Seriação":"I-1,2,3","Faixa etária":"1 A 3 ANOS","Distrito":"4","Endereço":"RUA MAJOR WEYNE, 100","Bairro":"JARDIM AMÉRICA","Código do bairro":19,"CEP":"60415-730","Regional":"SER 4","INEP":23070250,"CODSGE":"476","6 mees":"NÃO","1 ano":"SIM","2 anos":"SIM","3 anos":"SIM","4 anos":"NÃO","5 anos":"NÃO","6 anos":"NÃO","7 anos":"NÃO","8 anos":"NÃO","9 anos":"NÃO","10 anos":"NÃO","11 anos":"NÃO","12 anos":"NÃO","13 anos":"NÃO","14 anos":"NÃO","Ano":"2023","Fonte":"Secretaria Municipal de Educação - SME","SRC da camada":"EPSG:4326 - WGS 84","Codificação":"UTF-8"}},{"type":"Feature","id":"vw_ParqueEscolarMunicipal_2023.fid-5656ca56_19a5f394e75_6a1e","geometry":{"type":"Point","coordinates":[-38.5786454,-3.81428881]},"geometry_name":"geom","properties":{"id":357,"fid":358,"Tipo":"ANE","Título":"ESCOLA MUNICIPAL","Nome":"ROSA AMARO CAVALCANTE UNID II","Seriação":"I-5/F-1,2,3","Faixa etária":"5 A 8 ANOS","Distrito":"5","Endereço":"RUA 01, 1169 (PARQUE SANTANA I)","Bairro":"MONDUBIM","Código do bairro":83,"CEP":"60767-725","Regional":"SER 10","INEP":23256990,"CODSGE":"403","6 mees":"NÃO","1 ano":"NÃO","2 anos":"NÃO","3 anos":"NÃO","4 anos":"NÃO","5 anos":"SIM","6 anos":"SIM","7 anos":"SIM","8 anos":"SIM","9 anos":"NÃO","10 anos":"NÃO","11 anos":"NÃO","12 anos":"NÃO","13 anos":"NÃO","14 anos":"NÃO","Ano":"2023","Fonte":"Secretaria Municipal de Educação - SME","SRC da camada":"EPSG:4326 - WGS 84","Codificação":"UTF-8"}},{"type":"Feature","id":"vw_ParqueEscolarMunicipal_2023.fid-5656ca56_19a5f394e75_6a1f","geometry":{"type":"Point","coordinates":[-38.52316329,-3.758959]},"geometry_name":"geom","properties":{"id":358,"fid":359,"Tipo":"ANE","Título":"ESCOLA MUNICIPAL","Nome":"DOM MANOEL DA SILVA GOMES UNID II","Seriação":"F-1,2,3,4,5,6","Faixa etária":"6 A 11 ANOS","Distrito":"4","Endereço":"AV. AGUANAMBI, 2479","Bairro":"AEROPORTO","Código do bairro":92,"CEP":"60415-390","Regional":"SER 4","INEP":23073934,"CODSGE":"386","6 mees":"NÃO","1 ano":"NÃO","2 anos":"NÃO","3 anos":"NÃO","4 anos":"NÃO","5 anos":"NÃO","6 anos":"SIM","7 anos":"SIM","8 anos":"SIM","9 anos":"SIM","10 anos":"SIM","11 anos":"SIM","12 anos":"NÃO","13 anos":"NÃO","14 anos":"NÃO","Ano":"2023","Fonte":"Secretaria Municipal de Educação - SME","SRC da camada":"EPSG:4326 - WGS 84","Codificação":"UTF-8"}},{"type":"Feature","id":"vw_ParqueEscolarMunicipal_2023.fid-5656ca56_19a5f394e75_6a20","geometry":{"type":"Point","coordinates":[-38.56005563,-3.80162873]},"geometry_name":"geom","properties":{"id":359,"fid":360,"Tipo":"CEI","Título":"CENTRO DE EDUCAÇÃO INFANTIL","Nome":"AUGUSTO PONTES","Seriação":"I-1,2,3","Faixa etária":"1 A 5 ANOS","Distrito":"4","Endereço":"RUA HOLANDA, S/N","Bairro":"RACHEL DE QUEIROZ","Código do bairro":77,"CEP":"60712-165","Regional":"SER 8","INEP":23075074,"CODSGE":"833","6 mees":"NÃO","1 ano":"SIM","2 anos":"SIM","3 anos":"SIM","4 anos":"SIM","5 anos":"SIM","6 anos":"NÃO","7 anos":"NÃO","8 anos":"NÃO","9 anos":"NÃO","10 anos":"NÃO","11 anos":"NÃO","12 anos":"NÃO","13 anos":"NÃO","14 anos":"NÃO","Ano":"2023","Fonte":"Secretaria Municipal de Educação - SME","SRC da camada":"EPSG:4326 - WGS 84","Codificação":"UTF-8"}},{"type":"Feature","id":"vw_ParqueEscolarMunicipal_2023.fid-5656ca56_19a5f394e75_6a21","geometry":{"type":"Point","coordinates":[-38.56174777,-3.81250901]},"geometry_name":"geom","properties":{"id":360,"fid":169,"Tipo":"CRP","Título":"CRECHE PARCEIRA","Nome":"CRIANÇA FELIZ II","Seriação":"I-1,2,3","Faixa etária":"1 A 3 ANOS","Distrito":"5","Endereço":"RUA FRIÉZIO BARROSO, 800","Bairro":"MONDUBIM","Código do bairro":83,"CEP":"60761-570","Regional":"SER 10","INEP":23280301,"CODSGE":"786","6 mees":"NÃO","1 ano":"SIM","2 anos":"SIM","3 anos":"SIM","4 anos":"NÃO","5 anos":"NÃO","6 anos":"NÃO","7 anos":"NÃO","8 anos":"NÃO","9 anos":"NÃO","10 anos":"NÃO","11 anos":"NÃO","12 anos":"NÃO","13 anos":"NÃO","14 anos":"NÃO","Ano":"2023","Fonte":"Secretaria Municipal de Educação - SME","SRC da camada":"EPSG:4326 - WGS 84","Codificação":"UTF-8"}},{"type":"Feature","id":"vw_ParqueEscolarMunicipal_2023.fid-5656ca56_19a5f394e75_6a22","geometry":{"type":"Point","coordinates":[-38.53783061,-3.75089842]},"geometry_name":"geom","properties":{"id":361,"fid":361,"Tipo":"CEI","Título":"CENTRO DE EDUCAÇÃO INFANTIL","Nome":"FILGUEIRAS LIMA UNID II","Seriação":"I-1,2,3","Faixa etária":"1 A 4 ANOS","Distrito":"4","Endereço":"TRAV. NOVA AURORA, 96","Bairro":"JARDIM AMÉRICA","Código do bairro":19,"CEP":"60410-470","Regional":"SER 4","INEP":23070250,"CODSGE":"782","6 mees":"NÃO","1 ano":"SIM","2 anos":"SIM","3 anos":"SIM","4 anos":"SIM","5 anos":"NÃO","6 anos":"NÃO","7 anos":"NÃO","8 anos":"NÃO","9 anos":"NÃO","10 anos":"NÃO","11 anos":"NÃO","12 anos":"NÃO","13 anos":"NÃO","14 anos":"NÃO","Ano":"2023","Fonte":"Secretaria Municipal de Educação - SME","SRC da camada":"EPSG:4326 - WGS 84","Codificação":"UTF-8"}},{"type":"Feature","id":"vw_ParqueEscolarMunicipal_2023.fid-5656ca56_19a5f394e75_6a23","geometry":{"type":"Point","coordinates":[-38.571368,-3.83957331]},"geometry_name":"geom","properties":{"id":362,"fid":362,"Tipo":"EMTI","Título":"ESCOLA MUNICIPAL DE TEMPO INTEGRAL","Nome":"PROFESSOR EDGAR LINHARES LIMA","Seriação":"F-6,7,8,9","Faixa etária":"11 A 14 ANOS","Distrito":"4","Endereço":"RUA SANTA RITA, S/N","Bairro":"PLANALTO AYRTON SENNA","Código do bairro":116,"CEP":"60760-675","Regional":"SER 8","INEP":23259540,"CODSGE":"768","6 mees":"NÃO","1 ano":"NÃO","2 anos":"NÃO","3 anos":"NÃO","4 anos":"NÃO","5 anos":"NÃO","6 anos":"NÃO","7 anos":"NÃO","8 anos":"NÃO","9 anos":"NÃO","10 anos":"NÃO","11 anos":"SIM","12 anos":"SIM","13 anos":"SIM","14 anos":"SIM","Ano":"2023","Fonte":"Secretaria Municipal de Educação - SME","SRC da camada":"EPSG:4326 - WGS 84","Codificação":"UTF-8"}},{"type":"Feature","id":"vw_ParqueEscolarMunicipal_2023.fid-5656ca56_19a5f394e75_6a24","geometry":{"type":"Point","coordinates":[-38.55934956,-3.84086703]},"geometry_name":"geom","properties":{"id":363,"fid":363,"Tipo":"EMTP","Título":"ESCOLA MUNICIPAL","Nome":"ARI DE SÁ CAVALCANTE","Seriação":"F-1,2,3,4,5,6,7,8,9","Faixa etária":"6 A 14 ANOS","Distrito":"4","Endereço":"AV. H, 430","Bairro":"PREFEITO JOSÉ WALTER","Código do bairro":89,"CEP":"60750-070","Regional":"SER 8","INEP":23065621,"CODSGE":"178","6 mees":"NÃO","1 ano":"NÃO","2 anos":"NÃO","3 anos":"NÃO","4 anos":"NÃO","5 anos":"NÃO","6 anos":"SIM","7 anos":"SIM","8 anos":"SIM","9 anos":"SIM","10 anos":"SIM","11 anos":"SIM","12 anos":"SIM","13 anos":"SIM","14 anos":"SIM","Ano":"2023","Fonte":"Secretaria Municipal de Educação - SME","SRC da camada":"EPSG:4326 - WGS 84","Codificação":"UTF-8"}},{"type":"Feature","id":"vw_ParqueEscolarMunicipal_2023.fid-5656ca56_19a5f394e75_6a25","geometry":{"type":"Point","coordinates":[-38.55401144,-3.82333876]},"geometry_name":"geom","properties":{"id":364,"fid":364,"Tipo":"CRP","Título":"CRECHE PARCEIRA","Nome":"AMANHECER FELIZ","Seriação":"I-1,2,3","Faixa etária":"1 A 3 ANOS","Distrito":"4","Endereço":"AV. K, 50","Bairro":"PREFEITO JOSÉ WALTER","Código do bairro":89,"CEP":"60750-100","Regional":"SER 8","INEP":23279826,"CODSGE":"748","6 mees":"NÃO","1 ano":"SIM","2 anos":"SIM","3 anos":"SIM","4 anos":"NÃO","5 anos":"NÃO","6 anos":"NÃO","7 anos":"NÃO","8 anos":"NÃO","9 anos":"NÃO","10 anos":"NÃO","11 anos":"NÃO","12 anos":"NÃO","13 anos":"NÃO","14 anos":"NÃO","Ano":"2023","Fonte":"Secretaria Municipal de Educação - SME","SRC da camada":"EPSG:4326 - WGS 84","Codificação":"UTF-8"}},{"type":"Feature","id":"vw_ParqueEscolarMunicipal_2023.fid-5656ca56_19a5f394e75_6a26","geometry":{"type":"Point","coordinates":[-38.58784409,-3.80884393]},"geometry_name":"geom","properties":{"id":365,"fid":365,"Tipo":"CRP","Título":"CRECHE PARCEIRA","Nome":"FELIZ AMANHECER","Seriação":"I-1,2,3","Faixa etária":"1 A 3 ANOS","Distrito":"5","Endereço":"RUA 106, 100","Bairro":"NOVO MONDUBIM","Código do bairro":121,"CEP":"60764-290","Regional":"SER 10","INEP":23279869,"CODSGE":"749","6 mees":"NÃO","1 ano":"SIM","2 anos":"SIM","3 anos":"SIM","4 anos":"NÃO","5 anos":"NÃO","6 anos":"NÃO","7 anos":"NÃO","8 anos":"NÃO","9 anos":"NÃO","10 anos":"NÃO","11 anos":"NÃO","12 anos":"NÃO","13 anos":"NÃO","14 anos":"NÃO","Ano":"2023","Fonte":"Secretaria Municipal de Educação - SME","SRC da camada":"EPSG:4326 - WGS 84","Codificação":"UTF-8"}},{"type":"Feature","id":"vw_ParqueEscolarMunicipal_2023.fid-5656ca56_19a5f394e75_6a27","geometry":{"type":"Point","coordinates":[-38.53481727,-3.79039691]},"geometry_name":"geom","properties":{"id":366,"fid":366,"Tipo":"CEI","Título":"CENTRO DE EDUCAÇÃO INFANTIL","Nome":"MARIA DE CARVALHO MARTINS UNID II","Seriação":"I-1,2,3","Faixa etária":"1 A 3 ANOS","Distrito":"4","Endereço":"RUA VI, S/N (CONJUNTO OITO DE SETEMBRO)","Bairro":"SERRINHA","Código do bairro":107,"CEP":"60744-870","Regional":"SER 8","INEP":23234423,"CODSGE":"622","6 mees":"NÃO","1 ano":"SIM","2 anos":"SIM","3 anos":"SIM","4 anos":"NÃO","5 anos":"NÃO","6 anos":"NÃO","7 anos":"NÃO","8 anos":"NÃO","9 anos":"NÃO","10 anos":"NÃO","11 anos":"NÃO","12 anos":"NÃO","13 anos":"NÃO","14 anos":"NÃO","Ano":"2023","Fonte":"Secretaria Municipal de Educação - SME","SRC da camada":"EPSG:4326 - WGS 84","Codificação":"UTF-8"}},{"type":"Feature","id":"vw_ParqueEscolarMunicipal_2023.fid-5656ca56_19a5f394e75_6a28","geometry":{"type":"Point","coordinates":[-38.59322877,-3.8068093]},"geometry_name":"geom","properties":{"id":367,"fid":367,"Tipo":"EMTP","Título":"ESCOLA MUNICIPAL","Nome":"MARIETA GUEDES MARTINS","Seriação":"F-6,7,8,9","Faixa etária":"11 A 14 ANOS","Distrito":"5","Endereço":"AV. CÔNEGO DE CASTRO, 4701","Bairro":"NOVO MONDUBIM","Código do bairro":121,"CEP":"60764-205","Regional":"SER 10","INEP":23074086,"CODSGE":"323","6 mees":"NÃO","1 ano":"NÃO","2 anos":"NÃO","3 anos":"NÃO","4 anos":"NÃO","5 anos":"NÃO","6 anos":"NÃO","7 anos":"NÃO","8 anos":"NÃO","9 anos":"NÃO","10 anos":"NÃO","11 anos":"SIM","12 anos":"SIM","13 anos":"SIM","14 anos":"SIM","Ano":"2023","Fonte":"Secretaria Municipal de Educação - SME","SRC da camada":"EPSG:4326 - WGS 84","Codificação":"UTF-8"}},{"type":"Feature","id":"vw_ParqueEscolarMunicipal_2023.fid-5656ca56_19a5f394e75_6a29","geometry":{"type":"Point","coordinates":[-38.58757947,-3.80767446]},"geometry_name":"geom","properties":{"id":368,"fid":368,"Tipo":"EMTP","Título":"ESCOLA MUNICIPAL","Nome":"MARIA BEZERRA QUEVEDO","Seriação":"I-5/F-1,2,3,4,5","Faixa etária":"5 A 10 ANOS","Distrito":"5","Endereço":"RUA 103, 28 (CONJUNTO NOVO MONDUBIM)","Bairro":"NOVO MONDUBIM","Código do bairro":121,"CEP":"60764-260","Regional":"SER 10","INEP":23257300,"CODSGE":"266","6 mees":"NÃO","1 ano":"NÃO","2 anos":"NÃO","3 anos":"NÃO","4 anos":"NÃO","5 anos":"SIM","6 anos":"SIM","7 anos":"SIM","8 anos":"SIM","9 anos":"SIM","10 anos":"SIM","11 anos":"NÃO","12 anos":"NÃO","13 anos":"NÃO","14 anos":"NÃO","Ano":"2023","Fonte":"Secretaria Municipal de Educação - SME","SRC da camada":"EPSG:4326 - WGS 84","Codificação":"UTF-8"}},{"type":"Feature","id":"vw_ParqueEscolarMunicipal_2023.fid-5656ca56_19a5f394e75_6a2a","geometry":{"type":"Point","coordinates":[-38.58560019,-3.80390674]},"geometry_name":"geom","properties":{"id":369,"fid":369,"Tipo":"EMTP","Título":"ESCOLA MUNICIPAL","Nome":"HILZA DIOGO CALS","Seriação":"I-4,5/F-1,2","Faixa etária":"4 A 7 ANOS","Distrito":"5","Endereço":"AV. WALDIR DIOGO, 850","Bairro":"NOVO MONDUBIM","Código do bairro":121,"CEP":"60764-020","Regional":"SER 10","INEP":23257105,"CODSGE":"211","6 mees":"NÃO","1 ano":"NÃO","2 anos":"NÃO","3 anos":"NÃO","4 anos":"SIM","5 anos":"SIM","6 anos":"SIM","7 anos":"SIM","8 anos":"NÃO","9 anos":"NÃO","10 anos":"NÃO","11 anos":"NÃO","12 anos":"NÃO","13 anos":"NÃO","14 anos":"NÃO","Ano":"2023","Fonte":"Secretaria Municipal de Educação - SME","SRC da camada":"EPSG:4326 - WGS 84","Codificação":"UTF-8"}},{"type":"Feature","id":"vw_ParqueEscolarMunicipal_2023.fid-5656ca56_19a5f394e75_6a2b","geometry":{"type":"Point","coordinates":[-38.58456211,-3.81106905]},"geometry_name":"geom","properties":{"id":370,"fid":370,"Tipo":"EMTP","Título":"ESCOLA MUNICIPAL","Nome":"ROSA AMARO CAVALCANTE","Seriação":"F-1,2,3,4","Faixa etária":"6 A 9 ANOS","Distrito":"5","Endereço":"RUA ALFREDO MAMEDE, 1064","Bairro":"NOVO MONDUBIM","Código do bairro":121,"CEP":"60763-425","Regional":"SER 10","INEP":23256990,"CODSGE":"247","6 mees":"NÃO","1 ano":"NÃO","2 anos":"NÃO","3 anos":"NÃO","4 anos":"NÃO","5 anos":"NÃO","6 anos":"SIM","7 anos":"SIM","8 anos":"SIM","9 anos":"SIM","10 anos":"NÃO","11 anos":"NÃO","12 anos":"NÃO","13 anos":"NÃO","14 anos":"NÃO","Ano":"2023","Fonte":"Secretaria Municipal de Educação - SME","SRC da camada":"EPSG:4326 - WGS 84","Codificação":"UTF-8"}},{"type":"Feature","id":"vw_ParqueEscolarMunicipal_2023.fid-5656ca56_19a5f394e75_6a2c","geometry":{"type":"Point","coordinates":[-38.58406555,-3.81095202]},"geometry_name":"geom","properties":{"id":371,"fid":371,"Tipo":"EMTP","Título":"ESCOLA MUNICIPAL","Nome":"JOSÉ AYRTON TEIXEIRA","Seriação":"F-6,7,8,9","Faixa etária":"11 A 14 ANOS","Distrito":"5","Endereço":"RUA ALFREDO MAMEDE, S/N","Bairro":"NOVO MONDUBIM","Código do bairro":121,"CEP":"60763-806","Regional":"SER 10","INEP":23072202,"CODSGE":"227","6 mees":"NÃO","1 ano":"NÃO","2 anos":"NÃO","3 anos":"NÃO","4 anos":"NÃO","5 anos":"NÃO","6 anos":"NÃO","7 anos":"NÃO","8 anos":"NÃO","9 anos":"NÃO","10 anos":"NÃO","11 anos":"SIM","12 anos":"SIM","13 anos":"SIM","14 anos":"SIM","Ano":"2023","Fonte":"Secretaria Municipal de Educação - SME","SRC da camada":"EPSG:4326 - WGS 84","Codificação":"UTF-8"}},{"type":"Feature","id":"vw_ParqueEscolarMunicipal_2023.fid-5656ca56_19a5f394e75_6a2d","geometry":{"type":"Point","coordinates":[-38.58767934,-3.808954]},"geometry_name":"geom","properties":{"id":372,"fid":372,"Tipo":"CEI","Título":"CENTRO DE EDUCAÇÃO INFANTIL","Nome":"MARIA BEZERRA QUEVEDO","Seriação":"I-3,4","Faixa etária":"3 E 4 ANOS","Distrito":"5","Endereço":"RUA 106, 114 (CONJUNTO NOVO MONDUBIM)","Bairro":"NOVO MONDUBIM","Código do bairro":121,"CEP":"60764-290","Regional":"SER 10","INEP":23257300,"CODSGE":"378","6 mees":"NÃO","1 ano":"NÃO","2 anos":"NÃO","3 anos":"SIM","4 anos":"SIM","5 anos":"NÃO","6 anos":"NÃO","7 anos":"NÃO","8 anos":"NÃO","9 anos":"NÃO","10 anos":"NÃO","11 anos":"NÃO","12 anos":"NÃO","13 anos":"NÃO","14 anos":"NÃO","Ano":"2023","Fonte":"Secretaria Municipal de Educação - SME","SRC da camada":"EPSG:4326 - WGS 84","Codificação":"UTF-8"}},{"type":"Feature","id":"vw_ParqueEscolarMunicipal_2023.fid-5656ca56_19a5f394e75_6a2e","geometry":{"type":"Point","coordinates":[-38.58546852,-3.80354118]},"geometry_name":"geom","properties":{"id":373,"fid":373,"Tipo":"CEI","Título":"CENTRO DE EDUCAÇÃO INFANTIL","Nome":"HILZA DIOGO CALS","Seriação":"I-2,3","Faixa etária":"2 E 3 ANOS","Distrito":"5","Endereço":"RUA SILVINO, 31","Bairro":"NOVO MONDUBIM","Código do bairro":121,"CEP":"60764-045","Regional":"SER 10","INEP":23257105,"CODSGE":"411","6 mees":"NÃO","1 ano":"NÃO","2 anos":"SIM","3 anos":"SIM","4 anos":"NÃO","5 anos":"NÃO","6 anos":"NÃO","7 anos":"NÃO","8 anos":"NÃO","9 anos":"NÃO","10 anos":"NÃO","11 anos":"NÃO","12 anos":"NÃO","13 anos":"NÃO","14 anos":"NÃO","Ano":"2023","Fonte":"Secretaria Municipal de Educação - SME","SRC da camada":"EPSG:4326 - WGS 84","Codificação":"UTF-8"}},{"type":"Feature","id":"vw_ParqueEscolarMunicipal_2023.fid-5656ca56_19a5f394e75_6a2f","geometry":{"type":"Point","coordinates":[-38.55373377,-3.80518032]},"geometry_name":"geom","properties":{"id":374,"fid":374,"Tipo":"EMTI","Título":"ESCOLA MUNICIPAL DE TEMPO INTEGRAL E EDUCAÇÃO BILÍNGUE","Nome":"FRANCISCO SUDERLAND BASTOS MOTA","Seriação":"F-1,2,3,4,5","Faixa etária":"6 A 10 ANOS","Distrito":"4","Endereço":"AV. BERNARDO MANUEL, 9970A","Bairro":"RACHEL DE QUEIROZ","Código do bairro":77,"CEP":"60761-282","Regional":"SER 8","INEP":23259566,"CODSGE":"702","6 mees":"NÃO","1 ano":"NÃO","2 anos":"NÃO","3 anos":"NÃO","4 anos":"NÃO","5 anos":"NÃO","6 anos":"SIM","7 anos":"SIM","8 anos":"SIM","9 anos":"SIM","10 anos":"SIM","11 anos":"NÃO","12 anos":"NÃO","13 anos":"NÃO","14 anos":"NÃO","Ano":"2023","Fonte":"Secretaria Municipal de Educação - SME","SRC da camada":"EPSG:4326 - WGS 84","Codificação":"UTF-8"}},{"type":"Feature","id":"vw_ParqueEscolarMunicipal_2023.fid-5656ca56_19a5f394e75_6a30","geometry":{"type":"Point","coordinates":[-38.55237583,-3.84291994]},"geometry_name":"geom","properties":{"id":375,"fid":375,"Tipo":"CEI","Título":"CENTRO DE EDUCAÇÃO INFANTIL","Nome":"PROFESSOR CARLOS ROBERTO MARTINS RODRIGUES","Seriação":"I-1,2,3","Faixa etária":"1 A 5 ANOS","Distrito":"4","Endereço":"RUA 16C, S/N","Bairro":"PREFEITO JOSÉ WALTER","Código do bairro":89,"CEP":"60748-445","Regional":"SER 8","INEP":23070056,"CODSGE":"917","6 mees":"NÃO","1 ano":"SIM","2 anos":"SIM","3 anos":"SIM","4 anos":"SIM","5 anos":"SIM","6 anos":"NÃO","7 anos":"NÃO","8 anos":"NÃO","9 anos":"NÃO","10 anos":"NÃO","11 anos":"NÃO","12 anos":"NÃO","13 anos":"NÃO","14 anos":"NÃO","Ano":"2023","Fonte":"Secretaria Municipal de Educação - SME","SRC da camada":"EPSG:4326 - WGS 84","Codificação":"UTF-8"}},{"type":"Feature","id":"vw_ParqueEscolarMunicipal_2023.fid-5656ca56_19a5f394e75_6a31","geometry":{"type":"Point","coordinates":[-38.55479668,-3.84299657]},"geometry_name":"geom","properties":{"id":376,"fid":376,"Tipo":"CEI","Título":"CENTRO DE EDUCAÇÃO INFANTIL","Nome":"MARIA LETÍCIA MOTA MOREIRA","Seriação":"I-1,2,3","Faixa etária":"1 A 5 ANOS","Distrito":"4","Endereço":"RUA 15C, S/N","Bairro":"PREFEITO JOSÉ WALTER","Código do bairro":89,"CEP":"60748-444","Regional":"SER 8","INEP":23257520,"CODSGE":"916","6 mees":"NÃO","1 ano":"SIM","2 anos":"SIM","3 anos":"SIM","4 anos":"SIM","5 anos":"SIM","6 anos":"NÃO","7 anos":"NÃO","8 anos":"NÃO","9 anos":"NÃO","10 anos":"NÃO","11 anos":"NÃO","12 anos":"NÃO","13 anos":"NÃO","14 anos":"NÃO","Ano":"2023","Fonte":"Secretaria Municipal de Educação - SME","SRC da camada":"EPSG:4326 - WGS 84","Codificação":"UTF-8"}},{"type":"Feature","id":"vw_ParqueEscolarMunicipal_2023.fid-5656ca56_19a5f394e75_6a32","geometry":{"type":"Point","coordinates":[-38.5605363,-3.81323733]},"geometry_name":"geom","properties":{"id":377,"fid":377,"Tipo":"CRP","Título":"CRECHE PARCEIRA","Nome":"TIA LELEU","Seriação":"I-1,2,3","Faixa etária":"1 A 3 ANOS","Distrito":"5","Endereço":"RUA FRIÉZIO BARROSO, 326","Bairro":"MONDUBIM","Código do bairro":83,"CEP":"60761-570","Regional":"SER 10","INEP":23280115,"CODSGE":"897","6 mees":"NÃO","1 ano":"SIM","2 anos":"SIM","3 anos":"SIM","4 anos":"NÃO","5 anos":"NÃO","6 anos":"NÃO","7 anos":"NÃO","8 anos":"NÃO","9 anos":"NÃO","10 anos":"NÃO","11 anos":"NÃO","12 anos":"NÃO","13 anos":"NÃO","14 anos":"NÃO","Ano":"2023","Fonte":"Secretaria Municipal de Educação - SME","SRC da camada":"EPSG:4326 - WGS 84","Codificação":"UTF-8"}},{"type":"Feature","id":"vw_ParqueEscolarMunicipal_2023.fid-5656ca56_19a5f394e75_6a33","geometry":{"type":"Point","coordinates":[-38.5759992,-3.83637409]},"geometry_name":"geom","properties":{"id":378,"fid":378,"Tipo":"EMTP","Título":"ESCOLA MUNICIPAL","Nome":"MARIA MARQUES CEDRO","Seriação":"I-4,5/F-1,2","Faixa etária":"4 A 7 ANOS","Distrito":"4","Endereço":"RUA DO SOL, 285","Bairro":"PLANALTO AYRTON SENNA","Código do bairro":116,"CEP":"60766-160","Regional":"SER 8","INEP":23330015,"CODSGE":"891","6 mees":"NÃO","1 ano":"NÃO","2 anos":"NÃO","3 anos":"NÃO","4 anos":"SIM","5 anos":"SIM","6 anos":"SIM","7 anos":"SIM","8 anos":"NÃO","9 anos":"NÃO","10 anos":"NÃO","11 anos":"NÃO","12 anos":"NÃO","13 anos":"NÃO","14 anos":"NÃO","Ano":"2023","Fonte":"Secretaria Municipal de Educação - SME","SRC da camada":"EPSG:4326 - WGS 84","Codificação":"UTF-8"}},{"type":"Feature","id":"vw_ParqueEscolarMunicipal_2023.fid-5656ca56_19a5f394e75_6a34","geometry":{"type":"Point","coordinates":[-38.57837428,-3.83866013]},"geometry_name":"geom","properties":{"id":379,"fid":379,"Tipo":"EMTP","Título":"ESCOLA MUNICIPAL","Nome":"MARIA ROCHELLE DA SILVA","Seriação":"F-3,4,5,6,7,8,9","Faixa etária":"8 A 14 ANOS","Distrito":"4","Endereço":"RUA DELMIRO JÚNIOR, 50","Bairro":"PLANALTO AYRTON SENNA","Código do bairro":116,"CEP":"60766-455","Regional":"SER 8","INEP":23213140,"CODSGE":"890","6 mees":"NÃO","1 ano":"NÃO","2 anos":"NÃO","3 anos":"NÃO","4 anos":"NÃO","5 anos":"NÃO","6 anos":"NÃO","7 anos":"NÃO","8 anos":"SIM","9 anos":"SIM","10 anos":"SIM","11 anos":"SIM","12 anos":"SIM","13 anos":"SIM","14 anos":"SIM","Ano":"2023","Fonte":"Secretaria Municipal de Educação - SME","SRC da camada":"EPSG:4326 - WGS 84","Codificação":"UTF-8"}},{"type":"Feature","id":"vw_ParqueEscolarMunicipal_2023.fid-5656ca56_19a5f394e75_6a35","geometry":{"type":"Point","coordinates":[-38.57790422,-3.83534623]},"geometry_name":"geom","properties":{"id":380,"fid":380,"Tipo":"EMTP","Título":"ESCOLA MUNICIPAL","Nome":"JORNALISTA DURVAL AIRES","Seriação":"F-6,7,8,9","Faixa etária":"11 A 14 ANOS","Distrito":"4","Endereço":"RUA DO SOL, 522","Bairro":"PLANALTO AYRTON SENNA","Código do bairro":116,"CEP":"60766-160","Regional":"SER 8","INEP":23080124,"CODSGE":"888","6 mees":"NÃO","1 ano":"NÃO","2 anos":"NÃO","3 anos":"NÃO","4 anos":"NÃO","5 anos":"NÃO","6 anos":"NÃO","7 anos":"NÃO","8 anos":"NÃO","9 anos":"NÃO","10 anos":"NÃO","11 anos":"SIM","12 anos":"SIM","13 anos":"SIM","14 anos":"SIM","Ano":"2023","Fonte":"Secretaria Municipal de Educação - SME","SRC da camada":"EPSG:4326 - WGS 84","Codificação":"UTF-8"}},{"type":"Feature","id":"vw_ParqueEscolarMunicipal_2023.fid-5656ca56_19a5f394e75_6a36","geometry":{"type":"Point","coordinates":[-38.58060402,-3.83807028]},"geometry_name":"geom","properties":{"id":381,"fid":381,"Tipo":"EMTP","Título":"ESCOLA MUNICIPAL","Nome":"HEITOR VILLA LOBOS","Seriação":"F-1,2,3,4,5","Faixa etária":"6 A 10 ANOS","Distrito":"4","Endereço":"AV. NOVA FORTALEZA, 1635","Bairro":"PLANALTO AYRTON SENNA","Código do bairro":116,"CEP":"60766-680","Regional":"SER 8","INEP":23222964,"CODSGE":"887","6 mees":"NÃO","1 ano":"NÃO","2 anos":"NÃO","3 anos":"NÃO","4 anos":"NÃO","5 anos":"NÃO","6 anos":"SIM","7 anos":"SIM","8 anos":"SIM","9 anos":"SIM","10 anos":"SIM","11 anos":"NÃO","12 anos":"NÃO","13 anos":"NÃO","14 anos":"NÃO","Ano":"2023","Fonte":"Secretaria Municipal de Educação - SME","SRC da camada":"EPSG:4326 - WGS 84","Codificação":"UTF-8"}},{"type":"Feature","id":"vw_ParqueEscolarMunicipal_2023.fid-5656ca56_19a5f394e75_6a37","geometry":{"type":"Point","coordinates":[-38.55541928,-3.82941785]},"geometry_name":"geom","properties":{"id":382,"fid":382,"Tipo":"EMTP","Título":"ESCOLA MUNICIPAL","Nome":"NELSON MANDELA","Seriação":"F-6,7,8,9","Faixa etária":"11 A 14 ANOS","Distrito":"4","Endereço":"AV. C, 435","Bairro":"PREFEITO JOSÉ WALTER","Código do bairro":89,"CEP":"60750-020","Regional":"SER 8","INEP":23273755,"CODSGE":"874","6 mees":"NÃO","1 ano":"NÃO","2 anos":"NÃO","3 anos":"NÃO","4 anos":"NÃO","5 anos":"NÃO","6 anos":"NÃO","7 anos":"NÃO","8 anos":"NÃO","9 anos":"NÃO","10 anos":"NÃO","11 anos":"SIM","12 anos":"SIM","13 anos":"SIM","14 anos":"SIM","Ano":"2023","Fonte":"Secretaria Municipal de Educação - SME","SRC da camada":"EPSG:4326 - WGS 84","Codificação":"UTF-8"}},{"type":"Feature","id":"vw_ParqueEscolarMunicipal_2023.fid-5656ca56_19a5f394e75_6a38","geometry":{"type":"Point","coordinates":[-38.56575934,-3.82275533]},"geometry_name":"geom","properties":{"id":383,"fid":383,"Tipo":"EMTI","Título":"ESCOLA MUNICIPAL DE TEMPO INTEGRAL","Nome":"HILDETE BRASIL DE SÁ CAVALCANTE","Seriação":"F-6,7,8,9","Faixa etária":"11 A 14 ANOS","Distrito":"5","Endereço":"RUA E, S/N (RES. MARCOS FREIRE)","Bairro":"MONDUBIM","Código do bairro":83,"CEP":"60762-595","Regional":"SER 10","INEP":23273747,"CODSGE":"871","6 mees":"NÃO","1 ano":"NÃO","2 anos":"NÃO","3 anos":"NÃO","4 anos":"NÃO","5 anos":"NÃO","6 anos":"NÃO","7 anos":"NÃO","8 anos":"NÃO","9 anos":"NÃO","10 anos":"NÃO","11 anos":"SIM","12 anos":"SIM","13 anos":"SIM","14 anos":"SIM","Ano":"2023","Fonte":"Secretaria Municipal de Educação - SME","SRC da camada":"EPSG:4326 - WGS 84","Codificação":"UTF-8"}},{"type":"Feature","id":"vw_ParqueEscolarMunicipal_2023.fid-5656ca56_19a5f394e75_6a39","geometry":{"type":"Point","coordinates":[-38.56178154,-3.81479265]},"geometry_name":"geom","properties":{"id":384,"fid":384,"Tipo":"CRP","Título":"CRECHE PARCEIRA","Nome":"ALEGRIA DE CRIANÇA","Seriação":"I-1,2,3","Faixa etária":"1 A 3 ANOS","Distrito":"5","Endereço":"RUA DR. RAIMUNDO MAIA, 433","Bairro":"MONDUBIM","Código do bairro":83,"CEP":"60761-520","Regional":"SER 10","INEP":23280387,"CODSGE":"847","6 mees":"NÃO","1 ano":"SIM","2 anos":"SIM","3 anos":"SIM","4 anos":"NÃO","5 anos":"NÃO","6 anos":"NÃO","7 anos":"NÃO","8 anos":"NÃO","9 anos":"NÃO","10 anos":"NÃO","11 anos":"NÃO","12 anos":"NÃO","13 anos":"NÃO","14 anos":"NÃO","Ano":"2023","Fonte":"Secretaria Municipal de Educação - SME","SRC da camada":"EPSG:4326 - WGS 84","Codificação":"UTF-8"}},{"type":"Feature","id":"vw_ParqueEscolarMunicipal_2023.fid-5656ca56_19a5f394e75_6a3a","geometry":{"type":"Point","coordinates":[-38.57531352,-3.83652111]},"geometry_name":"geom","properties":{"id":385,"fid":385,"Tipo":"CRP","Título":"CRECHE PARCEIRA","Nome":"CRIANÇA ESPERANÇA II","Seriação":"I-1,2,3","Faixa etária":"1 A 3 ANOS","Distrito":"4","Endereço":"RUA DO SOL, 205","Bairro":"PLANALTO AYRTON SENNA","Código do bairro":116,"CEP":"60766-160","Regional":"SER 8","INEP":23280344,"CODSGE":"846","6 mees":"NÃO","1 ano":"SIM","2 anos":"SIM","3 anos":"SIM","4 anos":"NÃO","5 anos":"NÃO","6 anos":"NÃO","7 anos":"NÃO","8 anos":"NÃO","9 anos":"NÃO","10 anos":"NÃO","11 anos":"NÃO","12 anos":"NÃO","13 anos":"NÃO","14 anos":"NÃO","Ano":"2023","Fonte":"Secretaria Municipal de Educação - SME","SRC da camada":"EPSG:4326 - WGS 84","Codificação":"UTF-8"}},{"type":"Feature","id":"vw_ParqueEscolarMunicipal_2023.fid-5656ca56_19a5f394e75_6a3b","geometry":{"type":"Point","coordinates":[-38.53909015,-3.78472879]},"geometry_name":"geom","properties":{"id":386,"fid":386,"Tipo":"CEI","Título":"CENTRO DE EDUCAÇÃO INFANTIL","Nome":"PROFESSORA HELEY DE ABREU SILVA BATISTA","Seriação":"I-1,2,3","Faixa etária":"1 A 3 ANOS","Distrito":"4","Endereço":"RUA PARAGUAÇU, S/N","Bairro":"SERRINHA","Código do bairro":107,"CEP":"60742-755","Regional":"SER 8","INEP":23198486,"CODSGE":"839","6 mees":"NÃO","1 ano":"SIM","2 anos":"SIM","3 anos":"SIM","4 anos":"NÃO","5 anos":"NÃO","6 anos":"NÃO","7 anos":"NÃO","8 anos":"NÃO","9 anos":"NÃO","10 anos":"NÃO","11 anos":"NÃO","12 anos":"NÃO","13 anos":"NÃO","14 anos":"NÃO","Ano":"2023","Fonte":"Secretaria Municipal de Educação - SME","SRC da camada":"EPSG:4326 - WGS 84","Codificação":"UTF-8"}},{"type":"Feature","id":"vw_ParqueEscolarMunicipal_2023.fid-5656ca56_19a5f394e75_6a3c","geometry":{"type":"Point","coordinates":[-38.58376926,-3.75650555]},"geometry_name":"geom","properties":{"id":387,"fid":387,"Tipo":"CRP","Título":"CRECHE PARCEIRA","Nome":"MARIA DA HORA","Seriação":"I-1,2,3","Faixa etária":"1 A 3 ANOS","Distrito":"3","Endereço":"AV. CEL. DE MATOS DOURADO, 397","Bairro":"HENRIQUE JORGE","Código do bairro":45,"CEP":"60521-063","Regional":"SER 11","INEP":23279419,"CODSGE":"553","6 mees":"NÃO","1 ano":"SIM","2 anos":"SIM","3 anos":"SIM","4 anos":"NÃO","5 anos":"NÃO","6 anos":"NÃO","7 anos":"NÃO","8 anos":"NÃO","9 anos":"NÃO","10 anos":"NÃO","11 anos":"NÃO","12 anos":"NÃO","13 anos":"NÃO","14 anos":"NÃO","Ano":"2023","Fonte":"Secretaria Municipal de Educação - SME","SRC da camada":"EPSG:4326 - WGS 84","Codificação":"UTF-8"}},{"type":"Feature","id":"vw_ParqueEscolarMunicipal_2023.fid-5656ca56_19a5f394e75_6a3d","geometry":{"type":"Point","coordinates":[-38.56985986,-3.72952832]},"geometry_name":"geom","properties":{"id":388,"fid":388,"Tipo":"CRP","Título":"CRECHE PARCEIRA","Nome":"VÓ MARIA DA PENHA","Seriação":"I-2,3","Faixa etária":"2 E 3 ANOS","Distrito":"3","Endereço":"QUADRA E, 136 (CONJUNTO CASTELO BRANCO)","Bairro":"PRESIDENTE KENNEDY","Código do bairro":33,"CEP":"60357-240","Regional":"SER 3","INEP":23279842,"CODSGE":"881","6 mees":"NÃO","1 ano":"NÃO","2 anos":"SIM","3 anos":"SIM","4 anos":"NÃO","5 anos":"NÃO","6 anos":"NÃO","7 anos":"NÃO","8 anos":"NÃO","9 anos":"NÃO","10 anos":"NÃO","11 anos":"NÃO","12 anos":"NÃO","13 anos":"NÃO","14 anos":"NÃO","Ano":"2023","Fonte":"Secretaria Municipal de Educação - SME","SRC da camada":"EPSG:4326 - WGS 84","Codificação":"UTF-8"}},{"type":"Feature","id":"vw_ParqueEscolarMunicipal_2023.fid-5656ca56_19a5f394e75_6a3e","geometry":{"type":"Point","coordinates":[-38.59545382,-3.74514916]},"geometry_name":"geom","properties":{"id":389,"fid":389,"Tipo":"CRP","Título":"CRECHE PARCEIRA","Nome":"SEMEANDO O SABER","Seriação":"I-1,2,3","Faixa etária":"1 A 3 ANOS","Distrito":"3","Endereço":"RUA MAJOR CELESTINO, 1040","Bairro":"ANTÔNIO BEZERRA","Código do bairro":40,"CEP":"60361-030","Regional":"SER 3","INEP":23279443,"CODSGE":"844","6 mees":"NÃO","1 ano":"SIM","2 anos":"SIM","3 anos":"SIM","4 anos":"NÃO","5 anos":"NÃO","6 anos":"NÃO","7 anos":"NÃO","8 anos":"NÃO","9 anos":"NÃO","10 anos":"NÃO","11 anos":"NÃO","12 anos":"NÃO","13 anos":"NÃO","14 anos":"NÃO","Ano":"2023","Fonte":"Secretaria Municipal de Educação - SME","SRC da camada":"EPSG:4326 - WGS 84","Codificação":"UTF-8"}},{"type":"Feature","id":"vw_ParqueEscolarMunicipal_2023.fid-5656ca56_19a5f394e75_6a3f","geometry":{"type":"Point","coordinates":[-38.58158077,-3.73984277]},"geometry_name":"geom","properties":{"id":390,"fid":390,"Tipo":"CEI","Título":"CENTRO DE EDUCAÇÃO INFANTIL","Nome":"ALTAMIR FERNANDES CORREA LEITE","Seriação":"I-1,2,3","Faixa etária":"1 A 3 ANOS","Distrito":"3","Endereço":"TRAV. QUÊNIA, 50","Bairro":"PADRE ANDRADE","Código do bairro":47,"CEP":"60360-436","Regional":"SER 3","INEP":23075058,"CODSGE":"827","6 mees":"NÃO","1 ano":"SIM","2 anos":"SIM","3 anos":"SIM","4 anos":"NÃO","5 anos":"NÃO","6 anos":"NÃO","7 anos":"NÃO","8 anos":"NÃO","9 anos":"NÃO","10 anos":"NÃO","11 anos":"NÃO","12 anos":"NÃO","13 anos":"NÃO","14 anos":"NÃO","Ano":"2023","Fonte":"Secretaria Municipal de Educação - SME","SRC da camada":"EPSG:4326 - WGS 84","Codificação":"UTF-8"}},{"type":"Feature","id":"vw_ParqueEscolarMunicipal_2023.fid-5656ca56_19a5f394e75_6a40","geometry":{"type":"Point","coordinates":[-38.59675763,-3.76816014]},"geometry_name":"geom","properties":{"id":391,"fid":391,"Tipo":"CEI","Título":"CENTRO DE EDUCAÇÃO INFANTIL","Nome":"MARIA TEREZINHA DE CARVALHO HOLANDA","Seriação":"I-3,4,5","Faixa etária":"3 A 5 ANOS","Distrito":"3","Endereço":"AV I, S/N","Bairro":"GENIBAÚ","Código do bairro":44,"CEP":"60534-193","Regional":"SER 11","INEP":23233834,"CODSGE":"766","6 mees":"NÃO","1 ano":"NÃO","2 anos":"NÃO","3 anos":"SIM","4 anos":"SIM","5 anos":"SIM","6 anos":"NÃO","7 anos":"NÃO","8 anos":"NÃO","9 anos":"NÃO","10 anos":"NÃO","11 anos":"NÃO","12 anos":"NÃO","13 anos":"NÃO","14 anos":"NÃO","Ano":"2023","Fonte":"Secretaria Municipal de Educação - SME","SRC da camada":"EPSG:4326 - WGS 84","Codificação":"UTF-8"}},{"type":"Feature","id":"vw_ParqueEscolarMunicipal_2023.fid-5656ca56_19a5f394e75_6a41","geometry":{"type":"Point","coordinates":[-38.60320598,-3.7608472]},"geometry_name":"geom","properties":{"id":392,"fid":392,"Tipo":"EMTP","Título":"ESCOLA MUNICIPAL","Nome":"IRMÃ MARIA EVANETE","Seriação":"I-4,5/F-1,2,3,4,5","Faixa etária":"4 A 10 ANOS","Distrito":"3","Endereço":"AV. D, 1015","Bairro":"GENIBAÚ","Código do bairro":44,"CEP":"60533-621","Regional":"SER 11","INEP":23233834,"CODSGE":"328","6 mees":"NÃO","1 ano":"NÃO","2 anos":"NÃO","3 anos":"NÃO","4 anos":"SIM","5 anos":"SIM","6 anos":"SIM","7 anos":"SIM","8 anos":"SIM","9 anos":"SIM","10 anos":"SIM","11 anos":"NÃO","12 anos":"NÃO","13 anos":"NÃO","14 anos":"NÃO","Ano":"2023","Fonte":"Secretaria Municipal de Educação - SME","SRC da camada":"EPSG:4326 - WGS 84","Codificação":"UTF-8"}},{"type":"Feature","id":"vw_ParqueEscolarMunicipal_2023.fid-5656ca56_19a5f394e75_6a42","geometry":{"type":"Point","coordinates":[-38.59988042,-3.76273181]},"geometry_name":"geom","properties":{"id":393,"fid":393,"Tipo":"EMTP","Título":"ESCOLA MUNICIPAL","Nome":"PROFESSOR AMÉRICO BARREIRA","Seriação":"F-6,7,8,9","Faixa etária":"11 A 14 ANOS","Distrito":"3","Endereço":"RUA RICARDO PONTES, 529","Bairro":"GENIBAÚ","Código do bairro":44,"CEP":"60534-020","Regional":"SER 11","INEP":23065125,"CODSGE":"275","6 mees":"NÃO","1 ano":"NÃO","2 anos":"NÃO","3 anos":"NÃO","4 anos":"NÃO","5 anos":"NÃO","6 anos":"NÃO","7 anos":"NÃO","8 anos":"NÃO","9 anos":"NÃO","10 anos":"NÃO","11 anos":"SIM","12 anos":"SIM","13 anos":"SIM","14 anos":"SIM","Ano":"2023","Fonte":"Secretaria Municipal de Educação - SME","SRC da camada":"EPSG:4326 - WGS 84","Codificação":"UTF-8"}},{"type":"Feature","id":"vw_ParqueEscolarMunicipal_2023.fid-5656ca56_19a5f394e75_6a43","geometry":{"type":"Point","coordinates":[-38.59634154,-3.76269726]},"geometry_name":"geom","properties":{"id":394,"fid":394,"Tipo":"EMTP","Título":"ESCOLA MUNICIPAL","Nome":"MANOEL CAETANO DE SOUZA","Seriação":"I-4,5/F-1,2,3,4,5","Faixa etária":"4 A 10 ANOS","Distrito":"3","Endereço":"RUA SANTA LÚCIA, 211","Bairro":"GENIBAÚ","Código do bairro":44,"CEP":"60534-255","Regional":"SER 11","INEP":23271531,"CODSGE":"124","6 mees":"NÃO","1 ano":"NÃO","2 anos":"NÃO","3 anos":"NÃO","4 anos":"SIM","5 anos":"SIM","6 anos":"SIM","7 anos":"SIM","8 anos":"SIM","9 anos":"SIM","10 anos":"SIM","11 anos":"NÃO","12 anos":"NÃO","13 anos":"NÃO","14 anos":"NÃO","Ano":"2023","Fonte":"Secretaria Municipal de Educação - SME","SRC da camada":"EPSG:4326 - WGS 84","Codificação":"UTF-8"}},{"type":"Feature","id":"vw_ParqueEscolarMunicipal_2023.fid-5656ca56_19a5f394e75_6a44","geometry":{"type":"Point","coordinates":[-38.60302163,-3.75489681]},"geometry_name":"geom","properties":{"id":395,"fid":395,"Tipo":"EMTP","Título":"ESCOLA MUNICIPAL","Nome":"MURILO AGUIAR","Seriação":"I-5/F-1,2,3,4,5","Faixa etária":"5 A 10 ANOS","Distrito":"3","Endereço":"RUA 24 DE OUTUBRO, 655","Bairro":"GENIBAÚ","Código do bairro":44,"CEP":"60534-130","Regional":"SER 11","INEP":23075015,"CODSGE":"185","6 mees":"NÃO","1 ano":"NÃO","2 anos":"NÃO","3 anos":"NÃO","4 anos":"NÃO","5 anos":"SIM","6 anos":"SIM","7 anos":"SIM","8 anos":"SIM","9 anos":"SIM","10 anos":"SIM","11 anos":"NÃO","12 anos":"NÃO","13 anos":"NÃO","14 anos":"NÃO","Ano":"2023","Fonte":"Secretaria Municipal de Educação - SME","SRC da camada":"EPSG:4326 - WGS 84","Codificação":"UTF-8"}},{"type":"Feature","id":"vw_ParqueEscolarMunicipal_2023.fid-5656ca56_19a5f394e75_6a45","geometry":{"type":"Point","coordinates":[-38.6012467,-3.75358829]},"geometry_name":"geom","properties":{"id":396,"fid":396,"Tipo":"EMTP","Título":"ESCOLA MUNICIPAL","Nome":"JOÃO FREDERICO FERREIRA GOMES","Seriação":"I-4,5/F-1,2,3,4,5","Faixa etária":"4 A 10 ANOS","Distrito":"3","Endereço":"RUA JOSÉ MENDONÇA, 1150","Bairro":"GENIBAÚ","Código do bairro":44,"CEP":"60534-090","Regional":"SER 11","INEP":23257172,"CODSGE":"305","6 mees":"NÃO","1 ano":"NÃO","2 anos":"NÃO","3 anos":"NÃO","4 anos":"SIM","5 anos":"SIM","6 anos":"SIM","7 anos":"SIM","8 anos":"SIM","9 anos":"SIM","10 anos":"SIM","11 anos":"NÃO","12 anos":"NÃO","13 anos":"NÃO","14 anos":"NÃO","Ano":"2023","Fonte":"Secretaria Municipal de Educação - SME","SRC da camada":"EPSG:4326 - WGS 84","Codificação":"UTF-8"}},{"type":"Feature","id":"vw_ParqueEscolarMunicipal_2023.fid-5656ca56_19a5f394e75_6a46","geometry":{"type":"Point","coordinates":[-38.60042267,-3.74992355]},"geometry_name":"geom","properties":{"id":397,"fid":397,"Tipo":"CRP","Título":"CRECHE PARCEIRA","Nome":"SEMENTE DA LIBERDADE","Seriação":"I-2,3","Faixa etária":"2 E 3 ANOS","Distrito":"3","Endereço":"RUA MESTRE ANDRÉ, 155","Bairro":"GENIBAÚ","Código do bairro":44,"CEP":"60534-440","Regional":"SER 11","INEP":23279451,"CODSGE":"563","6 mees":"NÃO","1 ano":"NÃO","2 anos":"SIM","3 anos":"SIM","4 anos":"NÃO","5 anos":"NÃO","6 anos":"NÃO","7 anos":"NÃO","8 anos":"NÃO","9 anos":"NÃO","10 anos":"NÃO","11 anos":"NÃO","12 anos":"NÃO","13 anos":"NÃO","14 anos":"NÃO","Ano":"2023","Fonte":"Secretaria Municipal de Educação - SME","SRC da camada":"EPSG:4326 - WGS 84","Codificação":"UTF-8"}},{"type":"Feature","id":"vw_ParqueEscolarMunicipal_2023.fid-5656ca56_19a5f394e75_6a47","geometry":{"type":"Point","coordinates":[-38.60324962,-3.75602265]},"geometry_name":"geom","properties":{"id":398,"fid":398,"Tipo":"CEI","Título":"CENTRO DE EDUCAÇÃO INFANTIL","Nome":"MURILO AGUIAR","Seriação":"I-3,4,5","Faixa etária":"3 A 5 ANOS","Distrito":"3","Endereço":"RUA 24 DE OUTUBRO, 1063","Bairro":"GENIBAÚ","Código do bairro":44,"CEP":"60534-130","Regional":"SER 11","INEP":23075015,"CODSGE":"490","6 mees":"NÃO","1 ano":"NÃO","2 anos":"NÃO","3 anos":"SIM","4 anos":"SIM","5 anos":"SIM","6 anos":"NÃO","7 anos":"NÃO","8 anos":"NÃO","9 anos":"NÃO","10 anos":"NÃO","11 anos":"NÃO","12 anos":"NÃO","13 anos":"NÃO","14 anos":"NÃO","Ano":"2023","Fonte":"Secretaria Municipal de Educação - SME","SRC da camada":"EPSG:4326 - WGS 84","Codificação":"UTF-8"}},{"type":"Feature","id":"vw_ParqueEscolarMunicipal_2023.fid-5656ca56_19a5f394e75_6a48","geometry":{"type":"Point","coordinates":[-38.5622215,-3.75006399]},"geometry_name":"geom","properties":{"id":399,"fid":399,"Tipo":"EMTI","Título":"ESCOLA MUNICIPAL DE TEMPO INTEGRAL","Nome":"PROFESSOR JOSÉ JÚLIO DA PONTE","Seriação":"F-6,7,8,9","Faixa etária":"11 A 14 ANOS","Distrito":"3","Endereço":"RUA MÁRIO DE ANDRADE, S/N","Bairro":"BELA VISTA","Código do bairro":94,"CEP":"60442-132","Regional":"SER 11","INEP":23264780,"CODSGE":"783","6 mees":"NÃO","1 ano":"NÃO","2 anos":"NÃO","3 anos":"NÃO","4 anos":"NÃO","5 anos":"NÃO","6 anos":"NÃO","7 anos":"NÃO","8 anos":"NÃO","9 anos":"NÃO","10 anos":"NÃO","11 anos":"SIM","12 anos":"SIM","13 anos":"SIM","14 anos":"SIM","Ano":"2023","Fonte":"Secretaria Municipal de Educação - SME","SRC da camada":"EPSG:4326 - WGS 84","Codificação":"UTF-8"}},{"type":"Feature","id":"vw_ParqueEscolarMunicipal_2023.fid-5656ca56_19a5f394e75_6a49","geometry":{"type":"Point","coordinates":[-38.59201268,-3.75586521]},"geometry_name":"geom","properties":{"id":400,"fid":400,"Tipo":"CEI","Título":"CENTRO DE EDUCAÇÃO INFANTIL","Nome":"BERGSON GURJÃO FARIAS","Seriação":"I-4,5","Faixa etária":"3 A 5 ANOS","Distrito":"3","Endereço":"AV. SENADOR FERNANDES TÁVORA, 2500","Bairro":"DOM LUSTOSA","Código do bairro":43,"CEP":"60526-642","Regional":"SER 11","INEP":23546026,"CODSGE":"779","6 mees":"NÃO","1 ano":"NÃO","2 anos":"NÃO","3 anos":"NÃO","4 anos":"SIM","5 anos":"SIM","6 anos":"NÃO","7 anos":"NÃO","8 anos":"NÃO","9 anos":"NÃO","10 anos":"NÃO","11 anos":"NÃO","12 anos":"NÃO","13 anos":"NÃO","14 anos":"NÃO","Ano":"2023","Fonte":"Secretaria Municipal de Educação - SME","SRC da camada":"EPSG:4326 - WGS 84","Codificação":"UTF-8"}},{"type":"Feature","id":"vw_ParqueEscolarMunicipal_2023.fid-5656ca56_19a5f394e75_6a4a","geometry":{"type":"Point","coordinates":[-38.59522459,-3.75008114]},"geometry_name":"geom","properties":{"id":401,"fid":401,"Tipo":"CRP","Título":"CRECHE PARCEIRA","Nome":"ESPAÇO DA SABEDORIA","Seriação":"I-1,2,3","Faixa etária":"1 A 3 ANOS","Distrito":"3","Endereço":"RUA TOMÁS CAVALCANTE, 72","Bairro":"AUTRAN NUNES","Código do bairro":41,"CEP":"60526-550","Regional":"SER 11","INEP":23279788,"CODSGE":"747","6 mees":"NÃO","1 ano":"SIM","2 anos":"SIM","3 anos":"SIM","4 anos":"NÃO","5 anos":"NÃO","6 anos":"NÃO","7 anos":"NÃO","8 anos":"NÃO","9 anos":"NÃO","10 anos":"NÃO","11 anos":"NÃO","12 anos":"NÃO","13 anos":"NÃO","14 anos":"NÃO","Ano":"2023","Fonte":"Secretaria Municipal de Educação - SME","SRC da camada":"EPSG:4326 - WGS 84","Codificação":"UTF-8"}},{"type":"Feature","id":"vw_ParqueEscolarMunicipal_2023.fid-5656ca56_19a5f394e75_6a4b","geometry":{"type":"Point","coordinates":[-38.60203506,-3.73248077]},"geometry_name":"geom","properties":{"id":402,"fid":402,"Tipo":"CEI","Título":"CENTRO DE EDUCAÇÃO INFANTIL","Nome":"SÃO CARLOS","Seriação":"I-2,3,4","Faixa etária":"2 A 5 ANOS","Distrito":"3","Endereço":"RUA DOS PESCADORES, 188","Bairro":"QUINTINO CUNHA","Código do bairro":48,"CEP":"60352-640","Regional":"SER 3","INEP":23257075,"CODSGE":"475","6 mees":"NÃO","1 ano":"NÃO","2 anos":"SIM","3 anos":"SIM","4 anos":"SIM","5 anos":"SIM","6 anos":"NÃO","7 anos":"NÃO","8 anos":"NÃO","9 anos":"NÃO","10 anos":"NÃO","11 anos":"NÃO","12 anos":"NÃO","13 anos":"NÃO","14 anos":"NÃO","Ano":"2023","Fonte":"Secretaria Municipal de Educação - SME","SRC da camada":"EPSG:4326 - WGS 84","Codificação":"UTF-8"}},{"type":"Feature","id":"vw_ParqueEscolarMunicipal_2023.fid-5656ca56_19a5f394e75_6a4c","geometry":{"type":"Point","coordinates":[-38.57029864,-3.75054718]},"geometry_name":"geom","properties":{"id":403,"fid":403,"Tipo":"CRP","Título":"CRECHE PARCEIRA","Nome":"TIA MARIQUINHA","Seriação":"I-1,2,3","Faixa etária":"1 A 3 ANOS","Distrito":"3","Endereço":"RUA LORENA, 220","Bairro":"PICI","Código do bairro":106,"CEP":"60440-540","Regional":"SER 11","INEP":23280441,"CODSGE":"575","6 mees":"NÃO","1 ano":"SIM","2 anos":"SIM","3 anos":"SIM","4 anos":"NÃO","5 anos":"NÃO","6 anos":"NÃO","7 anos":"NÃO","8 anos":"NÃO","9 anos":"NÃO","10 anos":"NÃO","11 anos":"NÃO","12 anos":"NÃO","13 anos":"NÃO","14 anos":"NÃO","Ano":"2023","Fonte":"Secretaria Municipal de Educação - SME","SRC da camada":"EPSG:4326 - WGS 84","Codificação":"UTF-8"}},{"type":"Feature","id":"vw_ParqueEscolarMunicipal_2023.fid-5656ca56_19a5f394e75_6a4d","geometry":{"type":"Point","coordinates":[-38.58819426,-3.76480188]},"geometry_name":"geom","properties":{"id":404,"fid":404,"Tipo":"CEI","Título":"CENTRO DE EDUCAÇÃO INFANTIL","Nome":"SANTA MARIA","Seriação":"I-4,5","Faixa etária":"3 A 5 ANOS","Distrito":"3","Endereço":"RUA CUIABÁ, 1465","Bairro":"HENRIQUE JORGE","Código do bairro":45,"CEP":"60510-182","Regional":"SER 11","INEP":23187778,"CODSGE":"489","6 mees":"NÃO","1 ano":"NÃO","2 anos":"NÃO","3 anos":"NÃO","4 anos":"SIM","5 anos":"SIM","6 anos":"NÃO","7 anos":"NÃO","8 anos":"NÃO","9 anos":"NÃO","10 anos":"NÃO","11 anos":"NÃO","12 anos":"NÃO","13 anos":"NÃO","14 anos":"NÃO","Ano":"2023","Fonte":"Secretaria Municipal de Educação - SME","SRC da camada":"EPSG:4326 - WGS 84","Codificação":"UTF-8"}},{"type":"Feature","id":"vw_ParqueEscolarMunicipal_2023.fid-5656ca56_19a5f394e75_6a4e","geometry":{"type":"Point","coordinates":[-38.57997218,-3.73925122]},"geometry_name":"geom","properties":{"id":405,"fid":405,"Tipo":"EMTP","Título":"ESCOLA MUNICIPAL","Nome":"NARCISA BORGES","Seriação":"I-4,5/F-1,2,3,4,5","Faixa etária":"4 A 10 ANOS","Distrito":"3","Endereço":"TRAV. COSTA RICA, S/N","Bairro":"PADRE ANDRADE","Código do bairro":47,"CEP":"60360-490","Regional":"SER 3","INEP":23075058,"CODSGE":"104","6 mees":"NÃO","1 ano":"NÃO","2 anos":"NÃO","3 anos":"NÃO","4 anos":"SIM","5 anos":"SIM","6 anos":"SIM","7 anos":"SIM","8 anos":"SIM","9 anos":"SIM","10 anos":"SIM","11 anos":"NÃO","12 anos":"NÃO","13 anos":"NÃO","14 anos":"NÃO","Ano":"2023","Fonte":"Secretaria Municipal de Educação - SME","SRC da camada":"EPSG:4326 - WGS 84","Codificação":"UTF-8"}},{"type":"Feature","id":"vw_ParqueEscolarMunicipal_2023.fid-5656ca56_19a5f394e75_6a4f","geometry":{"type":"Point","coordinates":[-38.57777915,-3.77664697]},"geometry_name":"geom","properties":{"id":406,"fid":406,"Tipo":"EMTP","Título":"ESCOLA MUNICIPAL","Nome":"JOÃO PAULO I","Seriação":"I-4,5/F-1,2,3,4,5","Faixa etária":"4 A 10 ANOS","Distrito":"5","Endereço":"RUA LUÍS DE CASTRO, 254","Bairro":"BONSUCESSO","Código do bairro":73,"CEP":"60520-485","Regional":"SER 5","INEP":23272759,"CODSGE":"283","6 mees":"NÃO","1 ano":"NÃO","2 anos":"NÃO","3 anos":"NÃO","4 anos":"SIM","5 anos":"SIM","6 anos":"SIM","7 anos":"SIM","8 anos":"SIM","9 anos":"SIM","10 anos":"SIM","11 anos":"NÃO","12 anos":"NÃO","13 anos":"NÃO","14 anos":"NÃO","Ano":"2023","Fonte":"Secretaria Municipal de Educação - SME","SRC da camada":"EPSG:4326 - WGS 84","Codificação":"UTF-8"}},{"type":"Feature","id":"vw_ParqueEscolarMunicipal_2023.fid-5656ca56_19a5f394e75_6a50","geometry":{"type":"Point","coordinates":[-38.58936575,-3.78823771]},"geometry_name":"geom","properties":{"id":407,"fid":407,"Tipo":"EMTI","Título":"ESCOLA MUNICIPAL DE TEMPO INTEGRAL","Nome":"MARIA DO SOCORRO ALVES CARNEIRO","Seriação":"F-6,7,8,9","Faixa etária":"11 A 14 ANOS","Distrito":"5","Endereço":"AV. LUIZ VIEIRA, 1020","Bairro":"BONSUCESSO","Código do bairro":73,"CEP":"60730-230","Regional":"SER 5","INEP":23262613,"CODSGE":"112","6 mees":"NÃO","1 ano":"NÃO","2 anos":"NÃO","3 anos":"NÃO","4 anos":"NÃO","5 anos":"NÃO","6 anos":"NÃO","7 anos":"NÃO","8 anos":"NÃO","9 anos":"NÃO","10 anos":"NÃO","11 anos":"SIM","12 anos":"SIM","13 anos":"SIM","14 anos":"SIM","Ano":"2023","Fonte":"Secretaria Municipal de Educação - SME","SRC da camada":"EPSG:4326 - WGS 84","Codificação":"UTF-8"}},{"type":"Feature","id":"vw_ParqueEscolarMunicipal_2023.fid-5656ca56_19a5f394e75_6a51","geometry":{"type":"Point","coordinates":[-38.58782432,-3.78414052]},"geometry_name":"geom","properties":{"id":408,"fid":408,"Tipo":"EMTP","Título":"ESCOLA MUNICIPAL","Nome":"ANTÔNIO DIOGO DE SIQUEIRA","Seriação":"I-4,5/F-1,2,3,4,5","Faixa etária":"4 A 10 ANOS","Distrito":"5","Endereço":"RUA ANSELMO NOGUEIRA, 655","Bairro":"BONSUCESSO","Código do bairro":73,"CEP":"60545-360","Regional":"SER 5","INEP":23065311,"CODSGE":"213","6 mees":"NÃO","1 ano":"NÃO","2 anos":"NÃO","3 anos":"NÃO","4 anos":"SIM","5 anos":"SIM","6 anos":"SIM","7 anos":"SIM","8 anos":"SIM","9 anos":"SIM","10 anos":"SIM","11 anos":"NÃO","12 anos":"NÃO","13 anos":"NÃO","14 anos":"NÃO","Ano":"2023","Fonte":"Secretaria Municipal de Educação - SME","SRC da camada":"EPSG:4326 - WGS 84","Codificação":"UTF-8"}},{"type":"Feature","id":"vw_ParqueEscolarMunicipal_2023.fid-5656ca56_19a5f394e75_6a52","geometry":{"type":"Point","coordinates":[-38.58980099,-3.78008186]},"geometry_name":"geom","properties":{"id":409,"fid":409,"Tipo":"EMTI","Título":"ESCOLA MUNICIPAL DE TEMPO INTEGRAL","Nome":"FRANCISCA FERNANDES MAGALHÃES","Seriação":"F-1,2,3,4,5","Faixa etária":"6 A 10 ANOS","Distrito":"5","Endereço":"RUA VITAL BRASIL, 1020","Bairro":"BONSUCESSO","Código do bairro":73,"CEP":"60541-705","Regional":"SER 5","INEP":23234440,"CODSGE":"144","6 mees":"NÃO","1 ano":"NÃO","2 anos":"NÃO","3 anos":"NÃO","4 anos":"NÃO","5 anos":"NÃO","6 anos":"SIM","7 anos":"SIM","8 anos":"SIM","9 anos":"SIM","10 anos":"SIM","11 anos":"NÃO","12 anos":"NÃO","13 anos":"NÃO","14 anos":"NÃO","Ano":"2023","Fonte":"Secretaria Municipal de Educação - SME","SRC da camada":"EPSG:4326 - WGS 84","Codificação":"UTF-8"}},{"type":"Feature","id":"vw_ParqueEscolarMunicipal_2023.fid-5656ca56_19a5f394e75_6a53","geometry":{"type":"Point","coordinates":[-38.59440339,-3.77633987]},"geometry_name":"geom","properties":{"id":410,"fid":410,"Tipo":"CEI","Título":"CENTRO DE EDUCAÇÃO INFANTIL","Nome":"ANTÔNIO DIOGO DE SIQUEIRA","Seriação":"I-3,4,5","Faixa etária":"3 A 5 ANOS","Distrito":"5","Endereço":"RUA MANUEL ANTÔNIO LEITE, 703","Bairro":"BONSUCESSO","Código do bairro":73,"CEP":"60545-300","Regional":"SER 5","INEP":23065311,"CODSGE":"478","6 mees":"NÃO","1 ano":"NÃO","2 anos":"NÃO","3 anos":"SIM","4 anos":"SIM","5 anos":"SIM","6 anos":"NÃO","7 anos":"NÃO","8 anos":"NÃO","9 anos":"NÃO","10 anos":"NÃO","11 anos":"NÃO","12 anos":"NÃO","13 anos":"NÃO","14 anos":"NÃO","Ano":"2023","Fonte":"Secretaria Municipal de Educação - SME","SRC da camada":"EPSG:4326 - WGS 84","Codificação":"UTF-8"}},{"type":"Feature","id":"vw_ParqueEscolarMunicipal_2023.fid-5656ca56_19a5f394e75_6a54","geometry":{"type":"Point","coordinates":[-38.58816724,-3.77563082]},"geometry_name":"geom","properties":{"id":411,"fid":411,"Tipo":"EMTP","Título":"ESCOLA MUNICIPAL","Nome":"PROFESSOR LUIZ RECAMONDE CAPELO","Seriação":"F-6,7,8,9","Faixa etária":"11 A 14 ANOS","Distrito":"5","Endereço":"RUA MARIA QUINTELA, 706","Bairro":"BONSUCESSO","Código do bairro":73,"CEP":"60520-790","Regional":"SER 5","INEP":23212543,"CODSGE":"156","6 mees":"NÃO","1 ano":"NÃO","2 anos":"NÃO","3 anos":"NÃO","4 anos":"NÃO","5 anos":"NÃO","6 anos":"NÃO","7 anos":"NÃO","8 anos":"NÃO","9 anos":"NÃO","10 anos":"NÃO","11 anos":"SIM","12 anos":"SIM","13 anos":"SIM","14 anos":"SIM","Ano":"2023","Fonte":"Secretaria Municipal de Educação - SME","SRC da camada":"EPSG:4326 - WGS 84","Codificação":"UTF-8"}},{"type":"Feature","id":"vw_ParqueEscolarMunicipal_2023.fid-5656ca56_19a5f394e75_6a55","geometry":{"type":"Point","coordinates":[-38.58618637,-3.77466421]},"geometry_name":"geom","properties":{"id":412,"fid":412,"Tipo":"EMTP","Título":"ESCOLA MUNICIPAL","Nome":"15 DE OUTUBRO","Seriação":"I-4,5/F-1,2,3,4,5","Faixa etária":"4 A 10 ANOS","Distrito":"5","Endereço":"RUA GUARANI, 2030","Bairro":"BONSUCESSO","Código do bairro":73,"CEP":"60520-494","Regional":"SER 5","INEP":23272740,"CODSGE":"293","6 mees":"NÃO","1 ano":"NÃO","2 anos":"NÃO","3 anos":"NÃO","4 anos":"SIM","5 anos":"SIM","6 anos":"SIM","7 anos":"SIM","8 anos":"SIM","9 anos":"SIM","10 anos":"SIM","11 anos":"NÃO","12 anos":"NÃO","13 anos":"NÃO","14 anos":"NÃO","Ano":"2023","Fonte":"Secretaria Municipal de Educação - SME","SRC da camada":"EPSG:4326 - WGS 84","Codificação":"UTF-8"}},{"type":"Feature","id":"vw_ParqueEscolarMunicipal_2023.fid-5656ca56_19a5f394e75_6a56","geometry":{"type":"Point","coordinates":[-38.5890204,-3.73150251]},"geometry_name":"geom","properties":{"id":413,"fid":413,"Tipo":"EMTP","Título":"ESCOLA MUNICIPAL","Nome":"PROFESSOR DENIZARD MACÊDO DE ALCÂNTARA","Seriação":"I-4,5/F-1,2,3,4,5","Faixa etária":"4 A 10 ANOS","Distrito":"3","Endereço":"RUA MATOSO FILHO, 450","Bairro":"OLAVO OLIVEIRA","Código do bairro":122,"CEP":"60351-365","Regional":"SER 3","INEP":23184680,"CODSGE":"307","6 mees":"NÃO","1 ano":"NÃO","2 anos":"NÃO","3 anos":"NÃO","4 anos":"SIM","5 anos":"SIM","6 anos":"SIM","7 anos":"SIM","8 anos":"SIM","9 anos":"SIM","10 anos":"SIM","11 anos":"NÃO","12 anos":"NÃO","13 anos":"NÃO","14 anos":"NÃO","Ano":"2023","Fonte":"Secretaria Municipal de Educação - SME","SRC da camada":"EPSG:4326 - WGS 84","Codificação":"UTF-8"}},{"type":"Feature","id":"vw_ParqueEscolarMunicipal_2023.fid-5656ca56_19a5f394e75_6a57","geometry":{"type":"Point","coordinates":[-38.59585923,-3.7494065]},"geometry_name":"geom","properties":{"id":414,"fid":414,"Tipo":"EMTP","Título":"ESCOLA MUNICIPAL","Nome":"AUTRAN NUNES","Seriação":"I-4,5/F-1,2,3,4,5","Faixa etária":"4 A 10 ANOS","Distrito":"3","Endereço":"RUA VIRGÍLIO BRANDÃO, S/N","Bairro":"AUTRAN NUNES","Código do bairro":41,"CEP":"60526-640","Regional":"SER 11","INEP":23065680,"CODSGE":"90","6 mees":"NÃO","1 ano":"NÃO","2 anos":"NÃO","3 anos":"NÃO","4 anos":"SIM","5 anos":"SIM","6 anos":"SIM","7 anos":"SIM","8 anos":"SIM","9 anos":"SIM","10 anos":"SIM","11 anos":"NÃO","12 anos":"NÃO","13 anos":"NÃO","14 anos":"NÃO","Ano":"2023","Fonte":"Secretaria Municipal de Educação - SME","SRC da camada":"EPSG:4326 - WGS 84","Codificação":"UTF-8"}},{"type":"Feature","id":"vw_ParqueEscolarMunicipal_2023.fid-5656ca56_19a5f394e75_6a58","geometry":{"type":"Point","coordinates":[-38.59251266,-3.74965505]},"geometry_name":"geom","properties":{"id":415,"fid":415,"Tipo":"EMTP","Título":"ESCOLA MUNICIPAL","Nome":"DOLORES ALCÂNTARA","Seriação":"F-6,7,8,9","Faixa etária":"11 A 14 ANOS","Distrito":"3","Endereço":"RUA AZEVEDO BARRETO, 33","Bairro":"AUTRAN NUNES","Código do bairro":41,"CEP":"60527-050","Regional":"SER 11","INEP":23067977,"CODSGE":"206","6 mees":"NÃO","1 ano":"NÃO","2 anos":"NÃO","3 anos":"NÃO","4 anos":"NÃO","5 anos":"NÃO","6 anos":"NÃO","7 anos":"NÃO","8 anos":"NÃO","9 anos":"NÃO","10 anos":"NÃO","11 anos":"SIM","12 anos":"SIM","13 anos":"SIM","14 anos":"SIM","Ano":"2023","Fonte":"Secretaria Municipal de Educação - SME","SRC da camada":"EPSG:4326 - WGS 84","Codificação":"UTF-8"}},{"type":"Feature","id":"vw_ParqueEscolarMunicipal_2023.fid-5656ca56_19a5f394e75_6a59","geometry":{"type":"Point","coordinates":[-38.59099518,-3.74986523]},"geometry_name":"geom","properties":{"id":416,"fid":416,"Tipo":"EMTP","Título":"ESCOLA MUNICIPAL","Nome":"SANTA LUZIA","Seriação":"I-5/F-1,2,3,4,5","Faixa etária":"5 A 10 ANOS","Distrito":"3","Endereço":"RUA CORONEL FRANCISCO BENTO, 16","Bairro":"DOM LUSTOSA","Código do bairro":43,"CEP":"60526-328","Regional":"SER 11","INEP":23257695,"CODSGE":"244","6 mees":"NÃO","1 ano":"NÃO","2 anos":"NÃO","3 anos":"NÃO","4 anos":"NÃO","5 anos":"SIM","6 anos":"SIM","7 anos":"SIM","8 anos":"SIM","9 anos":"SIM","10 anos":"SIM","11 anos":"NÃO","12 anos":"NÃO","13 anos":"NÃO","14 anos":"NÃO","Ano":"2023","Fonte":"Secretaria Municipal de Educação - SME","SRC da camada":"EPSG:4326 - WGS 84","Codificação":"UTF-8"}},{"type":"Feature","id":"vw_ParqueEscolarMunicipal_2023.fid-5656ca56_19a5f394e75_6a5a","geometry":{"type":"Point","coordinates":[-38.58260823,-3.75234269]},"geometry_name":"geom","properties":{"id":417,"fid":417,"Tipo":"CEI","Título":"CENTRO DE EDUCAÇÃO INFANTIL","Nome":"MURILO SERPA","Seriação":"I-4,5","Faixa etária":"3 A 5 ANOS","Distrito":"3","Endereço":"AV. CORONEL MATOS DOURADO, S/N","Bairro":"PICI","Código do bairro":106,"CEP":"60511-745","Regional":"SER 11","INEP":23257237,"CODSGE":"442","6 mees":"NÃO","1 ano":"NÃO","2 anos":"NÃO","3 anos":"NÃO","4 anos":"SIM","5 anos":"SIM","6 anos":"NÃO","7 anos":"NÃO","8 anos":"NÃO","9 anos":"NÃO","10 anos":"NÃO","11 anos":"NÃO","12 anos":"NÃO","13 anos":"NÃO","14 anos":"NÃO","Ano":"2023","Fonte":"Secretaria Municipal de Educação - SME","SRC da camada":"EPSG:4326 - WGS 84","Codificação":"UTF-8"}},{"type":"Feature","id":"vw_ParqueEscolarMunicipal_2023.fid-5656ca56_19a5f394e75_6a5b","geometry":{"type":"Point","coordinates":[-38.58395056,-3.75588313]},"geometry_name":"geom","properties":{"id":418,"fid":418,"Tipo":"EMTP","Título":"ESCOLA MUNICIPAL","Nome":"MURILO SERPA","Seriação":"F-1,2,3,4,5","Faixa etária":"6 A 10 ANOS","Distrito":"3","Endereço":"RUA MONSENHOR HIPÓLITO BRASIL, 1400","Bairro":"DOM LUSTOSA","Código do bairro":43,"CEP":"60526-055","Regional":"SER 11","INEP":23257237,"CODSGE":"332","6 mees":"NÃO","1 ano":"NÃO","2 anos":"NÃO","3 anos":"NÃO","4 anos":"NÃO","5 anos":"NÃO","6 anos":"SIM","7 anos":"SIM","8 anos":"SIM","9 anos":"SIM","10 anos":"SIM","11 anos":"NÃO","12 anos":"NÃO","13 anos":"NÃO","14 anos":"NÃO","Ano":"2023","Fonte":"Secretaria Municipal de Educação - SME","SRC da camada":"EPSG:4326 - WGS 84","Codificação":"UTF-8"}},{"type":"Feature","id":"vw_ParqueEscolarMunicipal_2023.fid-5656ca56_19a5f394e75_6a5c","geometry":{"type":"Point","coordinates":[-38.57767779,-3.76816309]},"geometry_name":"geom","properties":{"id":419,"fid":419,"Tipo":"EMTP","Título":"ESCOLA MUNICIPAL","Nome":"PRESIDENTE KENNEDY","Seriação":"F-6,7,8,9","Faixa etária":"11 A 14 ANOS","Distrito":"3","Endereço":"AV. LINEU MACHADO, 811","Bairro":"JÓQUEI CLUBE","Código do bairro":101,"CEP":"60520-101","Regional":"SER 11","INEP":23072911,"CODSGE":"132","6 mees":"NÃO","1 ano":"NÃO","2 anos":"NÃO","3 anos":"NÃO","4 anos":"NÃO","5 anos":"NÃO","6 anos":"NÃO","7 anos":"NÃO","8 anos":"NÃO","9 anos":"NÃO","10 anos":"NÃO","11 anos":"SIM","12 anos":"SIM","13 anos":"SIM","14 anos":"SIM","Ano":"2023","Fonte":"Secretaria Municipal de Educação - SME","SRC da camada":"EPSG:4326 - WGS 84","Codificação":"UTF-8"}},{"type":"Feature","id":"vw_ParqueEscolarMunicipal_2023.fid-5656ca56_19a5f394e75_6a5d","geometry":{"type":"Point","coordinates":[-38.58780328,-3.76449427]},"geometry_name":"geom","properties":{"id":420,"fid":420,"Tipo":"EMTP","Título":"ESCOLA MUNICIPAL","Nome":"SANTA MARIA","Seriação":"F-6,7,8,9","Faixa etária":"11 A 14 ANOS","Distrito":"3","Endereço":"RUA CUIABÁ, 1465","Bairro":"HENRIQUE JORGE","Código do bairro":45,"CEP":"60510-182","Regional":"SER 11","INEP":23187778,"CODSGE":"186","6 mees":"NÃO","1 ano":"NÃO","2 anos":"NÃO","3 anos":"NÃO","4 anos":"NÃO","5 anos":"NÃO","6 anos":"NÃO","7 anos":"NÃO","8 anos":"NÃO","9 anos":"NÃO","10 anos":"NÃO","11 anos":"SIM","12 anos":"SIM","13 anos":"SIM","14 anos":"SIM","Ano":"2023","Fonte":"Secretaria Municipal de Educação - SME","SRC da camada":"EPSG:4326 - WGS 84","Codificação":"UTF-8"}},{"type":"Feature","id":"vw_ParqueEscolarMunicipal_2023.fid-5656ca56_19a5f394e75_6a5e","geometry":{"type":"Point","coordinates":[-38.57922539,-3.76484103]},"geometry_name":"geom","properties":{"id":421,"fid":421,"Tipo":"EMTP","Título":"ESCOLA MUNICIPAL","Nome":"PROFESSOR JOSÉ SOBREIRA DE AMORIM","Seriação":"I-5/F-1,2,3,4,5","Faixa etária":"5 A 10 ANOS","Distrito":"3","Endereço":"RUA ESTRADA DO PICI, 1083","Bairro":"HENRIQUE JORGE","Código do bairro":45,"CEP":"60510-206","Regional":"SER 11","INEP":23072156,"CODSGE":"215","6 mees":"NÃO","1 ano":"NÃO","2 anos":"NÃO","3 anos":"NÃO","4 anos":"NÃO","5 anos":"SIM","6 anos":"SIM","7 anos":"SIM","8 anos":"SIM","9 anos":"SIM","10 anos":"SIM","11 anos":"NÃO","12 anos":"NÃO","13 anos":"NÃO","14 anos":"NÃO","Ano":"2023","Fonte":"Secretaria Municipal de Educação - SME","SRC da camada":"EPSG:4326 - WGS 84","Codificação":"UTF-8"}},{"type":"Feature","id":"vw_ParqueEscolarMunicipal_2023.fid-5656ca56_19a5f394e75_6a5f","geometry":{"type":"Point","coordinates":[-38.58595451,-3.77434501]},"geometry_name":"geom","properties":{"id":422,"fid":422,"Tipo":"EMTP","Título":"ESCOLA MUNICIPAL","Nome":"JOSÉ ALCIDES PINTO","Seriação":"F-6,7,8,9","Faixa etária":"11 A 14 ANOS","Distrito":"5","Endereço":"RUA GUARANI, 2000","Bairro":"BONSUCESSO","Código do bairro":73,"CEP":"60520-494","Regional":"SER 5","INEP":23244305,"CODSGE":"95","6 mees":"NÃO","1 ano":"NÃO","2 anos":"NÃO","3 anos":"NÃO","4 anos":"NÃO","5 anos":"NÃO","6 anos":"NÃO","7 anos":"NÃO","8 anos":"NÃO","9 anos":"NÃO","10 anos":"NÃO","11 anos":"SIM","12 anos":"SIM","13 anos":"SIM","14 anos":"SIM","Ano":"2023","Fonte":"Secretaria Municipal de Educação - SME","SRC da camada":"EPSG:4326 - WGS 84","Codificação":"UTF-8"}},{"type":"Feature","id":"vw_ParqueEscolarMunicipal_2023.fid-5656ca56_19a5f394e75_6a60","geometry":{"type":"Point","coordinates":[-38.59031643,-3.76803068]},"geometry_name":"geom","properties":{"id":423,"fid":423,"Tipo":"EMTP","Título":"ESCOLA MUNICIPAL","Nome":"DONA DAGMAR GENTIL","Seriação":"F-1,2,3,4,5","Faixa etária":"6 A 10 ANOS","Distrito":"3","Endereço":"RUA VITÓRIA, 1740","Bairro":"JOÃO XXIII","Código do bairro":46,"CEP":"60525-455","Regional":"SER 11","INEP":23067764,"CODSGE":"91","6 mees":"NÃO","1 ano":"NÃO","2 anos":"NÃO","3 anos":"NÃO","4 anos":"NÃO","5 anos":"NÃO","6 anos":"SIM","7 anos":"SIM","8 anos":"SIM","9 anos":"SIM","10 anos":"SIM","11 anos":"NÃO","12 anos":"NÃO","13 anos":"NÃO","14 anos":"NÃO","Ano":"2023","Fonte":"Secretaria Municipal de Educação - SME","SRC da camada":"EPSG:4326 - WGS 84","Codificação":"UTF-8"}},{"type":"Feature","id":"vw_ParqueEscolarMunicipal_2023.fid-5656ca56_19a5f394e75_6a61","geometry":{"type":"Point","coordinates":[-38.59217843,-3.75643471]},"geometry_name":"geom","properties":{"id":424,"fid":424,"Tipo":"EMTP","Título":"ESCOLA MUNICIPAL","Nome":"BERGSON GURJÃO FARIAS","Seriação":"I-5/F-1,2,3,4,5","Faixa etária":"5 A 10 ANOS","Distrito":"3","Endereço":"AV. SENADOR FERNANDES TÁVORA, 2500","Bairro":"DOM LUSTOSA","Código do bairro":43,"CEP":"60526-642","Regional":"SER 11","INEP":23546026,"CODSGE":"93","6 mees":"NÃO","1 ano":"NÃO","2 anos":"NÃO","3 anos":"NÃO","4 anos":"NÃO","5 anos":"SIM","6 anos":"SIM","7 anos":"SIM","8 anos":"SIM","9 anos":"SIM","10 anos":"SIM","11 anos":"NÃO","12 anos":"NÃO","13 anos":"NÃO","14 anos":"NÃO","Ano":"2023","Fonte":"Secretaria Municipal de Educação - SME","SRC da camada":"EPSG:4326 - WGS 84","Codificação":"UTF-8"}},{"type":"Feature","id":"vw_ParqueEscolarMunicipal_2023.fid-5656ca56_19a5f394e75_6a62","geometry":{"type":"Point","coordinates":[-38.57178663,-3.75712945]},"geometry_name":"geom","properties":{"id":425,"fid":425,"Tipo":"EMTP","Título":"ESCOLA MUNICIPAL","Nome":"JOSÉ BONIFÁCIO DE SOUSA","Seriação":"F-6,7,8,9","Faixa etária":"11 A 14 ANOS","Distrito":"3","Endereço":"RUA PERNAMBUCO, 600","Bairro":"PICI","Código do bairro":106,"CEP":"60440-140","Regional":"SER 11","INEP":23072245,"CODSGE":"126","6 mees":"NÃO","1 ano":"NÃO","2 anos":"NÃO","3 anos":"NÃO","4 anos":"NÃO","5 anos":"NÃO","6 anos":"NÃO","7 anos":"NÃO","8 anos":"NÃO","9 anos":"NÃO","10 anos":"NÃO","11 anos":"SIM","12 anos":"SIM","13 anos":"SIM","14 anos":"SIM","Ano":"2023","Fonte":"Secretaria Municipal de Educação - SME","SRC da camada":"EPSG:4326 - WGS 84","Codificação":"UTF-8"}},{"type":"Feature","id":"vw_ParqueEscolarMunicipal_2023.fid-5656ca56_19a5f394e75_6a63","geometry":{"type":"Point","coordinates":[-38.56662551,-3.74971575]},"geometry_name":"geom","properties":{"id":426,"fid":426,"Tipo":"EMTP","Título":"ESCOLA MUNICIPAL","Nome":"JOSÉ NAURI BRAGA","Seriação":"F-2,3,4,5","Faixa etária":"7 A 10 ANOS","Distrito":"3","Endereço":"RUA LILIA ABREU, 231","Bairro":"PICI","Código do bairro":106,"CEP":"60442-525","Regional":"SER 11","INEP":23245212,"CODSGE":"102","6 mees":"NÃO","1 ano":"NÃO","2 anos":"NÃO","3 anos":"NÃO","4 anos":"NÃO","5 anos":"NÃO","6 anos":"NÃO","7 anos":"SIM","8 anos":"SIM","9 anos":"SIM","10 anos":"SIM","11 anos":"NÃO","12 anos":"NÃO","13 anos":"NÃO","14 anos":"NÃO","Ano":"2023","Fonte":"Secretaria Municipal de Educação - SME","SRC da camada":"EPSG:4326 - WGS 84","Codificação":"UTF-8"}},{"type":"Feature","id":"vw_ParqueEscolarMunicipal_2023.fid-5656ca56_19a5f394e75_6a64","geometry":{"type":"Point","coordinates":[-38.56172346,-3.74926819]},"geometry_name":"geom","properties":{"id":427,"fid":427,"Tipo":"EMTP","Título":"ESCOLA MUNICIPAL","Nome":"NILSON HOLANDA","Seriação":"F-6,7,8,9","Faixa etária":"11 A 14 ANOS","Distrito":"3","Endereço":"RUA VIRIATO RIBEIRO, 890","Bairro":"BELA VISTA","Código do bairro":94,"CEP":"60442-642","Regional":"SER 11","INEP":23075120,"CODSGE":"243","6 mees":"NÃO","1 ano":"NÃO","2 anos":"NÃO","3 anos":"NÃO","4 anos":"NÃO","5 anos":"NÃO","6 anos":"NÃO","7 anos":"NÃO","8 anos":"NÃO","9 anos":"NÃO","10 anos":"NÃO","11 anos":"SIM","12 anos":"SIM","13 anos":"SIM","14 anos":"SIM","Ano":"2023","Fonte":"Secretaria Municipal de Educação - SME","SRC da camada":"EPSG:4326 - WGS 84","Codificação":"UTF-8"}},{"type":"Feature","id":"vw_ParqueEscolarMunicipal_2023.fid-5656ca56_19a5f394e75_6a65","geometry":{"type":"Point","coordinates":[-38.59062804,-3.73628024]},"geometry_name":"geom","properties":{"id":428,"fid":428,"Tipo":"EMTP","Título":"ESCOLA MUNICIPAL","Nome":"DEPUTADO GERÔNCIO BEZERRA","Seriação":"I-4,5/F-1,2","Faixa etária":"4 A 7 ANOS","Distrito":"3","Endereço":"TV. MANUEL NUNES, 42","Bairro":"ANTÔNIO BEZERRA","Código do bairro":40,"CEP":"60356-845","Regional":"SER 3","INEP":23272732,"CODSGE":"329","6 mees":"NÃO","1 ano":"NÃO","2 anos":"NÃO","3 anos":"NÃO","4 anos":"SIM","5 anos":"SIM","6 anos":"SIM","7 anos":"SIM","8 anos":"NÃO","9 anos":"NÃO","10 anos":"NÃO","11 anos":"NÃO","12 anos":"NÃO","13 anos":"NÃO","14 anos":"NÃO","Ano":"2023","Fonte":"Secretaria Municipal de Educação - SME","SRC da camada":"EPSG:4326 - WGS 84","Codificação":"UTF-8"}},{"type":"Feature","id":"vw_ParqueEscolarMunicipal_2023.fid-5656ca56_19a5f394e75_6a66","geometry":{"type":"Point","coordinates":[-38.5623656,-3.7494679]},"geometry_name":"geom","properties":{"id":429,"fid":429,"Tipo":"EMTP","Título":"ESCOLA MUNICIPAL","Nome":"DOM JOSÉ TUPINAMBÁ DA FROTA","Seriação":"I-4,5/F-1,2,3,4,5","Faixa etária":"4 A 10 ANOS","Distrito":"3","Endereço":"RUA VIRIATO RIBEIRO, 1031","Bairro":"BELA VISTA","Código do bairro":94,"CEP":"60442-642","Regional":"SER 11","INEP":23072555,"CODSGE":"155","6 mees":"NÃO","1 ano":"NÃO","2 anos":"NÃO","3 anos":"NÃO","4 anos":"SIM","5 anos":"SIM","6 anos":"SIM","7 anos":"SIM","8 anos":"SIM","9 anos":"SIM","10 anos":"SIM","11 anos":"NÃO","12 anos":"NÃO","13 anos":"NÃO","14 anos":"NÃO","Ano":"2023","Fonte":"Secretaria Municipal de Educação - SME","SRC da camada":"EPSG:4326 - WGS 84","Codificação":"UTF-8"}},{"type":"Feature","id":"vw_ParqueEscolarMunicipal_2023.fid-5656ca56_19a5f394e75_6a67","geometry":{"type":"Point","coordinates":[-38.55440601,-3.74532593]},"geometry_name":"geom","properties":{"id":430,"fid":430,"Tipo":"EMTP","Título":"ESCOLA MUNICIPAL","Nome":"SÃO RAIMUNDO","Seriação":"I-4,5/F-1,2,3,4,5","Faixa etária":"4 A 10 ANOS","Distrito":"3","Endereço":"RUA ALEXANDRÉ BARAÚNA, 1450","Bairro":"RODOLFO TEÓFILO","Código do bairro":34,"CEP":"60430-160","Regional":"SER 3","INEP":23257750,"CODSGE":"288","6 mees":"NÃO","1 ano":"NÃO","2 anos":"NÃO","3 anos":"NÃO","4 anos":"SIM","5 anos":"SIM","6 anos":"SIM","7 anos":"SIM","8 anos":"SIM","9 anos":"SIM","10 anos":"SIM","11 anos":"NÃO","12 anos":"NÃO","13 anos":"NÃO","14 anos":"NÃO","Ano":"2023","Fonte":"Secretaria Municipal de Educação - SME","SRC da camada":"EPSG:4326 - WGS 84","Codificação":"UTF-8"}},{"type":"Feature","id":"vw_ParqueEscolarMunicipal_2023.fid-5656ca56_19a5f394e75_6a68","geometry":{"type":"Point","coordinates":[-38.55737462,-3.74843005]},"geometry_name":"geom","properties":{"id":431,"fid":431,"Tipo":"EMTP","Título":"ESCOLA MUNICIPAL","Nome":"ANTÔNIO SALES","Seriação":"I-4,5/F-1,2,3,4,5","Faixa etária":"4 A 10 ANOS","Distrito":"3","Endereço":"RUA TAVARES IRACEMA, 675","Bairro":"RODOLFO TEÓFILO","Código do bairro":34,"CEP":"60430-070","Regional":"SER 3","INEP":23065397,"CODSGE":"89","6 mees":"NÃO","1 ano":"NÃO","2 anos":"NÃO","3 anos":"NÃO","4 anos":"SIM","5 anos":"SIM","6 anos":"SIM","7 anos":"SIM","8 anos":"SIM","9 anos":"SIM","10 anos":"SIM","11 anos":"NÃO","12 anos":"NÃO","13 anos":"NÃO","14 anos":"NÃO","Ano":"2023","Fonte":"Secretaria Municipal de Educação - SME","SRC da camada":"EPSG:4326 - WGS 84","Codificação":"UTF-8"}},{"type":"Feature","id":"vw_ParqueEscolarMunicipal_2023.fid-5656ca56_19a5f394e75_6a69","geometry":{"type":"Point","coordinates":[-38.56008174,-3.74537371]},"geometry_name":"geom","properties":{"id":432,"fid":432,"Tipo":"EMTP","Título":"ESCOLA MUNICIPAL","Nome":"MONSENHOR LINHARES","Seriação":"F-6,7,8,9","Faixa etária":"11 A 14 ANOS","Distrito":"3","Endereço":"RUA PROFESSOR LINO ENCARNAÇÃO, 1130","Bairro":"AMADEU FURTADO","Código do bairro":4,"CEP":"60455-515","Regional":"SER 3","INEP":23073080,"CODSGE":"216","6 mees":"NÃO","1 ano":"NÃO","2 anos":"NÃO","3 anos":"NÃO","4 anos":"NÃO","5 anos":"NÃO","6 anos":"NÃO","7 anos":"NÃO","8 anos":"NÃO","9 anos":"NÃO","10 anos":"NÃO","11 anos":"SIM","12 anos":"SIM","13 anos":"SIM","14 anos":"SIM","Ano":"2023","Fonte":"Secretaria Municipal de Educação - SME","SRC da camada":"EPSG:4326 - WGS 84","Codificação":"UTF-8"}},{"type":"Feature","id":"vw_ParqueEscolarMunicipal_2023.fid-5656ca56_19a5f394e75_6a6a","geometry":{"type":"Point","coordinates":[-38.56981923,-3.74909144]},"geometry_name":"geom","properties":{"id":433,"fid":433,"Tipo":"EMTP","Título":"ESCOLA MUNICIPAL","Nome":"PROFESSORA MARIA LIDUÍNA CORRÊA LEITE","Seriação":"I-4,5/F-1,2,3","Faixa etária":"4 A 8 ANOS","Distrito":"3","Endereço":"RUA FERNÃO MAGALHÃES, 120","Bairro":"PICI","Código do bairro":106,"CEP":"60440-550","Regional":"SER 11","INEP":23189681,"CODSGE":"136","6 mees":"NÃO","1 ano":"NÃO","2 anos":"NÃO","3 anos":"NÃO","4 anos":"SIM","5 anos":"SIM","6 anos":"SIM","7 anos":"SIM","8 anos":"SIM","9 anos":"NÃO","10 anos":"NÃO","11 anos":"NÃO","12 anos":"NÃO","13 anos":"NÃO","14 anos":"NÃO","Ano":"2023","Fonte":"Secretaria Municipal de Educação - SME","SRC da camada":"EPSG:4326 - WGS 84","Codificação":"UTF-8"}},{"type":"Feature","id":"vw_ParqueEscolarMunicipal_2023.fid-5656ca56_19a5f394e75_6a6b","geometry":{"type":"Point","coordinates":[-38.57513737,-3.75562472]},"geometry_name":"geom","properties":{"id":434,"fid":434,"Tipo":"EMTP","Título":"ESCOLA MUNICIPAL","Nome":"ADROALDO TEIXEIRA CASTELO","Seriação":"I-4,5/F-1,2,3,4,5","Faixa etária":"4 A 10 ANOS","Distrito":"3","Endereço":"RUA ALAGOAS, 2267","Bairro":"PICI","Código do bairro":106,"CEP":"60440-387","Regional":"SER 11","INEP":23067934,"CODSGE":"354","6 mees":"NÃO","1 ano":"NÃO","2 anos":"NÃO","3 anos":"NÃO","4 anos":"SIM","5 anos":"SIM","6 anos":"SIM","7 anos":"SIM","8 anos":"SIM","9 anos":"SIM","10 anos":"SIM","11 anos":"NÃO","12 anos":"NÃO","13 anos":"NÃO","14 anos":"NÃO","Ano":"2023","Fonte":"Secretaria Municipal de Educação - SME","SRC da camada":"EPSG:4326 - WGS 84","Codificação":"UTF-8"}},{"type":"Feature","id":"vw_ParqueEscolarMunicipal_2023.fid-5656ca56_19a5f394e75_6a6c","geometry":{"type":"Point","coordinates":[-38.57064339,-3.72946433]},"geometry_name":"geom","properties":{"id":435,"fid":435,"Tipo":"EMTP","Título":"ESCOLA MUNICIPAL","Nome":"GABRIEL CAVALCANTE","Seriação":"I-4,5/F-1,2,3,4,5","Faixa etária":"4 A 10 ANOS","Distrito":"3","Endereço":"QUADRA F, 167 (CONJUNTO PRESIDENTE CASTELO BRANCO)","Bairro":"PRESIDENTE KENNEDY","Código do bairro":33,"CEP":"60357-250","Regional":"SER 3","INEP":23070471,"CODSGE":"212","6 mees":"NÃO","1 ano":"NÃO","2 anos":"NÃO","3 anos":"NÃO","4 anos":"SIM","5 anos":"SIM","6 anos":"SIM","7 anos":"SIM","8 anos":"SIM","9 anos":"SIM","10 anos":"SIM","11 anos":"NÃO","12 anos":"NÃO","13 anos":"NÃO","14 anos":"NÃO","Ano":"2023","Fonte":"Secretaria Municipal de Educação - SME","SRC da camada":"EPSG:4326 - WGS 84","Codificação":"UTF-8"}},{"type":"Feature","id":"vw_ParqueEscolarMunicipal_2023.fid-5656ca56_19a5f394e75_6a6d","geometry":{"type":"Point","coordinates":[-38.57057945,-3.7306739]},"geometry_name":"geom","properties":{"id":436,"fid":436,"Tipo":"EMTI","Título":"ESCOLA MUNICIPAL DE TEMPO INTEGRAL","Nome":"PROFESSOR JOAQUIM FRANCISCO DE SOUSA FILHO","Seriação":"F-6,7,8,9","Faixa etária":"11 A 14 ANOS","Distrito":"3","Endereço":"RUA JOAQUIM MARQUES, 13","Bairro":"PRESIDENTE KENNEDY","Código do bairro":33,"CEP":"60356-032","Regional":"SER 3","INEP":23331615,"CODSGE":"191","6 mees":"NÃO","1 ano":"NÃO","2 anos":"NÃO","3 anos":"NÃO","4 anos":"NÃO","5 anos":"NÃO","6 anos":"NÃO","7 anos":"NÃO","8 anos":"NÃO","9 anos":"NÃO","10 anos":"NÃO","11 anos":"SIM","12 anos":"SIM","13 anos":"SIM","14 anos":"SIM","Ano":"2023","Fonte":"Secretaria Municipal de Educação - SME","SRC da camada":"EPSG:4326 - WGS 84","Codificação":"UTF-8"}},{"type":"Feature","id":"vw_ParqueEscolarMunicipal_2023.fid-5656ca56_19a5f394e75_6a6e","geometry":{"type":"Point","coordinates":[-38.5812721,-3.73096054]},"geometry_name":"geom","properties":{"id":437,"fid":437,"Tipo":"EMTP","Título":"ESCOLA MUNICIPAL","Nome":"PROFESSOR CLODOALDO PINTO","Seriação":"F-1,2,3,4,5","Faixa etária":"6 A 10 ANOS","Distrito":"3","Endereço":"RUA BANVARTH BEZERRA, 100","Bairro":"PADRE ANDRADE","Código do bairro":47,"CEP":"60356-400","Regional":"SER 3","INEP":23188375,"CODSGE":"86","6 mees":"NÃO","1 ano":"NÃO","2 anos":"NÃO","3 anos":"NÃO","4 anos":"NÃO","5 anos":"NÃO","6 anos":"SIM","7 anos":"SIM","8 anos":"SIM","9 anos":"SIM","10 anos":"SIM","11 anos":"NÃO","12 anos":"NÃO","13 anos":"NÃO","14 anos":"NÃO","Ano":"2023","Fonte":"Secretaria Municipal de Educação - SME","SRC da camada":"EPSG:4326 - WGS 84","Codificação":"UTF-8"}},{"type":"Feature","id":"vw_ParqueEscolarMunicipal_2023.fid-5656ca56_19a5f394e75_6a6f","geometry":{"type":"Point","coordinates":[-38.58931874,-3.74219834]},"geometry_name":"geom","properties":{"id":438,"fid":438,"Tipo":"EMTP","Título":"ESCOLA MUNICIPAL","Nome":"PROFESSOR GERARDO MILTON DE SÁ","Seriação":"I-4,5/F1,2,3,4,5,6,7","Faixa etária":"4 A 12 ANOS","Distrito":"3","Endereço":"RUA DOUTOR VALE COSTA, 668","Bairro":"ANTÔNIO BEZERRA","Código do bairro":40,"CEP":"60360-720","Regional":"SER 3","INEP":23263040,"CODSGE":"361","6 mees":"NÃO","1 ano":"NÃO","2 anos":"NÃO","3 anos":"NÃO","4 anos":"SIM","5 anos":"SIM","6 anos":"SIM","7 anos":"SIM","8 anos":"SIM","9 anos":"SIM","10 anos":"SIM","11 anos":"SIM","12 anos":"SIM","13 anos":"NÃO","14 anos":"NÃO","Ano":"2023","Fonte":"Secretaria Municipal de Educação - SME","SRC da camada":"EPSG:4326 - WGS 84","Codificação":"UTF-8"}},{"type":"Feature","id":"vw_ParqueEscolarMunicipal_2023.fid-5656ca56_19a5f394e75_6a70","geometry":{"type":"Point","coordinates":[-38.58905965,-3.73380962]},"geometry_name":"geom","properties":{"id":439,"fid":439,"Tipo":"EMTP","Título":"ESCOLA MUNICIPAL","Nome":"PADRE JOSEFINO CABRAL","Seriação":"I-4,5/F-1,2,3,4,5","Faixa etária":"4 A 10 ANOS","Distrito":"3","Endereço":"AV. SARGENTO HERMÍNIO, 5598","Bairro":"ANTÔNIO BEZERRA","Código do bairro":40,"CEP":"60350-484","Regional":"SER 3","INEP":23068469,"CODSGE":"85","6 mees":"NÃO","1 ano":"NÃO","2 anos":"NÃO","3 anos":"NÃO","4 anos":"SIM","5 anos":"SIM","6 anos":"SIM","7 anos":"SIM","8 anos":"SIM","9 anos":"SIM","10 anos":"SIM","11 anos":"NÃO","12 anos":"NÃO","13 anos":"NÃO","14 anos":"NÃO","Ano":"2023","Fonte":"Secretaria Municipal de Educação - SME","SRC da camada":"EPSG:4326 - WGS 84","Codificação":"UTF-8"}},{"type":"Feature","id":"vw_ParqueEscolarMunicipal_2023.fid-5656ca56_19a5f394e75_6a71","geometry":{"type":"Point","coordinates":[-38.59849712,-3.73729468]},"geometry_name":"geom","properties":{"id":440,"fid":440,"Tipo":"EMTP","Título":"ESCOLA MUNICIPAL","Nome":"SÃO CARLOS","Seriação":"I-4,5/F-1,2,3,4","Faixa etária":"4 A 9 ANOS","Distrito":"3","Endereço":"TV. BRASIL, 120","Bairro":"QUINTINO CUNHA","Código do bairro":48,"CEP":"60352-480","Regional":"SER 3","INEP":23257075,"CODSGE":"151","6 mees":"NÃO","1 ano":"NÃO","2 anos":"NÃO","3 anos":"NÃO","4 anos":"SIM","5 anos":"SIM","6 anos":"SIM","7 anos":"SIM","8 anos":"SIM","9 anos":"SIM","10 anos":"NÃO","11 anos":"NÃO","12 anos":"NÃO","13 anos":"NÃO","14 anos":"NÃO","Ano":"2023","Fonte":"Secretaria Municipal de Educação - SME","SRC da camada":"EPSG:4326 - WGS 84","Codificação":"UTF-8"}},{"type":"Feature","id":"vw_ParqueEscolarMunicipal_2023.fid-5656ca56_19a5f394e75_6a72","geometry":{"type":"Point","coordinates":[-38.59925496,-3.73715683]},"geometry_name":"geom","properties":{"id":441,"fid":441,"Tipo":"EMTP","Título":"ESCOLA MUNICIPAL","Nome":"JOSÉ CARLOS DA COSTA RIBEIRO","Seriação":"F-1,2,3,4,5,6,7,8,9","Faixa etária":"6 A 14 ANOS","Distrito":"3","Endereço":"RUA PIO SARAIVA, 335","Bairro":"QUINTINO CUNHA","Código do bairro":48,"CEP":"60352-470","Regional":"SER 3","INEP":23270675,"CODSGE":"230","6 mees":"NÃO","1 ano":"NÃO","2 anos":"NÃO","3 anos":"NÃO","4 anos":"NÃO","5 anos":"NÃO","6 anos":"SIM","7 anos":"SIM","8 anos":"SIM","9 anos":"SIM","10 anos":"SIM","11 anos":"SIM","12 anos":"SIM","13 anos":"SIM","14 anos":"SIM","Ano":"2023","Fonte":"Secretaria Municipal de Educação - SME","SRC da camada":"EPSG:4326 - WGS 84","Codificação":"UTF-8"}},{"type":"Feature","id":"vw_ParqueEscolarMunicipal_2023.fid-5656ca56_19a5f394e75_6a73","geometry":{"type":"Point","coordinates":[-38.5984939,-3.7262243]},"geometry_name":"geom","properties":{"id":442,"fid":442,"Tipo":"EMTP","Título":"ESCOLA MUNICIPAL","Nome":"MARIA CARDOSO","Seriação":"F-1,2,3,4,5","Faixa etária":"6 A 10 ANOS","Distrito":"3","Endereço":"RUA FRANCISQUINHA PORTELA, 1151","Bairro":"QUINTINO CUNHA","Código do bairro":48,"CEP":"60351-840","Regional":"SER 3","INEP":23257644,"CODSGE":"296","6 mees":"NÃO","1 ano":"NÃO","2 anos":"NÃO","3 anos":"NÃO","4 anos":"NÃO","5 anos":"NÃO","6 anos":"SIM","7 anos":"SIM","8 anos":"SIM","9 anos":"SIM","10 anos":"SIM","11 anos":"NÃO","12 anos":"NÃO","13 anos":"NÃO","14 anos":"NÃO","Ano":"2023","Fonte":"Secretaria Municipal de Educação - SME","SRC da camada":"EPSG:4326 - WGS 84","Codificação":"UTF-8"}},{"type":"Feature","id":"vw_ParqueEscolarMunicipal_2023.fid-5656ca56_19a5f394e75_6a74","geometry":{"type":"Point","coordinates":[-38.56861331,-3.72460996]},"geometry_name":"geom","properties":{"id":443,"fid":443,"Tipo":"EMTP","Título":"ESCOLA MUNICIPAL","Nome":"SÃO JOSÉ","Seriação":"F-6,7,8,9","Faixa etária":"11 A 14 ANOS","Distrito":"3","Endereço":"AV. DOUTOR THEBERGE, 2288","Bairro":"PRESIDENTE KENNEDY","Código do bairro":33,"CEP":"60355-000","Regional":"SER 3","INEP":23256060,"CODSGE":"210","6 mees":"NÃO","1 ano":"NÃO","2 anos":"NÃO","3 anos":"NÃO","4 anos":"NÃO","5 anos":"NÃO","6 anos":"NÃO","7 anos":"NÃO","8 anos":"NÃO","9 anos":"NÃO","10 anos":"NÃO","11 anos":"SIM","12 anos":"SIM","13 anos":"SIM","14 anos":"SIM","Ano":"2023","Fonte":"Secretaria Municipal de Educação - SME","SRC da camada":"EPSG:4326 - WGS 84","Codificação":"UTF-8"}},{"type":"Feature","id":"vw_ParqueEscolarMunicipal_2023.fid-5656ca56_19a5f394e75_6a75","geometry":{"type":"Point","coordinates":[-38.59119151,-3.76831117]},"geometry_name":"geom","properties":{"id":444,"fid":444,"Tipo":"CRP","Título":"CRECHE PARCEIRA","Nome":"AQUARELA","Seriação":"I-1,2,3","Faixa etária":"1 A 3 ANOS","Distrito":"3","Endereço":"RUA DIOGO CORREIA, 684","Bairro":"JOÃO XXIII","Código do bairro":46,"CEP":"60525-580","Regional":"SER 11","INEP":23280085,"CODSGE":"1120","6 mees":"NÃO","1 ano":"SIM","2 anos":"SIM","3 anos":"SIM","4 anos":"NÃO","5 anos":"NÃO","6 anos":"NÃO","7 anos":"NÃO","8 anos":"NÃO","9 anos":"NÃO","10 anos":"NÃO","11 anos":"NÃO","12 anos":"NÃO","13 anos":"NÃO","14 anos":"NÃO","Ano":"2023","Fonte":"Secretaria Municipal de Educação - SME","SRC da camada":"EPSG:4326 - WGS 84","Codificação":"UTF-8"}},{"type":"Feature","id":"vw_ParqueEscolarMunicipal_2023.fid-5656ca56_19a5f394e75_6a76","geometry":{"type":"Point","coordinates":[-38.59142309,-3.76776342]},"geometry_name":"geom","properties":{"id":445,"fid":445,"Tipo":"CRP","Título":"CRECHE PARCEIRA","Nome":"TIA EURICE","Seriação":"I-1,2,3","Faixa etária":"1 A 3 ANOS","Distrito":"3","Endereço":"RUA DIOGO CORREIA, 1863","Bairro":"JOÃO XXIII","Código do bairro":46,"CEP":"60525-580","Regional":"SER 11","INEP":23280271,"CODSGE":"565","6 mees":"NÃO","1 ano":"SIM","2 anos":"SIM","3 anos":"SIM","4 anos":"NÃO","5 anos":"NÃO","6 anos":"NÃO","7 anos":"NÃO","8 anos":"NÃO","9 anos":"NÃO","10 anos":"NÃO","11 anos":"NÃO","12 anos":"NÃO","13 anos":"NÃO","14 anos":"NÃO","Ano":"2023","Fonte":"Secretaria Municipal de Educação - SME","SRC da camada":"EPSG:4326 - WGS 84","Codificação":"UTF-8"}},{"type":"Feature","id":"vw_ParqueEscolarMunicipal_2023.fid-5656ca56_19a5f394e75_6a77","geometry":{"type":"Point","coordinates":[-38.59347889,-3.76145573]},"geometry_name":"geom","properties":{"id":446,"fid":446,"Tipo":"CRP","Título":"CRECHE PARCEIRA","Nome":"ESTRELA DA MANHÃ","Seriação":"I-1,2,3","Faixa etária":"1 A 3 ANOS","Distrito":"3","Endereço":"RUA CUIABÁ, 2265","Bairro":"HENRIQUE JORGE","Código do bairro":45,"CEP":"60510-182","Regional":"SER 11","INEP":23279389,"CODSGE":"525","6 mees":"NÃO","1 ano":"SIM","2 anos":"SIM","3 anos":"SIM","4 anos":"NÃO","5 anos":"NÃO","6 anos":"NÃO","7 anos":"NÃO","8 anos":"NÃO","9 anos":"NÃO","10 anos":"NÃO","11 anos":"NÃO","12 anos":"NÃO","13 anos":"NÃO","14 anos":"NÃO","Ano":"2023","Fonte":"Secretaria Municipal de Educação - SME","SRC da camada":"EPSG:4326 - WGS 84","Codificação":"UTF-8"}},{"type":"Feature","id":"vw_ParqueEscolarMunicipal_2023.fid-5656ca56_19a5f394e75_6a78","geometry":{"type":"Point","coordinates":[-38.59989161,-3.7361095]},"geometry_name":"geom","properties":{"id":447,"fid":447,"Tipo":"CRP","Título":"CRECHE PARCEIRA","Nome":"CRIANÇA FELIZ","Seriação":"I-1,2,3","Faixa etária":"1 A 3 ANOS","Distrito":"3","Endereço":"RUA PIO SARAIVA, 168","Bairro":"QUINTINO CUNHA","Código do bairro":48,"CEP":"60352-470","Regional":"SER 3","INEP":23279532,"CODSGE":"534","6 mees":"NÃO","1 ano":"SIM","2 anos":"SIM","3 anos":"SIM","4 anos":"NÃO","5 anos":"NÃO","6 anos":"NÃO","7 anos":"NÃO","8 anos":"NÃO","9 anos":"NÃO","10 anos":"NÃO","11 anos":"NÃO","12 anos":"NÃO","13 anos":"NÃO","14 anos":"NÃO","Ano":"2023","Fonte":"Secretaria Municipal de Educação - SME","SRC da camada":"EPSG:4326 - WGS 84","Codificação":"UTF-8"}},{"type":"Feature","id":"vw_ParqueEscolarMunicipal_2023.fid-5656ca56_19a5f394e75_6a79","geometry":{"type":"Point","coordinates":[-38.59759547,-3.75266936]},"geometry_name":"geom","properties":{"id":448,"fid":448,"Tipo":"CRP","Título":"CRECHE PARCEIRA","Nome":"PEQUENA BIA","Seriação":"I-1,2,3","Faixa etária":"1 A 3 ANOS","Distrito":"3","Endereço":"RUA BARÃO DE COTEGIPE, 522","Bairro":"AUTRAN NUNES","Código do bairro":41,"CEP":"60526-730","Regional":"SER 11","INEP":23279940,"CODSGE":"566","6 mees":"NÃO","1 ano":"SIM","2 anos":"SIM","3 anos":"SIM","4 anos":"NÃO","5 anos":"NÃO","6 anos":"NÃO","7 anos":"NÃO","8 anos":"NÃO","9 anos":"NÃO","10 anos":"NÃO","11 anos":"NÃO","12 anos":"NÃO","13 anos":"NÃO","14 anos":"NÃO","Ano":"2023","Fonte":"Secretaria Municipal de Educação - SME","SRC da camada":"EPSG:4326 - WGS 84","Codificação":"UTF-8"}},{"type":"Feature","id":"vw_ParqueEscolarMunicipal_2023.fid-5656ca56_19a5f394e75_6a7a","geometry":{"type":"Point","coordinates":[-38.54876142,-3.74584271]},"geometry_name":"geom","properties":{"id":449,"fid":449,"Tipo":"CRP","Título":"CRECHE PARCEIRA","Nome":"APRISCO","Seriação":"I-1,2,3","Faixa etária":"1 A 3 ANOS","Distrito":"3","Endereço":"RUA MONSENHOR FURTADO, 759","Bairro":"RODOLFO TEÓFILO","Código do bairro":34,"CEP":"60430-355","Regional":"SER 3","INEP":23280263,"CODSGE":"580","6 mees":"NÃO","1 ano":"SIM","2 anos":"SIM","3 anos":"SIM","4 anos":"NÃO","5 anos":"NÃO","6 anos":"NÃO","7 anos":"NÃO","8 anos":"NÃO","9 anos":"NÃO","10 anos":"NÃO","11 anos":"NÃO","12 anos":"NÃO","13 anos":"NÃO","14 anos":"NÃO","Ano":"2023","Fonte":"Secretaria Municipal de Educação - SME","SRC da camada":"EPSG:4326 - WGS 84","Codificação":"UTF-8"}},{"type":"Feature","id":"vw_ParqueEscolarMunicipal_2023.fid-5656ca56_19a5f394e75_6a7b","geometry":{"type":"Point","coordinates":[-38.55463242,-3.74341749]},"geometry_name":"geom","properties":{"id":450,"fid":450,"Tipo":"CRP","Título":"CRECHE PARCEIRA","Nome":"NOVA VIDA","Seriação":"I-1,2,3","Faixa etária":"1 A 3 ANOS","Distrito":"3","Endereço":"AV. GONÇALVES DIAS, 449","Bairro":"RODOLFO TEÓFILO","Código do bairro":34,"CEP":"60431-145","Regional":"SER 3","INEP":23280166,"CODSGE":"540","6 mees":"NÃO","1 ano":"SIM","2 anos":"SIM","3 anos":"SIM","4 anos":"NÃO","5 anos":"NÃO","6 anos":"NÃO","7 anos":"NÃO","8 anos":"NÃO","9 anos":"NÃO","10 anos":"NÃO","11 anos":"NÃO","12 anos":"NÃO","13 anos":"NÃO","14 anos":"NÃO","Ano":"2023","Fonte":"Secretaria Municipal de Educação - SME","SRC da camada":"EPSG:4326 - WGS 84","Codificação":"UTF-8"}},{"type":"Feature","id":"vw_ParqueEscolarMunicipal_2023.fid-5656ca56_19a5f394e75_6a7c","geometry":{"type":"Point","coordinates":[-38.59313262,-3.74031255]},"geometry_name":"geom","properties":{"id":451,"fid":451,"Tipo":"CRP","Título":"CRECHE PARCEIRA","Nome":"GERALDA BERTINI","Seriação":"I-1,2,3","Faixa etária":"1 A 3 ANOS","Distrito":"3","Endereço":"AV. MISTER HULL, 5437","Bairro":"ANTÔNIO BEZERRA","Código do bairro":40,"CEP":"60356-675","Regional":"SER 3","INEP":23280379,"CODSGE":"1140","6 mees":"NÃO","1 ano":"SIM","2 anos":"SIM","3 anos":"SIM","4 anos":"NÃO","5 anos":"NÃO","6 anos":"NÃO","7 anos":"NÃO","8 anos":"NÃO","9 anos":"NÃO","10 anos":"NÃO","11 anos":"NÃO","12 anos":"NÃO","13 anos":"NÃO","14 anos":"NÃO","Ano":"2023","Fonte":"Secretaria Municipal de Educação - SME","SRC da camada":"EPSG:4326 - WGS 84","Codificação":"UTF-8"}},{"type":"Feature","id":"vw_ParqueEscolarMunicipal_2023.fid-5656ca56_19a5f394e75_6a7d","geometry":{"type":"Point","coordinates":[-38.58960355,-3.77982655]},"geometry_name":"geom","properties":{"id":452,"fid":452,"Tipo":"CEI","Título":"CENTRO DE EDUCAÇÃO INFANTIL","Nome":"FRANCISCA FERNANDES MAGALHÃES","Seriação":"I-2,3","Faixa etária":"2 E 3 ANOS","Distrito":"5","Endereço":"RUA TAQUARI, S/N","Bairro":"BONSUCESSO","Código do bairro":73,"CEP":"60541-706","Regional":"SER 5","INEP":23234440,"CODSGE":"479","6 mees":"NÃO","1 ano":"NÃO","2 anos":"SIM","3 anos":"SIM","4 anos":"NÃO","5 anos":"NÃO","6 anos":"NÃO","7 anos":"NÃO","8 anos":"NÃO","9 anos":"NÃO","10 anos":"NÃO","11 anos":"NÃO","12 anos":"NÃO","13 anos":"NÃO","14 anos":"NÃO","Ano":"2023","Fonte":"Secretaria Municipal de Educação - SME","SRC da camada":"EPSG:4326 - WGS 84","Codificação":"UTF-8"}},{"type":"Feature","id":"vw_ParqueEscolarMunicipal_2023.fid-5656ca56_19a5f394e75_6a7e","geometry":{"type":"Point","coordinates":[-38.58409751,-3.7737376]},"geometry_name":"geom","properties":{"id":453,"fid":453,"Tipo":"CEI","Título":"CENTRO DE EDUCAÇÃO INFANTIL","Nome":"15 DE OUTUBRO","Seriação":"I-1,2,3","Faixa etária":"1 A 3 ANOS","Distrito":"5","Endereço":"RUA MENINO JESUS DE PRAGA, 192","Bairro":"BONSUCESSO","Código do bairro":73,"CEP":"60520-600","Regional":"SER 5","INEP":23272740,"CODSGE":"472","6 mees":"NÃO","1 ano":"SIM","2 anos":"SIM","3 anos":"SIM","4 anos":"NÃO","5 anos":"NÃO","6 anos":"NÃO","7 anos":"NÃO","8 anos":"NÃO","9 anos":"NÃO","10 anos":"NÃO","11 anos":"NÃO","12 anos":"NÃO","13 anos":"NÃO","14 anos":"NÃO","Ano":"2023","Fonte":"Secretaria Municipal de Educação - SME","SRC da camada":"EPSG:4326 - WGS 84","Codificação":"UTF-8"}},{"type":"Feature","id":"vw_ParqueEscolarMunicipal_2023.fid-5656ca56_19a5f394e75_6a7f","geometry":{"type":"Point","coordinates":[-38.58235466,-3.75296178]},"geometry_name":"geom","properties":{"id":454,"fid":454,"Tipo":"CEI","Título":"CENTRO DE EDUCAÇÃO INFANTIL","Nome":"MURILO SERPA UNID II","Seriação":"I-2,3","Faixa etária":"2 E 3 ANOS","Distrito":"3","Endereço":"AV. CORONEL MATOS DOURADO, S/N","Bairro":"PICI","Código do bairro":106,"CEP":"60511-745","Regional":"SER 11","INEP":23257237,"CODSGE":"443","6 mees":"NÃO","1 ano":"NÃO","2 anos":"SIM","3 anos":"SIM","4 anos":"NÃO","5 anos":"NÃO","6 anos":"NÃO","7 anos":"NÃO","8 anos":"NÃO","9 anos":"NÃO","10 anos":"NÃO","11 anos":"NÃO","12 anos":"NÃO","13 anos":"NÃO","14 anos":"NÃO","Ano":"2023","Fonte":"Secretaria Municipal de Educação - SME","SRC da camada":"EPSG:4326 - WGS 84","Codificação":"UTF-8"}},{"type":"Feature","id":"vw_ParqueEscolarMunicipal_2023.fid-5656ca56_19a5f394e75_6a80","geometry":{"type":"Point","coordinates":[-38.5788976,-3.76492794]},"geometry_name":"geom","properties":{"id":455,"fid":455,"Tipo":"CEI","Título":"CENTRO DE EDUCAÇÃO INFANTIL","Nome":"PROFESSOR JOSÉ SOBREIRA DE AMORIM","Seriação":"I-3,4,5","Faixa etária":"3 A 5 ANOS","Distrito":"3","Endereço":"RUA ESTRADA DO PICI, 1083","Bairro":"HENRIQUE JORGE","Código do bairro":45,"CEP":"60510-206","Regional":"SER 11","INEP":23072156,"CODSGE":"410","6 mees":"NÃO","1 ano":"NÃO","2 anos":"NÃO","3 anos":"SIM","4 anos":"SIM","5 anos":"SIM","6 anos":"NÃO","7 anos":"NÃO","8 anos":"NÃO","9 anos":"NÃO","10 anos":"NÃO","11 anos":"NÃO","12 anos":"NÃO","13 anos":"NÃO","14 anos":"NÃO","Ano":"2023","Fonte":"Secretaria Municipal de Educação - SME","SRC da camada":"EPSG:4326 - WGS 84","Codificação":"UTF-8"}},{"type":"Feature","id":"vw_ParqueEscolarMunicipal_2023.fid-5656ca56_19a5f394e75_6a81","geometry":{"type":"Point","coordinates":[-38.56260837,-3.75038541]},"geometry_name":"geom","properties":{"id":456,"fid":456,"Tipo":"CEI","Título":"CENTRO DE EDUCAÇÃO INFANTIL","Nome":"DOM JOSÉ TUPINAMBÁ DA FROTA","Seriação":"I-1,2,3","Faixa etária":"1 A 3 ANOS","Distrito":"3","Endereço":"RUA RIO GRANDE DO SUL, S/N","Bairro":"BELA VISTA","Código do bairro":94,"CEP":"60441-145","Regional":"SER 11","INEP":23072555,"CODSGE":"473","6 mees":"NÃO","1 ano":"SIM","2 anos":"SIM","3 anos":"SIM","4 anos":"NÃO","5 anos":"NÃO","6 anos":"NÃO","7 anos":"NÃO","8 anos":"NÃO","9 anos":"NÃO","10 anos":"NÃO","11 anos":"NÃO","12 anos":"NÃO","13 anos":"NÃO","14 anos":"NÃO","Ano":"2023","Fonte":"Secretaria Municipal de Educação - SME","SRC da camada":"EPSG:4326 - WGS 84","Codificação":"UTF-8"}},{"type":"Feature","id":"vw_ParqueEscolarMunicipal_2023.fid-5656ca56_19a5f394e75_6a82","geometry":{"type":"Point","coordinates":[-38.58093005,-3.73074047]},"geometry_name":"geom","properties":{"id":457,"fid":457,"Tipo":"CEI","Título":"CENTRO DE EDUCAÇÃO INFANTIL","Nome":"PROFESSOR CLODOALDO PINTO","Seriação":"I-2,3,4","Faixa etária":"2 A 5 ANOS","Distrito":"3","Endereço":"RUA BARVARTH BEZERRA, 100","Bairro":"PADRE ANDRADE","Código do bairro":47,"CEP":"60356-400","Regional":"SER 3","INEP":23188375,"CODSGE":"459","6 mees":"NÃO","1 ano":"NÃO","2 anos":"SIM","3 anos":"SIM","4 anos":"SIM","5 anos":"SIM","6 anos":"NÃO","7 anos":"NÃO","8 anos":"NÃO","9 anos":"NÃO","10 anos":"NÃO","11 anos":"NÃO","12 anos":"NÃO","13 anos":"NÃO","14 anos":"NÃO","Ano":"2023","Fonte":"Secretaria Municipal de Educação - SME","SRC da camada":"EPSG:4326 - WGS 84","Codificação":"UTF-8"}},{"type":"Feature","id":"vw_ParqueEscolarMunicipal_2023.fid-5656ca56_19a5f394e75_6a83","geometry":{"type":"Point","coordinates":[-38.59884095,-3.73745342]},"geometry_name":"geom","properties":{"id":458,"fid":458,"Tipo":"CEI","Título":"CENTRO DE EDUCAÇÃO INFANTIL","Nome":"JOSÉ CARLOS DA COSTA RIBEIRO","Seriação":"I-2,3","Faixa etária":"2 E 3 ANOS","Distrito":"3","Endereço":"TV. BRASIL, 70","Bairro":"QUINTINO CUNHA","Código do bairro":48,"CEP":"60352-480","Regional":"SER 3","INEP":23270675,"CODSGE":"401","6 mees":"NÃO","1 ano":"NÃO","2 anos":"SIM","3 anos":"SIM","4 anos":"NÃO","5 anos":"NÃO","6 anos":"NÃO","7 anos":"NÃO","8 anos":"NÃO","9 anos":"NÃO","10 anos":"NÃO","11 anos":"NÃO","12 anos":"NÃO","13 anos":"NÃO","14 anos":"NÃO","Ano":"2023","Fonte":"Secretaria Municipal de Educação - SME","SRC da camada":"EPSG:4326 - WGS 84","Codificação":"UTF-8"}},{"type":"Feature","id":"vw_ParqueEscolarMunicipal_2023.fid-5656ca56_19a5f394e75_6a84","geometry":{"type":"Point","coordinates":[-38.59578837,-3.73867399]},"geometry_name":"geom","properties":{"id":459,"fid":459,"Tipo":"CEI","Título":"CENTRO DE EDUCAÇÃO INFANTIL","Nome":"JOAQUIM NOGUEIRA","Seriação":"I-1,2,3","Faixa etária":"1 A 3 ANOS","Distrito":"3","Endereço":"RUA SÃO VICENTE DE PAULA, 250A","Bairro":"ANTÔNIO BEZERRA","Código do bairro":40,"CEP":"60352-370","Regional":"SER 3","INEP":23184680,"CODSGE":"460","6 mees":"NÃO","1 ano":"SIM","2 anos":"SIM","3 anos":"SIM","4 anos":"NÃO","5 anos":"NÃO","6 anos":"NÃO","7 anos":"NÃO","8 anos":"NÃO","9 anos":"NÃO","10 anos":"NÃO","11 anos":"NÃO","12 anos":"NÃO","13 anos":"NÃO","14 anos":"NÃO","Ano":"2023","Fonte":"Secretaria Municipal de Educação - SME","SRC da camada":"EPSG:4326 - WGS 84","Codificação":"UTF-8"}},{"type":"Feature","id":"vw_ParqueEscolarMunicipal_2023.fid-5656ca56_19a5f394e75_6a85","geometry":{"type":"Point","coordinates":[-38.51595528,-3.770991]},"geometry_name":"geom","properties":{"id":460,"fid":460,"Tipo":"CEI","Título":"CENTRO DE EDUCAÇÃO INFANTIL","Nome":"PROFESSORA EDITH BRAGA","Seriação":"I-2,3,4","Faixa etária":"2 A 5 ANOS","Distrito":"6","Endereço":"RUA CAPITÃO VASCONCELOS, 1061","Bairro":"AEROLÂNDIA","Código do bairro":91,"CEP":"60850-680","Regional":"SER 6","INEP":23068175,"CODSGE":"474","6 mees":"NÃO","1 ano":"NÃO","2 anos":"SIM","3 anos":"SIM","4 anos":"SIM","5 anos":"SIM","6 anos":"NÃO","7 anos":"NÃO","8 anos":"NÃO","9 anos":"NÃO","10 anos":"NÃO","11 anos":"NÃO","12 anos":"NÃO","13 anos":"NÃO","14 anos":"NÃO","Ano":"2023","Fonte":"Secretaria Municipal de Educação - SME","SRC da camada":"EPSG:4326 - WGS 84","Codificação":"UTF-8"}},{"type":"Feature","id":"vw_ParqueEscolarMunicipal_2023.fid-5656ca56_19a5f394e75_6a86","geometry":{"type":"Point","coordinates":[-38.46525635,-3.71761583]},"geometry_name":"geom","properties":{"id":461,"fid":461,"Tipo":"CEI","Título":"CENTRO DE EDUCAÇÃO INFANTIL","Nome":"GODOFREDO DE CASTRO FILHO","Seriação":"I-2,3,4","Faixa etária":"2 A 5 ANOS","Distrito":"2","Endereço":"AV. JOSÉ SABÓIA, 905","Bairro":"CAIS DO PORTO","Código do bairro":110,"CEP":"60180-480","Regional":"SER 2","INEP":23257369,"CODSGE":"477","6 mees":"NÃO","1 ano":"NÃO","2 anos":"SIM","3 anos":"SIM","4 anos":"SIM","5 anos":"SIM","6 anos":"NÃO","7 anos":"NÃO","8 anos":"NÃO","9 anos":"NÃO","10 anos":"NÃO","11 anos":"NÃO","12 anos":"NÃO","13 anos":"NÃO","14 anos":"NÃO","Ano":"2023","Fonte":"Secretaria Municipal de Educação - SME","SRC da camada":"EPSG:4326 - WGS 84","Codificação":"UTF-8"}},{"type":"Feature","id":"vw_ParqueEscolarMunicipal_2023.fid-5656ca56_19a5f394e75_6a87","geometry":{"type":"Point","coordinates":[-38.47182736,-3.7223946]},"geometry_name":"geom","properties":{"id":462,"fid":462,"Tipo":"EMTP","Título":"ESCOLA MUNICIPAL","Nome":"MARIA FELÍCIO LOPES","Seriação":"F-1,2,3,4,5,6,7,8,9","Faixa etária":"6 A 14 ANOS","Distrito":"2","Endereço":"RUA ISMAEL PORDEUS, 70","Bairro":"CAIS DO PORTO","Código do bairro":110,"CEP":"60180-560","Regional":"SER 2","INEP":23198818,"CODSGE":"105","6 mees":"NÃO","1 ano":"NÃO","2 anos":"NÃO","3 anos":"NÃO","4 anos":"NÃO","5 anos":"NÃO","6 anos":"SIM","7 anos":"SIM","8 anos":"SIM","9 anos":"SIM","10 anos":"SIM","11 anos":"SIM","12 anos":"SIM","13 anos":"SIM","14 anos":"SIM","Ano":"2023","Fonte":"Secretaria Municipal de Educação - SME","SRC da camada":"EPSG:4326 - WGS 84","Codificação":"UTF-8"}},{"type":"Feature","id":"vw_ParqueEscolarMunicipal_2023.fid-5656ca56_19a5f394e75_6a88","geometry":{"type":"Point","coordinates":[-38.4853925,-3.72884205]},"geometry_name":"geom","properties":{"id":463,"fid":463,"Tipo":"EMTP","Título":"ESCOLA MUNICIPAL","Nome":"COLÔNIA Z8","Seriação":"I-4,5/F-1,2,3,4,5","Faixa etária":"4 A 10 ANOS","Distrito":"2","Endereço":"RUA MANUEL JESUINO, 370","Bairro":"MUCURIPE","Código do bairro":26,"CEP":"60175-270","Regional":"SER 2","INEP":23067330,"CODSGE":"108","6 mees":"NÃO","1 ano":"NÃO","2 anos":"NÃO","3 anos":"NÃO","4 anos":"SIM","5 anos":"SIM","6 anos":"SIM","7 anos":"SIM","8 anos":"SIM","9 anos":"SIM","10 anos":"SIM","11 anos":"NÃO","12 anos":"NÃO","13 anos":"NÃO","14 anos":"NÃO","Ano":"2023","Fonte":"Secretaria Municipal de Educação - SME","SRC da camada":"EPSG:4326 - WGS 84","Codificação":"UTF-8"}},{"type":"Feature","id":"vw_ParqueEscolarMunicipal_2023.fid-5656ca56_19a5f394e75_6a89","geometry":{"type":"Point","coordinates":[-38.53537377,-3.72149393]},"geometry_name":"geom","properties":{"id":464,"fid":464,"Tipo":"CEI","Título":"CENTRO DE EDUCAÇÃO INFANTIL","Nome":"NOSSA SENHORA APARECIDA","Seriação":"I-2,3","Faixa etária":"2 E 3 ANOS","Distrito":"1","Endereço":"RUA TERESA CRISTINA, 112","Bairro":"CENTRO","Código do bairro":10,"CEP":"60015-140","Regional":"SER 12","INEP":23245379,"CODSGE":"503","6 mees":"NÃO","1 ano":"NÃO","2 anos":"SIM","3 anos":"SIM","4 anos":"NÃO","5 anos":"NÃO","6 anos":"NÃO","7 anos":"NÃO","8 anos":"NÃO","9 anos":"NÃO","10 anos":"NÃO","11 anos":"NÃO","12 anos":"NÃO","13 anos":"NÃO","14 anos":"NÃO","Ano":"2023","Fonte":"Secretaria Municipal de Educação - SME","SRC da camada":"EPSG:4326 - WGS 84","Codificação":"UTF-8"}},{"type":"Feature","id":"vw_ParqueEscolarMunicipal_2023.fid-5656ca56_19a5f394e75_6a8a","geometry":{"type":"Point","coordinates":[-38.44872749,-3.78950736]},"geometry_name":"geom","properties":{"id":465,"fid":465,"Tipo":"EMTP","Título":"ESCOLA MUNICIPAL","Nome":"PROFESSOR MANUEL EDUARDO PINHEIRO CAMPOS","Seriação":"F-1,2,3,4,5,6,7,8,9","Faixa etária":"6 A 14 ANOS","Distrito":"2","Endereço":"RUA MIRIÚ, 500","Bairro":"EDSON QUEIROZ","Código do bairro":57,"CEP":"60836-050","Regional":"SER 7","INEP":23325216,"CODSGE":"192","6 mees":"NÃO","1 ano":"NÃO","2 anos":"NÃO","3 anos":"NÃO","4 anos":"NÃO","5 anos":"NÃO","6 anos":"SIM","7 anos":"SIM","8 anos":"SIM","9 anos":"SIM","10 anos":"SIM","11 anos":"SIM","12 anos":"SIM","13 anos":"SIM","14 anos":"SIM","Ano":"2023","Fonte":"Secretaria Municipal de Educação - SME","SRC da camada":"EPSG:4326 - WGS 84","Codificação":"UTF-8"}},{"type":"Feature","id":"vw_ParqueEscolarMunicipal_2023.fid-5656ca56_19a5f394e75_6a8b","geometry":{"type":"Point","coordinates":[-38.44970994,-3.8005587]},"geometry_name":"geom","properties":{"id":466,"fid":466,"Tipo":"EMTP","Título":"ESCOLA MUNICIPAL","Nome":"PROFESSORA JOSEFINA PARENTE DE ARAÚJO","Seriação":"I-4,5/F-1,2,3,4,5","Faixa etária":"4 A 10 ANOS","Distrito":"2","Endereço":"RUA PEDRO MAMEDE, 175","Bairro":"SABIAGUABA","Código do bairro":70,"CEP":"60836-075","Regional":"SER 7","INEP":23256559,"CODSGE":"164","6 mees":"NÃO","1 ano":"NÃO","2 anos":"NÃO","3 anos":"NÃO","4 anos":"SIM","5 anos":"SIM","6 anos":"SIM","7 anos":"SIM","8 anos":"SIM","9 anos":"SIM","10 anos":"SIM","11 anos":"NÃO","12 anos":"NÃO","13 anos":"NÃO","14 anos":"NÃO","Ano":"2023","Fonte":"Secretaria Municipal de Educação - SME","SRC da camada":"EPSG:4326 - WGS 84","Codificação":"UTF-8"}},{"type":"Feature","id":"vw_ParqueEscolarMunicipal_2023.fid-5656ca56_19a5f394e75_6a8c","geometry":{"type":"Point","coordinates":[-38.46726707,-3.79750276]},"geometry_name":"geom","properties":{"id":467,"fid":467,"Tipo":"EMTP","Título":"ESCOLA MUNICIPAL","Nome":"PROFESSOR MONTEIRO DE MORAES","Seriação":"I-4,5/F-1,2,3,4,5","Faixa etária":"4 A 10 ANOS","Distrito":"2","Endereço":"RUA EVILÁSIO ALMEIDA MIRANDA, 1608","Bairro":"SAPIRANGA/COITÉ","Código do bairro":64,"CEP":"60833-302","Regional":"SER 7","INEP":23074779,"CODSGE":"314","6 mees":"NÃO","1 ano":"NÃO","2 anos":"NÃO","3 anos":"NÃO","4 anos":"SIM","5 anos":"SIM","6 anos":"SIM","7 anos":"SIM","8 anos":"SIM","9 anos":"SIM","10 anos":"SIM","11 anos":"NÃO","12 anos":"NÃO","13 anos":"NÃO","14 anos":"NÃO","Ano":"2023","Fonte":"Secretaria Municipal de Educação - SME","SRC da camada":"EPSG:4326 - WGS 84","Codificação":"UTF-8"}},{"type":"Feature","id":"vw_ParqueEscolarMunicipal_2023.fid-5656ca56_19a5f394e75_6a8d","geometry":{"type":"Point","coordinates":[-38.46649347,-3.79052329]},"geometry_name":"geom","properties":{"id":468,"fid":468,"Tipo":"EMTP","Título":"ESCOLA MUNICIPAL","Nome":"PROFESSOR ERNESTO GURGEL","Seriação":"I-4,5/F-1,2,3,4,5,6,7,8,9","Faixa etária":"4 A 14 ANOS","Distrito":"2","Endereço":"RUA CORONEL OLEGÁRIO MEMÓRIA, 3105","Bairro":"SAPIRANGA/COITÉ","Código do bairro":64,"CEP":"60833-045","Regional":"SER 7","INEP":23250631,"CODSGE":"295","6 mees":"NÃO","1 ano":"NÃO","2 anos":"NÃO","3 anos":"NÃO","4 anos":"SIM","5 anos":"SIM","6 anos":"SIM","7 anos":"SIM","8 anos":"SIM","9 anos":"SIM","10 anos":"SIM","11 anos":"SIM","12 anos":"SIM","13 anos":"SIM","14 anos":"SIM","Ano":"2023","Fonte":"Secretaria Municipal de Educação - SME","SRC da camada":"EPSG:4326 - WGS 84","Codificação":"UTF-8"}},{"type":"Feature","id":"vw_ParqueEscolarMunicipal_2023.fid-5656ca56_19a5f394e75_6a8e","geometry":{"type":"Point","coordinates":[-38.47469847,-3.79195223]},"geometry_name":"geom","properties":{"id":469,"fid":469,"Tipo":"EMTP","Título":"ESCOLA MUNICIPAL","Nome":"ALVORADA","Seriação":"I-4,5/F-1,2","Faixa etária":"4 A 7 ANOS","Distrito":"2","Endereço":"RUA ANGRA DOS REIS, 234","Bairro":"SAPIRANGA/COITÉ","Código do bairro":64,"CEP":"60833-046","Regional":"SER 7","INEP":23065052,"CODSGE":"263","6 mees":"NÃO","1 ano":"NÃO","2 anos":"NÃO","3 anos":"NÃO","4 anos":"SIM","5 anos":"SIM","6 anos":"SIM","7 anos":"SIM","8 anos":"NÃO","9 anos":"NÃO","10 anos":"NÃO","11 anos":"NÃO","12 anos":"NÃO","13 anos":"NÃO","14 anos":"NÃO","Ano":"2023","Fonte":"Secretaria Municipal de Educação - SME","SRC da camada":"EPSG:4326 - WGS 84","Codificação":"UTF-8"}},{"type":"Feature","id":"vw_ParqueEscolarMunicipal_2023.fid-5656ca56_19a5f394e75_6a8f","geometry":{"type":"Point","coordinates":[-38.47653934,-3.79135593]},"geometry_name":"geom","properties":{"id":470,"fid":470,"Tipo":"EMTP","Título":"ESCOLA MUNICIPAL","Nome":"PROFESSORA ALDACI BARBOSA","Seriação":"F-6,7,8,9","Faixa etária":"11 A 14 ANOS","Distrito":"2","Endereço":"RUA CORONEL OLEGÁRIO MEMÓRIA, 1257","Bairro":"SAPIRANGA/COITÉ","Código do bairro":64,"CEP":"60833-045","Regional":"SER 7","INEP":23064927,"CODSGE":"182","6 mees":"NÃO","1 ano":"NÃO","2 anos":"NÃO","3 anos":"NÃO","4 anos":"NÃO","5 anos":"NÃO","6 anos":"NÃO","7 anos":"NÃO","8 anos":"NÃO","9 anos":"NÃO","10 anos":"NÃO","11 anos":"SIM","12 anos":"SIM","13 anos":"SIM","14 anos":"SIM","Ano":"2023","Fonte":"Secretaria Municipal de Educação - SME","SRC da camada":"EPSG:4326 - WGS 84","Codificação":"UTF-8"}},{"type":"Feature","id":"vw_ParqueEscolarMunicipal_2023.fid-5656ca56_19a5f394e75_6a90","geometry":{"type":"Point","coordinates":[-38.47547368,-3.79081751]},"geometry_name":"geom","properties":{"id":471,"fid":471,"Tipo":"EMTP","Título":"ESCOLA MUNICIPAL","Nome":"IRMÃ SIMAS","Seriação":"F-1,2,3,4,5","Faixa etária":"6 A 10 ANOS","Distrito":"2","Endereço":"RUA JOÃO MARIANO, 608","Bairro":"SAPIRANGA/COITÉ","Código do bairro":64,"CEP":"60833-052","Regional":"SER 7","INEP":23077611,"CODSGE":"321","6 mees":"NÃO","1 ano":"NÃO","2 anos":"NÃO","3 anos":"NÃO","4 anos":"NÃO","5 anos":"NÃO","6 anos":"SIM","7 anos":"SIM","8 anos":"SIM","9 anos":"SIM","10 anos":"SIM","11 anos":"NÃO","12 anos":"NÃO","13 anos":"NÃO","14 anos":"NÃO","Ano":"2023","Fonte":"Secretaria Municipal de Educação - SME","SRC da camada":"EPSG:4326 - WGS 84","Codificação":"UTF-8"}},{"type":"Feature","id":"vw_ParqueEscolarMunicipal_2023.fid-5656ca56_19a5f394e75_6a91","geometry":{"type":"Point","coordinates":[-38.47722619,-3.77801244]},"geometry_name":"geom","properties":{"id":472,"fid":472,"Tipo":"EMTP","Título":"ESCOLA MUNICIPAL","Nome":"WASHINGTON SOARES","Seriação":"F-6,7,8,9","Faixa etária":"11 A 14 ANOS","Distrito":"2","Endereço":"RUA DO CORRENTE, 400","Bairro":"EDSON QUEIROZ","Código do bairro":57,"CEP":"60812-290","Regional":"SER 7","INEP":23078596,"CODSGE":"249","6 mees":"NÃO","1 ano":"NÃO","2 anos":"NÃO","3 anos":"NÃO","4 anos":"NÃO","5 anos":"NÃO","6 anos":"NÃO","7 anos":"NÃO","8 anos":"NÃO","9 anos":"NÃO","10 anos":"NÃO","11 anos":"SIM","12 anos":"SIM","13 anos":"SIM","14 anos":"SIM","Ano":"2023","Fonte":"Secretaria Municipal de Educação - SME","SRC da camada":"EPSG:4326 - WGS 84","Codificação":"UTF-8"}},{"type":"Feature","id":"vw_ParqueEscolarMunicipal_2023.fid-5656ca56_19a5f394e75_6a92","geometry":{"type":"Point","coordinates":[-38.49389152,-3.76766623]},"geometry_name":"geom","properties":{"id":473,"fid":473,"Tipo":"EMTP","Título":"ESCOLA MUNICIPAL","Nome":"JOHNSON","Seriação":"F-6,7,8,9","Faixa etária":"11 A 14 ANOS","Distrito":"2","Endereço":"RUA DOUTORA SOCORRO AZEVEDO, 461","Bairro":"ENGENHEIRO LUCIANO CAVALCANTE","Código do bairro":58,"CEP":"60810-400","Regional":"SER 7","INEP":23274034,"CODSGE":"879","6 mees":"NÃO","1 ano":"NÃO","2 anos":"NÃO","3 anos":"NÃO","4 anos":"NÃO","5 anos":"NÃO","6 anos":"NÃO","7 anos":"NÃO","8 anos":"NÃO","9 anos":"NÃO","10 anos":"NÃO","11 anos":"SIM","12 anos":"SIM","13 anos":"SIM","14 anos":"SIM","Ano":"2023","Fonte":"Secretaria Municipal de Educação - SME","SRC da camada":"EPSG:4326 - WGS 84","Codificação":"UTF-8"}},{"type":"Feature","id":"vw_ParqueEscolarMunicipal_2023.fid-5656ca56_19a5f394e75_6a93","geometry":{"type":"Point","coordinates":[-38.46168978,-3.79776086]},"geometry_name":"geom","properties":{"id":474,"fid":474,"Tipo":"CRP","Título":"CRECHE PARCEIRA","Nome":"NOVIDADE DE VIDA","Seriação":"I-2,3","Faixa etária":"2 E 3 ANOS","Distrito":"2","Endereço":"RUA DR. WALDEMAR DE ALCÂNTARA, 2535","Bairro":"SAPIRANGA/COITÉ","Código do bairro":64,"CEP":"60833-241","Regional":"SER 7","INEP":23279893,"CODSGE":"843","6 mees":"NÃO","1 ano":"NÃO","2 anos":"SIM","3 anos":"SIM","4 anos":"NÃO","5 anos":"NÃO","6 anos":"NÃO","7 anos":"NÃO","8 anos":"NÃO","9 anos":"NÃO","10 anos":"NÃO","11 anos":"NÃO","12 anos":"NÃO","13 anos":"NÃO","14 anos":"NÃO","Ano":"2023","Fonte":"Secretaria Municipal de Educação - SME","SRC da camada":"EPSG:4326 - WGS 84","Codificação":"UTF-8"}},{"type":"Feature","id":"vw_ParqueEscolarMunicipal_2023.fid-5656ca56_19a5f394e75_6a94","geometry":{"type":"Point","coordinates":[-38.51044855,-3.76410337]},"geometry_name":"geom","properties":{"id":475,"fid":475,"Tipo":"CEI","Título":"CENTRO DE EDUCAÇÃO INFANTIL","Nome":"AIRTON JOSÉ VIDAL QUEIROZ","Seriação":"I-1,2,3","Faixa etária":"1 A 5 ANOS","Distrito":"6","Endereço":"RUA HERMÍNIO BARROSO, S/N","Bairro":"ALTO DA BALANÇA","Código do bairro":93,"CEP":"60851-640","Regional":"SER 6","INEP":23078600,"CODSGE":"837","6 mees":"NÃO","1 ano":"SIM","2 anos":"SIM","3 anos":"SIM","4 anos":"SIM","5 anos":"SIM","6 anos":"NÃO","7 anos":"NÃO","8 anos":"NÃO","9 anos":"NÃO","10 anos":"NÃO","11 anos":"NÃO","12 anos":"NÃO","13 anos":"NÃO","14 anos":"NÃO","Ano":"2023","Fonte":"Secretaria Municipal de Educação - SME","SRC da camada":"EPSG:4326 - WGS 84","Codificação":"UTF-8"}},{"type":"Feature","id":"vw_ParqueEscolarMunicipal_2023.fid-5656ca56_19a5f394e75_6a95","geometry":{"type":"Point","coordinates":[-38.52548245,-3.78756708]},"geometry_name":"geom","properties":{"id":476,"fid":476,"Tipo":"CEI","Título":"CENTRO DE EDUCAÇÃO INFANTIL","Nome":"AUDIFAX RIOS","Seriação":"I-1,2,3","Faixa etária":"1 A 5 ANOS","Distrito":"4","Endereço":"RUA CAPRICHO, S/N","Bairro":"DIAS MACÊDO","Código do bairro":98,"CEP":"60860-450","Regional":"SER 8","INEP":23071818,"CODSGE":"836","6 mees":"NÃO","1 ano":"SIM","2 anos":"SIM","3 anos":"SIM","4 anos":"SIM","5 anos":"SIM","6 anos":"NÃO","7 anos":"NÃO","8 anos":"NÃO","9 anos":"NÃO","10 anos":"NÃO","11 anos":"NÃO","12 anos":"NÃO","13 anos":"NÃO","14 anos":"NÃO","Ano":"2023","Fonte":"Secretaria Municipal de Educação - SME","SRC da camada":"EPSG:4326 - WGS 84","Codificação":"UTF-8"}},{"type":"Feature","id":"vw_ParqueEscolarMunicipal_2023.fid-5656ca56_19a5f394e75_6a96","geometry":{"type":"Point","coordinates":[-38.46540364,-3.79784202]},"geometry_name":"geom","properties":{"id":477,"fid":477,"Tipo":"CRP","Título":"CRECHE PARCEIRA","Nome":"TIA KAROL","Seriação":"I-1,2,3","Faixa etária":"1 A 3 ANOS","Distrito":"2","Endereço":"RUA FIRMO ANANIAS CARDOSO, 2540","Bairro":"SAPIRANGA/COITÉ","Código do bairro":64,"CEP":"60833-331","Regional":"SER 7","INEP":23279931,"CODSGE":"793","6 mees":"NÃO","1 ano":"SIM","2 anos":"SIM","3 anos":"SIM","4 anos":"NÃO","5 anos":"NÃO","6 anos":"NÃO","7 anos":"NÃO","8 anos":"NÃO","9 anos":"NÃO","10 anos":"NÃO","11 anos":"NÃO","12 anos":"NÃO","13 anos":"NÃO","14 anos":"NÃO","Ano":"2023","Fonte":"Secretaria Municipal de Educação - SME","SRC da camada":"EPSG:4326 - WGS 84","Codificação":"UTF-8"}},{"type":"Feature","id":"vw_ParqueEscolarMunicipal_2023.fid-5656ca56_19a5f394e75_6a97","geometry":{"type":"Point","coordinates":[-38.50391427,-3.73188857]},"geometry_name":"geom","properties":{"id":478,"fid":478,"Tipo":"CEI","Título":"CENTRO DE EDUCAÇÃO INFANTIL","Nome":"JOSÉ DIAS MACÊDO","Seriação":"I-2,3,4","Faixa etária":"2 A 5 ANOS","Distrito":"2","Endereço":"RUA JAGUARIBE, 77","Bairro":"ALDEOTA","Código do bairro":2,"CEP":"60125-020","Regional":"SER 2","INEP":23072350,"CODSGE":"789","6 mees":"NÃO","1 ano":"NÃO","2 anos":"SIM","3 anos":"SIM","4 anos":"SIM","5 anos":"SIM","6 anos":"NÃO","7 anos":"NÃO","8 anos":"NÃO","9 anos":"NÃO","10 anos":"NÃO","11 anos":"NÃO","12 anos":"NÃO","13 anos":"NÃO","14 anos":"NÃO","Ano":"2023","Fonte":"Secretaria Municipal de Educação - SME","SRC da camada":"EPSG:4326 - WGS 84","Codificação":"UTF-8"}},{"type":"Feature","id":"vw_ParqueEscolarMunicipal_2023.fid-5656ca56_19a5f394e75_6a98","geometry":{"type":"Point","coordinates":[-38.4968749,-3.74488372]},"geometry_name":"geom","properties":{"id":479,"fid":479,"Tipo":"CEI","Título":"CENTRO DE EDUCAÇÃO INFANTIL","Nome":"SÃO VICENTE DE PAULO","Seriação":"I-1,2,3","Faixa etária":"1 A 3 ANOS","Distrito":"2","Endereço":"TRAV. DO ROSÁRIO, 24","Bairro":"ALDEOTA","Código do bairro":2,"CEP":"60135-310","Regional":"SER 2","INEP":23072350,"CODSGE":"787","6 mees":"NÃO","1 ano":"SIM","2 anos":"SIM","3 anos":"SIM","4 anos":"NÃO","5 anos":"NÃO","6 anos":"NÃO","7 anos":"NÃO","8 anos":"NÃO","9 anos":"NÃO","10 anos":"NÃO","11 anos":"NÃO","12 anos":"NÃO","13 anos":"NÃO","14 anos":"NÃO","Ano":"2023","Fonte":"Secretaria Municipal de Educação - SME","SRC da camada":"EPSG:4326 - WGS 84","Codificação":"UTF-8"}},{"type":"Feature","id":"vw_ParqueEscolarMunicipal_2023.fid-5656ca56_19a5f394e75_6a99","geometry":{"type":"Point","coordinates":[-38.5153777,-3.7946096]},"geometry_name":"geom","properties":{"id":480,"fid":480,"Tipo":"CEI","Título":"CENTRO DE EDUCAÇÃO INFANTIL","Nome":"TEODORA MARIA DA SILVA","Seriação":"I-1,2,3","Faixa etária":"1 A 5 ANOS","Distrito":"4","Endereço":"RUA QUATRO IRMÃOS, S/N","Bairro":"BOA VISTA/CASTELÃO","Código do bairro":125,"CEP":"60861-045","Regional":"SER 8","INEP":23073748,"CODSGE":"781","6 mees":"NÃO","1 ano":"SIM","2 anos":"SIM","3 anos":"SIM","4 anos":"SIM","5 anos":"SIM","6 anos":"NÃO","7 anos":"NÃO","8 anos":"NÃO","9 anos":"NÃO","10 anos":"NÃO","11 anos":"NÃO","12 anos":"NÃO","13 anos":"NÃO","14 anos":"NÃO","Ano":"2023","Fonte":"Secretaria Municipal de Educação - SME","SRC da camada":"EPSG:4326 - WGS 84","Codificação":"UTF-8"}},{"type":"Feature","id":"vw_ParqueEscolarMunicipal_2023.fid-5656ca56_19a5f394e75_6a9a","geometry":{"type":"Point","coordinates":[-38.46583156,-3.7299209]},"geometry_name":"geom","properties":{"id":481,"fid":481,"Tipo":"CRP","Título":"CRECHE PARCEIRA","Nome":"CASA DE AFONSO E MARIA","Seriação":"I-1,2,3","Faixa etária":"1 A 3 ANOS","Distrito":"2","Endereço":"RUA DOS ESTAFETAS, 10","Bairro":"VICENTE PINZÓN","Código do bairro":37,"CEP":"60182-105","Regional":"SER 2","INEP":23279575,"CODSGE":"774","6 mees":"NÃO","1 ano":"SIM","2 anos":"SIM","3 anos":"SIM","4 anos":"NÃO","5 anos":"NÃO","6 anos":"NÃO","7 anos":"NÃO","8 anos":"NÃO","9 anos":"NÃO","10 anos":"NÃO","11 anos":"NÃO","12 anos":"NÃO","13 anos":"NÃO","14 anos":"NÃO","Ano":"2023","Fonte":"Secretaria Municipal de Educação - SME","SRC da camada":"EPSG:4326 - WGS 84","Codificação":"UTF-8"}},{"type":"Feature","id":"vw_ParqueEscolarMunicipal_2023.fid-5656ca56_19a5f394e75_6a9b","geometry":{"type":"Point","coordinates":[-38.46591637,-3.7972934]},"geometry_name":"geom","properties":{"id":482,"fid":482,"Tipo":"CRP","Título":"CRECHE PARCEIRA","Nome":"SAMURA","Seriação":"I-1,2,3","Faixa etária":"1 A 3 ANOS","Distrito":"2","Endereço":"RUA EUCLIDES ONOFRE DE SOUSA, 1500","Bairro":"SAPIRANGA/COITÉ","Código do bairro":64,"CEP":"60833-252","Regional":"SER 7","INEP":23279460,"CODSGE":"773","6 mees":"NÃO","1 ano":"SIM","2 anos":"SIM","3 anos":"SIM","4 anos":"NÃO","5 anos":"NÃO","6 anos":"NÃO","7 anos":"NÃO","8 anos":"NÃO","9 anos":"NÃO","10 anos":"NÃO","11 anos":"NÃO","12 anos":"NÃO","13 anos":"NÃO","14 anos":"NÃO","Ano":"2023","Fonte":"Secretaria Municipal de Educação - SME","SRC da camada":"EPSG:4326 - WGS 84","Codificação":"UTF-8"}},{"type":"Feature","id":"vw_ParqueEscolarMunicipal_2023.fid-5656ca56_19a5f394e75_6a9c","geometry":{"type":"Point","coordinates":[-38.47852544,-3.72731909]},"geometry_name":"geom","properties":{"id":483,"fid":483,"Tipo":"CEI","Título":"CENTRO DE EDUCAÇÃO INFANTIL","Nome":"PADRE JOSÉ NILSON","Seriação":"I-3,4,5","Faixa etária":"3 A 5 ANOS","Distrito":"2","Endereço":"RUA AÍDA BALAIO, 100","Bairro":"VICENTE PINZÓN","Código do bairro":37,"CEP":"60181-274","Regional":"SER 2","INEP":23233729,"CODSGE":"763","6 mees":"NÃO","1 ano":"NÃO","2 anos":"NÃO","3 anos":"SIM","4 anos":"SIM","5 anos":"SIM","6 anos":"NÃO","7 anos":"NÃO","8 anos":"NÃO","9 anos":"NÃO","10 anos":"NÃO","11 anos":"NÃO","12 anos":"NÃO","13 anos":"NÃO","14 anos":"NÃO","Ano":"2023","Fonte":"Secretaria Municipal de Educação - SME","SRC da camada":"EPSG:4326 - WGS 84","Codificação":"UTF-8"}},{"type":"Feature","id":"vw_ParqueEscolarMunicipal_2023.fid-5656ca56_19a5f394e75_6a9d","geometry":{"type":"Point","coordinates":[-38.51838761,-3.74329012]},"geometry_name":"geom","properties":{"id":484,"fid":484,"Tipo":"CRP","Título":"CRECHE PARCEIRA","Nome":"FILIPPO SMALDONE","Seriação":"I-2,3","Faixa etária":"2 E 3 ANOS","Distrito":"2","Endereço":"RUA ADOLFO SIQUEIRA, 273","Bairro":"JOAQUIM TÁVORA","Código do bairro":22,"CEP":"60135-140","Regional":"SER 2","INEP":23190710,"CODSGE":"643","6 mees":"NÃO","1 ano":"NÃO","2 anos":"SIM","3 anos":"SIM","4 anos":"NÃO","5 anos":"NÃO","6 anos":"NÃO","7 anos":"NÃO","8 anos":"NÃO","9 anos":"NÃO","10 anos":"NÃO","11 anos":"NÃO","12 anos":"NÃO","13 anos":"NÃO","14 anos":"NÃO","Ano":"2023","Fonte":"Secretaria Municipal de Educação - SME","SRC da camada":"EPSG:4326 - WGS 84","Codificação":"UTF-8"}},{"type":"Feature","id":"vw_ParqueEscolarMunicipal_2023.fid-5656ca56_19a5f394e75_6a9e","geometry":{"type":"Point","coordinates":[-38.51504083,-3.75992336]},"geometry_name":"geom","properties":{"id":485,"fid":485,"Tipo":"CRP","Título":"CRECHE PARCEIRA","Nome":"SÃO GABRIEL","Seriação":"I-1,2,3","Faixa etária":"1 A 3 ANOS","Distrito":"2","Endereço":"RUA ANA GONÇALVES, 141","Bairro":"TAUAPE","Código do bairro":35,"CEP":"60130-490","Regional":"SER 2","INEP":23279591,"CODSGE":"570","6 mees":"NÃO","1 ano":"SIM","2 anos":"SIM","3 anos":"SIM","4 anos":"NÃO","5 anos":"NÃO","6 anos":"NÃO","7 anos":"NÃO","8 anos":"NÃO","9 anos":"NÃO","10 anos":"NÃO","11 anos":"NÃO","12 anos":"NÃO","13 anos":"NÃO","14 anos":"NÃO","Ano":"2023","Fonte":"Secretaria Municipal de Educação - SME","SRC da camada":"EPSG:4326 - WGS 84","Codificação":"UTF-8"}},{"type":"Feature","id":"vw_ParqueEscolarMunicipal_2023.fid-5656ca56_19a5f394e75_6a9f","geometry":{"type":"Point","coordinates":[-38.52784477,-3.78545972]},"geometry_name":"geom","properties":{"id":486,"fid":486,"Tipo":"CRP","Título":"CRECHE PARCEIRA","Nome":"SEMENTE DO AMANHÃ","Seriação":"I-1,2,3","Faixa etária":"1 A 3 ANOS","Distrito":"4","Endereço":"RUA CAPITÃO JOÃO FERREIRA, 954","Bairro":"DIAS MACÊDO","Código do bairro":98,"CEP":"60860-220","Regional":"SER 8","INEP":23281006,"CODSGE":"544","6 mees":"NÃO","1 ano":"SIM","2 anos":"SIM","3 anos":"SIM","4 anos":"NÃO","5 anos":"NÃO","6 anos":"NÃO","7 anos":"NÃO","8 anos":"NÃO","9 anos":"NÃO","10 anos":"NÃO","11 anos":"NÃO","12 anos":"NÃO","13 anos":"NÃO","14 anos":"NÃO","Ano":"2023","Fonte":"Secretaria Municipal de Educação - SME","SRC da camada":"EPSG:4326 - WGS 84","Codificação":"UTF-8"}},{"type":"Feature","id":"vw_ParqueEscolarMunicipal_2023.fid-5656ca56_19a5f394e75_6aa0","geometry":{"type":"Point","coordinates":[-38.51622122,-3.80979191]},"geometry_name":"geom","properties":{"id":487,"fid":487,"Tipo":"CEI","Título":"CENTRO DE EDUCAÇÃO INFANTIL","Nome":"JORNALISTA IVONETE MAIA","Seriação":"I-1,2,3","Faixa etária":"1 A 5 ANOS","Distrito":"4","Endereço":"RUA MANOEL DE AGUIAR PONTES, 1525","Bairro":"BOA VISTA/CASTELÃO","Código do bairro":125,"CEP":"60867-695","Regional":"SER 8","INEP":23073748,"CODSGE":"407","6 mees":"NÃO","1 ano":"SIM","2 anos":"SIM","3 anos":"SIM","4 anos":"SIM","5 anos":"SIM","6 anos":"NÃO","7 anos":"NÃO","8 anos":"NÃO","9 anos":"NÃO","10 anos":"NÃO","11 anos":"NÃO","12 anos":"NÃO","13 anos":"NÃO","14 anos":"NÃO","Ano":"2023","Fonte":"Secretaria Municipal de Educação - SME","SRC da camada":"EPSG:4326 - WGS 84","Codificação":"UTF-8"}},{"type":"Feature","id":"vw_ParqueEscolarMunicipal_2023.fid-5656ca56_19a5f394e75_6aa1","geometry":{"type":"Point","coordinates":[-38.47041237,-3.79979217]},"geometry_name":"geom","properties":{"id":488,"fid":488,"Tipo":"CRP","Título":"CRECHE PARCEIRA","Nome":"VIDA VIDEIRA","Seriação":"I-2,3","Faixa etária":"2 E 3 ANOS","Distrito":"2","Endereço":"RUA DR. ERNESTO MONTEIRO, 2990","Bairro":"SAPIRANGA/COITÉ","Código do bairro":64,"CEP":"60833-272","Regional":"SER 7","INEP":23279370,"CODSGE":"560","6 mees":"NÃO","1 ano":"NÃO","2 anos":"SIM","3 anos":"SIM","4 anos":"NÃO","5 anos":"NÃO","6 anos":"NÃO","7 anos":"NÃO","8 anos":"NÃO","9 anos":"NÃO","10 anos":"NÃO","11 anos":"NÃO","12 anos":"NÃO","13 anos":"NÃO","14 anos":"NÃO","Ano":"2023","Fonte":"Secretaria Municipal de Educação - SME","SRC da camada":"EPSG:4326 - WGS 84","Codificação":"UTF-8"}},{"type":"Feature","id":"vw_ParqueEscolarMunicipal_2023.fid-5656ca56_19a5f394e75_6aa2","geometry":{"type":"Point","coordinates":[-38.50691529,-3.7860222]},"geometry_name":"geom","properties":{"id":489,"fid":489,"Tipo":"CRP","Título":"CRECHE PARCEIRA","Nome":"BEM ESTAR COMUNITÁRIO","Seriação":"I-1,2,3","Faixa etária":"1 A 3 ANOS","Distrito":"6","Endereço":"RUA FREI CANECA, 299","Bairro":"JARDIM DAS OLIVEIRAS","Código do bairro":62,"CEP":"60820-000","Regional":"SER 6","INEP":23279524,"CODSGE":"576","6 mees":"NÃO","1 ano":"SIM","2 anos":"SIM","3 anos":"SIM","4 anos":"NÃO","5 anos":"NÃO","6 anos":"NÃO","7 anos":"NÃO","8 anos":"NÃO","9 anos":"NÃO","10 anos":"NÃO","11 anos":"NÃO","12 anos":"NÃO","13 anos":"NÃO","14 anos":"NÃO","Ano":"2023","Fonte":"Secretaria Municipal de Educação - SME","SRC da camada":"EPSG:4326 - WGS 84","Codificação":"UTF-8"}},{"type":"Feature","id":"vw_ParqueEscolarMunicipal_2023.fid-5656ca56_19a5f394e75_6aa3","geometry":{"type":"Point","coordinates":[-38.45653014,-3.73784227]},"geometry_name":"geom","properties":{"id":490,"fid":490,"Tipo":"CEI","Título":"CENTRO DE EDUCAÇÃO INFANTIL","Nome":"FREI AGOSTINHO FERNANDES","Seriação":"I-1,2,3","Faixa etária":"1 A 3 ANOS","Distrito":"2","Endereço":"AV. CÉSAR CALS, 2370","Bairro":"PRAIA DO FUTURO I","Código do bairro":113,"CEP":"60182-405","Regional":"SER 7","INEP":23250275,"CODSGE":"396","6 mees":"NÃO","1 ano":"SIM","2 anos":"SIM","3 anos":"SIM","4 anos":"NÃO","5 anos":"NÃO","6 anos":"NÃO","7 anos":"NÃO","8 anos":"NÃO","9 anos":"NÃO","10 anos":"NÃO","11 anos":"NÃO","12 anos":"NÃO","13 anos":"NÃO","14 anos":"NÃO","Ano":"2023","Fonte":"Secretaria Municipal de Educação - SME","SRC da camada":"EPSG:4326 - WGS 84","Codificação":"UTF-8"}},{"type":"Feature","id":"vw_ParqueEscolarMunicipal_2023.fid-5656ca56_19a5f394e75_6aa4","geometry":{"type":"Point","coordinates":[-38.44896452,-3.78935859]},"geometry_name":"geom","properties":{"id":491,"fid":491,"Tipo":"CEI","Título":"CENTRO DE EDUCAÇÃO INFANTIL","Nome":"PROFESSOR MANUEL EDUARDO PINHEIRO CAMPOS","Seriação":"I-1,2,3","Faixa etária":"1 A 5 ANOS","Distrito":"2","Endereço":"RUA MIRIÚ, 500","Bairro":"EDSON QUEIROZ","Código do bairro":57,"CEP":"60836-050","Regional":"SER 7","INEP":23325216,"CODSGE":"375","6 mees":"NÃO","1 ano":"SIM","2 anos":"SIM","3 anos":"SIM","4 anos":"SIM","5 anos":"SIM","6 anos":"NÃO","7 anos":"NÃO","8 anos":"NÃO","9 anos":"NÃO","10 anos":"NÃO","11 anos":"NÃO","12 anos":"NÃO","13 anos":"NÃO","14 anos":"NÃO","Ano":"2023","Fonte":"Secretaria Municipal de Educação - SME","SRC da camada":"EPSG:4326 - WGS 84","Codificação":"UTF-8"}},{"type":"Feature","id":"vw_ParqueEscolarMunicipal_2023.fid-5656ca56_19a5f394e75_6aa5","geometry":{"type":"Point","coordinates":[-38.4792144,-3.77233135]},"geometry_name":"geom","properties":{"id":492,"fid":492,"Tipo":"EMTP","Título":"ESCOLA MUNICIPAL","Nome":"PROFESSOR FRANCISCO MAURÍCIO DE MATTOS DOURADO","Seriação":"I-4,5/F-1,2,3,4,5","Faixa etária":"4 A 10 ANOS","Distrito":"2","Endereço":"RUA DES. FLORIANO BENEVIDES MAGALHÃES, 391","Bairro":"EDSON QUEIROZ","Código do bairro":57,"CEP":"60811-690","Regional":"SER 7","INEP":23070048,"CODSGE":"313","6 mees":"NÃO","1 ano":"NÃO","2 anos":"NÃO","3 anos":"NÃO","4 anos":"SIM","5 anos":"SIM","6 anos":"SIM","7 anos":"SIM","8 anos":"SIM","9 anos":"SIM","10 anos":"SIM","11 anos":"NÃO","12 anos":"NÃO","13 anos":"NÃO","14 anos":"NÃO","Ano":"2023","Fonte":"Secretaria Municipal de Educação - SME","SRC da camada":"EPSG:4326 - WGS 84","Codificação":"UTF-8"}},{"type":"Feature","id":"vw_ParqueEscolarMunicipal_2023.fid-5656ca56_19a5f394e75_6aa6","geometry":{"type":"Point","coordinates":[-38.50934891,-3.78757721]},"geometry_name":"geom","properties":{"id":493,"fid":493,"Tipo":"EMTP","Título":"ESCOLA MUNICIPAL","Nome":"MARIA DE LOURDES","Seriação":"I-4,5/F-1,2,3,4,5","Faixa etária":"4 A 10 ANOS","Distrito":"6","Endereço":"RUA LUIS MENDES, 174","Bairro":"CIDADE DOS FUNCIONÁRIOS","Código do bairro":54,"CEP":"60823-080","Regional":"SER 6","INEP":23256591,"CODSGE":"190","6 mees":"NÃO","1 ano":"NÃO","2 anos":"NÃO","3 anos":"NÃO","4 anos":"SIM","5 anos":"SIM","6 anos":"SIM","7 anos":"SIM","8 anos":"SIM","9 anos":"SIM","10 anos":"SIM","11 anos":"NÃO","12 anos":"NÃO","13 anos":"NÃO","14 anos":"NÃO","Ano":"2023","Fonte":"Secretaria Municipal de Educação - SME","SRC da camada":"EPSG:4326 - WGS 84","Codificação":"UTF-8"}},{"type":"Feature","id":"vw_ParqueEscolarMunicipal_2023.fid-5656ca56_19a5f394e75_6aa7","geometry":{"type":"Point","coordinates":[-38.51172627,-3.79774706]},"geometry_name":"geom","properties":{"id":494,"fid":494,"Tipo":"EMTP","Título":"ESCOLA MUNICIPAL","Nome":"JOSÉ SOBREIRA DE AMORIM","Seriação":"I-4,5/F-1,2,3,4,5","Faixa etária":"4 A 10 ANOS","Distrito":"6","Endereço":"RUA TENENTE TITO BARROS, 330","Bairro":"CAJAZEIRAS","Código do bairro":52,"CEP":"60864-300","Regional":"SER 9","INEP":23256478,"CODSGE":"231","6 mees":"NÃO","1 ano":"NÃO","2 anos":"NÃO","3 anos":"NÃO","4 anos":"SIM","5 anos":"SIM","6 anos":"SIM","7 anos":"SIM","8 anos":"SIM","9 anos":"SIM","10 anos":"SIM","11 anos":"NÃO","12 anos":"NÃO","13 anos":"NÃO","14 anos":"NÃO","Ano":"2023","Fonte":"Secretaria Municipal de Educação - SME","SRC da camada":"EPSG:4326 - WGS 84","Codificação":"UTF-8"}},{"type":"Feature","id":"vw_ParqueEscolarMunicipal_2023.fid-5656ca56_19a5f394e75_6aa8","geometry":{"type":"Point","coordinates":[-38.52855577,-3.79955689]},"geometry_name":"geom","properties":{"id":495,"fid":495,"Tipo":"EMTP","Título":"ESCOLA MUNICIPAL","Nome":"PROFESSORA MARIA STELLA COCHRANE SANTIAGO","Seriação":"I-4,5/F-1,2,3,4,5,6,7,8,9","Faixa etária":"4 A 14 ANOS","Distrito":"4","Endereço":"RUA ANTÔNIO FARIAS, 121","Bairro":"BOA VISTA/CASTELÃO","Código do bairro":125,"CEP":"60861-118","Regional":"SER 8","INEP":23073748,"CODSGE":"222","6 mees":"NÃO","1 ano":"NÃO","2 anos":"NÃO","3 anos":"NÃO","4 anos":"SIM","5 anos":"SIM","6 anos":"SIM","7 anos":"SIM","8 anos":"SIM","9 anos":"SIM","10 anos":"SIM","11 anos":"SIM","12 anos":"SIM","13 anos":"SIM","14 anos":"SIM","Ano":"2023","Fonte":"Secretaria Municipal de Educação - SME","SRC da camada":"EPSG:4326 - WGS 84","Codificação":"UTF-8"}},{"type":"Feature","id":"vw_ParqueEscolarMunicipal_2023.fid-5656ca56_19a5f394e75_6aa9","geometry":{"type":"Point","coordinates":[-38.51871521,-3.79282674]},"geometry_name":"geom","properties":{"id":496,"fid":496,"Tipo":"EMTP","Título":"ESCOLA MUNICIPAL","Nome":"ODILON GONZAGA BRAVEZA","Seriação":"F-1,2,3,4,5,6,7,8,9","Faixa etária":"6 A 14 ANOS","Distrito":"4","Endereço":"AV. ALBERTO CRAVEIRO, 1480C","Bairro":"BOA VISTA/CASTELÃO","Código do bairro":125,"CEP":"60861-212","Regional":"SER 8","INEP":23264209,"CODSGE":"203","6 mees":"NÃO","1 ano":"NÃO","2 anos":"NÃO","3 anos":"NÃO","4 anos":"NÃO","5 anos":"NÃO","6 anos":"SIM","7 anos":"SIM","8 anos":"SIM","9 anos":"SIM","10 anos":"SIM","11 anos":"SIM","12 anos":"SIM","13 anos":"SIM","14 anos":"SIM","Ano":"2023","Fonte":"Secretaria Municipal de Educação - SME","SRC da camada":"EPSG:4326 - WGS 84","Codificação":"UTF-8"}},{"type":"Feature","id":"vw_ParqueEscolarMunicipal_2023.fid-5656ca56_19a5f394e75_6aaa","geometry":{"type":"Point","coordinates":[-38.52707178,-3.7885652]},"geometry_name":"geom","properties":{"id":497,"fid":497,"Tipo":"EMTP","Título":"ESCOLA MUNICIPAL","Nome":"PROFESSOR JOÃO HIPPÓLYTO DE AZEVEDO E SÁ","Seriação":"I-4,5/F-1,2,3,4,5,6,7,8","Faixa etária":"4 A 13 ANOS","Distrito":"4","Endereço":"RUA 03, 88 (CONJUNTO NAPOLEÃO VIANA)","Bairro":"DIAS MACÊDO","Código do bairro":98,"CEP":"60860-490","Regional":"SER 8","INEP":23071818,"CODSGE":"246","6 mees":"NÃO","1 ano":"NÃO","2 anos":"NÃO","3 anos":"NÃO","4 anos":"SIM","5 anos":"SIM","6 anos":"SIM","7 anos":"SIM","8 anos":"SIM","9 anos":"SIM","10 anos":"SIM","11 anos":"SIM","12 anos":"SIM","13 anos":"SIM","14 anos":"NÃO","Ano":"2023","Fonte":"Secretaria Municipal de Educação - SME","SRC da camada":"EPSG:4326 - WGS 84","Codificação":"UTF-8"}},{"type":"Feature","id":"vw_ParqueEscolarMunicipal_2023.fid-5656ca56_19a5f394e75_6aab","geometry":{"type":"Point","coordinates":[-38.51575655,-3.77122351]},"geometry_name":"geom","properties":{"id":498,"fid":498,"Tipo":"EMTP","Título":"ESCOLA MUNICIPAL","Nome":"PROFESSORA EDITH BRAGA","Seriação":"F-1,2,3,4,5","Faixa etária":"6 A 10 ANOS","Distrito":"6","Endereço":"RUA CAPITÃO VASCONCELOS, 1061","Bairro":"AEROLÂNDIA","Código do bairro":91,"CEP":"60850-680","Regional":"SER 6","INEP":23068175,"CODSGE":"152","6 mees":"NÃO","1 ano":"NÃO","2 anos":"NÃO","3 anos":"NÃO","4 anos":"NÃO","5 anos":"NÃO","6 anos":"SIM","7 anos":"SIM","8 anos":"SIM","9 anos":"SIM","10 anos":"SIM","11 anos":"NÃO","12 anos":"NÃO","13 anos":"NÃO","14 anos":"NÃO","Ano":"2023","Fonte":"Secretaria Municipal de Educação - SME","SRC da camada":"EPSG:4326 - WGS 84","Codificação":"UTF-8"}},{"type":"Feature","id":"vw_ParqueEscolarMunicipal_2023.fid-5656ca56_19a5f394e75_6aac","geometry":{"type":"Point","coordinates":[-38.49854477,-3.7840595]},"geometry_name":"geom","properties":{"id":499,"fid":499,"Tipo":"EMTP","Título":"ESCOLA MUNICIPAL","Nome":"ISMAEL PORDEUS","Seriação":"F-1,2,3,4,5,6,7,8,9","Faixa etária":"6 A 14 ANOS","Distrito":"6","Endereço":"AV. DES. FAUSTINO ALBUQUERQUE, 511","Bairro":"JARDIM DAS OLIVEIRAS","Código do bairro":62,"CEP":"60821-440","Regional":"SER 6","INEP":23071427,"CODSGE":"322","6 mees":"NÃO","1 ano":"NÃO","2 anos":"NÃO","3 anos":"NÃO","4 anos":"NÃO","5 anos":"NÃO","6 anos":"SIM","7 anos":"SIM","8 anos":"SIM","9 anos":"SIM","10 anos":"SIM","11 anos":"SIM","12 anos":"SIM","13 anos":"SIM","14 anos":"SIM","Ano":"2023","Fonte":"Secretaria Municipal de Educação - SME","SRC da camada":"EPSG:4326 - WGS 84","Codificação":"UTF-8"}},{"type":"Feature","id":"vw_ParqueEscolarMunicipal_2023.fid-5656ca56_19a5f394e75_6aad","geometry":{"type":"Point","coordinates":[-38.50354486,-3.7840987]},"geometry_name":"geom","properties":{"id":500,"fid":500,"Tipo":"CEI","Título":"CENTRO DE EDUCAÇÃO INFANTIL","Nome":"MARIA DE LOURDES RIBEIRO JEREISSATI","Seriação":"I-3,4,5","Faixa etária":"3 A 5 ANOS","Distrito":"6","Endereço":"RUA 1 (LOT. VILA VERDE), 930","Bairro":"JARDIM DAS OLIVEIRAS","Código do bairro":62,"CEP":"60821-210","Regional":"SER 6","INEP":23073543,"CODSGE":"505","6 mees":"NÃO","1 ano":"NÃO","2 anos":"NÃO","3 anos":"SIM","4 anos":"SIM","5 anos":"SIM","6 anos":"NÃO","7 anos":"NÃO","8 anos":"NÃO","9 anos":"NÃO","10 anos":"NÃO","11 anos":"NÃO","12 anos":"NÃO","13 anos":"NÃO","14 anos":"NÃO","Ano":"2023","Fonte":"Secretaria Municipal de Educação - SME","SRC da camada":"EPSG:4326 - WGS 84","Codificação":"UTF-8"}},{"type":"Feature","id":"vw_ParqueEscolarMunicipal_2023.fid-5656ca56_19a5f394e75_6aae","geometry":{"type":"Point","coordinates":[-38.5028762,-3.78315615]},"geometry_name":"geom","properties":{"id":501,"fid":501,"Tipo":"EMTP","Título":"ESCOLA MUNICIPAL","Nome":"MARIA DE LOURDES RIBEIRO JEREISSATI","Seriação":"F-1,2,3,4,5,6,7,8,9","Faixa etária":"6 A 14 ANOS","Distrito":"6","Endereço":"RUA REINO UNIDO, 115","Bairro":"JARDIM DAS OLIVEIRAS","Código do bairro":62,"CEP":"60820-140","Regional":"SER 6","INEP":23073543,"CODSGE":"274","6 mees":"NÃO","1 ano":"NÃO","2 anos":"NÃO","3 anos":"NÃO","4 anos":"NÃO","5 anos":"NÃO","6 anos":"SIM","7 anos":"SIM","8 anos":"SIM","9 anos":"SIM","10 anos":"SIM","11 anos":"SIM","12 anos":"SIM","13 anos":"SIM","14 anos":"SIM","Ano":"2023","Fonte":"Secretaria Municipal de Educação - SME","SRC da camada":"EPSG:4326 - WGS 84","Codificação":"UTF-8"}},{"type":"Feature","id":"vw_ParqueEscolarMunicipal_2023.fid-5656ca56_19a5f394e75_6aaf","geometry":{"type":"Point","coordinates":[-38.49157384,-3.77337999]},"geometry_name":"geom","properties":{"id":502,"fid":502,"Tipo":"EMTP","Título":"ESCOLA MUNICIPAL","Nome":"JOSÉ CARLOS DE PINHO","Seriação":"F-1,2,3,4,5","Faixa etária":"6 A 10 ANOS","Distrito":"2","Endereço":"RUA LUÍZA MIRANDA COELHO, 595","Bairro":"ENGENHEIRO LUCIANO CAVALCANTE","Código do bairro":58,"CEP":"60811-110","Regional":"SER 7","INEP":23257482,"CODSGE":"286","6 mees":"NÃO","1 ano":"NÃO","2 anos":"NÃO","3 anos":"NÃO","4 anos":"NÃO","5 anos":"NÃO","6 anos":"SIM","7 anos":"SIM","8 anos":"SIM","9 anos":"SIM","10 anos":"SIM","11 anos":"NÃO","12 anos":"NÃO","13 anos":"NÃO","14 anos":"NÃO","Ano":"2023","Fonte":"Secretaria Municipal de Educação - SME","SRC da camada":"EPSG:4326 - WGS 84","Codificação":"UTF-8"}},{"type":"Feature","id":"vw_ParqueEscolarMunicipal_2023.fid-5656ca56_19a5f394e75_6ab0","geometry":{"type":"Point","coordinates":[-38.49585117,-3.76958181]},"geometry_name":"geom","properties":{"id":503,"fid":503,"Tipo":"EMTP","Título":"ESCOLA MUNICIPAL","Nome":"PROFESSOR LUÍS COSTA","Seriação":"I-4,5/F-1,2,3,4,5","Faixa etária":"4 A 10 ANOS","Distrito":"2","Endereço":"RUA JOSÉ GUILHERME DA COSTA, 156","Bairro":"ENGENHEIRO LUCIANO CAVALCANTE","Código do bairro":58,"CEP":"60811-300","Regional":"SER 7","INEP":23187840,"CODSGE":"167","6 mees":"NÃO","1 ano":"NÃO","2 anos":"NÃO","3 anos":"NÃO","4 anos":"SIM","5 anos":"SIM","6 anos":"SIM","7 anos":"SIM","8 anos":"SIM","9 anos":"SIM","10 anos":"SIM","11 anos":"NÃO","12 anos":"NÃO","13 anos":"NÃO","14 anos":"NÃO","Ano":"2023","Fonte":"Secretaria Municipal de Educação - SME","SRC da camada":"EPSG:4326 - WGS 84","Codificação":"UTF-8"}},{"type":"Feature","id":"vw_ParqueEscolarMunicipal_2023.fid-5656ca56_19a5f394e75_6ab1","geometry":{"type":"Point","coordinates":[-38.46795235,-3.75565769]},"geometry_name":"geom","properties":{"id":504,"fid":504,"Tipo":"EMTP","Título":"ESCOLA MUNICIPAL","Nome":"PROFESSORA MARIA ODNILRA CRUZ MOREIRA","Seriação":"I-4,5/F-1,2,3,4,5","Faixa etária":"4 A 10 ANOS","Distrito":"2","Endereço":"AV. DAS ADENANTERAS, 800","Bairro":"MANUEL DIAS BRANCO","Código do bairro":112,"CEP":"60190-560","Regional":"SER 7","INEP":23264152,"CODSGE":"113","6 mees":"NÃO","1 ano":"NÃO","2 anos":"NÃO","3 anos":"NÃO","4 anos":"SIM","5 anos":"SIM","6 anos":"SIM","7 anos":"SIM","8 anos":"SIM","9 anos":"SIM","10 anos":"SIM","11 anos":"NÃO","12 anos":"NÃO","13 anos":"NÃO","14 anos":"NÃO","Ano":"2023","Fonte":"Secretaria Municipal de Educação - SME","SRC da camada":"EPSG:4326 - WGS 84","Codificação":"UTF-8"}},{"type":"Feature","id":"vw_ParqueEscolarMunicipal_2023.fid-5656ca56_19a5f394e75_6ab2","geometry":{"type":"Point","coordinates":[-38.44086192,-3.76526262]},"geometry_name":"geom","properties":{"id":505,"fid":505,"Tipo":"EMTP","Título":"ESCOLA MUNICIPAL","Nome":"FREI TITO DE ALENCAR LIMA","Seriação":"I-5/F-1,2,3,4,5,6,7,8,9","Faixa etária":"5 A 14 ANOS","Distrito":"2","Endereço":"AV. DIOGUINHO, 5925","Bairro":"PRAIA DO FUTURO II","Código do bairro":114,"CEP":"60183-709","Regional":"SER 7","INEP":23186160,"CODSGE":"118","6 mees":"NÃO","1 ano":"NÃO","2 anos":"NÃO","3 anos":"NÃO","4 anos":"NÃO","5 anos":"SIM","6 anos":"SIM","7 anos":"SIM","8 anos":"SIM","9 anos":"SIM","10 anos":"SIM","11 anos":"SIM","12 anos":"SIM","13 anos":"SIM","14 anos":"SIM","Ano":"2023","Fonte":"Secretaria Municipal de Educação - SME","SRC da camada":"EPSG:4326 - WGS 84","Codificação":"UTF-8"}},{"type":"Feature","id":"vw_ParqueEscolarMunicipal_2023.fid-5656ca56_19a5f394e75_6ab3","geometry":{"type":"Point","coordinates":[-38.45474272,-3.74506094]},"geometry_name":"geom","properties":{"id":506,"fid":506,"Tipo":"EMTP","Título":"ESCOLA MUNICIPAL","Nome":"DOM ALOÍSIO LORSCHEIDER","Seriação":"F-1,2,3,4,5,6,7,8,9","Faixa etária":"6 A 14 ANOS","Distrito":"2","Endereço":"RUA JULIO SILVA, 400","Bairro":"PRAIA DO FUTURO I","Código do bairro":113,"CEP":"60177-385","Regional":"SER 7","INEP":23547995,"CODSGE":"98","6 mees":"NÃO","1 ano":"NÃO","2 anos":"NÃO","3 anos":"NÃO","4 anos":"NÃO","5 anos":"NÃO","6 anos":"SIM","7 anos":"SIM","8 anos":"SIM","9 anos":"SIM","10 anos":"SIM","11 anos":"SIM","12 anos":"SIM","13 anos":"SIM","14 anos":"SIM","Ano":"2023","Fonte":"Secretaria Municipal de Educação - SME","SRC da camada":"EPSG:4326 - WGS 84","Codificação":"UTF-8"}},{"type":"Feature","id":"vw_ParqueEscolarMunicipal_2023.fid-5656ca56_19a5f394e75_6ab4","geometry":{"type":"Point","coordinates":[-38.45651378,-3.73805477]},"geometry_name":"geom","properties":{"id":507,"fid":507,"Tipo":"EMTP","Título":"ESCOLA MUNICIPAL","Nome":"FREI AGOSTINHO FERNANDES","Seriação":"I-4,5/F-1,2,3,4,5","Faixa etária":"4 A 10 ANOS","Distrito":"2","Endereço":"AV. CÉSAR CALS, 2370","Bairro":"PRAIA DO FUTURO I","Código do bairro":113,"CEP":"60182-405","Regional":"SER 7","INEP":23250275,"CODSGE":"114","6 mees":"NÃO","1 ano":"NÃO","2 anos":"NÃO","3 anos":"NÃO","4 anos":"SIM","5 anos":"SIM","6 anos":"SIM","7 anos":"SIM","8 anos":"SIM","9 anos":"SIM","10 anos":"SIM","11 anos":"NÃO","12 anos":"NÃO","13 anos":"NÃO","14 anos":"NÃO","Ano":"2023","Fonte":"Secretaria Municipal de Educação - SME","SRC da camada":"EPSG:4326 - WGS 84","Codificação":"UTF-8"}},{"type":"Feature","id":"vw_ParqueEscolarMunicipal_2023.fid-5656ca56_19a5f394e75_6ab5","geometry":{"type":"Point","coordinates":[-38.47814941,-3.73742832]},"geometry_name":"geom","properties":{"id":508,"fid":508,"Tipo":"EMTP","Título":"ESCOLA MUNICIPAL","Nome":"PROFESSORA MARIA GONDIM DOS SANTOS","Seriação":"F-1,2,3,4,5,6,7,8,9","Faixa etária":"6 A 14 ANOS","Distrito":"2","Endereço":"TRAV. GUARANI, 620","Bairro":"PAPICU","Código do bairro":27,"CEP":"60175-790","Regional":"SER 2","INEP":23073608,"CODSGE":"301","6 mees":"NÃO","1 ano":"NÃO","2 anos":"NÃO","3 anos":"NÃO","4 anos":"NÃO","5 anos":"NÃO","6 anos":"SIM","7 anos":"SIM","8 anos":"SIM","9 anos":"SIM","10 anos":"SIM","11 anos":"SIM","12 anos":"SIM","13 anos":"SIM","14 anos":"SIM","Ano":"2023","Fonte":"Secretaria Municipal de Educação - SME","SRC da camada":"EPSG:4326 - WGS 84","Codificação":"UTF-8"}},{"type":"Feature","id":"vw_ParqueEscolarMunicipal_2023.fid-5656ca56_19a5f394e75_6ab6","geometry":{"type":"Point","coordinates":[-38.4833116,-3.73483457]},"geometry_name":"geom","properties":{"id":509,"fid":509,"Tipo":"EMTP","Título":"ESCOLA MUNICIPAL","Nome":"MARIA ALICE","Seriação":"I-4,5/F-1,2,3,4,5","Faixa etária":"4 A 10 ANOS","Distrito":"2","Endereço":"RUA RAIMUNDO OLIVEIRA FILHO, 95","Bairro":"PAPICU","Código do bairro":27,"CEP":"60175-175","Regional":"SER 2","INEP":23270560,"CODSGE":"129","6 mees":"NÃO","1 ano":"NÃO","2 anos":"NÃO","3 anos":"NÃO","4 anos":"SIM","5 anos":"SIM","6 anos":"SIM","7 anos":"SIM","8 anos":"SIM","9 anos":"SIM","10 anos":"SIM","11 anos":"NÃO","12 anos":"NÃO","13 anos":"NÃO","14 anos":"NÃO","Ano":"2023","Fonte":"Secretaria Municipal de Educação - SME","SRC da camada":"EPSG:4326 - WGS 84","Codificação":"UTF-8"}},{"type":"Feature","id":"vw_ParqueEscolarMunicipal_2023.fid-5656ca56_19a5f394e75_6ab7","geometry":{"type":"Point","coordinates":[-38.46571802,-3.7264863]},"geometry_name":"geom","properties":{"id":510,"fid":510,"Tipo":"EMTP","Título":"ESCOLA MUNICIPAL","Nome":"PROFESSORA AÍDA SANTOS E SILVA","Seriação":"I-4,5/F-1,2,3,4,5","Faixa etária":"4 A 10 ANOS","Distrito":"2","Endereço":"AV. TRAJANO DE MEDEIROS, 813","Bairro":"VICENTE PINZÓN","Código do bairro":37,"CEP":"60182-185","Regional":"SER 2","INEP":23064854,"CODSGE":"82","6 mees":"NÃO","1 ano":"NÃO","2 anos":"NÃO","3 anos":"NÃO","4 anos":"SIM","5 anos":"SIM","6 anos":"SIM","7 anos":"SIM","8 anos":"SIM","9 anos":"SIM","10 anos":"SIM","11 anos":"NÃO","12 anos":"NÃO","13 anos":"NÃO","14 anos":"NÃO","Ano":"2023","Fonte":"Secretaria Municipal de Educação - SME","SRC da camada":"EPSG:4326 - WGS 84","Codificação":"UTF-8"}},{"type":"Feature","id":"vw_ParqueEscolarMunicipal_2023.fid-5656ca56_19a5f394e75_6ab8","geometry":{"type":"Point","coordinates":[-38.46628537,-3.72521358]},"geometry_name":"geom","properties":{"id":511,"fid":511,"Tipo":"EMTP","Título":"ESCOLA MUNICIPAL","Nome":"PROFESSORA BELARMINA CAMPOS","Seriação":"F-1,2,3,4,5,6,7,8,9","Faixa etária":"6 A 14 ANOS","Distrito":"2","Endereço":"RUA DOUTOR MANOEL RODRIQUES MONTEIRO, 840","Bairro":"VICENTE PINZÓN","Código do bairro":37,"CEP":"60181-805","Regional":"SER 2","INEP":23065958,"CODSGE":"175","6 mees":"NÃO","1 ano":"NÃO","2 anos":"NÃO","3 anos":"NÃO","4 anos":"NÃO","5 anos":"NÃO","6 anos":"SIM","7 anos":"SIM","8 anos":"SIM","9 anos":"SIM","10 anos":"SIM","11 anos":"SIM","12 anos":"SIM","13 anos":"SIM","14 anos":"SIM","Ano":"2023","Fonte":"Secretaria Municipal de Educação - SME","SRC da camada":"EPSG:4326 - WGS 84","Codificação":"UTF-8"}},{"type":"Feature","id":"vw_ParqueEscolarMunicipal_2023.fid-5656ca56_19a5f394e75_6ab9","geometry":{"type":"Point","coordinates":[-38.4757242,-3.72232954]},"geometry_name":"geom","properties":{"id":512,"fid":512,"Tipo":"EMTP","Título":"ESCOLA MUNICIPAL","Nome":"ELEAZAR DE CARVALHO","Seriação":"I-4,5/F-1,2,3,4,5","Faixa etária":"4 A 10 ANOS","Distrito":"2","Endereço":"RUA FRANCISCO ALVES PEREIRA, 349","Bairro":"CAIS DO PORTO","Código do bairro":110,"CEP":"60180-720","Regional":"SER 2","INEP":23068302,"CODSGE":"170","6 mees":"NÃO","1 ano":"NÃO","2 anos":"NÃO","3 anos":"NÃO","4 anos":"SIM","5 anos":"SIM","6 anos":"SIM","7 anos":"SIM","8 anos":"SIM","9 anos":"SIM","10 anos":"SIM","11 anos":"NÃO","12 anos":"NÃO","13 anos":"NÃO","14 anos":"NÃO","Ano":"2023","Fonte":"Secretaria Municipal de Educação - SME","SRC da camada":"EPSG:4326 - WGS 84","Codificação":"UTF-8"}},{"type":"Feature","id":"vw_ParqueEscolarMunicipal_2023.fid-5656ca56_19a5f394e75_6aba","geometry":{"type":"Point","coordinates":[-38.46536162,-3.71807201]},"geometry_name":"geom","properties":{"id":513,"fid":513,"Tipo":"EMTP","Título":"ESCOLA MUNICIPAL","Nome":"GODOFREDO DE CASTRO FILHO","Seriação":"F-1,2,3,4,5,6,7,8,9","Faixa etária":"6 A 14 ANOS","Distrito":"2","Endereço":"AV. JOSÉ SABÓIA, 905","Bairro":"CAIS DO PORTO","Código do bairro":110,"CEP":"60180-480","Regional":"SER 2","INEP":23257369,"CODSGE":"147","6 mees":"NÃO","1 ano":"NÃO","2 anos":"NÃO","3 anos":"NÃO","4 anos":"NÃO","5 anos":"NÃO","6 anos":"SIM","7 anos":"SIM","8 anos":"SIM","9 anos":"SIM","10 anos":"SIM","11 anos":"SIM","12 anos":"SIM","13 anos":"SIM","14 anos":"SIM","Ano":"2023","Fonte":"Secretaria Municipal de Educação - SME","SRC da camada":"EPSG:4326 - WGS 84","Codificação":"UTF-8"}},{"type":"Feature","id":"vw_ParqueEscolarMunicipal_2023.fid-5656ca56_19a5f394e75_6abb","geometry":{"type":"Point","coordinates":[-38.4639917,-3.71814943]},"geometry_name":"geom","properties":{"id":514,"fid":514,"Tipo":"EMTP","Título":"ESCOLA MUNICIPAL","Nome":"SÃO VICENTE DE PAULO","Seriação":"I-4,5/F-1,2,3,4,5","Faixa etária":"4 A 10 ANOS","Distrito":"2","Endereço":"AV.ZEZÉ DIOGO, 1247","Bairro":"CAIS DO PORTO","Código do bairro":110,"CEP":"60180-012","Regional":"SER 2","INEP":23257440,"CODSGE":"360","6 mees":"NÃO","1 ano":"NÃO","2 anos":"NÃO","3 anos":"NÃO","4 anos":"SIM","5 anos":"SIM","6 anos":"SIM","7 anos":"SIM","8 anos":"SIM","9 anos":"SIM","10 anos":"SIM","11 anos":"NÃO","12 anos":"NÃO","13 anos":"NÃO","14 anos":"NÃO","Ano":"2023","Fonte":"Secretaria Municipal de Educação - SME","SRC da camada":"EPSG:4326 - WGS 84","Codificação":"UTF-8"}},{"type":"Feature","id":"vw_ParqueEscolarMunicipal_2023.fid-5656ca56_19a5f394e75_6abc","geometry":{"type":"Point","coordinates":[-38.47173431,-3.71177191]},"geometry_name":"geom","properties":{"id":515,"fid":515,"Tipo":"EMTI","Título":"ESCOLA MUNICIPAL DE TEMPO INTEGRAL","Nome":"PROFESSOR ÁLVARO COSTA","Seriação":"F-6,7,8,9","Faixa etária":"11 A 14 ANOS","Distrito":"2","Endereço":"AV. VICENTE DE CASTRO, 6074","Bairro":"CAIS DO PORTO","Código do bairro":110,"CEP":"60180-410","Regional":"SER 2","INEP":23065028,"CODSGE":"355","6 mees":"NÃO","1 ano":"NÃO","2 anos":"NÃO","3 anos":"NÃO","4 anos":"NÃO","5 anos":"NÃO","6 anos":"NÃO","7 anos":"NÃO","8 anos":"NÃO","9 anos":"NÃO","10 anos":"NÃO","11 anos":"SIM","12 anos":"SIM","13 anos":"SIM","14 anos":"SIM","Ano":"2023","Fonte":"Secretaria Municipal de Educação - SME","SRC da camada":"EPSG:4326 - WGS 84","Codificação":"UTF-8"}},{"type":"Feature","id":"vw_ParqueEscolarMunicipal_2023.fid-5656ca56_19a5f394e75_6abd","geometry":{"type":"Point","coordinates":[-38.47708212,-3.72387939]},"geometry_name":"geom","properties":{"id":516,"fid":516,"Tipo":"EMTP","Título":"ESCOLA MUNICIPAL","Nome":"PROFESSORA CONSUELO AMORA","Seriação":"F-1,2,3,4,5","Faixa etária":"6 A 10 ANOS","Distrito":"2","Endereço":"AV. DOS JANGADEIROS, 577","Bairro":"VICENTE PINZÓN","Código do bairro":37,"CEP":"60175-440","Regional":"SER 2","INEP":23067462,"CODSGE":"302","6 mees":"NÃO","1 ano":"NÃO","2 anos":"NÃO","3 anos":"NÃO","4 anos":"NÃO","5 anos":"NÃO","6 anos":"SIM","7 anos":"SIM","8 anos":"SIM","9 anos":"SIM","10 anos":"SIM","11 anos":"NÃO","12 anos":"NÃO","13 anos":"NÃO","14 anos":"NÃO","Ano":"2023","Fonte":"Secretaria Municipal de Educação - SME","SRC da camada":"EPSG:4326 - WGS 84","Codificação":"UTF-8"}},{"type":"Feature","id":"vw_ParqueEscolarMunicipal_2023.fid-5656ca56_19a5f394e75_6abe","geometry":{"type":"Point","coordinates":[-38.47698965,-3.72652628]},"geometry_name":"geom","properties":{"id":517,"fid":517,"Tipo":"EMTP","Título":"ESCOLA MUNICIPAL","Nome":"LUIS ÂNGELO PEREIRA","Seriação":"I-4,5/F-1,2","Faixa etária":"4 A 7 ANOS","Distrito":"2","Endereço":"RUA OSMUNDO CAVALCANTE DE OLIVEIRA, 90","Bairro":"VICENTE PINZÓN","Código do bairro":37,"CEP":"60175-552","Regional":"SER 2","INEP":23233729,"CODSGE":"117","6 mees":"NÃO","1 ano":"NÃO","2 anos":"NÃO","3 anos":"NÃO","4 anos":"SIM","5 anos":"SIM","6 anos":"SIM","7 anos":"SIM","8 anos":"NÃO","9 anos":"NÃO","10 anos":"NÃO","11 anos":"NÃO","12 anos":"NÃO","13 anos":"NÃO","14 anos":"NÃO","Ano":"2023","Fonte":"Secretaria Municipal de Educação - SME","SRC da camada":"EPSG:4326 - WGS 84","Codificação":"UTF-8"}},{"type":"Feature","id":"vw_ParqueEscolarMunicipal_2023.fid-5656ca56_19a5f394e75_6abf","geometry":{"type":"Point","coordinates":[-38.48383124,-3.7256629]},"geometry_name":"geom","properties":{"id":518,"fid":518,"Tipo":"EMTP","Título":"ESCOLA MUNICIPAL","Nome":"JOSÉ RAMOS TORRES DE MELO","Seriação":"F-6,7,8,9","Faixa etária":"11 A 14 ANOS","Distrito":"2","Endereço":"AV. DA ABOLIÇÃO, 3984","Bairro":"MUCURIPE","Código do bairro":26,"CEP":"60165-082","Regional":"SER 2","INEP":23072512,"CODSGE":"174","6 mees":"NÃO","1 ano":"NÃO","2 anos":"NÃO","3 anos":"NÃO","4 anos":"NÃO","5 anos":"NÃO","6 anos":"NÃO","7 anos":"NÃO","8 anos":"NÃO","9 anos":"NÃO","10 anos":"NÃO","11 anos":"SIM","12 anos":"SIM","13 anos":"SIM","14 anos":"SIM","Ano":"2023","Fonte":"Secretaria Municipal de Educação - SME","SRC da camada":"EPSG:4326 - WGS 84","Codificação":"UTF-8"}},{"type":"Feature","id":"vw_ParqueEscolarMunicipal_2023.fid-5656ca56_19a5f394e75_6ac0","geometry":{"type":"Point","coordinates":[-38.50976683,-3.76455608]},"geometry_name":"geom","properties":{"id":519,"fid":519,"Tipo":"EMTP","Título":"ESCOLA MUNICIPAL","Nome":"YOLANDA QUEIROZ","Seriação":"F-1,2,3,4,5,6,7,8,9","Faixa etária":"6 A 14 ANOS","Distrito":"6","Endereço":"RUA CAPITÃO ARAGÃO, 864","Bairro":"ALTO DA BALANÇA","Código do bairro":93,"CEP":"60851-150","Regional":"SER 6","INEP":23078600,"CODSGE":"250","6 mees":"NÃO","1 ano":"NÃO","2 anos":"NÃO","3 anos":"NÃO","4 anos":"NÃO","5 anos":"NÃO","6 anos":"SIM","7 anos":"SIM","8 anos":"SIM","9 anos":"SIM","10 anos":"SIM","11 anos":"SIM","12 anos":"SIM","13 anos":"SIM","14 anos":"SIM","Ano":"2023","Fonte":"Secretaria Municipal de Educação - SME","SRC da camada":"EPSG:4326 - WGS 84","Codificação":"UTF-8"}},{"type":"Feature","id":"vw_ParqueEscolarMunicipal_2023.fid-5656ca56_19a5f394e75_6ac1","geometry":{"type":"Point","coordinates":[-38.5168002,-3.75963717]},"geometry_name":"geom","properties":{"id":520,"fid":520,"Tipo":"EMTP","Título":"ESCOLA MUNICIPAL","Nome":"NOSSA SENHORA DO SAGRADO CORAÇÃO","Seriação":"I-4,5/F-1,2,3,4,5","Faixa etária":"4 A 10 ANOS","Distrito":"2","Endereço":"RUA ANA GONÇALVES, 1","Bairro":"TAUAPE","Código do bairro":35,"CEP":"60130-490","Regional":"SER 2","INEP":23257393,"CODSGE":"138","6 mees":"NÃO","1 ano":"NÃO","2 anos":"NÃO","3 anos":"NÃO","4 anos":"SIM","5 anos":"SIM","6 anos":"SIM","7 anos":"SIM","8 anos":"SIM","9 anos":"SIM","10 anos":"SIM","11 anos":"NÃO","12 anos":"NÃO","13 anos":"NÃO","14 anos":"NÃO","Ano":"2023","Fonte":"Secretaria Municipal de Educação - SME","SRC da camada":"EPSG:4326 - WGS 84","Codificação":"UTF-8"}},{"type":"Feature","id":"vw_ParqueEscolarMunicipal_2023.fid-5656ca56_19a5f394e75_6ac2","geometry":{"type":"Point","coordinates":[-38.50610484,-3.75877345]},"geometry_name":"geom","properties":{"id":521,"fid":521,"Tipo":"EMTP","Título":"ESCOLA MUNICIPAL","Nome":"ALMERINDA DE ALBUQUERQUE","Seriação":"I-4,5/F-1,2,3,4,5","Faixa etária":"4 A 10 ANOS","Distrito":"2","Endereço":"RUA ANA GONÇALVES, 1105","Bairro":"TAUAPE","Código do bairro":35,"CEP":"60130-490","Regional":"SER 2","INEP":23064994,"CODSGE":"166","6 mees":"NÃO","1 ano":"NÃO","2 anos":"NÃO","3 anos":"NÃO","4 anos":"SIM","5 anos":"SIM","6 anos":"SIM","7 anos":"SIM","8 anos":"SIM","9 anos":"SIM","10 anos":"SIM","11 anos":"NÃO","12 anos":"NÃO","13 anos":"NÃO","14 anos":"NÃO","Ano":"2023","Fonte":"Secretaria Municipal de Educação - SME","SRC da camada":"EPSG:4326 - WGS 84","Codificação":"UTF-8"}},{"type":"Feature","id":"vw_ParqueEscolarMunicipal_2023.fid-5656ca56_19a5f394e75_6ac3","geometry":{"type":"Point","coordinates":[-38.50616552,-3.75568283]},"geometry_name":"geom","properties":{"id":522,"fid":522,"Tipo":"EMTI","Título":"ESCOLA MUNICIPAL DE TEMPO INTEGRAL","Nome":"PROFESSORA ANTONIETA CALS","Seriação":"F-6,7,8,9","Faixa etária":"11 A 14 ANOS","Distrito":"2","Endereço":"RUA MONSENHOR SALAZAR, 1480","Bairro":"TAUAPE","Código do bairro":35,"CEP":"60130-731","Regional":"SER 2","INEP":23069317,"CODSGE":"356","6 mees":"NÃO","1 ano":"NÃO","2 anos":"NÃO","3 anos":"NÃO","4 anos":"NÃO","5 anos":"NÃO","6 anos":"NÃO","7 anos":"NÃO","8 anos":"NÃO","9 anos":"NÃO","10 anos":"NÃO","11 anos":"SIM","12 anos":"SIM","13 anos":"SIM","14 anos":"SIM","Ano":"2023","Fonte":"Secretaria Municipal de Educação - SME","SRC da camada":"EPSG:4326 - WGS 84","Codificação":"UTF-8"}},{"type":"Feature","id":"vw_ParqueEscolarMunicipal_2023.fid-5656ca56_19a5f394e75_6ac4","geometry":{"type":"Point","coordinates":[-38.50200822,-3.73161814]},"geometry_name":"geom","properties":{"id":523,"fid":523,"Tipo":"EMTP","Título":"ESCOLA MUNICIPAL","Nome":"JOSÉ DIAS MACÊDO","Seriação":"F-1,2,3,4,5","Faixa etária":"6 A 10 ANOS","Distrito":"2","Endereço":"RUA NUNES VALENTE, 809","Bairro":"MEIRELES","Código do bairro":24,"CEP":"60125-070","Regional":"SER 2","INEP":23072350,"CODSGE":"257","6 mees":"NÃO","1 ano":"NÃO","2 anos":"NÃO","3 anos":"NÃO","4 anos":"NÃO","5 anos":"NÃO","6 anos":"SIM","7 anos":"SIM","8 anos":"SIM","9 anos":"SIM","10 anos":"SIM","11 anos":"NÃO","12 anos":"NÃO","13 anos":"NÃO","14 anos":"NÃO","Ano":"2023","Fonte":"Secretaria Municipal de Educação - SME","SRC da camada":"EPSG:4326 - WGS 84","Codificação":"UTF-8"}},{"type":"Feature","id":"vw_ParqueEscolarMunicipal_2023.fid-5656ca56_19a5f394e75_6ac5","geometry":{"type":"Point","coordinates":[-38.51779077,-3.71933176]},"geometry_name":"geom","properties":{"id":524,"fid":524,"Tipo":"EMTP","Título":"ESCOLA MUNICIPAL","Nome":"SÃO RAFAEL","Seriação":"F-1,2,3,4,5,6,7,8,9","Faixa etária":"6 A 14 ANOS","Distrito":"1","Endereço":"RUA DOS TABAJARAS, 244","Bairro":"PRAIA DE IRACEMA","Código do bairro":32,"CEP":"60060-510","Regional":"SER 12","INEP":23269170,"CODSGE":"238","6 mees":"NÃO","1 ano":"NÃO","2 anos":"NÃO","3 anos":"NÃO","4 anos":"NÃO","5 anos":"NÃO","6 anos":"SIM","7 anos":"SIM","8 anos":"SIM","9 anos":"SIM","10 anos":"SIM","11 anos":"SIM","12 anos":"SIM","13 anos":"SIM","14 anos":"SIM","Ano":"2023","Fonte":"Secretaria Municipal de Educação - SME","SRC da camada":"EPSG:4326 - WGS 84","Codificação":"UTF-8"}},{"type":"Feature","id":"vw_ParqueEscolarMunicipal_2023.fid-5656ca56_19a5f394e75_6ac6","geometry":{"type":"Point","coordinates":[-38.52263372,-3.73198309]},"geometry_name":"geom","properties":{"id":525,"fid":525,"Tipo":"EMTP","Título":"ESCOLA MUNICIPAL","Nome":"ALBA FROTA","Seriação":"I-3,4,5/F-1,2,3,4,5","Faixa etária":"3 A 12 ANOS","Distrito":"1","Endereço":"AV. DOM MANUEL, 914","Bairro":"CENTRO","Código do bairro":10,"CEP":"60060-090","Regional":"SER 12","INEP":23064870,"CODSGE":"81","6 mees":"NÃO","1 ano":"NÃO","2 anos":"NÃO","3 anos":"SIM","4 anos":"SIM","5 anos":"SIM","6 anos":"SIM","7 anos":"SIM","8 anos":"SIM","9 anos":"SIM","10 anos":"SIM","11 anos":"NÃO","12 anos":"NÃO","13 anos":"NÃO","14 anos":"NÃO","Ano":"2023","Fonte":"Secretaria Municipal de Educação - SME","SRC da camada":"EPSG:4326 - WGS 84","Codificação":"UTF-8"}},{"type":"Feature","id":"vw_ParqueEscolarMunicipal_2023.fid-5656ca56_19a5f394e75_6ac7","geometry":{"type":"Point","coordinates":[-38.53537129,-3.72161282]},"geometry_name":"geom","properties":{"id":526,"fid":526,"Tipo":"EMTP","Título":"ESCOLA MUNICIPAL","Nome":"NOSSA SENHORA APARECIDA","Seriação":"I-4,5/F-1,2,3,4,5","Faixa etária":"4 A 10 ANOS","Distrito":"1","Endereço":"RUA TERESA CRISTINA, 112","Bairro":"CENTRO","Código do bairro":10,"CEP":"60015-140","Regional":"SER 12","INEP":23245379,"CODSGE":"282","6 mees":"NÃO","1 ano":"NÃO","2 anos":"NÃO","3 anos":"NÃO","4 anos":"SIM","5 anos":"SIM","6 anos":"SIM","7 anos":"SIM","8 anos":"SIM","9 anos":"SIM","10 anos":"SIM","11 anos":"NÃO","12 anos":"NÃO","13 anos":"NÃO","14 anos":"NÃO","Ano":"2023","Fonte":"Secretaria Municipal de Educação - SME","SRC da camada":"EPSG:4326 - WGS 84","Codificação":"UTF-8"}},{"type":"Feature","id":"vw_ParqueEscolarMunicipal_2023.fid-5656ca56_19a5f394e75_6ac8","geometry":{"type":"Point","coordinates":[-38.52157232,-3.78973673]},"geometry_name":"geom","properties":{"id":527,"fid":527,"Tipo":"CRP","Título":"CRECHE PARCEIRA","Nome":"RAINHA DA PAZ","Seriação":"I-1,2,3","Faixa etária":"1 A 3 ANOS","Distrito":"4","Endereço":"RUA TORRES DE MELO, 689","Bairro":"DIAS MACÊDO","Código do bairro":98,"CEP":"60860-370","Regional":"SER 8","INEP":23272368,"CODSGE":"545","6 mees":"NÃO","1 ano":"SIM","2 anos":"SIM","3 anos":"SIM","4 anos":"NÃO","5 anos":"NÃO","6 anos":"NÃO","7 anos":"NÃO","8 anos":"NÃO","9 anos":"NÃO","10 anos":"NÃO","11 anos":"NÃO","12 anos":"NÃO","13 anos":"NÃO","14 anos":"NÃO","Ano":"2023","Fonte":"Secretaria Municipal de Educação - SME","SRC da camada":"EPSG:4326 - WGS 84","Codificação":"UTF-8"}},{"type":"Feature","id":"vw_ParqueEscolarMunicipal_2023.fid-5656ca56_19a5f394e75_6ac9","geometry":{"type":"Point","coordinates":[-38.52425661,-3.79911318]},"geometry_name":"geom","properties":{"id":528,"fid":528,"Tipo":"CRP","Título":"CRECHE PARCEIRA","Nome":"RENASCER","Seriação":"I-1,2,3","Faixa etária":"1 A 3 ANOS","Distrito":"4","Endereço":"AV. ALBERTO CRAVEIRO, 2222","Bairro":"BOA VISTA/CASTELÃO","Código do bairro":125,"CEP":"60861-212","Regional":"SER 8","INEP":23280360,"CODSGE":"537","6 mees":"NÃO","1 ano":"SIM","2 anos":"SIM","3 anos":"SIM","4 anos":"NÃO","5 anos":"NÃO","6 anos":"NÃO","7 anos":"NÃO","8 anos":"NÃO","9 anos":"NÃO","10 anos":"NÃO","11 anos":"NÃO","12 anos":"NÃO","13 anos":"NÃO","14 anos":"NÃO","Ano":"2023","Fonte":"Secretaria Municipal de Educação - SME","SRC da camada":"EPSG:4326 - WGS 84","Codificação":"UTF-8"}},{"type":"Feature","id":"vw_ParqueEscolarMunicipal_2023.fid-5656ca56_19a5f394e75_6aca","geometry":{"type":"Point","coordinates":[-38.5043274,-3.78230709]},"geometry_name":"geom","properties":{"id":529,"fid":529,"Tipo":"CRP","Título":"CRECHE PARCEIRA","Nome":"CANTINHO FELIZ II","Seriação":"I-1,2,3","Faixa etária":"1 A 3 ANOS","Distrito":"6","Endereço":"RUA DA ESPERANÇA, 340","Bairro":"JARDIM DAS OLIVEIRAS","Código do bairro":62,"CEP":"60821-060","Regional":"SER 6","INEP":23279516,"CODSGE":"558","6 mees":"NÃO","1 ano":"SIM","2 anos":"SIM","3 anos":"SIM","4 anos":"NÃO","5 anos":"NÃO","6 anos":"NÃO","7 anos":"NÃO","8 anos":"NÃO","9 anos":"NÃO","10 anos":"NÃO","11 anos":"NÃO","12 anos":"NÃO","13 anos":"NÃO","14 anos":"NÃO","Ano":"2023","Fonte":"Secretaria Municipal de Educação - SME","SRC da camada":"EPSG:4326 - WGS 84","Codificação":"UTF-8"}},{"type":"Feature","id":"vw_ParqueEscolarMunicipal_2023.fid-5656ca56_19a5f394e75_6acb","geometry":{"type":"Point","coordinates":[-38.47139314,-3.72220156]},"geometry_name":"geom","properties":{"id":530,"fid":530,"Tipo":"CEI","Título":"CENTRO DE EDUCAÇÃO INFANTIL","Nome":"MARIA FELÍCIO LOPES","Seriação":"I-3,4,5","Faixa etária":"3 A 5 ANOS","Distrito":"2","Endereço":"RUA ISMAEL PORDEUS, 70","Bairro":"CAIS DO PORTO","Código do bairro":110,"CEP":"60180-560","Regional":"SER 2","INEP":23198818,"CODSGE":"367","6 mees":"NÃO","1 ano":"NÃO","2 anos":"NÃO","3 anos":"SIM","4 anos":"SIM","5 anos":"SIM","6 anos":"NÃO","7 anos":"NÃO","8 anos":"NÃO","9 anos":"NÃO","10 anos":"NÃO","11 anos":"NÃO","12 anos":"NÃO","13 anos":"NÃO","14 anos":"NÃO","Ano":"2023","Fonte":"Secretaria Municipal de Educação - SME","SRC da camada":"EPSG:4326 - WGS 84","Codificação":"UTF-8"}},{"type":"Feature","id":"vw_ParqueEscolarMunicipal_2023.fid-5656ca56_19a5f394e75_6acc","geometry":{"type":"Point","coordinates":[-38.47498984,-3.72731369]},"geometry_name":"geom","properties":{"id":531,"fid":531,"Tipo":"CRP","Título":"CRECHE PARCEIRA","Nome":"SONHO INFANTIL","Seriação":"I-1,2,3","Faixa etária":"1 A 3 ANOS","Distrito":"2","Endereço":"RUA ESTRELA DO ORIENTE, 151","Bairro":"VICENTE PINZÓN","Código do bairro":37,"CEP":"60181-140","Regional":"SER 2","INEP":23279338,"CODSGE":"569","6 mees":"NÃO","1 ano":"SIM","2 anos":"SIM","3 anos":"SIM","4 anos":"NÃO","5 anos":"NÃO","6 anos":"NÃO","7 anos":"NÃO","8 anos":"NÃO","9 anos":"NÃO","10 anos":"NÃO","11 anos":"NÃO","12 anos":"NÃO","13 anos":"NÃO","14 anos":"NÃO","Ano":"2023","Fonte":"Secretaria Municipal de Educação - SME","SRC da camada":"EPSG:4326 - WGS 84","Codificação":"UTF-8"}},{"type":"Feature","id":"vw_ParqueEscolarMunicipal_2023.fid-5656ca56_19a5f394e75_6acd","geometry":{"type":"Point","coordinates":[-38.50327386,-3.81501522]},"geometry_name":"geom","properties":{"id":532,"fid":532,"Tipo":"CEI","Título":"CENTRO DE EDUCAÇÃO INFANTIL","Nome":"NOSSA SENHORA DE GUADALUPE","Seriação":"I-3,4,5","Faixa etária":"3 A 5 ANOS","Distrito":"6","Endereço":"RUA LÚCIA HELENA DO NASCIMENTO, 207","Bairro":"CAJAZEIRAS","Código do bairro":52,"CEP":"60864-685","Regional":"SER 9","INEP":23078723,"CODSGE":"372","6 mees":"NÃO","1 ano":"NÃO","2 anos":"NÃO","3 anos":"SIM","4 anos":"SIM","5 anos":"SIM","6 anos":"NÃO","7 anos":"NÃO","8 anos":"NÃO","9 anos":"NÃO","10 anos":"NÃO","11 anos":"NÃO","12 anos":"NÃO","13 anos":"NÃO","14 anos":"NÃO","Ano":"2023","Fonte":"Secretaria Municipal de Educação - SME","SRC da camada":"EPSG:4326 - WGS 84","Codificação":"UTF-8"}},{"type":"Feature","id":"vw_ParqueEscolarMunicipal_2023.fid-5656ca56_19a5f394e75_6ace","geometry":{"type":"Point","coordinates":[-38.47950119,-3.77201328]},"geometry_name":"geom","properties":{"id":533,"fid":534,"Tipo":"CEI","Título":"CENTRO DE EDUCAÇÃO INFANTIL","Nome":"PROFESSOR FRANCISCO MAURÍCIO DE MATTOS DOURADO","Seriação":"I-1,2,3","Faixa etária":"1 A 3 ANOS","Distrito":"2","Endereço":"RUA B, 50 (LOTEAMENTO PARQUE AMARALINA)","Bairro":"EDSON QUEIROZ","Código do bairro":57,"CEP":"60813-020","Regional":"SER 7","INEP":23070048,"CODSGE":"450","6 mees":"NÃO","1 ano":"SIM","2 anos":"SIM","3 anos":"SIM","4 anos":"NÃO","5 anos":"NÃO","6 anos":"NÃO","7 anos":"NÃO","8 anos":"NÃO","9 anos":"NÃO","10 anos":"NÃO","11 anos":"NÃO","12 anos":"NÃO","13 anos":"NÃO","14 anos":"NÃO","Ano":"2023","Fonte":"Secretaria Municipal de Educação - SME","SRC da camada":"EPSG:4326 - WGS 84","Codificação":"UTF-8"}},{"type":"Feature","id":"vw_ParqueEscolarMunicipal_2023.fid-5656ca56_19a5f394e75_6acf","geometry":{"type":"Point","coordinates":[-38.51801606,-3.80087598]},"geometry_name":"geom","properties":{"id":534,"fid":535,"Tipo":"CEI","Título":"CENTRO DE EDUCAÇÃO INFANTIL","Nome":"ODILON GONZAGA BRAVEZA UNID II","Seriação":"I-1,2,3","Faixa etária":"1 A 5 ANOS","Distrito":"4","Endereço":"RUA MAESTRO NÉO MIRANDA, 220","Bairro":"BOA VISTA/CASTELÃO","Código do bairro":125,"CEP":"60867-530","Regional":"SER 8","INEP":23264209,"CODSGE":"418","6 mees":"NÃO","1 ano":"SIM","2 anos":"SIM","3 anos":"SIM","4 anos":"SIM","5 anos":"SIM","6 anos":"NÃO","7 anos":"NÃO","8 anos":"NÃO","9 anos":"NÃO","10 anos":"NÃO","11 anos":"NÃO","12 anos":"NÃO","13 anos":"NÃO","14 anos":"NÃO","Ano":"2023","Fonte":"Secretaria Municipal de Educação - SME","SRC da camada":"EPSG:4326 - WGS 84","Codificação":"UTF-8"}},{"type":"Feature","id":"vw_ParqueEscolarMunicipal_2023.fid-5656ca56_19a5f394e75_6ad0","geometry":{"type":"Point","coordinates":[-38.51828275,-3.79286958]},"geometry_name":"geom","properties":{"id":535,"fid":536,"Tipo":"CEI","Título":"CENTRO DE EDUCAÇÃO INFANTIL","Nome":"ODILON GONZAGA BRAVEZA","Seriação":"I-2,3,4","Faixa etária":"2 A 5 ANOS","Distrito":"4","Endereço":"AV. ALBERTO CRAVEIRO, 1480B","Bairro":"BOA VISTA/CASTELÃO","Código do bairro":125,"CEP":"60861-212","Regional":"SER 8","INEP":23264209,"CODSGE":"417","6 mees":"NÃO","1 ano":"NÃO","2 anos":"SIM","3 anos":"SIM","4 anos":"SIM","5 anos":"SIM","6 anos":"NÃO","7 anos":"NÃO","8 anos":"NÃO","9 anos":"NÃO","10 anos":"NÃO","11 anos":"NÃO","12 anos":"NÃO","13 anos":"NÃO","14 anos":"NÃO","Ano":"2023","Fonte":"Secretaria Municipal de Educação - SME","SRC da camada":"EPSG:4326 - WGS 84","Codificação":"UTF-8"}},{"type":"Feature","id":"vw_ParqueEscolarMunicipal_2023.fid-5656ca56_19a5f394e75_6ad1","geometry":{"type":"Point","coordinates":[-38.46848566,-3.75655193]},"geometry_name":"geom","properties":{"id":536,"fid":537,"Tipo":"CEI","Título":"CENTRO DE EDUCAÇÃO INFANTIL","Nome":"PROFESSORA MARIA ODNILRA CRUZ MOREIRA","Seriação":"I-2,3,4","Faixa etária":"1 A 5 ANOS","Distrito":"2","Endereço":"RUA VITÓRIA DA CONQUISTA, 1441","Bairro":"MANUEL DIAS BRANCO","Código do bairro":112,"CEP":"60191-670","Regional":"SER 7","INEP":23264152,"CODSGE":"397","6 mees":"NÃO","1 ano":"NÃO","2 anos":"SIM","3 anos":"SIM","4 anos":"SIM","5 anos":"NÃO","6 anos":"NÃO","7 anos":"NÃO","8 anos":"NÃO","9 anos":"NÃO","10 anos":"NÃO","11 anos":"NÃO","12 anos":"NÃO","13 anos":"NÃO","14 anos":"NÃO","Ano":"2023","Fonte":"Secretaria Municipal de Educação - SME","SRC da camada":"EPSG:4326 - WGS 84","Codificação":"UTF-8"}},{"type":"Feature","id":"vw_ParqueEscolarMunicipal_2023.fid-5656ca56_19a5f394e75_6ad2","geometry":{"type":"Point","coordinates":[-38.44021718,-3.76495543]},"geometry_name":"geom","properties":{"id":537,"fid":538,"Tipo":"CEI","Título":"CENTRO DE EDUCAÇÃO INFANTIL","Nome":"FREI TITO DE ALENCAR LIMA","Seriação":"I-2,3,4","Faixa etária":"1 A 5 ANOS","Distrito":"2","Endereço":"AV. CLÓVIS ARRAIS MAIA, 6470","Bairro":"PRAIA DO FUTURO II","Código do bairro":114,"CEP":"60183-696","Regional":"SER 7","INEP":23186160,"CODSGE":"391","6 mees":"NÃO","1 ano":"NÃO","2 anos":"SIM","3 anos":"SIM","4 anos":"SIM","5 anos":"NÃO","6 anos":"NÃO","7 anos":"NÃO","8 anos":"NÃO","9 anos":"NÃO","10 anos":"NÃO","11 anos":"NÃO","12 anos":"NÃO","13 anos":"NÃO","14 anos":"NÃO","Ano":"2023","Fonte":"Secretaria Municipal de Educação - SME","SRC da camada":"EPSG:4326 - WGS 84","Codificação":"UTF-8"}},{"type":"Feature","id":"vw_ParqueEscolarMunicipal_2023.fid-5656ca56_19a5f394e75_6ad3","geometry":{"type":"Point","coordinates":[-38.45498035,-3.74457868]},"geometry_name":"geom","properties":{"id":538,"fid":539,"Tipo":"CEI","Título":"CENTRO DE EDUCAÇÃO INFANTIL","Nome":"DOM ALOÍSIO LORSCHEIDER","Seriação":"I-2,3,4","Faixa etária":"2 A 5 ANOS","Distrito":"2","Endereço":"AV. SENADOR CARLOS JEREISSATI, 395","Bairro":"PRAIA DO FUTURO I","Código do bairro":113,"CEP":"60182-425","Regional":"SER 7","INEP":23547995,"CODSGE":"370","6 mees":"NÃO","1 ano":"NÃO","2 anos":"SIM","3 anos":"SIM","4 anos":"SIM","5 anos":"SIM","6 anos":"NÃO","7 anos":"NÃO","8 anos":"NÃO","9 anos":"NÃO","10 anos":"NÃO","11 anos":"NÃO","12 anos":"NÃO","13 anos":"NÃO","14 anos":"NÃO","Ano":"2023","Fonte":"Secretaria Municipal de Educação - SME","SRC da camada":"EPSG:4326 - WGS 84","Codificação":"UTF-8"}},{"type":"Feature","id":"vw_ParqueEscolarMunicipal_2023.fid-5656ca56_19a5f394e75_6ad4","geometry":{"type":"Point","coordinates":[-38.48281995,-3.73086216]},"geometry_name":"geom","properties":{"id":539,"fid":540,"Tipo":"CEI","Título":"CENTRO DE EDUCAÇÃO INFANTIL","Nome":"MENINO MALUQUINHO","Seriação":"I-1,2,3","Faixa etária":"1 A 3 ANOS","Distrito":"2","Endereço":"RUA DOUTOR JOSÉ LINO, 980","Bairro":"VARJOTA","Código do bairro":36,"CEP":"60175-426","Regional":"SER 2","INEP":23270560,"CODSGE":"486","6 mees":"NÃO","1 ano":"SIM","2 anos":"SIM","3 anos":"SIM","4 anos":"NÃO","5 anos":"NÃO","6 anos":"NÃO","7 anos":"NÃO","8 anos":"NÃO","9 anos":"NÃO","10 anos":"NÃO","11 anos":"NÃO","12 anos":"NÃO","13 anos":"NÃO","14 anos":"NÃO","Ano":"2023","Fonte":"Secretaria Municipal de Educação - SME","SRC da camada":"EPSG:4326 - WGS 84","Codificação":"UTF-8"}},{"type":"Feature","id":"vw_ParqueEscolarMunicipal_2023.fid-5656ca56_19a5f394e75_6ad5","geometry":{"type":"Point","coordinates":[-38.47840288,-3.73292579]},"geometry_name":"geom","properties":{"id":540,"fid":541,"Tipo":"CEI","Título":"CENTRO DE EDUCAÇÃO INFANTIL","Nome":"DARCY RIBEIRO","Seriação":"I-1,2,3","Faixa etária":"1 A 5 ANOS","Distrito":"2","Endereço":"RUA FAUSTO CABRAL, 357","Bairro":"VICENTE PINZÓN","Código do bairro":37,"CEP":"60175-415","Regional":"SER 2","INEP":23073608,"CODSGE":"496","6 mees":"NÃO","1 ano":"SIM","2 anos":"SIM","3 anos":"SIM","4 anos":"SIM","5 anos":"SIM","6 anos":"NÃO","7 anos":"NÃO","8 anos":"NÃO","9 anos":"NÃO","10 anos":"NÃO","11 anos":"NÃO","12 anos":"NÃO","13 anos":"NÃO","14 anos":"NÃO","Ano":"2023","Fonte":"Secretaria Municipal de Educação - SME","SRC da camada":"EPSG:4326 - WGS 84","Codificação":"UTF-8"}},{"type":"Feature","id":"vw_ParqueEscolarMunicipal_2023.fid-5656ca56_19a5f394e75_6ad6","geometry":{"type":"Point","coordinates":[-38.46667531,-3.72569051]},"geometry_name":"geom","properties":{"id":541,"fid":542,"Tipo":"CEI","Título":"CENTRO DE EDUCAÇÃO INFANTIL","Nome":"PROFESSORA BELARMINA CAMPOS","Seriação":"I-2,3,4","Faixa etária":"2 A 5 ANOS","Distrito":"2","Endereço":"RUA DOUTOR MANOEL RODRIGUES MONTEIRO, 840","Bairro":"VICENTE PINZÓN","Código do bairro":37,"CEP":"60181-805","Regional":"SER 2","INEP":23065958,"CODSGE":"495","6 mees":"NÃO","1 ano":"NÃO","2 anos":"SIM","3 anos":"SIM","4 anos":"SIM","5 anos":"SIM","6 anos":"NÃO","7 anos":"NÃO","8 anos":"NÃO","9 anos":"NÃO","10 anos":"NÃO","11 anos":"NÃO","12 anos":"NÃO","13 anos":"NÃO","14 anos":"NÃO","Ano":"2023","Fonte":"Secretaria Municipal de Educação - SME","SRC da camada":"EPSG:4326 - WGS 84","Codificação":"UTF-8"}},{"type":"Feature","id":"vw_ParqueEscolarMunicipal_2023.fid-5656ca56_19a5f394e75_6ad7","geometry":{"type":"Point","coordinates":[-38.51370857,-3.76126906]},"geometry_name":"geom","properties":{"id":542,"fid":543,"Tipo":"CEI","Título":"CENTRO DE EDUCAÇÃO INFANTIL","Nome":"ALMERINDA DE ALBUQUERQUE","Seriação":"I-1,2,3","Faixa etária":"1 A 3 ANOS","Distrito":"2","Endereço":"TRAV. LIBERTADORES, 57","Bairro":"TAUAPE","Código do bairro":35,"CEP":"60130-720","Regional":"SER 2","INEP":23064994,"CODSGE":"467","6 mees":"NÃO","1 ano":"SIM","2 anos":"SIM","3 anos":"SIM","4 anos":"NÃO","5 anos":"NÃO","6 anos":"NÃO","7 anos":"NÃO","8 anos":"NÃO","9 anos":"NÃO","10 anos":"NÃO","11 anos":"NÃO","12 anos":"NÃO","13 anos":"NÃO","14 anos":"NÃO","Ano":"2023","Fonte":"Secretaria Municipal de Educação - SME","SRC da camada":"EPSG:4326 - WGS 84","Codificação":"UTF-8"}},{"type":"Feature","id":"vw_ParqueEscolarMunicipal_2023.fid-5656ca56_19a5f394e75_6ad8","geometry":{"type":"Point","coordinates":[-38.5066083,-3.75601494]},"geometry_name":"geom","properties":{"id":543,"fid":544,"Tipo":"CEI","Título":"CENTRO DE EDUCAÇÃO INFANTIL","Nome":"PROFESSORA ANTONIETA CALS","Seriação":"I-1,2,3","Faixa etária":"1 A 4 ANOS","Distrito":"2","Endereço":"RUA JÚLIA VASCONCELOS, 67","Bairro":"TAUAPE","Código do bairro":35,"CEP":"60120-320","Regional":"SER 2","INEP":23069317,"CODSGE":"426","6 mees":"NÃO","1 ano":"SIM","2 anos":"SIM","3 anos":"SIM","4 anos":"SIM","5 anos":"NÃO","6 anos":"NÃO","7 anos":"NÃO","8 anos":"NÃO","9 anos":"NÃO","10 anos":"NÃO","11 anos":"NÃO","12 anos":"NÃO","13 anos":"NÃO","14 anos":"NÃO","Ano":"2023","Fonte":"Secretaria Municipal de Educação - SME","SRC da camada":"EPSG:4326 - WGS 84","Codificação":"UTF-8"}},{"type":"Feature","id":"vw_ParqueEscolarMunicipal_2023.fid-5656ca56_19a5f394e75_6ad9","geometry":{"type":"Point","coordinates":[-38.51552322,-3.7196243]},"geometry_name":"geom","properties":{"id":544,"fid":545,"Tipo":"CEI","Título":"CENTRO DE EDUCAÇÃO INFANTIL","Nome":"SÃO RAFAEL","Seriação":"I-2,3,4","Faixa etária":"2 A 5 ANOS","Distrito":"1","Endereço":"RUA DOS TABAJARAS, 480","Bairro":"PRAIA DE IRACEMA","Código do bairro":32,"CEP":"60060-510","Regional":"SER 12","INEP":23269170,"CODSGE":"398","6 mees":"NÃO","1 ano":"NÃO","2 anos":"SIM","3 anos":"SIM","4 anos":"SIM","5 anos":"SIM","6 anos":"NÃO","7 anos":"NÃO","8 anos":"NÃO","9 anos":"NÃO","10 anos":"NÃO","11 anos":"NÃO","12 anos":"NÃO","13 anos":"NÃO","14 anos":"NÃO","Ano":"2023","Fonte":"Secretaria Municipal de Educação - SME","SRC da camada":"EPSG:4326 - WGS 84","Codificação":"UTF-8"}},{"type":"Feature","id":"vw_ParqueEscolarMunicipal_2023.fid-5656ca56_19a5f394e75_6ada","geometry":{"type":"Point","coordinates":[-38.50234001,-3.75616834]},"geometry_name":"geom","properties":{"id":545,"fid":546,"Tipo":"EMTI","Título":"ESCOLA MUNICIPAL DE TEMPO INTEGRAL AMBIENTAL","Nome":"DRA. FRANCISCA DE ASSIS CANITO DA FROTA","Seriação":"F-1,2,3,4,5","Faixa etária":"6 A 10 ANOS","Distrito":"2","Endereço":"RUA MONSENHOR SALAZAR, 2432","Bairro":"TAUAPE","Código do bairro":35,"CEP":"60130-371","Regional":"SER 2","INEP":23264810,"CODSGE":"784","6 mees":"NÃO","1 ano":"NÃO","2 anos":"NÃO","3 anos":"NÃO","4 anos":"NÃO","5 anos":"NÃO","6 anos":"SIM","7 anos":"SIM","8 anos":"SIM","9 anos":"SIM","10 anos":"SIM","11 anos":"NÃO","12 anos":"NÃO","13 anos":"NÃO","14 anos":"NÃO","Ano":"2023","Fonte":"Secretaria Municipal de Educação - SME","SRC da camada":"EPSG:4326 - WGS 84","Codificação":"UTF-8"}},{"type":"Feature","id":"vw_ParqueEscolarMunicipal_2023.fid-5656ca56_19a5f394e75_6adb","geometry":{"type":"Point","coordinates":[-38.60055025,-3.71354897]},"geometry_name":"geom","properties":{"id":546,"fid":547,"Tipo":"CEI","Título":"CENTRO DE EDUCAÇÃO INFANTIL","Nome":"MARISTELA DA FROTA CAVALCANTE","Seriação":"I-1,2,3","Faixa etária":"1 A 5 ANOS","Distrito":"1","Endereço":"AV. L, 1000","Bairro":"VILA VELHA","Código do bairro":39,"CEP":"60348-540","Regional":"SER 1","INEP":23257873,"CODSGE":"829","6 mees":"NÃO","1 ano":"SIM","2 anos":"SIM","3 anos":"SIM","4 anos":"SIM","5 anos":"SIM","6 anos":"NÃO","7 anos":"NÃO","8 anos":"NÃO","9 anos":"NÃO","10 anos":"NÃO","11 anos":"NÃO","12 anos":"NÃO","13 anos":"NÃO","14 anos":"NÃO","Ano":"2023","Fonte":"Secretaria Municipal de Educação - SME","SRC da camada":"EPSG:4326 - WGS 84","Codificação":"UTF-8"}},{"type":"Feature","id":"vw_ParqueEscolarMunicipal_2023.fid-5656ca56_19a5f394e75_6adc","geometry":{"type":"Point","coordinates":[-38.57286455,-3.72020926]},"geometry_name":"geom","properties":{"id":547,"fid":548,"Tipo":"CEI","Título":"CENTRO DE EDUCAÇÃO INFANTIL","Nome":"JOÃO MARÇAL MESQUITA","Seriação":"I-1,2,3","Faixa etária":"1 A 5 ANOS","Distrito":"1","Endereço":"RUA ROCHA POMBO, S/N","Bairro":"FLORESTA","Código do bairro":17,"CEP":"60336-200","Regional":"SER 1","INEP":23190787,"CODSGE":"826","6 mees":"NÃO","1 ano":"SIM","2 anos":"SIM","3 anos":"SIM","4 anos":"SIM","5 anos":"SIM","6 anos":"NÃO","7 anos":"NÃO","8 anos":"NÃO","9 anos":"NÃO","10 anos":"NÃO","11 anos":"NÃO","12 anos":"NÃO","13 anos":"NÃO","14 anos":"NÃO","Ano":"2023","Fonte":"Secretaria Municipal de Educação - SME","SRC da camada":"EPSG:4326 - WGS 84","Codificação":"UTF-8"}},{"type":"Feature","id":"vw_ParqueEscolarMunicipal_2023.fid-5656ca56_19a5f394e75_6add","geometry":{"type":"Point","coordinates":[-38.58193684,-3.69499629]},"geometry_name":"geom","properties":{"id":548,"fid":549,"Tipo":"CEI","Título":"CENTRO DE EDUCAÇÃO INFANTIL","Nome":"VILA DO MAR","Seriação":"I-2,3,4","Faixa etária":"2 A 5 ANOS","Distrito":"1","Endereço":"RUA DR. JOSÉ ROBERTO SALES, S/N","Bairro":"BARRA DO CEARÁ","Código do bairro":6,"CEP":"60332-810","Regional":"SER 1","INEP":23263296,"CODSGE":"788","6 mees":"NÃO","1 ano":"NÃO","2 anos":"SIM","3 anos":"SIM","4 anos":"SIM","5 anos":"SIM","6 anos":"NÃO","7 anos":"NÃO","8 anos":"NÃO","9 anos":"NÃO","10 anos":"NÃO","11 anos":"NÃO","12 anos":"NÃO","13 anos":"NÃO","14 anos":"NÃO","Ano":"2023","Fonte":"Secretaria Municipal de Educação - SME","SRC da camada":"EPSG:4326 - WGS 84","Codificação":"UTF-8"}},{"type":"Feature","id":"vw_ParqueEscolarMunicipal_2023.fid-5656ca56_19a5f394e75_6ade","geometry":{"type":"Point","coordinates":[-38.58448349,-3.73031183]},"geometry_name":"geom","properties":{"id":549,"fid":550,"Tipo":"EMTP","Título":"ESCOLA MUNICIPAL","Nome":"11 DE AGOSTO","Seriação":"F-6,7,8,9","Faixa etária":"11 A 14 ANOS","Distrito":"1","Endereço":"AV. CORONEL CARVALHO, 3121","Bairro":"JARDIM IRACEMA","Código do bairro":21,"CEP":"60341-641","Regional":"SER 1","INEP":23259418,"CODSGE":"581","6 mees":"NÃO","1 ano":"NÃO","2 anos":"NÃO","3 anos":"NÃO","4 anos":"NÃO","5 anos":"NÃO","6 anos":"NÃO","7 anos":"NÃO","8 anos":"NÃO","9 anos":"NÃO","10 anos":"NÃO","11 anos":"SIM","12 anos":"SIM","13 anos":"SIM","14 anos":"SIM","Ano":"2023","Fonte":"Secretaria Municipal de Educação - SME","SRC da camada":"EPSG:4326 - WGS 84","Codificação":"UTF-8"}},{"type":"Feature","id":"vw_ParqueEscolarMunicipal_2023.fid-5656ca56_19a5f394e75_6adf","geometry":{"type":"Point","coordinates":[-38.56868809,-3.70449117]},"geometry_name":"geom","properties":{"id":550,"fid":551,"Tipo":"CRP","Título":"CRECHE PARCEIRA","Nome":"ANJOS DE DEUS","Seriação":"I-1,2,3","Faixa etária":"1 A 3 ANOS","Distrito":"1","Endereço":"RUA DONA MENDINHA, 191","Bairro":"CRISTO REDENTOR","Código do bairro":12,"CEP":"60337-385","Regional":"SER 1","INEP":23280158,"CODSGE":"647","6 mees":"NÃO","1 ano":"SIM","2 anos":"SIM","3 anos":"SIM","4 anos":"NÃO","5 anos":"NÃO","6 anos":"NÃO","7 anos":"NÃO","8 anos":"NÃO","9 anos":"NÃO","10 anos":"NÃO","11 anos":"NÃO","12 anos":"NÃO","13 anos":"NÃO","14 anos":"NÃO","Ano":"2023","Fonte":"Secretaria Municipal de Educação - SME","SRC da camada":"EPSG:4326 - WGS 84","Codificação":"UTF-8"}},{"type":"Feature","id":"vw_ParqueEscolarMunicipal_2023.fid-5656ca56_19a5f394e75_6ae0","geometry":{"type":"Point","coordinates":[-38.57063112,-3.70654723]},"geometry_name":"geom","properties":{"id":551,"fid":552,"Tipo":"CEI","Título":"CENTRO DE EDUCAÇÃO INFANTIL","Nome":"RACHEL DE QUEIROZ","Seriação":"I-3,4,5","Faixa etária":"3 A 5 ANOS","Distrito":"1","Endereço":"TRAV. AURÉLIO LAVÔR, 99","Bairro":"BARRA DO CEARÁ","Código do bairro":6,"CEP":"60312-180","Regional":"SER 1","INEP":23255960,"CODSGE":"500","6 mees":"NÃO","1 ano":"NÃO","2 anos":"NÃO","3 anos":"SIM","4 anos":"SIM","5 anos":"SIM","6 anos":"NÃO","7 anos":"NÃO","8 anos":"NÃO","9 anos":"NÃO","10 anos":"NÃO","11 anos":"NÃO","12 anos":"NÃO","13 anos":"NÃO","14 anos":"NÃO","Ano":"2023","Fonte":"Secretaria Municipal de Educação - SME","SRC da camada":"EPSG:4326 - WGS 84","Codificação":"UTF-8"}},{"type":"Feature","id":"vw_ParqueEscolarMunicipal_2023.fid-5656ca56_19a5f394e75_6ae1","geometry":{"type":"Point","coordinates":[-38.5634555,-3.70611476]},"geometry_name":"geom","properties":{"id":552,"fid":553,"Tipo":"EMTP","Título":"ESCOLA MUNICIPAL","Nome":"SANTA TEREZA","Seriação":"F-1,2,3,4,5,6","Faixa etária":"6 A 11 ANOS","Distrito":"1","Endereço":"AV. MONSENHOR HÉLIO CAMPOS, 92","Bairro":"CRISTO REDENTOR","Código do bairro":12,"CEP":"60336-800","Regional":"SER 1","INEP":23069198,"CODSGE":"255","6 mees":"NÃO","1 ano":"NÃO","2 anos":"NÃO","3 anos":"NÃO","4 anos":"NÃO","5 anos":"NÃO","6 anos":"SIM","7 anos":"SIM","8 anos":"SIM","9 anos":"SIM","10 anos":"SIM","11 anos":"SIM","12 anos":"NÃO","13 anos":"NÃO","14 anos":"NÃO","Ano":"2023","Fonte":"Secretaria Municipal de Educação - SME","SRC da camada":"EPSG:4326 - WGS 84","Codificação":"UTF-8"}},{"type":"Feature","id":"vw_ParqueEscolarMunicipal_2023.fid-5656ca56_19a5f394e75_6ae2","geometry":{"type":"Point","coordinates":[-38.56991596,-3.70868844]},"geometry_name":"geom","properties":{"id":553,"fid":554,"Tipo":"EMTP","Título":"ESCOLA MUNICIPAL","Nome":"ANTÔNIO MENDES","Seriação":"F-3,4,5","Faixa etária":"8 A 10 ANOS","Distrito":"1","Endereço":"RUA DONA MENDINHA, 682","Bairro":"CRISTO REDENTOR","Código do bairro":12,"CEP":"60337-385","Regional":"SER 1","INEP":23184221,"CODSGE":"311","6 mees":"NÃO","1 ano":"NÃO","2 anos":"NÃO","3 anos":"NÃO","4 anos":"NÃO","5 anos":"NÃO","6 anos":"NÃO","7 anos":"NÃO","8 anos":"SIM","9 anos":"SIM","10 anos":"SIM","11 anos":"NÃO","12 anos":"NÃO","13 anos":"NÃO","14 anos":"NÃO","Ano":"2023","Fonte":"Secretaria Municipal de Educação - SME","SRC da camada":"EPSG:4326 - WGS 84","Codificação":"UTF-8"}},{"type":"Feature","id":"vw_ParqueEscolarMunicipal_2023.fid-5656ca56_19a5f394e75_6ae3","geometry":{"type":"Point","coordinates":[-38.56736325,-3.71128058]},"geometry_name":"geom","properties":{"id":554,"fid":533,"Tipo":"EMTP","Título":"ESCOLA MUNICIPAL","Nome":"ALDEÍDES RÉGIS","Seriação":"I-4,5/F-1,2,3","Faixa etária":"4 A 8 ANOS","Distrito":"1","Endereço":"RUA IRINEU DE SOUSA, 183","Bairro":"ÁLVARO WEYNE","Código do bairro":3,"CEP":"60337-180","Regional":"SER 1","INEP":23264144,"CODSGE":"233","6 mees":"NÃO","1 ano":"NÃO","2 anos":"NÃO","3 anos":"NÃO","4 anos":"SIM","5 anos":"SIM","6 anos":"SIM","7 anos":"SIM","8 anos":"SIM","9 anos":"NÃO","10 anos":"NÃO","11 anos":"NÃO","12 anos":"NÃO","13 anos":"NÃO","14 anos":"NÃO","Ano":"2023","Fonte":"Secretaria Municipal de Educação - SME","SRC da camada":"EPSG:4326 - WGS 84","Codificação":"UTF-8"}},{"type":"Feature","id":"vw_ParqueEscolarMunicipal_2023.fid-5656ca56_19a5f394e75_6ae4","geometry":{"type":"Point","coordinates":[-38.56199768,-3.71528198]},"geometry_name":"geom","properties":{"id":555,"fid":555,"Tipo":"EMTP","Título":"ESCOLA MUNICIPAL","Nome":"PATATIVA DO ASSARÉ","Seriação":"I-4,5/F-1,2,3,4,5","Faixa etária":"4 A 10 ANOS","Distrito":"1","Endereço":"RUA FREI TEOBALDO, 646","Bairro":"ÁLVARO WEYNE","Código do bairro":3,"CEP":"60335-220","Regional":"SER 1","INEP":23272716,"CODSGE":"239","6 mees":"NÃO","1 ano":"NÃO","2 anos":"NÃO","3 anos":"NÃO","4 anos":"SIM","5 anos":"SIM","6 anos":"SIM","7 anos":"SIM","8 anos":"SIM","9 anos":"SIM","10 anos":"SIM","11 anos":"NÃO","12 anos":"NÃO","13 anos":"NÃO","14 anos":"NÃO","Ano":"2023","Fonte":"Secretaria Municipal de Educação - SME","SRC da camada":"EPSG:4326 - WGS 84","Codificação":"UTF-8"}},{"type":"Feature","id":"vw_ParqueEscolarMunicipal_2023.fid-5656ca56_19a5f394e75_6ae5","geometry":{"type":"Point","coordinates":[-38.56168429,-3.71673013]},"geometry_name":"geom","properties":{"id":556,"fid":556,"Tipo":"EMTP","Título":"ESCOLA MUNICIPAL","Nome":"NOSSA SENHORA DO PERPÉTUO SOCORRO","Seriação":"F-6,7,8,9","Faixa etária":"11 A 14 ANOS","Distrito":"1","Endereço":"RUA CÔNSUL GOUVEIA, 57","Bairro":"ÁLVARO WEYNE","Código do bairro":3,"CEP":"60335-390","Regional":"SER 1","INEP":23255889,"CODSGE":"291","6 mees":"NÃO","1 ano":"NÃO","2 anos":"NÃO","3 anos":"NÃO","4 anos":"NÃO","5 anos":"NÃO","6 anos":"NÃO","7 anos":"NÃO","8 anos":"NÃO","9 anos":"NÃO","10 anos":"NÃO","11 anos":"SIM","12 anos":"SIM","13 anos":"SIM","14 anos":"SIM","Ano":"2023","Fonte":"Secretaria Municipal de Educação - SME","SRC da camada":"EPSG:4326 - WGS 84","Codificação":"UTF-8"}},{"type":"Feature","id":"vw_ParqueEscolarMunicipal_2023.fid-5656ca56_19a5f394e75_6ae6","geometry":{"type":"Point","coordinates":[-38.57292841,-3.72569607]},"geometry_name":"geom","properties":{"id":557,"fid":557,"Tipo":"EMTP","Título":"ESCOLA MUNICIPAL","Nome":"DOM HELDER CÂMARA","Seriação":"I-4,5/F-1,2,3,4,5","Faixa etária":"4 A 10 ANOS","Distrito":"1","Endereço":"RUA FREI ODILON, 623B","Bairro":"FLORESTA","Código do bairro":17,"CEP":"60336-190","Regional":"SER 1","INEP":23234300,"CODSGE":"333","6 mees":"NÃO","1 ano":"NÃO","2 anos":"NÃO","3 anos":"NÃO","4 anos":"SIM","5 anos":"SIM","6 anos":"SIM","7 anos":"SIM","8 anos":"SIM","9 anos":"SIM","10 anos":"SIM","11 anos":"NÃO","12 anos":"NÃO","13 anos":"NÃO","14 anos":"NÃO","Ano":"2023","Fonte":"Secretaria Municipal de Educação - SME","SRC da camada":"EPSG:4326 - WGS 84","Codificação":"UTF-8"}},{"type":"Feature","id":"vw_ParqueEscolarMunicipal_2023.fid-5656ca56_19a5f394e75_6ae7","geometry":{"type":"Point","coordinates":[-38.57222208,-3.72078391]},"geometry_name":"geom","properties":{"id":558,"fid":558,"Tipo":"EMTI","Título":"ESCOLA MUNICIPAL DE TEMPO INTEGRAL","Nome":"NOSSA SENHORA DE FÁTIMA","Seriação":"F-6,7,8,9","Faixa etária":"11 A 14 ANOS","Distrito":"1","Endereço":"RUA SILVIO ROMERO, 370","Bairro":"FLORESTA","Código do bairro":17,"CEP":"60336-100","Regional":"SER 1","INEP":23271493,"CODSGE":"139","6 mees":"NÃO","1 ano":"NÃO","2 anos":"NÃO","3 anos":"NÃO","4 anos":"NÃO","5 anos":"NÃO","6 anos":"NÃO","7 anos":"NÃO","8 anos":"NÃO","9 anos":"NÃO","10 anos":"NÃO","11 anos":"SIM","12 anos":"SIM","13 anos":"SIM","14 anos":"SIM","Ano":"2023","Fonte":"Secretaria Municipal de Educação - SME","SRC da camada":"EPSG:4326 - WGS 84","Codificação":"UTF-8"}},{"type":"Feature","id":"vw_ParqueEscolarMunicipal_2023.fid-5656ca56_19a5f394e75_6ae8","geometry":{"type":"Point","coordinates":[-38.57389717,-3.71717544]},"geometry_name":"geom","properties":{"id":559,"fid":559,"Tipo":"EMTP","Título":"ESCOLA MUNICIPAL","Nome":"MARIA ROSELI LIMA MESQUITA","Seriação":"F-1,2,3,4,5","Faixa etária":"6 A 10 ANOS","Distrito":"1","Endereço":"RUA FRANCISCO CALAÇA, 1791","Bairro":"ÁLVARO WEYNE","Código do bairro":3,"CEP":"60336-045","Regional":"SER 1","INEP":23190787,"CODSGE":"241","6 mees":"NÃO","1 ano":"NÃO","2 anos":"NÃO","3 anos":"NÃO","4 anos":"NÃO","5 anos":"NÃO","6 anos":"SIM","7 anos":"SIM","8 anos":"SIM","9 anos":"SIM","10 anos":"SIM","11 anos":"NÃO","12 anos":"NÃO","13 anos":"NÃO","14 anos":"NÃO","Ano":"2023","Fonte":"Secretaria Municipal de Educação - SME","SRC da camada":"EPSG:4326 - WGS 84","Codificação":"UTF-8"}},{"type":"Feature","id":"vw_ParqueEscolarMunicipal_2023.fid-5656ca56_19a5f394e75_6ae9","geometry":{"type":"Point","coordinates":[-38.58438949,-3.72535975]},"geometry_name":"geom","properties":{"id":560,"fid":560,"Tipo":"EMTP","Título":"ESCOLA MUNICIPAL","Nome":"MARIA DALVA SEVERINO MARREIRO","Seriação":"I-4,5/F-1,2","Faixa etária":"4 A 7 ANOS","Distrito":"1","Endereço":"RUA RIO PARAGUAI, 782","Bairro":"JARDIM IRACEMA","Código do bairro":21,"CEP":"60341-270","Regional":"SER 1","INEP":23255854,"CODSGE":"145","6 mees":"NÃO","1 ano":"NÃO","2 anos":"NÃO","3 anos":"NÃO","4 anos":"SIM","5 anos":"SIM","6 anos":"SIM","7 anos":"SIM","8 anos":"NÃO","9 anos":"NÃO","10 anos":"NÃO","11 anos":"NÃO","12 anos":"NÃO","13 anos":"NÃO","14 anos":"NÃO","Ano":"2023","Fonte":"Secretaria Municipal de Educação - SME","SRC da camada":"EPSG:4326 - WGS 84","Codificação":"UTF-8"}},{"type":"Feature","id":"vw_ParqueEscolarMunicipal_2023.fid-5656ca56_19a5f394e75_6aea","geometry":{"type":"Point","coordinates":[-38.58350102,-3.72285573]},"geometry_name":"geom","properties":{"id":561,"fid":561,"Tipo":"EMTP","Título":"ESCOLA MUNICIPAL","Nome":"RAIMUNDO DE SOUSA MANGUEIRA","Seriação":"F-1,2,3,4,5","Faixa etária":"6 A 10 ANOS","Distrito":"1","Endereço":"RUA ALBERTO FERREIRA, 624","Bairro":"JARDIM IRACEMA","Código do bairro":21,"CEP":"60341-140","Regional":"SER 1","INEP":23255951,"CODSGE":"351","6 mees":"NÃO","1 ano":"NÃO","2 anos":"NÃO","3 anos":"NÃO","4 anos":"NÃO","5 anos":"NÃO","6 anos":"SIM","7 anos":"SIM","8 anos":"SIM","9 anos":"SIM","10 anos":"SIM","11 anos":"NÃO","12 anos":"NÃO","13 anos":"NÃO","14 anos":"NÃO","Ano":"2023","Fonte":"Secretaria Municipal de Educação - SME","SRC da camada":"EPSG:4326 - WGS 84","Codificação":"UTF-8"}},{"type":"Feature","id":"vw_ParqueEscolarMunicipal_2023.fid-5656ca56_19a5f394e75_6aeb","geometry":{"type":"Point","coordinates":[-38.58337876,-3.71973636]},"geometry_name":"geom","properties":{"id":562,"fid":562,"Tipo":"EMTP","Título":"ESCOLA MUNICIPAL","Nome":"JOSÉ DE ALENCAR","Seriação":"F-6,7,8,9","Faixa etária":"11 A 14 ANOS","Distrito":"1","Endereço":"RUA ALBERTO FERREIRA, 248","Bairro":"JARDIM IRACEMA","Código do bairro":21,"CEP":"60341-140","Regional":"SER 1","INEP":23072270,"CODSGE":"225","6 mees":"NÃO","1 ano":"NÃO","2 anos":"NÃO","3 anos":"NÃO","4 anos":"NÃO","5 anos":"NÃO","6 anos":"NÃO","7 anos":"NÃO","8 anos":"NÃO","9 anos":"NÃO","10 anos":"NÃO","11 anos":"SIM","12 anos":"SIM","13 anos":"SIM","14 anos":"SIM","Ano":"2023","Fonte":"Secretaria Municipal de Educação - SME","SRC da camada":"EPSG:4326 - WGS 84","Codificação":"UTF-8"}},{"type":"Feature","id":"vw_ParqueEscolarMunicipal_2023.fid-5656ca56_19a5f394e75_6aec","geometry":{"type":"Point","coordinates":[-38.57974534,-3.71857609]},"geometry_name":"geom","properties":{"id":563,"fid":563,"Tipo":"EMTP","Título":"ESCOLA MUNICIPAL","Nome":"FRANCISCO SILVA CAVALCANTE","Seriação":"F-6,7,8,9","Faixa etária":"11 A 14 ANOS","Distrito":"1","Endereço":"AV. CONSELHEIRO LAFAYETTE, 205","Bairro":"FLORESTA","Código do bairro":17,"CEP":"60340-192","Regional":"SER 1","INEP":23071168,"CODSGE":"153","6 mees":"NÃO","1 ano":"NÃO","2 anos":"NÃO","3 anos":"NÃO","4 anos":"NÃO","5 anos":"NÃO","6 anos":"NÃO","7 anos":"NÃO","8 anos":"NÃO","9 anos":"NÃO","10 anos":"NÃO","11 anos":"SIM","12 anos":"SIM","13 anos":"SIM","14 anos":"SIM","Ano":"2023","Fonte":"Secretaria Municipal de Educação - SME","SRC da camada":"EPSG:4326 - WGS 84","Codificação":"UTF-8"}},{"type":"Feature","id":"vw_ParqueEscolarMunicipal_2023.fid-5656ca56_19a5f394e75_6aed","geometry":{"type":"Point","coordinates":[-38.58339469,-3.72191184]},"geometry_name":"geom","properties":{"id":564,"fid":564,"Tipo":"EMTP","Título":"ESCOLA MUNICIPAL","Nome":"JESUS CRISTO","Seriação":"I-4,5/F-1,2,3,4,5","Faixa etária":"4 A 10 ANOS","Distrito":"1","Endereço":"RUA ALBERTO FERREIRA, 564","Bairro":"JARDIM IRACEMA","Código do bairro":21,"CEP":"60341-140","Regional":"SER 1","INEP":23255749,"CODSGE":"130","6 mees":"NÃO","1 ano":"NÃO","2 anos":"NÃO","3 anos":"NÃO","4 anos":"SIM","5 anos":"SIM","6 anos":"SIM","7 anos":"SIM","8 anos":"SIM","9 anos":"SIM","10 anos":"SIM","11 anos":"NÃO","12 anos":"NÃO","13 anos":"NÃO","14 anos":"NÃO","Ano":"2023","Fonte":"Secretaria Municipal de Educação - SME","SRC da camada":"EPSG:4326 - WGS 84","Codificação":"UTF-8"}},{"type":"Feature","id":"vw_ParqueEscolarMunicipal_2023.fid-5656ca56_19a5f394e75_6aee","geometry":{"type":"Point","coordinates":[-38.59185653,-3.72464718]},"geometry_name":"geom","properties":{"id":565,"fid":565,"Tipo":"EMTP","Título":"ESCOLA MUNICIPAL","Nome":"QUINTINO CUNHA","Seriação":"F-1,2,3,4,5","Faixa etária":"6 A 10 ANOS","Distrito":"1","Endereço":"RUA MARIA CLARA, 1263","Bairro":"JARDIM GUANABARA","Código do bairro":20,"CEP":"60346-218","Regional":"SER 1","INEP":23076682,"CODSGE":"154","6 mees":"NÃO","1 ano":"NÃO","2 anos":"NÃO","3 anos":"NÃO","4 anos":"NÃO","5 anos":"NÃO","6 anos":"SIM","7 anos":"SIM","8 anos":"SIM","9 anos":"SIM","10 anos":"SIM","11 anos":"NÃO","12 anos":"NÃO","13 anos":"NÃO","14 anos":"NÃO","Ano":"2023","Fonte":"Secretaria Municipal de Educação - SME","SRC da camada":"EPSG:4326 - WGS 84","Codificação":"UTF-8"}},{"type":"Feature","id":"vw_ParqueEscolarMunicipal_2023.fid-5656ca56_19a5f394e75_6aef","geometry":{"type":"Point","coordinates":[-38.59145414,-3.72473106]},"geometry_name":"geom","properties":{"id":566,"fid":566,"Tipo":"EMTP","Título":"ESCOLA MUNICIPAL","Nome":"MANOEL RODRIGUES","Seriação":"F-6,7,8,9","Faixa etária":"11 A 14 ANOS","Distrito":"1","Endereço":"RUA MARIA CLARA, 1237","Bairro":"JARDIM GUANABARA","Código do bairro":20,"CEP":"60346-218","Regional":"SER 1","INEP":23255641,"CODSGE":"137","6 mees":"NÃO","1 ano":"NÃO","2 anos":"NÃO","3 anos":"NÃO","4 anos":"NÃO","5 anos":"NÃO","6 anos":"NÃO","7 anos":"NÃO","8 anos":"NÃO","9 anos":"NÃO","10 anos":"NÃO","11 anos":"SIM","12 anos":"SIM","13 anos":"SIM","14 anos":"SIM","Ano":"2023","Fonte":"Secretaria Municipal de Educação - SME","SRC da camada":"EPSG:4326 - WGS 84","Codificação":"UTF-8"}},{"type":"Feature","id":"vw_ParqueEscolarMunicipal_2023.fid-5656ca56_19a5f394e75_6af0","geometry":{"type":"Point","coordinates":[-38.58869279,-3.72330228]},"geometry_name":"geom","properties":{"id":567,"fid":567,"Tipo":"EMTP","Título":"ESCOLA MUNICIPAL","Nome":"PROFESSOR JOSÉ PARSIFAL BARROSO","Seriação":"F-6,7,8,9","Faixa etária":"11 A 14 ANOS","Distrito":"1","Endereço":"RUA MAJOR ASSIS, 1076","Bairro":"JARDIM GUANABARA","Código do bairro":20,"CEP":"60346-372","Regional":"SER 1","INEP":23072504,"CODSGE":"256","6 mees":"NÃO","1 ano":"NÃO","2 anos":"NÃO","3 anos":"NÃO","4 anos":"NÃO","5 anos":"NÃO","6 anos":"NÃO","7 anos":"NÃO","8 anos":"NÃO","9 anos":"NÃO","10 anos":"NÃO","11 anos":"SIM","12 anos":"SIM","13 anos":"SIM","14 anos":"SIM","Ano":"2023","Fonte":"Secretaria Municipal de Educação - SME","SRC da camada":"EPSG:4326 - WGS 84","Codificação":"UTF-8"}},{"type":"Feature","id":"vw_ParqueEscolarMunicipal_2023.fid-5656ca56_19a5f394e75_6af1","geometry":{"type":"Point","coordinates":[-38.59075927,-3.72220781]},"geometry_name":"geom","properties":{"id":568,"fid":568,"Tipo":"EMTP","Título":"ESCOLA MUNICIPAL","Nome":"PROFESSOR JOSÉ REBOUÇAS MACAMBIRA","Seriação":"F-1,2,3,4,5,6,7,8,9","Faixa etária":"6 A 14 ANOS","Distrito":"1","Endereço":"RUA CIDADE DE CARIÚS, 200","Bairro":"JARDIM GUANABARA","Código do bairro":20,"CEP":"60346-271","Regional":"SER 1","INEP":23072520,"CODSGE":"331","6 mees":"NÃO","1 ano":"NÃO","2 anos":"NÃO","3 anos":"NÃO","4 anos":"NÃO","5 anos":"NÃO","6 anos":"SIM","7 anos":"SIM","8 anos":"SIM","9 anos":"SIM","10 anos":"SIM","11 anos":"SIM","12 anos":"SIM","13 anos":"SIM","14 anos":"SIM","Ano":"2023","Fonte":"Secretaria Municipal de Educação - SME","SRC da camada":"EPSG:4326 - WGS 84","Codificação":"UTF-8"}},{"type":"Feature","id":"vw_ParqueEscolarMunicipal_2023.fid-5656ca56_19a5f394e75_6af2","geometry":{"type":"Point","coordinates":[-38.59136161,-3.72161434]},"geometry_name":"geom","properties":{"id":569,"fid":569,"Tipo":"EMTP","Título":"ESCOLA MUNICIPAL","Nome":"LORHAN MARQUES MEDEIROS","Seriação":"I-4,5/F-1,2","Faixa etária":"4 A 7 ANOS","Distrito":"1","Endereço":"RUA CREUZA ROCHA, 255","Bairro":"JARDIM GUANABARA","Código do bairro":20,"CEP":"60346-352","Regional":"SER 1","INEP":23263326,"CODSGE":"199","6 mees":"NÃO","1 ano":"NÃO","2 anos":"NÃO","3 anos":"NÃO","4 anos":"SIM","5 anos":"SIM","6 anos":"SIM","7 anos":"SIM","8 anos":"NÃO","9 anos":"NÃO","10 anos":"NÃO","11 anos":"NÃO","12 anos":"NÃO","13 anos":"NÃO","14 anos":"NÃO","Ano":"2023","Fonte":"Secretaria Municipal de Educação - SME","SRC da camada":"EPSG:4326 - WGS 84","Codificação":"UTF-8"}},{"type":"Feature","id":"vw_ParqueEscolarMunicipal_2023.fid-5656ca56_19a5f394e75_6af3","geometry":{"type":"Point","coordinates":[-38.60600137,-3.7198691]},"geometry_name":"geom","properties":{"id":570,"fid":570,"Tipo":"EMTP","Título":"ESCOLA MUNICIPAL","Nome":"MARIA MARIZA MENDES DE CARVALHO","Seriação":"I-4,5/F-1,2","Faixa etária":"4 A 7 ANOS","Distrito":"1","Endereço":"RUA RAIMUNDO CUNHA, 1174","Bairro":"VILA VELHA","Código do bairro":39,"CEP":"60345-151","Regional":"SER 1","INEP":23257881,"CODSGE":"160","6 mees":"NÃO","1 ano":"NÃO","2 anos":"NÃO","3 anos":"NÃO","4 anos":"SIM","5 anos":"SIM","6 anos":"SIM","7 anos":"SIM","8 anos":"NÃO","9 anos":"NÃO","10 anos":"NÃO","11 anos":"NÃO","12 anos":"NÃO","13 anos":"NÃO","14 anos":"NÃO","Ano":"2023","Fonte":"Secretaria Municipal de Educação - SME","SRC da camada":"EPSG:4326 - WGS 84","Codificação":"UTF-8"}},{"type":"Feature","id":"vw_ParqueEscolarMunicipal_2023.fid-5656ca56_19a5f394e75_6af4","geometry":{"type":"Point","coordinates":[-38.60302002,-3.71846862]},"geometry_name":"geom","properties":{"id":571,"fid":571,"Tipo":"EMTP","Título":"ESCOLA MUNICIPAL","Nome":"FRANCISCO EDILSON PINHEIRO","Seriação":"F-1,2,3,4,5","Faixa etária":"6 A 10 ANOS","Distrito":"1","Endereço":"RUA N, 35","Bairro":"VILA VELHA","Código do bairro":39,"CEP":"60349-160","Regional":"SER 1","INEP":23257873,"CODSGE":"240","6 mees":"NÃO","1 ano":"NÃO","2 anos":"NÃO","3 anos":"NÃO","4 anos":"NÃO","5 anos":"NÃO","6 anos":"SIM","7 anos":"SIM","8 anos":"SIM","9 anos":"SIM","10 anos":"SIM","11 anos":"NÃO","12 anos":"NÃO","13 anos":"NÃO","14 anos":"NÃO","Ano":"2023","Fonte":"Secretaria Municipal de Educação - SME","SRC da camada":"EPSG:4326 - WGS 84","Codificação":"UTF-8"}},{"type":"Feature","id":"vw_ParqueEscolarMunicipal_2023.fid-5656ca56_19a5f394e75_6af5","geometry":{"type":"Point","coordinates":[-38.60013563,-3.71802334]},"geometry_name":"geom","properties":{"id":572,"fid":572,"Tipo":"EMTP","Título":"ESCOLA MUNICIPAL","Nome":"CASTELO DE CASTRO","Seriação":"F-1,2,3,4,5","Faixa etária":"6 A 10 ANOS","Distrito":"1","Endereço":"RUA 43, 1531 (CONJUNTO DOS BANCÁRIOS)","Bairro":"VILA VELHA","Código do bairro":39,"CEP":"60348-340","Regional":"SER 1","INEP":23066628,"CODSGE":"125","6 mees":"NÃO","1 ano":"NÃO","2 anos":"NÃO","3 anos":"NÃO","4 anos":"NÃO","5 anos":"NÃO","6 anos":"SIM","7 anos":"SIM","8 anos":"SIM","9 anos":"SIM","10 anos":"SIM","11 anos":"NÃO","12 anos":"NÃO","13 anos":"NÃO","14 anos":"NÃO","Ano":"2023","Fonte":"Secretaria Municipal de Educação - SME","SRC da camada":"EPSG:4326 - WGS 84","Codificação":"UTF-8"}},{"type":"Feature","id":"vw_ParqueEscolarMunicipal_2023.fid-5656ca56_19a5f394e75_6af6","geometry":{"type":"Point","coordinates":[-38.5980841,-3.7159364]},"geometry_name":"geom","properties":{"id":573,"fid":573,"Tipo":"EMTP","Título":"ESCOLA MUNICIPAL","Nome":"HERONDINA LIMA CAVALCANTE","Seriação":"F-5,6,7,8,9","Faixa etária":"9 A 14 ANOS","Distrito":"1","Endereço":"AV. AMBIENTALISTA ARY THERS, 310","Bairro":"VILA VELHA","Código do bairro":39,"CEP":"60348-100","Regional":"SER 1","INEP":23234318,"CODSGE":"334","6 mees":"NÃO","1 ano":"NÃO","2 anos":"NÃO","3 anos":"NÃO","4 anos":"NÃO","5 anos":"NÃO","6 anos":"NÃO","7 anos":"NÃO","8 anos":"NÃO","9 anos":"NÃO","10 anos":"SIM","11 anos":"SIM","12 anos":"SIM","13 anos":"SIM","14 anos":"SIM","Ano":"2023","Fonte":"Secretaria Municipal de Educação - SME","SRC da camada":"EPSG:4326 - WGS 84","Codificação":"UTF-8"}},{"type":"Feature","id":"vw_ParqueEscolarMunicipal_2023.fid-5656ca56_19a5f394e75_6af7","geometry":{"type":"Point","coordinates":[-38.59206925,-3.71263366]},"geometry_name":"geom","properties":{"id":574,"fid":574,"Tipo":"EMTP","Título":"ESCOLA MUNICIPAL","Nome":"ANTÔNIO CORREIA LIMA","Seriação":"F-1,2,3,4,5,6,7,8,9","Faixa etária":"6 A 14 ANOS","Distrito":"1","Endereço":"RUA HERMES PARAÍBA, 934","Bairro":"VILA VELHA","Código do bairro":39,"CEP":"60347-155","Regional":"SER 1","INEP":23215267,"CODSGE":"226","6 mees":"NÃO","1 ano":"NÃO","2 anos":"NÃO","3 anos":"NÃO","4 anos":"NÃO","5 anos":"NÃO","6 anos":"SIM","7 anos":"SIM","8 anos":"SIM","9 anos":"SIM","10 anos":"SIM","11 anos":"SIM","12 anos":"SIM","13 anos":"SIM","14 anos":"SIM","Ano":"2023","Fonte":"Secretaria Municipal de Educação - SME","SRC da camada":"EPSG:4326 - WGS 84","Codificação":"UTF-8"}},{"type":"Feature","id":"vw_ParqueEscolarMunicipal_2023.fid-5656ca56_19a5f394e75_6af8","geometry":{"type":"Point","coordinates":[-38.58948054,-3.70465827]},"geometry_name":"geom","properties":{"id":575,"fid":575,"Tipo":"EMTP","Título":"ESCOLA MUNICIPAL","Nome":"DOM ANTÔNIO BATISTA DE FRAGOSO","Seriação":"F-6,7,8,9","Faixa etária":"11 A 14 ANOS","Distrito":"1","Endereço":"AV. FRANCISCO SÁ, 7945","Bairro":"BARRA DO CEARÁ","Código do bairro":6,"CEP":"60330-875","Regional":"SER 1","INEP":23255668,"CODSGE":"310","6 mees":"NÃO","1 ano":"NÃO","2 anos":"NÃO","3 anos":"NÃO","4 anos":"NÃO","5 anos":"NÃO","6 anos":"NÃO","7 anos":"NÃO","8 anos":"NÃO","9 anos":"NÃO","10 anos":"NÃO","11 anos":"SIM","12 anos":"SIM","13 anos":"SIM","14 anos":"SIM","Ano":"2023","Fonte":"Secretaria Municipal de Educação - SME","SRC da camada":"EPSG:4326 - WGS 84","Codificação":"UTF-8"}},{"type":"Feature","id":"vw_ParqueEscolarMunicipal_2023.fid-5656ca56_19a5f394e75_6af9","geometry":{"type":"Point","coordinates":[-38.57455662,-3.7068118]},"geometry_name":"geom","properties":{"id":576,"fid":576,"Tipo":"EMTP","Título":"ESCOLA MUNICIPAL","Nome":"FRANCISCO DOMINGOS DA SILVA","Seriação":"F-6,7,8,9","Faixa etária":"11 A 14 ANOS","Distrito":"1","Endereço":"AV. PRESIDENTE CASTELO BRANCO, 4707","Bairro":"BARRA DO CEARÁ","Código do bairro":6,"CEP":"60312-060","Regional":"SER 1","INEP":23070021,"CODSGE":"276","6 mees":"NÃO","1 ano":"NÃO","2 anos":"NÃO","3 anos":"NÃO","4 anos":"NÃO","5 anos":"NÃO","6 anos":"NÃO","7 anos":"NÃO","8 anos":"NÃO","9 anos":"NÃO","10 anos":"NÃO","11 anos":"SIM","12 anos":"SIM","13 anos":"SIM","14 anos":"SIM","Ano":"2023","Fonte":"Secretaria Municipal de Educação - SME","SRC da camada":"EPSG:4326 - WGS 84","Codificação":"UTF-8"}},{"type":"Feature","id":"vw_ParqueEscolarMunicipal_2023.fid-5656ca56_19a5f394e75_6afa","geometry":{"type":"Point","coordinates":[-38.57649333,-3.70494008]},"geometry_name":"geom","properties":{"id":577,"fid":577,"Tipo":"EMTP","Título":"ESCOLA MUNICIPAL","Nome":"RACHEL DE QUEIROZ","Seriação":"I-4,5/F-1,2,3,4,5","Faixa etária":"4 A 10 ANOS","Distrito":"1","Endereço":"AV. PRESIDENTE CASTELO BRANCO, 5010","Bairro":"BARRA DO CEARÁ","Código do bairro":6,"CEP":"60334-100","Regional":"SER 1","INEP":23255960,"CODSGE":"289","6 mees":"NÃO","1 ano":"NÃO","2 anos":"NÃO","3 anos":"NÃO","4 anos":"SIM","5 anos":"SIM","6 anos":"SIM","7 anos":"SIM","8 anos":"SIM","9 anos":"SIM","10 anos":"SIM","11 anos":"NÃO","12 anos":"NÃO","13 anos":"NÃO","14 anos":"NÃO","Ano":"2023","Fonte":"Secretaria Municipal de Educação - SME","SRC da camada":"EPSG:4326 - WGS 84","Codificação":"UTF-8"}},{"type":"Feature","id":"vw_ParqueEscolarMunicipal_2023.fid-5656ca56_19a5f394e75_6afb","geometry":{"type":"Point","coordinates":[-38.58040588,-3.70917193]},"geometry_name":"geom","properties":{"id":578,"fid":578,"Tipo":"EMTP","Título":"ESCOLA MUNICIPAL","Nome":"DOIS DE DEZEMBRO","Seriação":"I-5/F-1,2,3,4,5","Faixa etária":"5 A 10 ANOS","Distrito":"1","Endereço":"RUA ARAQUÉM, 860","Bairro":"BARRA DO CEARÁ","Código do bairro":6,"CEP":"60331-120","Regional":"SER 1","INEP":23271507,"CODSGE":"234","6 mees":"NÃO","1 ano":"NÃO","2 anos":"NÃO","3 anos":"NÃO","4 anos":"NÃO","5 anos":"SIM","6 anos":"SIM","7 anos":"SIM","8 anos":"SIM","9 anos":"SIM","10 anos":"SIM","11 anos":"NÃO","12 anos":"NÃO","13 anos":"NÃO","14 anos":"NÃO","Ano":"2023","Fonte":"Secretaria Municipal de Educação - SME","SRC da camada":"EPSG:4326 - WGS 84","Codificação":"UTF-8"}},{"type":"Feature","id":"vw_ParqueEscolarMunicipal_2023.fid-5656ca56_19a5f394e75_6afc","geometry":{"type":"Point","coordinates":[-38.58204178,-3.70938503]},"geometry_name":"geom","properties":{"id":579,"fid":579,"Tipo":"EMTP","Título":"ESCOLA MUNICIPAL","Nome":"CASIMIRO JOSÉ DE LIMA FILHO","Seriação":"I-4,5/F-1,2","Faixa etária":"4 A 7 ANOS","Distrito":"1","Endereço":"AV. FRANCISCO SÁ, 6449","Bairro":"BARRA DO CEARÁ","Código do bairro":6,"CEP":"60330-875","Regional":"SER 1","INEP":23066520,"CODSGE":"353","6 mees":"NÃO","1 ano":"NÃO","2 anos":"NÃO","3 anos":"NÃO","4 anos":"SIM","5 anos":"SIM","6 anos":"SIM","7 anos":"SIM","8 anos":"NÃO","9 anos":"NÃO","10 anos":"NÃO","11 anos":"NÃO","12 anos":"NÃO","13 anos":"NÃO","14 anos":"NÃO","Ano":"2023","Fonte":"Secretaria Municipal de Educação - SME","SRC da camada":"EPSG:4326 - WGS 84","Codificação":"UTF-8"}},{"type":"Feature","id":"vw_ParqueEscolarMunicipal_2023.fid-5656ca56_19a5f394e75_6afd","geometry":{"type":"Point","coordinates":[-38.58383951,-3.70821084]},"geometry_name":"geom","properties":{"id":580,"fid":580,"Tipo":"EMTP","Título":"ESCOLA MUNICIPAL","Nome":"REITOR PEDRO TEIXEIRA BARROSO","Seriação":"F-6,7,8,9","Faixa etária":"11 A 14 ANOS","Distrito":"1","Endereço":"AV. FLORÊNCIO DE ALENCAR, 900","Bairro":"BARRA DO CEARÁ","Código do bairro":6,"CEP":"60330-055","Regional":"SER 1","INEP":23263318,"CODSGE":"201","6 mees":"NÃO","1 ano":"NÃO","2 anos":"NÃO","3 anos":"NÃO","4 anos":"NÃO","5 anos":"NÃO","6 anos":"NÃO","7 anos":"NÃO","8 anos":"NÃO","9 anos":"NÃO","10 anos":"NÃO","11 anos":"SIM","12 anos":"SIM","13 anos":"SIM","14 anos":"SIM","Ano":"2023","Fonte":"Secretaria Municipal de Educação - SME","SRC da camada":"EPSG:4326 - WGS 84","Codificação":"UTF-8"}},{"type":"Feature","id":"vw_ParqueEscolarMunicipal_2023.fid-5656ca56_19a5f394e75_6afe","geometry":{"type":"Point","coordinates":[-38.58531156,-3.70647754]},"geometry_name":"geom","properties":{"id":581,"fid":581,"Tipo":"EMTI","Título":"ESCOLA MUNICIPAL DE TEMPO INTEGRAL","Nome":"ALDEMIR MARTINS","Seriação":"F-6,7,8,9","Faixa etária":"11 A 14 ANOS","Distrito":"1","Endereço":"AV. FRANCISCO SÁ, 7460","Bairro":"BARRA DO CEARÁ","Código do bairro":6,"CEP":"60330-878","Regional":"SER 1","INEP":23529989,"CODSGE":"300","6 mees":"NÃO","1 ano":"NÃO","2 anos":"NÃO","3 anos":"NÃO","4 anos":"NÃO","5 anos":"NÃO","6 anos":"NÃO","7 anos":"NÃO","8 anos":"NÃO","9 anos":"NÃO","10 anos":"NÃO","11 anos":"SIM","12 anos":"SIM","13 anos":"SIM","14 anos":"SIM","Ano":"2023","Fonte":"Secretaria Municipal de Educação - SME","SRC da camada":"EPSG:4326 - WGS 84","Codificação":"UTF-8"}},{"type":"Feature","id":"vw_ParqueEscolarMunicipal_2023.fid-5656ca56_19a5f394e75_6aff","geometry":{"type":"Point","coordinates":[-38.58979214,-3.70580073]},"geometry_name":"geom","properties":{"id":582,"fid":582,"Tipo":"EMTP","Título":"ESCOLA MUNICIPAL","Nome":"JADER DE FIGUEIREDO CORREIA","Seriação":"I-4,5/F-1,2,3,4,5","Faixa etária":"4 A 10 ANOS","Distrito":"1","Endereço":"RUA TOCANDIRA, 61","Bairro":"BARRA DO CEARÁ","Código do bairro":6,"CEP":"60330-155","Regional":"SER 1","INEP":23256036,"CODSGE":"284","6 mees":"NÃO","1 ano":"NÃO","2 anos":"NÃO","3 anos":"NÃO","4 anos":"SIM","5 anos":"SIM","6 anos":"SIM","7 anos":"SIM","8 anos":"SIM","9 anos":"SIM","10 anos":"SIM","11 anos":"NÃO","12 anos":"NÃO","13 anos":"NÃO","14 anos":"NÃO","Ano":"2023","Fonte":"Secretaria Municipal de Educação - SME","SRC da camada":"EPSG:4326 - WGS 84","Codificação":"UTF-8"}},{"type":"Feature","id":"vw_ParqueEscolarMunicipal_2023.fid-5656ca56_19a5f394e75_6b00","geometry":{"type":"Point","coordinates":[-38.5857898,-3.70049632]},"geometry_name":"geom","properties":{"id":583,"fid":583,"Tipo":"EMTP","Título":"ESCOLA MUNICIPAL","Nome":"AGOSTINHO MOREIRA E SILVA","Seriação":"I-5/F-1,2,3,4,5","Faixa etária":"5 A 10 ANOS","Distrito":"1","Endereço":"RUA PERI, 20","Bairro":"BARRA DO CEARÁ","Código do bairro":6,"CEP":"60331-270","Regional":"SER 1","INEP":23263296,"CODSGE":"232","6 mees":"NÃO","1 ano":"NÃO","2 anos":"NÃO","3 anos":"NÃO","4 anos":"NÃO","5 anos":"SIM","6 anos":"SIM","7 anos":"SIM","8 anos":"SIM","9 anos":"SIM","10 anos":"SIM","11 anos":"NÃO","12 anos":"NÃO","13 anos":"NÃO","14 anos":"NÃO","Ano":"2023","Fonte":"Secretaria Municipal de Educação - SME","SRC da camada":"EPSG:4326 - WGS 84","Codificação":"UTF-8"}},{"type":"Feature","id":"vw_ParqueEscolarMunicipal_2023.fid-5656ca56_19a5f394e75_6b01","geometry":{"type":"Point","coordinates":[-38.55950594,-3.72217381]},"geometry_name":"geom","properties":{"id":584,"fid":584,"Tipo":"CRP","Título":"CRECHE PARCEIRA","Nome":"FAVO DE MEL","Seriação":"I-1,2,3","Faixa etária":"1 A 3 ANOS","Distrito":"3","Endereço":"RUA DOUTOR ALMEIDA FILHO, 326","Bairro":"MONTE CASTELO","Código do bairro":25,"CEP":"60320-510","Regional":"SER 3","INEP":23280883,"CODSGE":"577","6 mees":"NÃO","1 ano":"SIM","2 anos":"SIM","3 anos":"SIM","4 anos":"NÃO","5 anos":"NÃO","6 anos":"NÃO","7 anos":"NÃO","8 anos":"NÃO","9 anos":"NÃO","10 anos":"NÃO","11 anos":"NÃO","12 anos":"NÃO","13 anos":"NÃO","14 anos":"NÃO","Ano":"2023","Fonte":"Secretaria Municipal de Educação - SME","SRC da camada":"EPSG:4326 - WGS 84","Codificação":"UTF-8"}},{"type":"Feature","id":"vw_ParqueEscolarMunicipal_2023.fid-5656ca56_19a5f394e75_6b02","geometry":{"type":"Point","coordinates":[-38.54248979,-3.72423239]},"geometry_name":"geom","properties":{"id":585,"fid":585,"Tipo":"CRP","Título":"CRECHE PARCEIRA","Nome":"AMADEU BARROS LEAL","Seriação":"I-1,2,3","Faixa etária":"1 A 3 ANOS","Distrito":"1","Endereço":"AV. FILOMENO GOMES, 110","Bairro":"JACARECANGA","Código do bairro":18,"CEP":"60010-280","Regional":"SER 1","INEP":23280247,"CODSGE":"533","6 mees":"NÃO","1 ano":"SIM","2 anos":"SIM","3 anos":"SIM","4 anos":"NÃO","5 anos":"NÃO","6 anos":"NÃO","7 anos":"NÃO","8 anos":"NÃO","9 anos":"NÃO","10 anos":"NÃO","11 anos":"NÃO","12 anos":"NÃO","13 anos":"NÃO","14 anos":"NÃO","Ano":"2023","Fonte":"Secretaria Municipal de Educação - SME","SRC da camada":"EPSG:4326 - WGS 84","Codificação":"UTF-8"}},{"type":"Feature","id":"vw_ParqueEscolarMunicipal_2023.fid-5656ca56_19a5f394e75_6b03","geometry":{"type":"Point","coordinates":[-38.57016195,-3.70339551]},"geometry_name":"geom","properties":{"id":586,"fid":586,"Tipo":"CRP","Título":"CRECHE PARCEIRA","Nome":"ARPOADOR","Seriação":"I-1,2,3","Faixa etária":"1 A 3 ANOS","Distrito":"1","Endereço":"RUA GRITO DE ALERTA, 136","Bairro":"BARRA DO CEARÁ","Código do bairro":6,"CEP":"60332-070","Regional":"SER 1","INEP":23280000,"CODSGE":"532","6 mees":"NÃO","1 ano":"SIM","2 anos":"SIM","3 anos":"SIM","4 anos":"NÃO","5 anos":"NÃO","6 anos":"NÃO","7 anos":"NÃO","8 anos":"NÃO","9 anos":"NÃO","10 anos":"NÃO","11 anos":"NÃO","12 anos":"NÃO","13 anos":"NÃO","14 anos":"NÃO","Ano":"2023","Fonte":"Secretaria Municipal de Educação - SME","SRC da camada":"EPSG:4326 - WGS 84","Codificação":"UTF-8"}},{"type":"Feature","id":"vw_ParqueEscolarMunicipal_2023.fid-5656ca56_19a5f394e75_6b04","geometry":{"type":"Point","coordinates":[-38.55932863,-3.72752366]},"geometry_name":"geom","properties":{"id":587,"fid":587,"Tipo":"CEI","Título":"CENTRO DE EDUCAÇÃO INFANTIL","Nome":"ROCHA LIMA","Seriação":"I-2,3,4","Faixa etária":"2 A 5 ANOS","Distrito":"3","Endereço":"RUA ERETIDES MARTINS, 977","Bairro":"SÃO GERARDO","Código do bairro":1,"CEP":"60320-350","Regional":"SER 3","INEP":23070870,"CODSGE":"485","6 mees":"NÃO","1 ano":"NÃO","2 anos":"SIM","3 anos":"SIM","4 anos":"SIM","5 anos":"SIM","6 anos":"NÃO","7 anos":"NÃO","8 anos":"NÃO","9 anos":"NÃO","10 anos":"NÃO","11 anos":"NÃO","12 anos":"NÃO","13 anos":"NÃO","14 anos":"NÃO","Ano":"2023","Fonte":"Secretaria Municipal de Educação - SME","SRC da camada":"EPSG:4326 - WGS 84","Codificação":"UTF-8"}},{"type":"Feature","id":"vw_ParqueEscolarMunicipal_2023.fid-5656ca56_19a5f394e75_6b05","geometry":{"type":"Point","coordinates":[-38.53512007,-3.71965958]},"geometry_name":"geom","properties":{"id":588,"fid":588,"Tipo":"CEI","Título":"CENTRO DE EDUCAÇÃO INFANTIL","Nome":"MOURA BRASIL","Seriação":"I-1,2,3","Faixa etária":"1 A 5 ANOS","Distrito":"1","Endereço":"RUA ADARIAS DE LIMA, 378","Bairro":"MOURA BRASIL","Código do bairro":5,"CEP":"60010-130","Regional":"SER 12","INEP":23074876,"CODSGE":"371","6 mees":"NÃO","1 ano":"SIM","2 anos":"SIM","3 anos":"SIM","4 anos":"SIM","5 anos":"SIM","6 anos":"NÃO","7 anos":"NÃO","8 anos":"NÃO","9 anos":"NÃO","10 anos":"NÃO","11 anos":"NÃO","12 anos":"NÃO","13 anos":"NÃO","14 anos":"NÃO","Ano":"2023","Fonte":"Secretaria Municipal de Educação - SME","SRC da camada":"EPSG:4326 - WGS 84","Codificação":"UTF-8"}},{"type":"Feature","id":"vw_ParqueEscolarMunicipal_2023.fid-5656ca56_19a5f394e75_6b06","geometry":{"type":"Point","coordinates":[-38.54702042,-3.71898608]},"geometry_name":"geom","properties":{"id":589,"fid":589,"Tipo":"CEI","Título":"CENTRO DE EDUCAÇÃO INFANTIL","Nome":"SECRETÁRIO PAULO PETROLA","Seriação":"I-1,2,3","Faixa etária":"1 A 3 ANOS","Distrito":"1","Endereço":"RUA JACINTO DE MATOS, 906","Bairro":"JACARECANGA","Código do bairro":18,"CEP":"60310-210","Regional":"SER 1","INEP":23547987,"CODSGE":"481","6 mees":"NÃO","1 ano":"SIM","2 anos":"SIM","3 anos":"SIM","4 anos":"NÃO","5 anos":"NÃO","6 anos":"NÃO","7 anos":"NÃO","8 anos":"NÃO","9 anos":"NÃO","10 anos":"NÃO","11 anos":"NÃO","12 anos":"NÃO","13 anos":"NÃO","14 anos":"NÃO","Ano":"2023","Fonte":"Secretaria Municipal de Educação - SME","SRC da camada":"EPSG:4326 - WGS 84","Codificação":"UTF-8"}},{"type":"Feature","id":"vw_ParqueEscolarMunicipal_2023.fid-5656ca56_19a5f394e75_6b07","geometry":{"type":"Point","coordinates":[-38.5572392,-3.72270679]},"geometry_name":"geom","properties":{"id":590,"fid":590,"Tipo":"CEI","Título":"CENTRO DE EDUCAÇÃO INFANTIL","Nome":"PROFESSOR MARTINZ DE AGUIAR","Seriação":"I-3,4,5","Faixa etária":"3 A 5 ANOS","Distrito":"3","Endereço":"RUA BERNARDO PORTO, 490","Bairro":"MONTE CASTELO","Código do bairro":25,"CEP":"60320-570","Regional":"SER 3","INEP":23074140,"CODSGE":"445","6 mees":"NÃO","1 ano":"NÃO","2 anos":"NÃO","3 anos":"SIM","4 anos":"SIM","5 anos":"SIM","6 anos":"NÃO","7 anos":"NÃO","8 anos":"NÃO","9 anos":"NÃO","10 anos":"NÃO","11 anos":"NÃO","12 anos":"NÃO","13 anos":"NÃO","14 anos":"NÃO","Ano":"2023","Fonte":"Secretaria Municipal de Educação - SME","SRC da camada":"EPSG:4326 - WGS 84","Codificação":"UTF-8"}},{"type":"Feature","id":"vw_ParqueEscolarMunicipal_2023.fid-5656ca56_19a5f394e75_6b08","geometry":{"type":"Point","coordinates":[-38.55449731,-3.71338581]},"geometry_name":"geom","properties":{"id":591,"fid":591,"Tipo":"CEI","Título":"CENTRO DE EDUCAÇÃO INFANTIL","Nome":"TERTULIANO CAMBRAIA","Seriação":"I-2,3","Faixa etária":"2 E 3 ANOS","Distrito":"1","Endereço":"RUA MONSENHOR ROSA, 947","Bairro":"CARLITO PAMPLONA","Código do bairro":9,"CEP":"60310-440","Regional":"SER 1","INEP":23311614,"CODSGE":"499","6 mees":"NÃO","1 ano":"NÃO","2 anos":"SIM","3 anos":"SIM","4 anos":"NÃO","5 anos":"NÃO","6 anos":"NÃO","7 anos":"NÃO","8 anos":"NÃO","9 anos":"NÃO","10 anos":"NÃO","11 anos":"NÃO","12 anos":"NÃO","13 anos":"NÃO","14 anos":"NÃO","Ano":"2023","Fonte":"Secretaria Municipal de Educação - SME","SRC da camada":"EPSG:4326 - WGS 84","Codificação":"UTF-8"}},{"type":"Feature","id":"vw_ParqueEscolarMunicipal_2023.fid-5656ca56_19a5f394e75_6b09","geometry":{"type":"Point","coordinates":[-38.56357319,-3.7054101]},"geometry_name":"geom","properties":{"id":592,"fid":592,"Tipo":"CEI","Título":"CENTRO DE EDUCAÇÃO INFANTIL","Nome":"VIRGÍLIO TÁVORA","Seriação":"I-1,2,3","Faixa etária":"1 A 3 ANOS","Distrito":"1","Endereço":"AV. MONSENHOR HÉLIO CAMPOS, S/N","Bairro":"CRISTO REDENTOR","Código do bairro":12,"CEP":"60336-800","Regional":"SER 1","INEP":23256044,"CODSGE":"412","6 mees":"NÃO","1 ano":"SIM","2 anos":"SIM","3 anos":"SIM","4 anos":"NÃO","5 anos":"NÃO","6 anos":"NÃO","7 anos":"NÃO","8 anos":"NÃO","9 anos":"NÃO","10 anos":"NÃO","11 anos":"NÃO","12 anos":"NÃO","13 anos":"NÃO","14 anos":"NÃO","Ano":"2023","Fonte":"Secretaria Municipal de Educação - SME","SRC da camada":"EPSG:4326 - WGS 84","Codificação":"UTF-8"}},{"type":"Feature","id":"vw_ParqueEscolarMunicipal_2023.fid-5656ca56_19a5f394e75_6b0a","geometry":{"type":"Point","coordinates":[-38.56749444,-3.71085022]},"geometry_name":"geom","properties":{"id":593,"fid":593,"Tipo":"CEI","Título":"CENTRO DE EDUCAÇÃO INFANTIL","Nome":"ALDEÍDES RÉGIS","Seriação":"I-1,2,3","Faixa etária":"1 A 3 ANOS","Distrito":"1","Endereço":"RUA IRINEU DE SOUSA, 188","Bairro":"CRISTO REDENTOR","Código do bairro":12,"CEP":"60337-180","Regional":"SER 1","INEP":23264144,"CODSGE":"451","6 mees":"NÃO","1 ano":"SIM","2 anos":"SIM","3 anos":"SIM","4 anos":"NÃO","5 anos":"NÃO","6 anos":"NÃO","7 anos":"NÃO","8 anos":"NÃO","9 anos":"NÃO","10 anos":"NÃO","11 anos":"NÃO","12 anos":"NÃO","13 anos":"NÃO","14 anos":"NÃO","Ano":"2023","Fonte":"Secretaria Municipal de Educação - SME","SRC da camada":"EPSG:4326 - WGS 84","Codificação":"UTF-8"}},{"type":"Feature","id":"vw_ParqueEscolarMunicipal_2023.fid-5656ca56_19a5f394e75_6b0b","geometry":{"type":"Point","coordinates":[-38.5729907,-3.72535647]},"geometry_name":"geom","properties":{"id":594,"fid":594,"Tipo":"CEI","Título":"CENTRO DE EDUCAÇÃO INFANTIL","Nome":"DOM HELDER CÂMARA","Seriação":"I-1,2,3","Faixa etária":"1 A 4 ANOS","Distrito":"1","Endereço":"RUA FREI ODILON, 623","Bairro":"FLORESTA","Código do bairro":17,"CEP":"60336-190","Regional":"SER 1","INEP":23234300,"CODSGE":"441","6 mees":"NÃO","1 ano":"SIM","2 anos":"SIM","3 anos":"SIM","4 anos":"SIM","5 anos":"NÃO","6 anos":"NÃO","7 anos":"NÃO","8 anos":"NÃO","9 anos":"NÃO","10 anos":"NÃO","11 anos":"NÃO","12 anos":"NÃO","13 anos":"NÃO","14 anos":"NÃO","Ano":"2023","Fonte":"Secretaria Municipal de Educação - SME","SRC da camada":"EPSG:4326 - WGS 84","Codificação":"UTF-8"}},{"type":"Feature","id":"vw_ParqueEscolarMunicipal_2023.fid-5656ca56_19a5f394e75_6b0c","geometry":{"type":"Point","coordinates":[-38.57018299,-3.72311019]},"geometry_name":"geom","properties":{"id":595,"fid":595,"Tipo":"CEI","Título":"CENTRO DE EDUCAÇÃO INFANTIL","Nome":"MARIA ROSELI LIMA MESQUITA","Seriação":"I-1,2,3","Faixa etária":"1 A 5 ANOS","Distrito":"1","Endereço":"RUA LUIZ GUIMARÃES, 261","Bairro":"FLORESTA","Código do bairro":17,"CEP":"60336-305","Regional":"SER 1","INEP":23190787,"CODSGE":"482","6 mees":"NÃO","1 ano":"SIM","2 anos":"SIM","3 anos":"SIM","4 anos":"SIM","5 anos":"SIM","6 anos":"NÃO","7 anos":"NÃO","8 anos":"NÃO","9 anos":"NÃO","10 anos":"NÃO","11 anos":"NÃO","12 anos":"NÃO","13 anos":"NÃO","14 anos":"NÃO","Ano":"2023","Fonte":"Secretaria Municipal de Educação - SME","SRC da camada":"EPSG:4326 - WGS 84","Codificação":"UTF-8"}},{"type":"Feature","id":"vw_ParqueEscolarMunicipal_2023.fid-5656ca56_19a5f394e75_6b0d","geometry":{"type":"Point","coordinates":[-38.58344266,-3.72224393]},"geometry_name":"geom","properties":{"id":596,"fid":596,"Tipo":"CEI","Título":"CENTRO DE EDUCAÇÃO INFANTIL","Nome":"JESUS CRISTO","Seriação":"I-1,2,3","Faixa etária":"1 A 5 ANOS","Distrito":"1","Endereço":"RUA ALBERTO FERREIRA, 564","Bairro":"JARDIM IRACEMA","Código do bairro":21,"CEP":"60341-140","Regional":"SER 1","INEP":23255749,"CODSGE":"429","6 mees":"NÃO","1 ano":"SIM","2 anos":"SIM","3 anos":"SIM","4 anos":"SIM","5 anos":"SIM","6 anos":"NÃO","7 anos":"NÃO","8 anos":"NÃO","9 anos":"NÃO","10 anos":"NÃO","11 anos":"NÃO","12 anos":"NÃO","13 anos":"NÃO","14 anos":"NÃO","Ano":"2023","Fonte":"Secretaria Municipal de Educação - SME","SRC da camada":"EPSG:4326 - WGS 84","Codificação":"UTF-8"}},{"type":"Feature","id":"vw_ParqueEscolarMunicipal_2023.fid-5656ca56_19a5f394e75_6b0e","geometry":{"type":"Point","coordinates":[-38.59144804,-3.72197972]},"geometry_name":"geom","properties":{"id":597,"fid":598,"Tipo":"CEI","Título":"CENTRO DE EDUCAÇÃO INFANTIL","Nome":"PROFESSOR JOSÉ REBOUÇAS MACAMBIRA","Seriação":"I-3,4,5","Faixa etária":"3 A 5 ANOS","Distrito":"1","Endereço":"RUA CARIÚS, 200","Bairro":"JARDIM GUANABARA","Código do bairro":20,"CEP":"60346-271","Regional":"SER 1","INEP":23072520,"CODSGE":"444","6 mees":"NÃO","1 ano":"NÃO","2 anos":"NÃO","3 anos":"SIM","4 anos":"SIM","5 anos":"SIM","6 anos":"NÃO","7 anos":"NÃO","8 anos":"NÃO","9 anos":"NÃO","10 anos":"NÃO","11 anos":"NÃO","12 anos":"NÃO","13 anos":"NÃO","14 anos":"NÃO","Ano":"2023","Fonte":"Secretaria Municipal de Educação - SME","SRC da camada":"EPSG:4326 - WGS 84","Codificação":"UTF-8"}},{"type":"Feature","id":"vw_ParqueEscolarMunicipal_2023.fid-5656ca56_19a5f394e75_6b0f","geometry":{"type":"Point","coordinates":[-38.60629749,-3.72000832]},"geometry_name":"geom","properties":{"id":598,"fid":599,"Tipo":"CEI","Título":"CENTRO DE EDUCAÇÃO INFANTIL","Nome":"MARIA MARIZA MENDES DE CARVALHO","Seriação":"I-2,3,4","Faixa etária":"1 A 5 ANOS","Distrito":"1","Endereço":"RUA RAIMUNDO CUNHA, 1174","Bairro":"VILA VELHA","Código do bairro":39,"CEP":"60345-151","Regional":"SER 1","INEP":23257881,"CODSGE":"456","6 mees":"NÃO","1 ano":"NÃO","2 anos":"SIM","3 anos":"SIM","4 anos":"SIM","5 anos":"NÃO","6 anos":"NÃO","7 anos":"NÃO","8 anos":"NÃO","9 anos":"NÃO","10 anos":"NÃO","11 anos":"NÃO","12 anos":"NÃO","13 anos":"NÃO","14 anos":"NÃO","Ano":"2023","Fonte":"Secretaria Municipal de Educação - SME","SRC da camada":"EPSG:4326 - WGS 84","Codificação":"UTF-8"}},{"type":"Feature","id":"vw_ParqueEscolarMunicipal_2023.fid-5656ca56_19a5f394e75_6b10","geometry":{"type":"Point","coordinates":[-38.60008921,-3.71136758]},"geometry_name":"geom","properties":{"id":599,"fid":600,"Tipo":"CEI","Título":"CENTRO DE EDUCAÇÃO INFANTIL","Nome":"MÁRIO QUINTANA","Seriação":"I-1,2,3","Faixa etária":"1 A 5 ANOS","Distrito":"1","Endereço":"RUA TETA, 900","Bairro":"VILA VELHA","Código do bairro":39,"CEP":"60349-350","Regional":"SER 1","INEP":23066628,"CODSGE":"387","6 mees":"NÃO","1 ano":"SIM","2 anos":"SIM","3 anos":"SIM","4 anos":"SIM","5 anos":"SIM","6 anos":"NÃO","7 anos":"NÃO","8 anos":"NÃO","9 anos":"NÃO","10 anos":"NÃO","11 anos":"NÃO","12 anos":"NÃO","13 anos":"NÃO","14 anos":"NÃO","Ano":"2023","Fonte":"Secretaria Municipal de Educação - SME","SRC da camada":"EPSG:4326 - WGS 84","Codificação":"UTF-8"}},{"type":"Feature","id":"vw_ParqueEscolarMunicipal_2023.fid-5656ca56_19a5f394e75_6b11","geometry":{"type":"Point","coordinates":[-38.58080841,-3.70908088]},"geometry_name":"geom","properties":{"id":600,"fid":601,"Tipo":"CEI","Título":"CENTRO DE EDUCAÇÃO INFANTIL","Nome":"DOIS DE DEZEMBRO","Seriação":"I-2,3,4","Faixa etária":"1 A 5 ANOS","Distrito":"1","Endereço":"RUA ARAQUÉM, 860","Bairro":"BARRA DO CEARÁ","Código do bairro":6,"CEP":"60331-120","Regional":"SER 1","INEP":23271507,"CODSGE":"399","6 mees":"NÃO","1 ano":"NÃO","2 anos":"SIM","3 anos":"SIM","4 anos":"SIM","5 anos":"NÃO","6 anos":"NÃO","7 anos":"NÃO","8 anos":"NÃO","9 anos":"NÃO","10 anos":"NÃO","11 anos":"NÃO","12 anos":"NÃO","13 anos":"NÃO","14 anos":"NÃO","Ano":"2023","Fonte":"Secretaria Municipal de Educação - SME","SRC da camada":"EPSG:4326 - WGS 84","Codificação":"UTF-8"}},{"type":"Feature","id":"vw_ParqueEscolarMunicipal_2023.fid-5656ca56_19a5f394e75_6b12","geometry":{"type":"Point","coordinates":[-38.58229122,-3.70953825]},"geometry_name":"geom","properties":{"id":601,"fid":602,"Tipo":"CEI","Título":"CENTRO DE EDUCAÇÃO INFANTIL","Nome":"CASIMIRO JOSÉ DE LIMA FILHO","Seriação":"I-2,3","Faixa etária":"2 E 3 ANOS","Distrito":"1","Endereço":"AV. FRANCISCO SÁ, 6449","Bairro":"BARRA DO CEARÁ","Código do bairro":6,"CEP":"60330-878","Regional":"SER 1","INEP":23066520,"CODSGE":"427","6 mees":"NÃO","1 ano":"NÃO","2 anos":"SIM","3 anos":"SIM","4 anos":"NÃO","5 anos":"NÃO","6 anos":"NÃO","7 anos":"NÃO","8 anos":"NÃO","9 anos":"NÃO","10 anos":"NÃO","11 anos":"NÃO","12 anos":"NÃO","13 anos":"NÃO","14 anos":"NÃO","Ano":"2023","Fonte":"Secretaria Municipal de Educação - SME","SRC da camada":"EPSG:4326 - WGS 84","Codificação":"UTF-8"}},{"type":"Feature","id":"vw_ParqueEscolarMunicipal_2023.fid-5656ca56_19a5f394e75_6b13","geometry":{"type":"Point","coordinates":[-38.58559868,-3.70071209]},"geometry_name":"geom","properties":{"id":602,"fid":603,"Tipo":"CEI","Título":"CENTRO DE EDUCAÇÃO INFANTIL","Nome":"AGOSTINHO MOREIRA E SILVA","Seriação":"I-3,4,5","Faixa etária":"2 A 5 ANOS","Distrito":"1","Endereço":"RUA PERI, 20","Bairro":"BARRA DO CEARÁ","Código do bairro":6,"CEP":"60331-270","Regional":"SER 1","INEP":23263296,"CODSGE":"400","6 mees":"NÃO","1 ano":"NÃO","2 anos":"NÃO","3 anos":"SIM","4 anos":"SIM","5 anos":"SIM","6 anos":"NÃO","7 anos":"NÃO","8 anos":"NÃO","9 anos":"NÃO","10 anos":"NÃO","11 anos":"NÃO","12 anos":"NÃO","13 anos":"NÃO","14 anos":"NÃO","Ano":"2023","Fonte":"Secretaria Municipal de Educação - SME","SRC da camada":"EPSG:4326 - WGS 84","Codificação":"UTF-8"}},{"type":"Feature","id":"vw_ParqueEscolarMunicipal_2023.fid-5656ca56_19a5f394e75_6b14","geometry":{"type":"Point","coordinates":[-38.558593,-3.70917869]},"geometry_name":"geom","properties":{"id":603,"fid":604,"Tipo":"EMTP","Título":"ESCOLA MUNICIPAL","Nome":"CRISTO REDENTOR","Seriação":"F-6,7,8,9","Faixa etária":"11 A 14 ANOS","Distrito":"1","Endereço":"AV. PASTEUR, 372","Bairro":"CRISTO REDENTOR","Código do bairro":12,"CEP":"60335-000","Regional":"SER 1","INEP":23067691,"CODSGE":"107","6 mees":"NÃO","1 ano":"NÃO","2 anos":"NÃO","3 anos":"NÃO","4 anos":"NÃO","5 anos":"NÃO","6 anos":"NÃO","7 anos":"NÃO","8 anos":"NÃO","9 anos":"NÃO","10 anos":"NÃO","11 anos":"SIM","12 anos":"SIM","13 anos":"SIM","14 anos":"SIM","Ano":"2023","Fonte":"Secretaria Municipal de Educação - SME","SRC da camada":"EPSG:4326 - WGS 84","Codificação":"UTF-8"}},{"type":"Feature","id":"vw_ParqueEscolarMunicipal_2023.fid-5656ca56_19a5f394e75_6b15","geometry":{"type":"Point","coordinates":[-38.56146981,-3.72319102]},"geometry_name":"geom","properties":{"id":604,"fid":605,"Tipo":"EMTP","Título":"ESCOLA MUNICIPAL","Nome":"HONÓRIO BEZERRA","Seriação":"F-1,2,3,4,5","Faixa etária":"6 A 10 ANOS","Distrito":"3","Endereço":"RUA CAPITÃO NESTOR GÓIS, 400","Bairro":"ELLERY","Código do bairro":38,"CEP":"60320-380","Regional":"SER 3","INEP":23069538,"CODSGE":"488","6 mees":"NÃO","1 ano":"NÃO","2 anos":"NÃO","3 anos":"NÃO","4 anos":"NÃO","5 anos":"NÃO","6 anos":"SIM","7 anos":"SIM","8 anos":"SIM","9 anos":"SIM","10 anos":"SIM","11 anos":"NÃO","12 anos":"NÃO","13 anos":"NÃO","14 anos":"NÃO","Ano":"2023","Fonte":"Secretaria Municipal de Educação - SME","SRC da camada":"EPSG:4326 - WGS 84","Codificação":"UTF-8"}},{"type":"Feature","id":"vw_ParqueEscolarMunicipal_2023.fid-5656ca56_19a5f394e75_6b16","geometry":{"type":"Point","coordinates":[-38.56318547,-3.70796608]},"geometry_name":"geom","properties":{"id":605,"fid":606,"Tipo":"EMTP","Título":"ESCOLA MUNICIPAL","Nome":"SEBASTIANA ALDIGUERI","Seriação":"F-6,7,8,9","Faixa etária":"11 A 14 ANOS","Distrito":"1","Endereço":"RUA DR. THEMBERG, 448","Bairro":"CRISTO REDENTOR","Código do bairro":12,"CEP":"60335-480","Regional":"SER 1","INEP":23077450,"CODSGE":"106","6 mees":"NÃO","1 ano":"NÃO","2 anos":"NÃO","3 anos":"NÃO","4 anos":"NÃO","5 anos":"NÃO","6 anos":"NÃO","7 anos":"NÃO","8 anos":"NÃO","9 anos":"NÃO","10 anos":"NÃO","11 anos":"SIM","12 anos":"SIM","13 anos":"SIM","14 anos":"SIM","Ano":"2023","Fonte":"Secretaria Municipal de Educação - SME","SRC da camada":"EPSG:4326 - WGS 84","Codificação":"UTF-8"}},{"type":"Feature","id":"vw_ParqueEscolarMunicipal_2023.fid-5656ca56_19a5f394e75_6b17","geometry":{"type":"Point","coordinates":[-38.55791282,-3.73260847]},"geometry_name":"geom","properties":{"id":606,"fid":607,"Tipo":"EMTP","Título":"ESCOLA MUNICIPAL","Nome":"GUSTAVO BARROSO","Seriação":"F-1,2,3,4,5,6,7,8,9","Faixa etária":"6 A 14 ANOS","Distrito":"3","Endereço":"RUA ERETIDES MARTINS, 26","Bairro":"SÃO GERARDO","Código do bairro":1,"CEP":"60320-350","Regional":"SER 3","INEP":23070870,"CODSGE":"134","6 mees":"NÃO","1 ano":"NÃO","2 anos":"NÃO","3 anos":"NÃO","4 anos":"NÃO","5 anos":"NÃO","6 anos":"SIM","7 anos":"SIM","8 anos":"SIM","9 anos":"SIM","10 anos":"SIM","11 anos":"SIM","12 anos":"SIM","13 anos":"SIM","14 anos":"SIM","Ano":"2023","Fonte":"Secretaria Municipal de Educação - SME","SRC da camada":"EPSG:4326 - WGS 84","Codificação":"UTF-8"}},{"type":"Feature","id":"vw_ParqueEscolarMunicipal_2023.fid-5656ca56_19a5f394e75_6b18","geometry":{"type":"Point","coordinates":[-38.54122664,-3.73204713]},"geometry_name":"geom","properties":{"id":607,"fid":608,"Tipo":"EMTP","Título":"ESCOLA MUNICIPAL","Nome":"FREI LAURO SCHWARTE","Seriação":"F-2,3,4,5,6,7,8,9","Faixa etária":"7 A 14 ANOS","Distrito":"3","Endereço":"RUA ANTONIO POMPEU, 2005","Bairro":"FARIAS BRITO","Código do bairro":15,"CEP":"60015-107","Regional":"SER 3","INEP":23068892,"CODSGE":"100","6 mees":"NÃO","1 ano":"NÃO","2 anos":"NÃO","3 anos":"NÃO","4 anos":"NÃO","5 anos":"NÃO","6 anos":"NÃO","7 anos":"SIM","8 anos":"SIM","9 anos":"SIM","10 anos":"SIM","11 anos":"SIM","12 anos":"SIM","13 anos":"SIM","14 anos":"SIM","Ano":"2023","Fonte":"Secretaria Municipal de Educação - SME","SRC da camada":"EPSG:4326 - WGS 84","Codificação":"UTF-8"}},{"type":"Feature","id":"vw_ParqueEscolarMunicipal_2023.fid-5656ca56_19a5f394e75_6b19","geometry":{"type":"Point","coordinates":[-38.5351464,-3.71850039]},"geometry_name":"geom","properties":{"id":608,"fid":609,"Tipo":"EMTP","Título":"ESCOLA MUNICIPAL","Nome":"MOURA BRASIL","Seriação":"F-1,2,3,4,5,6,7,8,9","Faixa etária":"6 A 14 ANOS","Distrito":"1","Endereço":"RUA PADRE MORORÓ, 189","Bairro":"MOURA BRASIL","Código do bairro":5,"CEP":"60010-100","Regional":"SER 12","INEP":23074876,"CODSGE":"162","6 mees":"NÃO","1 ano":"NÃO","2 anos":"NÃO","3 anos":"NÃO","4 anos":"NÃO","5 anos":"NÃO","6 anos":"SIM","7 anos":"SIM","8 anos":"SIM","9 anos":"SIM","10 anos":"SIM","11 anos":"SIM","12 anos":"SIM","13 anos":"SIM","14 anos":"SIM","Ano":"2023","Fonte":"Secretaria Municipal de Educação - SME","SRC da camada":"EPSG:4326 - WGS 84","Codificação":"UTF-8"}},{"type":"Feature","id":"vw_ParqueEscolarMunicipal_2023.fid-5656ca56_19a5f394e75_6b1a","geometry":{"type":"Point","coordinates":[-38.54454513,-3.72472966]},"geometry_name":"geom","properties":{"id":609,"fid":610,"Tipo":"EMTP","Título":"ESCOLA MUNICIPAL","Nome":"SECRETÁRIO PAULO PETROLA","Seriação":"F-4,5,6,7,8,9","Faixa etária":"9 A 14 ANOS","Distrito":"1","Endereço":"RUA MONSENHOR CARNEIRO DA CUNHA, 415","Bairro":"JACARECANGA","Código do bairro":18,"CEP":"60010-470","Regional":"SER 1","INEP":23547987,"CODSGE":"99","6 mees":"NÃO","1 ano":"NÃO","2 anos":"NÃO","3 anos":"NÃO","4 anos":"NÃO","5 anos":"NÃO","6 anos":"NÃO","7 anos":"NÃO","8 anos":"NÃO","9 anos":"SIM","10 anos":"SIM","11 anos":"SIM","12 anos":"SIM","13 anos":"SIM","14 anos":"SIM","Ano":"2023","Fonte":"Secretaria Municipal de Educação - SME","SRC da camada":"EPSG:4326 - WGS 84","Codificação":"UTF-8"}},{"type":"Feature","id":"vw_ParqueEscolarMunicipal_2023.fid-5656ca56_19a5f394e75_6b1b","geometry":{"type":"Point","coordinates":[-38.54619679,-3.72614439]},"geometry_name":"geom","properties":{"id":610,"fid":611,"Tipo":"EMTP","Título":"ESCOLA MUNICIPAL","Nome":"LENIRA JUREMA DE MAGALHÃES","Seriação":"I-4,5/F-1,2,3","Faixa etária":"4 A 8 ANOS","Distrito":"3","Endereço":"RUA TEÓFILO GURGEL, 111","Bairro":"MONTE CASTELO","Código do bairro":25,"CEP":"60325-250","Regional":"SER 3","INEP":23263334,"CODSGE":"140","6 mees":"NÃO","1 ano":"NÃO","2 anos":"NÃO","3 anos":"NÃO","4 anos":"SIM","5 anos":"SIM","6 anos":"SIM","7 anos":"SIM","8 anos":"SIM","9 anos":"NÃO","10 anos":"NÃO","11 anos":"NÃO","12 anos":"NÃO","13 anos":"NÃO","14 anos":"NÃO","Ano":"2023","Fonte":"Secretaria Municipal de Educação - SME","SRC da camada":"EPSG:4326 - WGS 84","Codificação":"UTF-8"}},{"type":"Feature","id":"vw_ParqueEscolarMunicipal_2023.fid-5656ca56_19a5f394e75_6b1c","geometry":{"type":"Point","coordinates":[-38.55413904,-3.72413441]},"geometry_name":"geom","properties":{"id":611,"fid":612,"Tipo":"EMTP","Título":"ESCOLA MUNICIPAL","Nome":"FAUSTINO DE ALBUQUERQUE","Seriação":"I-4,5/F-1,2,3,4,5","Faixa etária":"4 A 10 ANOS","Distrito":"3","Endereço":"RUA AMARO CAVALCANTE, 221","Bairro":"MONTE CASTELO","Código do bairro":25,"CEP":"60326-130","Regional":"SER 3","INEP":23069937,"CODSGE":"187","6 mees":"NÃO","1 ano":"NÃO","2 anos":"NÃO","3 anos":"NÃO","4 anos":"SIM","5 anos":"SIM","6 anos":"SIM","7 anos":"SIM","8 anos":"SIM","9 anos":"SIM","10 anos":"SIM","11 anos":"NÃO","12 anos":"NÃO","13 anos":"NÃO","14 anos":"NÃO","Ano":"2023","Fonte":"Secretaria Municipal de Educação - SME","SRC da camada":"EPSG:4326 - WGS 84","Codificação":"UTF-8"}},{"type":"Feature","id":"vw_ParqueEscolarMunicipal_2023.fid-5656ca56_19a5f394e75_6b1d","geometry":{"type":"Point","coordinates":[-38.55738941,-3.72218387]},"geometry_name":"geom","properties":{"id":612,"fid":613,"Tipo":"EMTP","Título":"ESCOLA MUNICIPAL","Nome":"PROFESSOR MARTINZ DE AGUIAR","Seriação":"F-6,7,8,9","Faixa etária":"11 A 14 ANOS","Distrito":"3","Endereço":"RUA BERNARDO PORTO, 470","Bairro":"MONTE CASTELO","Código do bairro":25,"CEP":"60320-570","Regional":"SER 3","INEP":23074140,"CODSGE":"330","6 mees":"NÃO","1 ano":"NÃO","2 anos":"NÃO","3 anos":"NÃO","4 anos":"NÃO","5 anos":"NÃO","6 anos":"NÃO","7 anos":"NÃO","8 anos":"NÃO","9 anos":"NÃO","10 anos":"NÃO","11 anos":"SIM","12 anos":"SIM","13 anos":"SIM","14 anos":"SIM","Ano":"2023","Fonte":"Secretaria Municipal de Educação - SME","SRC da camada":"EPSG:4326 - WGS 84","Codificação":"UTF-8"}},{"type":"Feature","id":"vw_ParqueEscolarMunicipal_2023.fid-5656ca56_19a5f394e75_6b1e","geometry":{"type":"Point","coordinates":[-38.55503728,-3.71307735]},"geometry_name":"geom","properties":{"id":613,"fid":614,"Tipo":"EMTP","Título":"ESCOLA MUNICIPAL","Nome":"TERTULIANO CAMBRAIA","Seriação":"I-4,5/F-1,2","Faixa etária":"4 A 7 ANOS","Distrito":"1","Endereço":"RUA MONSENHOR ROSA, 947","Bairro":"CARLITO PAMPLONA","Código do bairro":9,"CEP":"60310-440","Regional":"SER 1","INEP":23311614,"CODSGE":"292","6 mees":"NÃO","1 ano":"NÃO","2 anos":"NÃO","3 anos":"NÃO","4 anos":"SIM","5 anos":"SIM","6 anos":"SIM","7 anos":"SIM","8 anos":"NÃO","9 anos":"NÃO","10 anos":"NÃO","11 anos":"NÃO","12 anos":"NÃO","13 anos":"NÃO","14 anos":"NÃO","Ano":"2023","Fonte":"Secretaria Municipal de Educação - SME","SRC da camada":"EPSG:4326 - WGS 84","Codificação":"UTF-8"}},{"type":"Feature","id":"vw_ParqueEscolarMunicipal_2023.fid-5656ca56_19a5f394e75_6b1f","geometry":{"type":"Point","coordinates":[-38.55556461,-3.71213548]},"geometry_name":"geom","properties":{"id":614,"fid":615,"Tipo":"EMTP","Título":"ESCOLA MUNICIPAL","Nome":"HILBERTO SILVA","Seriação":"F-1,2,3,4,5","Faixa etária":"6 A 10 ANOS","Distrito":"1","Endereço":"AV. PRESIDENTE CASTELO BRANCO, 2973","Bairro":"CARLITO PAMPLONA","Código do bairro":9,"CEP":"60312-060","Regional":"SER 1","INEP":23071028,"CODSGE":"188","6 mees":"NÃO","1 ano":"NÃO","2 anos":"NÃO","3 anos":"NÃO","4 anos":"NÃO","5 anos":"NÃO","6 anos":"SIM","7 anos":"SIM","8 anos":"SIM","9 anos":"SIM","10 anos":"SIM","11 anos":"NÃO","12 anos":"NÃO","13 anos":"NÃO","14 anos":"NÃO","Ano":"2023","Fonte":"Secretaria Municipal de Educação - SME","SRC da camada":"EPSG:4326 - WGS 84","Codificação":"UTF-8"}},{"type":"Feature","id":"vw_ParqueEscolarMunicipal_2023.fid-5656ca56_19a5f394e75_6b20","geometry":{"type":"Point","coordinates":[-38.55951388,-3.70617397]},"geometry_name":"geom","properties":{"id":615,"fid":616,"Tipo":"EMTP","Título":"ESCOLA MUNICIPAL","Nome":"SÃO CURA D'ARS","Seriação":"I-4,5/F-1,2,3,4,5","Faixa etária":"4 A 10 ANOS","Distrito":"1","Endereço":"RUA SANTA ELISA, 722","Bairro":"CRISTO REDENTOR","Código do bairro":12,"CEP":"60311-020","Regional":"SER 1","INEP":23067756,"CODSGE":"235","6 mees":"NÃO","1 ano":"NÃO","2 anos":"NÃO","3 anos":"NÃO","4 anos":"SIM","5 anos":"SIM","6 anos":"SIM","7 anos":"SIM","8 anos":"SIM","9 anos":"SIM","10 anos":"SIM","11 anos":"NÃO","12 anos":"NÃO","13 anos":"NÃO","14 anos":"NÃO","Ano":"2023","Fonte":"Secretaria Municipal de Educação - SME","SRC da camada":"EPSG:4326 - WGS 84","Codificação":"UTF-8"}},{"type":"Feature","id":"vw_ParqueEscolarMunicipal_2023.fid-5656ca56_19a5f394e75_6b21","geometry":{"type":"Point","coordinates":[-38.56402496,-3.70542866]},"geometry_name":"geom","properties":{"id":616,"fid":617,"Tipo":"EMTP","Título":"ESCOLA MUNICIPAL","Nome":"VIRGÍLIO TÁVORA","Seriação":"I-4,5/F-1,2,3,4,5","Faixa etária":"4 A 10 ANOS","Distrito":"1","Endereço":"AV. MONSENHOR HÉLIO CAMPOS, S/N","Bairro":"CRISTO REDENTOR","Código do bairro":12,"CEP":"60336-800","Regional":"SER 1","INEP":23256044,"CODSGE":"209","6 mees":"NÃO","1 ano":"NÃO","2 anos":"NÃO","3 anos":"NÃO","4 anos":"SIM","5 anos":"SIM","6 anos":"SIM","7 anos":"SIM","8 anos":"SIM","9 anos":"SIM","10 anos":"SIM","11 anos":"NÃO","12 anos":"NÃO","13 anos":"NÃO","14 anos":"NÃO","Ano":"2023","Fonte":"Secretaria Municipal de Educação - SME","SRC da camada":"EPSG:4326 - WGS 84","Codificação":"UTF-8"}},{"type":"Feature","id":"vw_ParqueEscolarMunicipal_2023.fid-5656ca56_19a5f394e75_6b22","geometry":{"type":"Point","coordinates":[-38.57823365,-3.72384291]},"geometry_name":"geom","properties":{"id":617,"fid":618,"Tipo":"CRP","Título":"CRECHE PARCEIRA","Nome":"SONHO INFANTIL II","Seriação":"I-1,2,3","Faixa etária":"1 A 3 ANOS","Distrito":"1","Endereço":"RUA RINCÃO, 79","Bairro":"FLORESTA","Código do bairro":17,"CEP":"60340-420","Regional":"SER 1","INEP":23280433,"CODSGE":"853","6 mees":"NÃO","1 ano":"SIM","2 anos":"SIM","3 anos":"SIM","4 anos":"NÃO","5 anos":"NÃO","6 anos":"NÃO","7 anos":"NÃO","8 anos":"NÃO","9 anos":"NÃO","10 anos":"NÃO","11 anos":"NÃO","12 anos":"NÃO","13 anos":"NÃO","14 anos":"NÃO","Ano":"2023","Fonte":"Secretaria Municipal de Educação - SME","SRC da camada":"EPSG:4326 - WGS 84","Codificação":"UTF-8"}},{"type":"Feature","id":"vw_ParqueEscolarMunicipal_2023.fid-5656ca56_19a5f394e75_6b23","geometry":{"type":"Point","coordinates":[-38.58549562,-3.71811397]},"geometry_name":"geom","properties":{"id":618,"fid":619,"Tipo":"CRP","Título":"CRECHE PARCEIRA","Nome":"CONSTRUINDO O FUTURO","Seriação":"I-1,2,3","Faixa etária":"1 A 3 ANOS","Distrito":"1","Endereço":"RUA OTÁVIO PARANHOS, 35","Bairro":"JARDIM IRACEMA","Código do bairro":21,"CEP":"60341-515","Regional":"SER 1","INEP":23280425,"CODSGE":"852","6 mees":"NÃO","1 ano":"SIM","2 anos":"SIM","3 anos":"SIM","4 anos":"NÃO","5 anos":"NÃO","6 anos":"NÃO","7 anos":"NÃO","8 anos":"NÃO","9 anos":"NÃO","10 anos":"NÃO","11 anos":"NÃO","12 anos":"NÃO","13 anos":"NÃO","14 anos":"NÃO","Ano":"2023","Fonte":"Secretaria Municipal de Educação - SME","SRC da camada":"EPSG:4326 - WGS 84","Codificação":"UTF-8"}},{"type":"Feature","id":"vw_ParqueEscolarMunicipal_2023.fid-5656ca56_19a5f394e75_6b24","geometry":{"type":"Point","coordinates":[-38.56752836,-3.71118096]},"geometry_name":"geom","properties":{"id":619,"fid":597,"Tipo":"CRP","Título":"CRECHE PARCEIRA","Nome":"VOVÓ IOLETE","Seriação":"I-1,2,3","Faixa etária":"1 A 3 ANOS","Distrito":"1","Endereço":"RUA IRINEU DE SOUSA, 197","Bairro":"ÁLVARO WEYNE","Código do bairro":3,"CEP":"60337-180","Regional":"SER 1","INEP":23280913,"CODSGE":"841","6 mees":"NÃO","1 ano":"SIM","2 anos":"SIM","3 anos":"SIM","4 anos":"NÃO","5 anos":"NÃO","6 anos":"NÃO","7 anos":"NÃO","8 anos":"NÃO","9 anos":"NÃO","10 anos":"NÃO","11 anos":"NÃO","12 anos":"NÃO","13 anos":"NÃO","14 anos":"NÃO","Ano":"2023","Fonte":"Secretaria Municipal de Educação - SME","SRC da camada":"EPSG:4326 - WGS 84","Codificação":"UTF-8"}},{"type":"Feature","id":"vw_ParqueEscolarMunicipal_2023.fid-5656ca56_19a5f394e75_6b25","geometry":{"type":"Point","coordinates":[-38.57151218,-3.71425752]},"geometry_name":"geom","properties":{"id":620,"fid":620,"Tipo":"CRP","Título":"CRECHE PARCEIRA","Nome":"VOVÔ TONICO","Seriação":"I-1,2,3","Faixa etária":"1 A 3 ANOS","Distrito":"1","Endereço":"RUA DR. HUGO ROCHA, 212","Bairro":"ÁLVARO WEYNE","Código do bairro":3,"CEP":"60335-770","Regional":"SER 1","INEP":23280891,"CODSGE":"840","6 mees":"NÃO","1 ano":"SIM","2 anos":"SIM","3 anos":"SIM","4 anos":"NÃO","5 anos":"NÃO","6 anos":"NÃO","7 anos":"NÃO","8 anos":"NÃO","9 anos":"NÃO","10 anos":"NÃO","11 anos":"NÃO","12 anos":"NÃO","13 anos":"NÃO","14 anos":"NÃO","Ano":"2023","Fonte":"Secretaria Municipal de Educação - SME","SRC da camada":"EPSG:4326 - WGS 84","Codificação":"UTF-8"}},{"type":"Feature","id":"vw_ParqueEscolarMunicipal_2023.fid-5656ca56_19a5f394e75_6b26","geometry":{"type":"Point","coordinates":[-38.54004505,-3.75412208]},"geometry_name":"geom","properties":{"id":1,"fid":1,"Tipo":"EMTP","Título":"ESCOLA MUNICIPAL","Nome":"MOZART PINTO","Seriação":"I-4,5/F-1,2,3,4,5","Faixa etária":"4 A 10 ANOS","Distrito":"4","Endereço":"RUA JORGE DUMAR, 2078","Bairro":"JARDIM AMÉRICA","Código do bairro":19,"CEP":"60410-426","Regional":"SER 4","INEP":23069368,"CODSGE":"214","6 mees":"NÃO","1 ano":"NÃO","2 anos":"NÃO","3 anos":"NÃO","4 anos":"SIM","5 anos":"SIM","6 anos":"SIM","7 anos":"SIM","8 anos":"SIM","9 anos":"SIM","10 anos":"SIM","11 anos":"NÃO","12 anos":"NÃO","13 anos":"NÃO","14 anos":"NÃO","Ano":"2023","Fonte":"Secretaria Municipal de Educação - SME","SRC da camada":"EPSG:4326 - WGS 84","Codificação":"UTF-8"}}],"totalFeatures":620,"numberMatched":620,"numberReturned":620,"timeStamp":"2025-11-07T17:11:23.850Z","crs":{"type":"name","properties":{"name":"urn:ogc:def:crs:EPSG::4326"}}}