{"type":"FeatureCollection","features":[{"type":"Feature","properties":{"CODIGO":206,"ESCOLA":"ESCOLA MUNICIPAL DOLORES ALCANTARA","DIST":"DIST3","DISTRITO":"DISTRITO 3"},"geometry":{"type":"Point","coordinates":[-38.59251,-3.74966]}},{"type":"Feature","properties":{"CODIGO":207,"ESCOLA":"ESCOLA MUNICIPAL MADRE TERESA DE CALCUTA","DIST":"DIST4","DISTRITO":"DISTRITO 4"},"geometry":{"type":"Point","coordinates":[-38.52192,-3.74974]}},{"type":"Feature","properties":{"CODIGO":208,"ESCOLA":"ESCOLA MUNICIPAL PROJETO NASCENTE","DIST":"DIST4","DISTRITO":"DISTRITO 4"},"geometry":{"type":"Point","coordinates":[-38.55416,-3.7945]}},{"type":"Feature","properties":{"CODIGO":209,"ESCOLA":"ESCOLA MUNICIPAL VIRGILIO TAVORA","DIST":"DIST1","DISTRITO":"DISTRITO 1"},"geometry":{"type":"Point","coordinates":[-38.56402,-3.70543]}},{"type":"Feature","properties":{"CODIGO":210,"ESCOLA":"ESCOLA MUNICIPAL SAO JOSE","DIST":"DIST3","DISTRITO":"DISTRITO 3"},"geometry":{"type":"Point","coordinates":[-38.56861,-3.72461]}},{"type":"Feature","properties":{"CODIGO":211,"ESCOLA":"ESCOLA MUNICIPAL HILZA DIOGO CALS","DIST":"DIST5","DISTRITO":"DISTRITO 5"},"geometry":{"type":"Point","coordinates":[-38.5856,-3.80391]}},{"type":"Feature","properties":{"CODIGO":212,"ESCOLA":"ESCOLA MUNICIPAL GABRIEL CAVALCANTE","DIST":"DIST3","DISTRITO":"DISTRITO 3"},"geometry":{"type":"Point","coordinates":[-38.57064,-3.72946]}},{"type":"Feature","properties":{"CODIGO":213,"ESCOLA":"ESCOLA MUNICIPAL ANTONIO DIOGO DE SIQUEIRA","DIST":"DIST5","DISTRITO":"DISTRITO 5"},"geometry":{"type":"Point","coordinates":[-38.58782,-3.78414]}},{"type":"Feature","properties":{"CODIGO":214,"ESCOLA":"ESCOLA MUNICIPAL MOZART PINTO","DIST":"DIST4","DISTRITO":"DISTRITO 4"},"geometry":{"type":"Point","coordinates":[-38.54005,-3.75412]}},{"type":"Feature","properties":{"CODIGO":215,"ESCOLA":"ESCOLA MUNICIPAL PROFESSOR JOSE SOBREIRA DE AMORIM","DIST":"DIST3","DISTRITO":"DISTRITO 3"},"geometry":{"type":"Point","coordinates":[-38.57915,-3.76478]}},{"type":"Feature","properties":{"CODIGO":216,"ESCOLA":"ESCOLA MUNICIPAL MONSENHOR LINHARES","DIST":"DIST3","DISTRITO":"DISTRITO 3"},"geometry":{"type":"Point","coordinates":[-38.56008,-3.74537]}},{"type":"Feature","properties":{"CODIGO":217,"ESCOLA":"ESCOLA MUNICIPAL ANGELICA GURGEL","DIST":"DIST6","DISTRITO":"DISTRITO 6"},"geometry":{"type":"Point","coordinates":[-38.49192,-3.83061]}},{"type":"Feature","properties":{"CODIGO":218,"ESCOLA":"ESCOLA MUNICIPAL SANTA ISABEL","DIST":"DIST5","DISTRITO":"DISTRITO 5"},"geometry":{"type":"Point","coordinates":[-38.59815,-3.79182]}},{"type":"Feature","properties":{"CODIGO":220,"ESCOLA":"ESCOLA MUNICIPAL FRANCISCO ANDRADE TEOFILO GIRAO","DIST":"DIST4","DISTRITO":"DISTRITO 4"},"geometry":{"type":"Point","coordinates":[-38.52226,-3.81743]}},{"type":"Feature","properties":{"CODIGO":221,"ESCOLA":"ESCOLA MUNICIPAL PROFESSORA RAIMUNDA FELIX DE ALCANTARA","DIST":"DIST6","DISTRITO":"DISTRITO 6"},"geometry":{"type":"Point","coordinates":[-38.48545,-3.82553]}},{"type":"Feature","properties":{"CODIGO":222,"ESCOLA":"ESCOLA MUNICIPAL PROFESSORA MARIA STELLA COCHRANE SANTIAGO","DIST":"DIST4","DISTRITO":"DISTRITO 4"},"geometry":{"type":"Point","coordinates":[-38.52856,-3.79956]}},{"type":"Feature","properties":{"CODIGO":223,"ESCOLA":"ESCOLA MUNICIPAL MARIA ZELIA CORREIA DE SOUZA","DIST":"DIST4","DISTRITO":"DISTRITO 4"},"geometry":{"type":"Point","coordinates":[-38.5707,-3.83113]}},{"type":"Feature","properties":{"CODIGO":224,"ESCOLA":"ESCOLA MUNICIPAL FRANCISCO EDMILSON PINHEIRO","DIST":"DIST5","DISTRITO":"DISTRITO 5"},"geometry":{"type":"Point","coordinates":[-38.6175,-3.77693]}},{"type":"Feature","properties":{"CODIGO":226,"ESCOLA":"ESCOLA MUNICIPAL ANTONIO CORREIA LIMA","DIST":"DIST1","DISTRITO":"DISTRITO 1"},"geometry":{"type":"Point","coordinates":[-38.59207,-3.71263]}},{"type":"Feature","properties":{"CODIGO":227,"ESCOLA":"ESCOLA MUNICIPAL JOSE AYRTON TEIXEIRA","DIST":"DIST5","DISTRITO":"DISTRITO 5"},"geometry":{"type":"Point","coordinates":[-38.58407,-3.81095]}},{"type":"Feature","properties":{"CODIGO":228,"ESCOLA":"ESCOLA MUNICIPAL DOUTOR SERVULO MENDES BARROSO","DIST":"DIST5","DISTRITO":"DISTRITO 5"},"geometry":{"type":"Point","coordinates":[-38.61049,-3.78633]}},{"type":"Feature","properties":{"CODIGO":229,"ESCOLA":"ESCOLA MUNICIPAL ALAIDE AUGUSTO DE OLIVEIRA","DIST":"DIST5","DISTRITO":"DISTRITO 5"},"geometry":{"type":"Point","coordinates":[-38.589034,-3.814681]}},{"type":"Feature","properties":{"CODIGO":230,"ESCOLA":"ESCOLA MUNICIPAL JOSE CARLOS DA COSTA RIBEIRO","DIST":"DIST3","DISTRITO":"DISTRITO 3"},"geometry":{"type":"Point","coordinates":[-38.59925,-3.73716]}},{"type":"Feature","properties":{"CODIGO":231,"ESCOLA":"ESCOLA MUNICIPAL JOSE SOBREIRA DE AMORIM","DIST":"DIST6","DISTRITO":"DISTRITO 6"},"geometry":{"type":"Point","coordinates":[-38.51173,-3.79775]}},{"type":"Feature","properties":{"CODIGO":232,"ESCOLA":"ESCOLA MUNICIPAL AGOSTINHO MOREIRA E SILVA","DIST":"DIST1","DISTRITO":"DISTRITO 1"},"geometry":{"type":"Point","coordinates":[-38.58579,-3.7005]}},{"type":"Feature","properties":{"CODIGO":233,"ESCOLA":"ESCOLA MUNICIPAL ALDEIDES REGIS","DIST":"DIST1","DISTRITO":"DISTRITO 1"},"geometry":{"type":"Point","coordinates":[-38.56941,-3.7113]}},{"type":"Feature","properties":{"CODIGO":234,"ESCOLA":"ESCOLA MUNICIPAL DOIS DE DEZEMBRO","DIST":"DIST1","DISTRITO":"DISTRITO 1"},"geometry":{"type":"Point","coordinates":[-38.58041,-3.70917]}},{"type":"Feature","properties":{"CODIGO":235,"ESCOLA":"ESCOLA MUNICIPAL SAO CURA DARS","DIST":"DIST1","DISTRITO":"DISTRITO 1"},"geometry":{"type":"Point","coordinates":[-38.55951,-3.70617]}},{"type":"Feature","properties":{"CODIGO":236,"ESCOLA":"ESCOLA MUNICIPAL DE TEMPO INTEGRAL PROFESSOR ADEMAR NUNES BATISTA","DIST":"DIST3","DISTRITO":"DISTRITO 3"},"geometry":{"type":"Point","coordinates":[-38.61189,-3.76258]}},{"type":"Feature","properties":{"CODIGO":237,"ESCOLA":"ESCOLA MUNICIPAL EDILSON BRASIL SOAREZ","DIST":"DIST3","DISTRITO":"DISTRITO 3"},"geometry":{"type":"Point","coordinates":[-38.61392,-3.7736]}},{"type":"Feature","properties":{"CODIGO":238,"ESCOLA":"ESCOLA MUNICIPAL SAO RAFAEL","DIST":"DIST1","DISTRITO":"DISTRITO 1"},"geometry":{"type":"Point","coordinates":[-38.51779,-3.71933]}},{"type":"Feature","properties":{"CODIGO":239,"ESCOLA":"ESCOLA MUNICIPAL PATATIVA DO ASSARE","DIST":"DIST1","DISTRITO":"DISTRITO 1"},"geometry":{"type":"Point","coordinates":[-38.56756,-3.7113]}},{"type":"Feature","properties":{"CODIGO":240,"ESCOLA":"ESCOLA MUNICIPAL FRANCISCO EDILSON PINHEIRO","DIST":"DIST1","DISTRITO":"DISTRITO 1"},"geometry":{"type":"Point","coordinates":[-38.60302,-3.71847]}},{"type":"Feature","properties":{"CODIGO":241,"ESCOLA":"ESCOLA MUNICIPAL MARIA ROSELI LIMA MESQUITA","DIST":"DIST1","DISTRITO":"DISTRITO 1"},"geometry":{"type":"Point","coordinates":[-38.5739,-3.71718]}},{"type":"Feature","properties":{"CODIGO":242,"ESCOLA":"ESCOLA MUNICIPAL CATULO DA PAIXAO CEARENSE","DIST":"DIST4","DISTRITO":"DISTRITO 4"},"geometry":{"type":"Point","coordinates":[-38.57635,-3.78428]}},{"type":"Feature","properties":{"CODIGO":243,"ESCOLA":"ESCOLA MUNICIPAL NILSON HOLANDA","DIST":"DIST3","DISTRITO":"DISTRITO 3"},"geometry":{"type":"Point","coordinates":[-38.56172,-3.74927]}},{"type":"Feature","properties":{"CODIGO":245,"ESCOLA":"ESCOLA MUNICIPAL VICENTE FIALHO","DIST":"DIST4","DISTRITO":"DISTRITO 4"},"geometry":{"type":"Point","coordinates":[-38.55476,-3.76142]}},{"type":"Feature","properties":{"CODIGO":246,"ESCOLA":"ESCOLA MUNICIPAL PROFESSOR JOAO HIPOLYTO DE AZEVEDO E SA","DIST":"DIST4","DISTRITO":"DISTRITO 4"},"geometry":{"type":"Point","coordinates":[-38.52707,-3.78857]}},{"type":"Feature","properties":{"CODIGO":247,"ESCOLA":"ESCOLA MUNICIPAL ROSA AMARO CAVALCANTE","DIST":"DIST5","DISTRITO":"DISTRITO 5"},"geometry":{"type":"Point","coordinates":[-38.58456,-3.81107]}},{"type":"Feature","properties":{"CODIGO":248,"ESCOLA":"ESCOLA MUNICIPAL PROFESSOR JOSE MILITAO DE ALBUQUERQUE","DIST":"DIST3","DISTRITO":"DISTRITO 3"},"geometry":{"type":"Point","coordinates":[-38.61049,-3.75948]}},{"type":"Feature","properties":{"CODIGO":249,"ESCOLA":"ESCOLA MUNICIPAL WASHINGTON SOARES","DIST":"DIST2","DISTRITO":"DISTRITO 2"},"geometry":{"type":"Point","coordinates":[-38.47723,-3.77801]}},{"type":"Feature","properties":{"CODIGO":250,"ESCOLA":"ESCOLA MUNICIPAL YOLANDA QUEIROZ","DIST":"DIST6","DISTRITO":"DISTRITO 6"},"geometry":{"type":"Point","coordinates":[-38.50977,-3.76456]}},{"type":"Feature","properties":{"CODIGO":251,"ESCOLA":"ESCOLA MUNICIPAL PROFESSOR JOSE FERREIRA DE ALENCAR","DIST":"DIST5","DISTRITO":"DISTRITO 5"},"geometry":{"type":"Point","coordinates":[-38.60185,-3.79865]}},{"type":"Feature","properties":{"CODIGO":252,"ESCOLA":"ESCOLA MUNICIPAL DELMA HERMINIA DA SILVA PEREIRA","DIST":"DIST4","DISTRITO":"DISTRITO 4"},"geometry":{"type":"Point","coordinates":[-38.53048,-3.82824]}},{"type":"Feature","properties":{"CODIGO":254,"ESCOLA":"ESCOLA MUNICIPAL NARCISO PESSOA DE ARAUJO","DIST":"DIST5","DISTRITO":"DISTRITO 5"},"geometry":{"type":"Point","coordinates":[-38.59866,-3.80176]}},{"type":"Feature","properties":{"CODIGO":255,"ESCOLA":"ESCOLA MUNICIPAL SANTA TEREZA","DIST":"DIST1","DISTRITO":"DISTRITO 1"},"geometry":{"type":"Point","coordinates":[-38.56346,-3.70611]}},{"type":"Feature","properties":{"CODIGO":256,"ESCOLA":"ESCOLA MUNICIPAL PROFESSOR JOSE PARSIFAL BARROSO","DIST":"DIST1","DISTRITO":"DISTRITO 1"},"geometry":{"type":"Point","coordinates":[-38.58869,-3.7233]}},{"type":"Feature","properties":{"CODIGO":257,"ESCOLA":"ESCOLA MUNICIPAL JOSE DIAS MACEDO","DIST":"DIST2","DISTRITO":"DISTRITO 2"},"geometry":{"type":"Point","coordinates":[-38.50201,-3.73162]}},{"type":"Feature","properties":{"CODIGO":258,"ESCOLA":"ESCOLA MUNICIPAL JOAO ESTANISLAU FACANHA","DIST":"DIST5","DISTRITO":"DISTRITO 5"},"geometry":{"type":"Point","coordinates":[-38.563,-3.79926]}},{"type":"Feature","properties":{"CODIGO":259,"ESCOLA":"ESCOLA MUNICIPAL ADALBERTO STUDART FILHO","DIST":"DIST4","DISTRITO":"DISTRITO 4"},"geometry":{"type":"Point","coordinates":[-38.57503,-3.83534]}},{"type":"Feature","properties":{"CODIGO":260,"ESCOLA":"ESCOLA MUNICIPAL SEBASTIAO DE ABREU","DIST":"DIST5","DISTRITO":"DISTRITO 5"},"geometry":{"type":"Point","coordinates":[-38.60184,-3.79234]}},{"type":"Feature","properties":{"CODIGO":261,"ESCOLA":"ESCOLA MUNICIPAL PROFESSORA VANIA MARIA NEVES FACO BARROS","DIST":"DIST4","DISTRITO":"DISTRITO 4"},"geometry":{"type":"Point","coordinates":[-38.523165,-3.758965]}},{"type":"Feature","properties":{"CODIGO":262,"ESCOLA":"ESCOLA MUNICIPAL JOSE MOREIRA LEITAO","DIST":"DIST6","DISTRITO":"DISTRITO 6"},"geometry":{"type":"Point","coordinates":[-38.50195,-3.85133]}},{"type":"Feature","properties":{"CODIGO":263,"ESCOLA":"ESCOLA MUNICIPAL ALVORADA","DIST":"DIST2","DISTRITO":"DISTRITO 2"},"geometry":{"type":"Point","coordinates":[-38.4747,-3.79195]}},{"type":"Feature","properties":{"CODIGO":264,"ESCOLA":"ESCOLA MUNICIPAL ROGACIANO LEITE","DIST":"DIST4","DISTRITO":"DISTRITO 4"},"geometry":{"type":"Point","coordinates":[-38.55831,-3.83779]}},{"type":"Feature","properties":{"CODIGO":265,"ESCOLA":"ESCOLA MUNICIPAL MARIA DOLORES PETROLA DE MELO JORGE","DIST":"DIST5","DISTRITO":"DISTRITO 5"},"geometry":{"type":"Point","coordinates":[-38.62437,-3.78172]}},{"type":"Feature","properties":{"CODIGO":266,"ESCOLA":"ESCOLA MUNICIPAL MARIA BEZERRA QUEVEDO","DIST":"DIST5","DISTRITO":"DISTRITO 5"},"geometry":{"type":"Point","coordinates":[-38.58758,-3.80767]}},{"type":"Feature","properties":{"CODIGO":267,"ESCOLA":"ESCOLA MUNICIPAL JOAO PAULO II","DIST":"DIST3","DISTRITO":"DISTRITO 3"},"geometry":{"type":"Point","coordinates":[-38.61374,-3.77074]}},{"type":"Feature","properties":{"CODIGO":268,"ESCOLA":"ESCOLA MUNICIPAL ISABEL FERREIRA","DIST":"DIST6","DISTRITO":"DISTRITO 6"},"geometry":{"type":"Point","coordinates":[-38.46687,-3.82939]}},{"type":"Feature","properties":{"CODIGO":269,"ESCOLA":"ESCOLA MUNICIPAL SANTOS DUMONT","DIST":"DIST5","DISTRITO":"DISTRITO 5"},"geometry":{"type":"Point","coordinates":[-38.59444,-3.79416]}},{"type":"Feature","properties":{"CODIGO":270,"ESCOLA":"ESCOLA MUNICIPAL HAROLDO JORGE BRAUN VIEIRA","DIST":"DIST4","DISTRITO":"DISTRITO 4"},"geometry":{"type":"Point","coordinates":[-38.5281,-3.77323]}},{"type":"Feature","properties":{"CODIGO":271,"ESCOLA":"ESCOLA MUNICIPAL CESAR CALS DE OLIVEIRA NETO","DIST":"DIST6","DISTRITO":"DISTRITO 6"},"geometry":{"type":"Point","coordinates":[-38.52312,-3.84628]}},{"type":"Feature","properties":{"CODIGO":272,"ESCOLA":"ESCOLA MUNICIPAL JOAO NUNES PINHEIRO","DIST":"DIST3","DISTRITO":"DISTRITO 3"},"geometry":{"type":"Point","coordinates":[-38.60488,-3.7653]}},{"type":"Feature","properties":{"CODIGO":273,"ESCOLA":"ESCOLA MUNICIPAL PROFESSOR EDILSON BRASIL SOAREZ","DIST":"DIST5","DISTRITO":"DISTRITO 5"},"geometry":{"type":"Point","coordinates":[-38.61435,-3.80192]}},{"type":"Feature","properties":{"CODIGO":274,"ESCOLA":"ESCOLA MUNICIPAL MARIA DE LOURDES RIBEIRO JEREISSATI","DIST":"DIST6","DISTRITO":"DISTRITO 6"},"geometry":{"type":"Point","coordinates":[-38.50288,-3.78316]}},{"type":"Feature","properties":{"CODIGO":275,"ESCOLA":"ESCOLA MUNICIPAL PROFESSOR AMERICO BARREIRA","DIST":"DIST3","DISTRITO":"DISTRITO 3"},"geometry":{"type":"Point","coordinates":[-38.59988,-3.76273]}},{"type":"Feature","properties":{"CODIGO":276,"ESCOLA":"ESCOLA MUNICIPAL FRANCISCO DOMINGOS DA SILVA","DIST":"DIST1","DISTRITO":"DISTRITO 1"},"geometry":{"type":"Point","coordinates":[-38.57455,-3.70681]}},{"type":"Feature","properties":{"CODIGO":277,"ESCOLA":"ESCOLA MUNICIPAL ABDENAGO DA ROCHA LIMA","DIST":"DIST4","DISTRITO":"DISTRITO 4"},"geometry":{"type":"Point","coordinates":[-38.54444,-3.80169]}},{"type":"Feature","properties":{"CODIGO":278,"ESCOLA":"ESCOLA MUNICIPAL RAIMUNDO SOARES DE SOUZA","DIST":"DIST4","DISTRITO":"DISTRITO 4"},"geometry":{"type":"Point","coordinates":[-38.5795,-3.78631]}},{"type":"Feature","properties":{"CODIGO":279,"ESCOLA":"ESCOLA MUNICIPAL CLAUDIO MARTINS","DIST":"DIST4","DISTRITO":"DISTRITO 4"},"geometry":{"type":"Point","coordinates":[-38.55852,-3.77292]}},{"type":"Feature","properties":{"CODIGO":281,"ESCOLA":"ESCOLA MUNICIPAL PADRE CICERO ROMAO BATISTA","DIST":"DIST5","DISTRITO":"DISTRITO 5"},"geometry":{"type":"Point","coordinates":[-38.59467,-3.81163]}},{"type":"Feature","properties":{"CODIGO":282,"ESCOLA":"ESCOLA MUNICIPAL NOSSA SENHORA APARECIDA","DIST":"DIST1","DISTRITO":"DISTRITO 1"},"geometry":{"type":"Point","coordinates":[-38.53537,-3.72161]}},{"type":"Feature","properties":{"CODIGO":284,"ESCOLA":"ESCOLA MUNICIPAL JADER DE FIGUEIREDO CORREIA","DIST":"DIST1","DISTRITO":"DISTRITO 1"},"geometry":{"type":"Point","coordinates":[-38.58979,-3.7058]}},{"type":"Feature","properties":{"CODIGO":285,"ESCOLA":"CENTRO DE EDUCACAO INFANTIL PROFESSORA MARIA EVAN DO CARMO","DIST":"DIST6","DISTRITO":"DISTRITO 6"},"geometry":{"type":"Point","coordinates":[-38.47678,-3.81603]}},{"type":"Feature","properties":{"CODIGO":286,"ESCOLA":"ESCOLA MUNICIPAL JOSE CARLOS DE PINHO","DIST":"DIST2","DISTRITO":"DISTRITO 2"},"geometry":{"type":"Point","coordinates":[-38.49157,-3.77338]}},{"type":"Feature","properties":{"CODIGO":287,"ESCOLA":"ESCOLA MUNICIPAL PROFESSORA BERNADETE ORIA DE OLIVEIRA","DIST":"DIST6","DISTRITO":"DISTRITO 6"},"geometry":{"type":"Point","coordinates":[-38.52757,-3.83934]}},{"type":"Feature","properties":{"CODIGO":288,"ESCOLA":"ESCOLA MUNICIPAL SAO RAIMUNDO","DIST":"DIST3","DISTRITO":"DISTRITO 3"},"geometry":{"type":"Point","coordinates":[-38.55441,-3.74533]}},{"type":"Feature","properties":{"CODIGO":289,"ESCOLA":"ESCOLA MUNICIPAL RACHEL DE QUEIROZ","DIST":"DIST1","DISTRITO":"DISTRITO 1"},"geometry":{"type":"Point","coordinates":[-38.57649,-3.70494]}},{"type":"Feature","properties":{"CODIGO":290,"ESCOLA":"ESCOLA MUNICIPAL IRMA ROCHA","DIST":"DIST5","DISTRITO":"DISTRITO 5"},"geometry":{"type":"Point","coordinates":[-38.60118,-3.77733]}},{"type":"Feature","properties":{"CODIGO":291,"ESCOLA":"ESCOLA MUNICIPAL NOSSA SENHORA DO PERPETUO SOCORRO","DIST":"DIST1","DISTRITO":"DISTRITO 1"},"geometry":{"type":"Point","coordinates":[-38.56168,-3.71673]}},{"type":"Feature","properties":{"CODIGO":292,"ESCOLA":"ESCOLA MUNICIPAL TERTULIANO CAMBRAIA","DIST":"DIST1","DISTRITO":"DISTRITO 1"},"geometry":{"type":"Point","coordinates":[-38.55504,-3.71308]}},{"type":"Feature","properties":{"CODIGO":293,"ESCOLA":"ESCOLA MUNICIPAL 15 DE OUTUBRO","DIST":"DIST5","DISTRITO":"DISTRITO 5"},"geometry":{"type":"Point","coordinates":[-38.58619,-3.77466]}},{"type":"Feature","properties":{"CODIGO":295,"ESCOLA":"ESCOLA MUNICIPAL PROFESSOR ERNESTO GURGEL","DIST":"DIST2","DISTRITO":"DISTRITO 2"},"geometry":{"type":"Point","coordinates":[-38.46649,-3.79052]}},{"type":"Feature","properties":{"CODIGO":296,"ESCOLA":"ESCOLA MUNICIPAL MARIA CARDOSO","DIST":"DIST3","DISTRITO":"DISTRITO 3"},"geometry":{"type":"Point","coordinates":[-38.59849,-3.72622]}},{"type":"Feature","properties":{"CODIGO":297,"ESCOLA":"ESCOLA MUNICIPAL ANDRE LUIS","DIST":"DIST4","DISTRITO":"DISTRITO 4"},"geometry":{"type":"Point","coordinates":[-38.53326,-3.82739]}},{"type":"Feature","properties":{"CODIGO":298,"ESCOLA":"CAEE- RECANTO PSICOPEDAGOGICO","DIST":"DIST2","DISTRITO":"DISTRITO 2"},"geometry":{"type":"Point","coordinates":[-38.47494,-3.73872]}},{"type":"Feature","properties":{"CODIGO":299,"ESCOLA":"ESCOLA MUNICIPAL PROFESSORA MARIA DO SOCORRO FERREIRA VIRINO","DIST":"DIST6","DISTRITO":"DISTRITO 6"},"geometry":{"type":"Point","coordinates":[-38.52305,-3.84574]}},{"type":"Feature","properties":{"CODIGO":300,"ESCOLA":"ESCOLA MUNICIPAL DE TEMPO INTEGRAL ALDEMIR MARTINS","DIST":"DIST1","DISTRITO":"DISTRITO 1"},"geometry":{"type":"Point","coordinates":[-38.58531,-3.70648]}},{"type":"Feature","properties":{"CODIGO":301,"ESCOLA":"ESCOLA MUNICIPAL PROFESSORA MARIA GONDIM DOS SANTOS","DIST":"DIST2","DISTRITO":"DISTRITO 2"},"geometry":{"type":"Point","coordinates":[-38.47815,-3.73743]}},{"type":"Feature","properties":{"CODIGO":302,"ESCOLA":"ESCOLA MUNICIPAL PROFESSORA CONSUELO AMORA","DIST":"DIST2","DISTRITO":"DISTRITO 2"},"geometry":{"type":"Point","coordinates":[-38.47708,-3.72388]}},{"type":"Feature","properties":{"CODIGO":303,"ESCOLA":"ESCOLA MUNICIPAL DE TEMPO INTEGRAL GUIOMAR DA SILVA ALMEIDA","DIST":"DIST6","DISTRITO":"DISTRITO 6"},"geometry":{"type":"Point","coordinates":[-38.49401,-3.86733]}},{"type":"Feature","properties":{"CODIGO":304,"ESCOLA":"ESCOLA MUNICIPAL PROFESSORA TEREZINHA FERREIRA PARENTE","DIST":"DIST6","DISTRITO":"DISTRITO 6"},"geometry":{"type":"Point","coordinates":[-38.46396,-3.82671]}},{"type":"Feature","properties":{"CODIGO":305,"ESCOLA":"ESCOLA MUNICIPAL JOAO FREDERICO FERREIRA GOMES","DIST":"DIST3","DISTRITO":"DISTRITO 3"},"geometry":{"type":"Point","coordinates":[-38.60125,-3.75359]}},{"type":"Feature","properties":{"CODIGO":306,"ESCOLA":"CAEE-INSTITUTO PESTALOZZI DO CEARA","DIST":"DIST2","DISTRITO":"DISTRITO 2"},"geometry":{"type":"Point","coordinates":[-38.51042,-3.72744]}},{"type":"Feature","properties":{"CODIGO":307,"ESCOLA":"ESCOLA MUNICIPAL PROFESSOR DENIZARD MACEDO DE ALCANTARA","DIST":"DIST3","DISTRITO":"DISTRITO 3"},"geometry":{"type":"Point","coordinates":[-38.58902,-3.7315]}},{"type":"Feature","properties":{"CODIGO":308,"ESCOLA":"ESCOLA MUNICIPAL PROFESSOR JOSE MARIA MOREIRA CAMPOS","DIST":"DIST5","DISTRITO":"DISTRITO 5"},"geometry":{"type":"Point","coordinates":[-38.59163,-3.8189]}},{"type":"Feature","properties":{"CODIGO":309,"ESCOLA":"ESCOLA MUNICIPAL FRANCISCA DE ABREU LIMA","DIST":"DIST5","DISTRITO":"DISTRITO 5"},"geometry":{"type":"Point","coordinates":[-38.59743,-3.80726]}},{"type":"Feature","properties":{"CODIGO":310,"ESCOLA":"ESCOLA MUNICIPAL DOM ANTONIO BATISTA DE FRAGOSO","DIST":"DIST1","DISTRITO":"DISTRITO 1"},"geometry":{"type":"Point","coordinates":[-38.58948,-3.70466]}},{"type":"Feature","properties":{"CODIGO":311,"ESCOLA":"ESCOLA MUNICIPAL ANTONIO MENDES","DIST":"DIST1","DISTRITO":"DISTRITO 1"},"geometry":{"type":"Point","coordinates":[-38.56992,-3.70869]}},{"type":"Feature","properties":{"CODIGO":312,"ESCOLA":"ESCOLA MUNICIPAL MARTHA DOS MARTINS COELHO GUILHERME","DIST":"DIST6","DISTRITO":"DISTRITO 6"},"geometry":{"type":"Point","coordinates":[-38.52313,-3.83902]}},{"type":"Feature","properties":{"CODIGO":313,"ESCOLA":"ESCOLA MUNICIPAL PROFESSOR FRANCISCO MAURICIO DE MATTOS DOURADO","DIST":"DIST2","DISTRITO":"DISTRITO 2"},"geometry":{"type":"Point","coordinates":[-38.47921,-3.77233]}},{"type":"Feature","properties":{"CODIGO":314,"ESCOLA":"ESCOLA MUNICIPAL PROFESSOR MONTEIRO DE MORAES","DIST":"DIST2","DISTRITO":"DISTRITO 2"},"geometry":{"type":"Point","coordinates":[-38.46727,-3.7975]}},{"type":"Feature","properties":{"CODIGO":315,"ESCOLA":"ESCOLA MUNICIPAL TAIS MARIA BEZERRA NOGUEIRA","DIST":"DIST6","DISTRITO":"DISTRITO 6"},"geometry":{"type":"Point","coordinates":[-38.52383,-3.8313]}},{"type":"Feature","properties":{"CODIGO":316,"ESCOLA":"ESCOLA MUNICIPAL DE TEMPO INTEGRAL PROFESSOR ANTONIO GIRAO BARROSO","DIST":"DIST6","DISTRITO":"DISTRITO 6"},"geometry":{"type":"Point","coordinates":[-38.52022,-3.84833]}},{"type":"Feature","properties":{"CODIGO":318,"ESCOLA":"ESCOLA MUNICIPAL MINHA VIDA MEUS AMORES","DIST":"DIST4","DISTRITO":"DISTRITO 4"},"geometry":{"type":"Point","coordinates":[-38.55599,-3.83129]}},{"type":"Feature","properties":{"CODIGO":319,"ESCOLA":"ESCOLA MUNICIPAL FRANCISCA ORIA SERPA","DIST":"DIST6","DISTRITO":"DISTRITO 6"},"geometry":{"type":"Point","coordinates":[-38.53026,-3.87981]}},{"type":"Feature","properties":{"CODIGO":320,"ESCOLA":"ESCOLA MUNICIPAL MARIA HELENILCE CAVALCANTE LEITE MARTINS","DIST":"DIST6","DISTRITO":"DISTRITO 6"},"geometry":{"type":"Point","coordinates":[-38.52477,-3.851]}},{"type":"Feature","properties":{"CODIGO":321,"ESCOLA":"ESCOLA MUNICIPAL IRMA SIMAS","DIST":"DIST2","DISTRITO":"DISTRITO 2"},"geometry":{"type":"Point","coordinates":[-38.47547,-3.79082]}},{"type":"Feature","properties":{"CODIGO":322,"ESCOLA":"ESCOLA MUNICIPAL ISMAEL PORDEUS","DIST":"DIST6","DISTRITO":"DISTRITO 6"},"geometry":{"type":"Point","coordinates":[-38.49854,-3.78406]}},{"type":"Feature","properties":{"CODIGO":323,"ESCOLA":"ESCOLA MUNICIPAL MARIETA GUEDES MARTINS","DIST":"DIST5","DISTRITO":"DISTRITO 5"},"geometry":{"type":"Point","coordinates":[-38.59323,-3.80681]}},{"type":"Feature","properties":{"CODIGO":324,"ESCOLA":"ESCOLA MUNICIPAL VEREADOR JOSE BARROS DE ALENCAR","DIST":"DIST6","DISTRITO":"DISTRITO 6"},"geometry":{"type":"Point","coordinates":[-38.50478,-3.84591]}},{"type":"Feature","properties":{"CODIGO":164,"ESCOLA":"ESCOLA MUNICIPAL PROFESSORA JOSEFINA PARENTE DE ARAUJO","DIST":"DIST2","DISTRITO":"DISTRITO 2"},"geometry":{"type":"Point","coordinates":[-38.44971,-3.80056]}},{"type":"Feature","properties":{"CODIGO":165,"ESCOLA":"ESCOLA MUNICIPAL PROFESSOR FRANCISCO DE MELO JABORANDI","DIST":"DIST6","DISTRITO":"DISTRITO 6"},"geometry":{"type":"Point","coordinates":[-38.51875,-3.83147]}},{"type":"Feature","properties":{"CODIGO":166,"ESCOLA":"ESCOLA MUNICIPAL ALMERINDA DE ALBUQUERQUE","DIST":"DIST2","DISTRITO":"DISTRITO 2"},"geometry":{"type":"Point","coordinates":[-38.5061,-3.75877]}},{"type":"Feature","properties":{"CODIGO":167,"ESCOLA":"ESCOLA MUNICIPAL PROFESSOR LUIS COSTA","DIST":"DIST2","DISTRITO":"DISTRITO 2"},"geometry":{"type":"Point","coordinates":[-38.49585,-3.76958]}},{"type":"Feature","properties":{"CODIGO":168,"ESCOLA":"ESCOLA MUNICIPAL FLORIVAL ALVES SERAINE","DIST":"DIST5","DISTRITO":"DISTRITO 5"},"geometry":{"type":"Point","coordinates":[-38.60211,-3.80735]}},{"type":"Feature","properties":{"CODIGO":170,"ESCOLA":"ESCOLA MUNICIPAL ELEAZAR DE CARVALHO","DIST":"DIST2","DISTRITO":"DISTRITO 2"},"geometry":{"type":"Point","coordinates":[-38.47572,-3.72233]}},{"type":"Feature","properties":{"CODIGO":171,"ESCOLA":"ESCOLA MUNICIPAL MARCOS VALENTIM PEREIRA DE SOUZA","DIST":"DIST4","DISTRITO":"DISTRITO 4"},"geometry":{"type":"Point","coordinates":[-38.54261,-3.78305]}},{"type":"Feature","properties":{"CODIGO":172,"ESCOLA":"ESCOLA MUNICIPAL ZAIRA MONTEIRO GONDIM","DIST":"DIST4","DISTRITO":"DISTRITO 4"},"geometry":{"type":"Point","coordinates":[-38.54397,-3.79246]}},{"type":"Feature","properties":{"CODIGO":173,"ESCOLA":"ESCOLA MUNICIPAL MARIA DE CARVALHO MARTINS","DIST":"DIST4","DISTRITO":"DISTRITO 4"},"geometry":{"type":"Point","coordinates":[-38.53758,-3.79172]}},{"type":"Feature","properties":{"CODIGO":175,"ESCOLA":"ESCOLA MUNICIPAL PROFESSORA BELARMINA CAMPOS","DIST":"DIST2","DISTRITO":"DISTRITO 2"},"geometry":{"type":"Point","coordinates":[-38.46629,-3.72521]}},{"type":"Feature","properties":{"CODIGO":176,"ESCOLA":"ESCOLA MUNICIPAL JOAQUIM ALVES","DIST":"DIST5","DISTRITO":"DISTRITO 5"},"geometry":{"type":"Point","coordinates":[-38.61724,-3.81767]}},{"type":"Feature","properties":{"CODIGO":177,"ESCOLA":"ESCOLA MUNICIPAL JOAO GERMANO DA PONTE NETO","DIST":"DIST6","DISTRITO":"DISTRITO 6"},"geometry":{"type":"Point","coordinates":[-38.52763,-3.84845]}},{"type":"Feature","properties":{"CODIGO":178,"ESCOLA":"ESCOLA MUNICIPAL ARI DE SA CAVALCANTE","DIST":"DIST4","DISTRITO":"DISTRITO 4"},"geometry":{"type":"Point","coordinates":[-38.55935,-3.84087]}},{"type":"Feature","properties":{"CODIGO":179,"ESCOLA":"ESCOLA MUNICIPAL FRANCISCO NUNES CAVALCANTE","DIST":"DIST4","DISTRITO":"DISTRITO 4"},"geometry":{"type":"Point","coordinates":[-38.55484,-3.82264]}},{"type":"Feature","properties":{"CODIGO":180,"ESCOLA":"ESCOLA MUNICIPAL CASIMIRO MONTENEGRO","DIST":"DIST5","DISTRITO":"DISTRITO 5"},"geometry":{"type":"Point","coordinates":[-38.55806,-3.81879]}},{"type":"Feature","properties":{"CODIGO":181,"ESCOLA":"ESCOLA MUNICIPAL PROFESSOR JACINTO BOTELHO","DIST":"DIST5","DISTRITO":"DISTRITO 5"},"geometry":{"type":"Point","coordinates":[-38.56852,-3.80639]}},{"type":"Feature","properties":{"CODIGO":182,"ESCOLA":"ESCOLA MUNICIPAL PROFESSORA ALDACI BARBOSA","DIST":"DIST2","DISTRITO":"DISTRITO 2"},"geometry":{"type":"Point","coordinates":[-38.47654,-3.79136]}},{"type":"Feature","properties":{"CODIGO":183,"ESCOLA":"ESCOLA MUNICIPAL THOMAZ POMPEU SOBRINHO","DIST":"DIST4","DISTRITO":"DISTRITO 4"},"geometry":{"type":"Point","coordinates":[-38.56073,-3.78479]}},{"type":"Feature","properties":{"CODIGO":184,"ESCOLA":"ESCOLA MUNICIPAL CONCEICAO MOURAO","DIST":"DIST5","DISTRITO":"DISTRITO 5"},"geometry":{"type":"Point","coordinates":[-38.60182,-3.7771]}},{"type":"Feature","properties":{"CODIGO":185,"ESCOLA":"ESCOLA MUNICIPAL MURILO AGUIAR","DIST":"DIST3","DISTRITO":"DISTRITO 3"},"geometry":{"type":"Point","coordinates":[-38.60302,-3.7549]}},{"type":"Feature","properties":{"CODIGO":186,"ESCOLA":"ESCOLA MUNICIPAL SANTA MARIA","DIST":"DIST3","DISTRITO":"DISTRITO 3"},"geometry":{"type":"Point","coordinates":[-38.5878,-3.76449]}},{"type":"Feature","properties":{"CODIGO":187,"ESCOLA":"ESCOLA MUNICIPAL FAUSTINO DE ALBUQUERQUE","DIST":"DIST3","DISTRITO":"DISTRITO 3"},"geometry":{"type":"Point","coordinates":[-38.55414,-3.72413]}},{"type":"Feature","properties":{"CODIGO":188,"ESCOLA":"ESCOLA MUNICIPAL HILBERTO SILVA","DIST":"DIST1","DISTRITO":"DISTRITO 1"},"geometry":{"type":"Point","coordinates":[-38.55556,-3.71214]}},{"type":"Feature","properties":{"CODIGO":189,"ESCOLA":"ESCOLA MUNICIPAL PROFESSOR ANISIO TEIXEIRA","DIST":"DIST6","DISTRITO":"DISTRITO 6"},"geometry":{"type":"Point","coordinates":[-38.49277,-3.8587]}},{"type":"Feature","properties":{"CODIGO":190,"ESCOLA":"ESCOLA MUNICIPAL MARIA DE LOURDES","DIST":"DIST6","DISTRITO":"DISTRITO 6"},"geometry":{"type":"Point","coordinates":[-38.50935,-3.78758]}},{"type":"Feature","properties":{"CODIGO":191,"ESCOLA":"ESCOLA MUNICIPAL DE TEMPO INTEGRAL PROFESSOR JOAQUIM FRANCISCO DE SOUSA FILHO","DIST":"DIST3","DISTRITO":"DISTRITO 3"},"geometry":{"type":"Point","coordinates":[-38.57058,-3.73067]}},{"type":"Feature","properties":{"CODIGO":192,"ESCOLA":"ESCOLA MUNICIPAL PROFESSOR MANUEL EDUARDO PINHEIRO CAMPOS","DIST":"DIST2","DISTRITO":"DISTRITO 2"},"geometry":{"type":"Point","coordinates":[-38.44873,-3.78951]}},{"type":"Feature","properties":{"CODIGO":193,"ESCOLA":"ESCOLA MUNICIPAL JORNALISTA JOSE BLANCHARD GIRAO DA SILVA","DIST":"DIST6","DISTRITO":"DISTRITO 6"},"geometry":{"type":"Point","coordinates":[-38.50685,-3.84466]}},{"type":"Feature","properties":{"CODIGO":194,"ESCOLA":"ESCOLA MUNICIPAL INFANTE ROSALINA RODRIGUES","DIST":"DIST4","DISTRITO":"DISTRITO 4"},"geometry":{"type":"Point","coordinates":[-38.54886,-3.80676]}},{"type":"Feature","properties":{"CODIGO":195,"ESCOLA":"ESCOLA MUNICIPAL PROFESSORA MARIA JOSE MACARIO COELHO","DIST":"DIST4","DISTRITO":"DISTRITO 4"},"geometry":{"type":"Point","coordinates":[-38.54275,-3.82024]}},{"type":"Feature","properties":{"CODIGO":196,"ESCOLA":"ESCOLA MUNICIPAL PROFESSORA MARIA ANTONEZIA MEIRELES E SÁ","DIST":"DIST6","DISTRITO":"DISTRITO 6"},"geometry":{"type":"Point","coordinates":[-38.50644,-3.81912]}},{"type":"Feature","properties":{"CODIGO":197,"ESCOLA":"ESCOLA MUNICIPAL JOSE BATISTA DE OLIVEIRA","DIST":"DIST3","DISTRITO":"DISTRITO 3"},"geometry":{"type":"Point","coordinates":[-38.56534,-3.75732]}},{"type":"Feature","properties":{"CODIGO":198,"ESCOLA":"ESCOLA MUNICIPAL PAPA JOAO XXIII","DIST":"DIST4","DISTRITO":"DISTRITO 4"},"geometry":{"type":"Point","coordinates":[-38.53399,-3.76359]}},{"type":"Feature","properties":{"CODIGO":199,"ESCOLA":"ESCOLA MUNICIPAL LORHAN MARQUES MEDEIROS","DIST":"DIST1","DISTRITO":"DISTRITO 1"},"geometry":{"type":"Point","coordinates":[-38.59136,-3.72161]}},{"type":"Feature","properties":{"CODIGO":200,"ESCOLA":"ESCOLA MUNICIPAL JOAO HILDO DE CARVALHO FURTADO","DIST":"DIST5","DISTRITO":"DISTRITO 5"},"geometry":{"type":"Point","coordinates":[-38.59048,-3.83037]}},{"type":"Feature","properties":{"CODIGO":201,"ESCOLA":"ESCOLA MUNICIPAL REITOR PEDRO TEIXEIRA BARROSO","DIST":"DIST1","DISTRITO":"DISTRITO 1"},"geometry":{"type":"Point","coordinates":[-38.58384,-3.70821]}},{"type":"Feature","properties":{"CODIGO":203,"ESCOLA":"ESCOLA MUNICIPAL ODILON GONZAGA BRAVEZA","DIST":"DIST4","DISTRITO":"DISTRITO 4"},"geometry":{"type":"Point","coordinates":[-38.51872,-3.79283]}},{"type":"Feature","properties":{"CODIGO":204,"ESCOLA":"ESCOLA MUNICIPAL MARIA VIVIANE BENEVIDES GOUVEIA","DIST":"DIST5","DISTRITO":"DISTRITO 5"},"geometry":{"type":"Point","coordinates":[-38.57704,-3.80097]}},{"type":"Feature","properties":{"CODIGO":205,"ESCOLA":"ESCOLA MUNICIPAL PROFESSORA FERNANDA MARIA DE ALENCAR COLARES","DIST":"DIST6","DISTRITO":"DISTRITO 6"},"geometry":{"type":"Point","coordinates":[-38.45223,-3.81995]}},{"type":"Feature","properties":{"CODIGO":417,"ESCOLA":"CENTRO DE EDUCACAO INFANTIL ODILON GONZAGA BRAVEZA","DIST":"DIST4","DISTRITO":"DISTRITO 4"},"geometry":{"type":"Point","coordinates":[-38.51828,-3.79287]}},{"type":"Feature","properties":{"CODIGO":418,"ESCOLA":"CENTRO DE EDUCACAO INFANTIL ODILON GONZAGA BRAVEZA - UNID II","DIST":"DIST4","DISTRITO":"DISTRITO 4"},"geometry":{"type":"Point","coordinates":[-38.51802,-3.80088]}},{"type":"Feature","properties":{"CODIGO":422,"ESCOLA":"CENTRO DE EDUCACAO INFANTIL PAPA JOAO XXIII","DIST":"DIST4","DISTRITO":"DISTRITO 4"},"geometry":{"type":"Point","coordinates":[-38.53447,-3.76335]}},{"type":"Feature","properties":{"CODIGO":424,"ESCOLA":"CENTRO DE EDUCACAO INFANTIL VICENTE FIALHO","DIST":"DIST4","DISTRITO":"DISTRITO 4"},"geometry":{"type":"Point","coordinates":[-38.55492,-3.76187]}},{"type":"Feature","properties":{"CODIGO":427,"ESCOLA":"CENTRO DE EDUCACAO INFANTIL CASIMIRO JOSE DE LIMA FILHO","DIST":"DIST1","DISTRITO":"DISTRITO 1"},"geometry":{"type":"Point","coordinates":[-38.58229,-3.70954]}},{"type":"Feature","properties":{"CODIGO":429,"ESCOLA":"CENTRO DE EDUCACAO INFANTIL JESUS CRISTO","DIST":"DIST1","DISTRITO":"DISTRITO 1"},"geometry":{"type":"Point","coordinates":[-38.58344,-3.72224]}},{"type":"Feature","properties":{"CODIGO":430,"ESCOLA":"ESCOLA MUNICIPAL TOMAZ MUNIZ","DIST":"DIST5","DISTRITO":"DISTRITO 5"},"geometry":{"type":"Point","coordinates":[-38.60576,-3.80445]}},{"type":"Feature","properties":{"CODIGO":431,"ESCOLA":"CENTRO DE EDUCACAO INFANTIL CHICO ANYSIO","DIST":"DIST5","DISTRITO":"DISTRITO 5"},"geometry":{"type":"Point","coordinates":[-38.61181,-3.80451]}},{"type":"Feature","properties":{"CODIGO":432,"ESCOLA":"ESCOLA MUNICIPAL PROFESSORA LIREDA FACO - UNID II","DIST":"DIST5","DISTRITO":"DISTRITO 5"},"geometry":{"type":"Point","coordinates":[-38.60388,-3.78649]}},{"type":"Feature","properties":{"CODIGO":434,"ESCOLA":"CENTRO DE EDUCACAO INFANTIL REITOR ANTONIO MARTINS FILHO - UNID II","DIST":"DIST5","DISTRITO":"DISTRITO 5"},"geometry":{"type":"Point","coordinates":[-38.60254,-3.78178]}},{"type":"Feature","properties":{"CODIGO":435,"ESCOLA":"CENTRO DE EDUCACAO INFANTIL REITOR ANTONIO MARTINS FILHO","DIST":"DIST5","DISTRITO":"DISTRITO 5"},"geometry":{"type":"Point","coordinates":[-38.60225,-3.78188]}},{"type":"Feature","properties":{"CODIGO":436,"ESCOLA":"CENTRO DE EDUCACAO INFANTIL MANUEL LIMA SOARES","DIST":"DIST4","DISTRITO":"DISTRITO 4"},"geometry":{"type":"Point","coordinates":[-38.5468,-3.79925]}},{"type":"Feature","properties":{"CODIGO":437,"ESCOLA":"CENTRO DE EDUCACAO INFANTIL ALAIDE AUGUSTO DE OLIVEIRA","DIST":"DIST5","DISTRITO":"DISTRITO 5"},"geometry":{"type":"Point","coordinates":[-38.59582,-3.81361]}},{"type":"Feature","properties":{"CODIGO":438,"ESCOLA":"CENTRO DE EDUCACAO INFANTIL ZILDA ARNS NEUMANN","DIST":"DIST5","DISTRITO":"DISTRITO 5"},"geometry":{"type":"Point","coordinates":[-38.60244,-3.81753]}},{"type":"Feature","properties":{"CODIGO":439,"ESCOLA":"CENTRO DE EDUCACAO INFANTIL JONATHAN DA ROCHA ALCOFORADO","DIST":"DIST5","DISTRITO":"DISTRITO 5"},"geometry":{"type":"Point","coordinates":[-38.58106,-3.82567]}},{"type":"Feature","properties":{"CODIGO":440,"ESCOLA":"CENTRO DE EDUCACAO INFANTIL JOAO MENDES DE ANDRADE","DIST":"DIST5","DISTRITO":"DISTRITO 5"},"geometry":{"type":"Point","coordinates":[-38.62987,-3.7892]}},{"type":"Feature","properties":{"CODIGO":442,"ESCOLA":"CENTRO DE EDUCACAO INFANTIL MURILO SERPA","DIST":"DIST3","DISTRITO":"DISTRITO 3"},"geometry":{"type":"Point","coordinates":[-38.58261,-3.75234]}},{"type":"Feature","properties":{"CODIGO":444,"ESCOLA":"CENTRO DE EDUCACAO INFANTIL PROFESSOR JOSE REBOUCAS MACAMBIRA","DIST":"DIST1","DISTRITO":"DISTRITO 1"},"geometry":{"type":"Point","coordinates":[-38.59145,-3.72198]}},{"type":"Feature","properties":{"CODIGO":445,"ESCOLA":"CENTRO DE EDUCACAO INFANTIL PROFESSOR MARTINZ DE AGUIAR","DIST":"DIST3","DISTRITO":"DISTRITO 3"},"geometry":{"type":"Point","coordinates":[-38.55724,-3.72271]}},{"type":"Feature","properties":{"CODIGO":446,"ESCOLA":"CENTRO DE EDUCACAO INFANTIL JOAO SARAIVA LEAO","DIST":"DIST6","DISTRITO":"DISTRITO 6"},"geometry":{"type":"Point","coordinates":[-38.48019,-3.83106]}},{"type":"Feature","properties":{"CODIGO":449,"ESCOLA":"CENTRO DE EDUCACAO INFANTIL MARIA HELENILCE CAVALCANTE LEITE MARTINS","DIST":"DIST6","DISTRITO":"DISTRITO 6"},"geometry":{"type":"Point","coordinates":[-38.52434,-3.85132]}},{"type":"Feature","properties":{"CODIGO":450,"ESCOLA":"CENTRO DE EDUCACAO INFANTIL PROFESSOR FRANCISCO MAURICIO DE MATTOS DOURADO","DIST":"DIST2","DISTRITO":"DISTRITO 2"},"geometry":{"type":"Point","coordinates":[-38.4795,-3.77201]}},{"type":"Feature","properties":{"CODIGO":454,"ESCOLA":"CENTRO DE EDUCACAO INFANTIL PROFESSORA TEREZINHA FERREIRA PARENTE","DIST":"DIST6","DISTRITO":"DISTRITO 6"},"geometry":{"type":"Point","coordinates":[-38.46364,-3.82702]}},{"type":"Feature","properties":{"CODIGO":458,"ESCOLA":"CENTRO DE EDUCACAO INFANTIL RACHEL DE QUEIROZ *","DIST":"DIST4","DISTRITO":"DISTRITO 4"},"geometry":{"type":"Point","coordinates":[-38.55718,-3.82957]}},{"type":"Feature","properties":{"CODIGO":459,"ESCOLA":"CENTRO DE EDUCACAO INFANTIL PROFESSOR CLODOALDO PINTO","DIST":"DIST3","DISTRITO":"DISTRITO 3"},"geometry":{"type":"Point","coordinates":[-38.58093,-3.73074]}},{"type":"Feature","properties":{"CODIGO":460,"ESCOLA":"CENTRO DE EDUCACAO INFANTIL JOAQUIM NOGUEIRA","DIST":"DIST3","DISTRITO":"DISTRITO 3"},"geometry":{"type":"Point","coordinates":[-38.59579,-3.73867]}},{"type":"Feature","properties":{"CODIGO":461,"ESCOLA":"CENTRO DE EDUCACAO INFANTIL PROFESSOR OSMIRIO DE OLIVEIRA BARRETO","DIST":"DIST5","DISTRITO":"DISTRITO 5"},"geometry":{"type":"Point","coordinates":[-38.56976,-3.81759]}},{"type":"Feature","properties":{"CODIGO":464,"ESCOLA":"CENTRO DE EDUCACAO INFANTIL MARIA DE CARVALHO MARTINS","DIST":"DIST4","DISTRITO":"DISTRITO 4"},"geometry":{"type":"Point","coordinates":[-38.53792,-3.7921]}},{"type":"Feature","properties":{"CODIGO":467,"ESCOLA":"CENTRO DE EDUCACAO INFANTIL ALMERINDA DE ALBUQUERQUE","DIST":"DIST2","DISTRITO":"DISTRITO 2"},"geometry":{"type":"Point","coordinates":[-38.51371,-3.76127]}},{"type":"Feature","properties":{"CODIGO":540,"ESCOLA":"CRECHE NOVA VIDA","DIST":"DIST3","DISTRITO":"DISTRITO 3"},"geometry":{"type":"Point","coordinates":[-38.55463,-3.74342]}},{"type":"Feature","properties":{"CODIGO":541,"ESCOLA":"CRECHE JOSE ORDELIO MENDES ALVES","DIST":"DIST5","DISTRITO":"DISTRITO 5"},"geometry":{"type":"Point","coordinates":[-38.59093,-3.79942]}},{"type":"Feature","properties":{"CODIGO":543,"ESCOLA":"CRECHE PEQUENOS BRILHANTES","DIST":"DIST5","DISTRITO":"DISTRITO 5"},"geometry":{"type":"Point","coordinates":[-38.58839,-3.82771]}},{"type":"Feature","properties":{"CODIGO":544,"ESCOLA":"CRECHE SEMENTE DO AMANHA","DIST":"DIST4","DISTRITO":"DISTRITO 4"},"geometry":{"type":"Point","coordinates":[-38.52784,-3.78546]}},{"type":"Feature","properties":{"CODIGO":545,"ESCOLA":"CRECHE RAINHA DA PAZ","DIST":"DIST4","DISTRITO":"DISTRITO 4"},"geometry":{"type":"Point","coordinates":[-38.521401,-3.789551]}},{"type":"Feature","properties":{"CODIGO":546,"ESCOLA":"CRECHE PARAISO DA CRIANCA","DIST":"DIST4","DISTRITO":"DISTRITO 4"},"geometry":{"type":"Point","coordinates":[-38.57771,-3.78559]}},{"type":"Feature","properties":{"CODIGO":548,"ESCOLA":"CRECHE INES BRASIL","DIST":"DIST4","DISTRITO":"DISTRITO 4"},"geometry":{"type":"Point","coordinates":[-38.53692,-3.81239]}},{"type":"Feature","properties":{"CODIGO":552,"ESCOLA":"CRECHE JARDIM DA CRIANCA","DIST":"DIST5","DISTRITO":"DISTRITO 5"},"geometry":{"type":"Point","coordinates":[-38.60482,-3.79691]}},{"type":"Feature","properties":{"CODIGO":553,"ESCOLA":"CRECHE MARIA DA HORA","DIST":"DIST3","DISTRITO":"DISTRITO 3"},"geometry":{"type":"Point","coordinates":[-38.58377,-3.75651]}},{"type":"Feature","properties":{"CODIGO":555,"ESCOLA":"CRECHE NOVA ESPERANCA","DIST":"DIST6","DISTRITO":"DISTRITO 6"},"geometry":{"type":"Point","coordinates":[-38.4786,-3.83262]}},{"type":"Feature","properties":{"CODIGO":557,"ESCOLA":"CRECHE MARIA PEQUENA","DIST":"DIST5","DISTRITO":"DISTRITO 5"},"geometry":{"type":"Point","coordinates":[-38.59786,-3.81006]}},{"type":"Feature","properties":{"CODIGO":558,"ESCOLA":"CRECHE CANTINHO FELIZ II","DIST":"DIST6","DISTRITO":"DISTRITO 6"},"geometry":{"type":"Point","coordinates":[-38.50433,-3.78231]}},{"type":"Feature","properties":{"CODIGO":559,"ESCOLA":"CRECHE POR DO SOL","DIST":"DIST6","DISTRITO":"DISTRITO 6"},"geometry":{"type":"Point","coordinates":[-38.47375,-3.84964]}},{"type":"Feature","properties":{"CODIGO":560,"ESCOLA":"CRECHE VIDA VIDEIRA","DIST":"DIST2","DISTRITO":"DISTRITO 2"},"geometry":{"type":"Point","coordinates":[-38.46913,-3.80055]}},{"type":"Feature","properties":{"CODIGO":566,"ESCOLA":"CRECHE PEQUENA BIA","DIST":"DIST3","DISTRITO":"DISTRITO 3"},"geometry":{"type":"Point","coordinates":[-38.5976,-3.75267]}},{"type":"Feature","properties":{"CODIGO":567,"ESCOLA":"CRECHE VO ESTEFANIA","DIST":"DIST4","DISTRITO":"DISTRITO 4"},"geometry":{"type":"Point","coordinates":[-38.55938,-3.83392]}},{"type":"Feature","properties":{"CODIGO":569,"ESCOLA":"CRECHE SONHO INFANTIL","DIST":"DIST2","DISTRITO":"DISTRITO 2"},"geometry":{"type":"Point","coordinates":[-38.47499,-3.72731]}},{"type":"Feature","properties":{"CODIGO":571,"ESCOLA":"CRECHE UNIAO PAUPINA","DIST":"DIST6","DISTRITO":"DISTRITO 6"},"geometry":{"type":"Point","coordinates":[-38.48754,-3.84981]}},{"type":"Feature","properties":{"CODIGO":575,"ESCOLA":"CRECHE TIA MARIQUINHA","DIST":"DIST3","DISTRITO":"DISTRITO 3"},"geometry":{"type":"Point","coordinates":[-38.5703,-3.75055]}},{"type":"Feature","properties":{"CODIGO":577,"ESCOLA":"CRECHE FAVO DE MEL","DIST":"DIST3","DISTRITO":"DISTRITO 3"},"geometry":{"type":"Point","coordinates":[-38.55951,-3.72217]}},{"type":"Feature","properties":{"CODIGO":578,"ESCOLA":"CRECHE DONA EULALIA UCHOA ALVES","DIST":"DIST5","DISTRITO":"DISTRITO 5"},"geometry":{"type":"Point","coordinates":[-38.60235,-3.78479]}},{"type":"Feature","properties":{"CODIGO":579,"ESCOLA":"CRECHE ANDRE LUIS","DIST":"DIST4","DISTRITO":"DISTRITO 4"},"geometry":{"type":"Point","coordinates":[-38.53329,-3.82775]}},{"type":"Feature","properties":{"CODIGO":580,"ESCOLA":"CRECHE APRISCO","DIST":"DIST3","DISTRITO":"DISTRITO 3"},"geometry":{"type":"Point","coordinates":[-38.54876,-3.74584]}},{"type":"Feature","properties":{"CODIGO":536,"ESCOLA":"CRECHE IRMAOS FIRMO","DIST":"DIST3","DISTRITO":"DISTRITO 3"},"geometry":{"type":"Point","coordinates":[-38.61703,-3.77259]}},{"type":"Feature","properties":{"CODIGO":602,"ESCOLA":"CENTRO DE EDUCACAO INFANTIL NOGUEIRA","DIST":"DIST5","DISTRITO":"DISTRITO 5"},"geometry":{"type":"Point","coordinates":[-38.61725,-3.8079]}},{"type":"Feature","properties":{"CODIGO":622,"ESCOLA":"CENTRO DE EDUCACAO INFANTIL MARIA DE CARVALHO MARTINS - UNID II","DIST":"DIST4","DISTRITO":"DISTRITO 4"},"geometry":{"type":"Point","coordinates":[-38.53482,-3.7904]}},{"type":"Feature","properties":{"CODIGO":643,"ESCOLA":"CRECHE FILIPPO SMALDONE","DIST":"DIST2","DISTRITO":"DISTRITO 2"},"geometry":{"type":"Point","coordinates":[-38.51839,-3.74329]}},{"type":"Feature","properties":{"CODIGO":645,"ESCOLA":"CRECHE PEQUENOS HEROIS","DIST":"DIST5","DISTRITO":"DISTRITO 5"},"geometry":{"type":"Point","coordinates":[-38.58105,-3.82847]}},{"type":"Feature","properties":{"CODIGO":647,"ESCOLA":"CRECHE ANJOS DE DEUS","DIST":"DIST1","DISTRITO":"DISTRITO 1"},"geometry":{"type":"Point","coordinates":[-38.56869,-3.70449]}},{"type":"Feature","properties":{"CODIGO":662,"ESCOLA":"CRECHE SANTA LUZIA","DIST":"DIST6","DISTRITO":"DISTRITO 6"},"geometry":{"type":"Point","coordinates":[-38.50745,-3.8853]}},{"type":"Feature","properties":{"CODIGO":664,"ESCOLA":"CRECHE TIA ZULEIDE","DIST":"DIST5","DISTRITO":"DISTRITO 5"},"geometry":{"type":"Point","coordinates":[-38.61744,-3.78941]}},{"type":"Feature","properties":{"CODIGO":702,"ESCOLA":"ESCOLA MUNICIPAL DE TEMPO INTEGRAL EDUCACAO BILINGUE FRANCISCO SUDERLAND BASTOS MOTA","DIST":"DIST4","DISTRITO":"DISTRITO 4"},"geometry":{"type":"Point","coordinates":[-38.55373,-3.80518]}},{"type":"Feature","properties":{"CODIGO":747,"ESCOLA":"CRECHE ESPACO DA SABEDORIA","DIST":"DIST3","DISTRITO":"DISTRITO 3"},"geometry":{"type":"Point","coordinates":[-38.59522,-3.75008]}},{"type":"Feature","properties":{"CODIGO":748,"ESCOLA":"CRECHE AMANHECER FELIZ","DIST":"DIST4","DISTRITO":"DISTRITO 4"},"geometry":{"type":"Point","coordinates":[-38.55401,-3.82334]}},{"type":"Feature","properties":{"CODIGO":749,"ESCOLA":"CRECHE FELIZ AMANHECER","DIST":"DIST5","DISTRITO":"DISTRITO 5"},"geometry":{"type":"Point","coordinates":[-38.58784,-3.80884]}},{"type":"Feature","properties":{"CODIGO":750,"ESCOLA":"CRECHE FAZENDO A DIFERENCA","DIST":"DIST6","DISTRITO":"DISTRITO 6"},"geometry":{"type":"Point","coordinates":[-38.51438,-3.84105]}},{"type":"Feature","properties":{"CODIGO":751,"ESCOLA":"CRECHE ALIANCA","DIST":"DIST5","DISTRITO":"DISTRITO 5"},"geometry":{"type":"Point","coordinates":[-38.60463,-3.80429]}},{"type":"Feature","properties":{"CODIGO":762,"ESCOLA":"ESCOLA MUNICIPAL PROFESSORA VANIA MARIA NEVES FACO BARROS - UNID II","DIST":"DIST4","DISTRITO":"DISTRITO 4"},"geometry":{"type":"Point","coordinates":[-38.55881,-3.8291]}},{"type":"Feature","properties":{"CODIGO":763,"ESCOLA":"CENTRO DE EDUCACAO INFANTIL PADRE JOSE NILSON","DIST":"DIST2","DISTRITO":"DISTRITO 2"},"geometry":{"type":"Point","coordinates":[-38.47853,-3.72732]}},{"type":"Feature","properties":{"CODIGO":471,"ESCOLA":"CENTRO DE EDUCACAO INFANTIL MARIA DE JESUS ORIA ALENCAR","DIST":"DIST6","DISTRITO":"DISTRITO 6"},"geometry":{"type":"Point","coordinates":[-38.51664,-3.85812]}},{"type":"Feature","properties":{"CODIGO":473,"ESCOLA":"CENTRO DE EDUCACAO INFANTIL DOM JOSE TUPINAMBA DA FROTA","DIST":"DIST3","DISTRITO":"DISTRITO 3"},"geometry":{"type":"Point","coordinates":[-38.56261,-3.75039]}},{"type":"Feature","properties":{"CODIGO":474,"ESCOLA":"CENTRO DE EDUCACAO INFANTIL PROFESSORA EDITH BRAGA","DIST":"DIST6","DISTRITO":"DISTRITO 6"},"geometry":{"type":"Point","coordinates":[-38.51596,-3.77099]}},{"type":"Feature","properties":{"CODIGO":475,"ESCOLA":"CENTRO DE EDUCACAO INFANTIL SAO CARLOS","DIST":"DIST3","DISTRITO":"DISTRITO 3"},"geometry":{"type":"Point","coordinates":[-38.60204,-3.73248]}},{"type":"Feature","properties":{"CODIGO":477,"ESCOLA":"CENTRO DE EDUCACAO INFANTIL GODOFREDO DE CASTRO FILHO","DIST":"DIST2","DISTRITO":"DISTRITO 2"},"geometry":{"type":"Point","coordinates":[-38.46526,-3.71762]}},{"type":"Feature","properties":{"CODIGO":480,"ESCOLA":"CAEE-INSTITUTO MOREIRA DE SOUZA","DIST":"DIST4","DISTRITO":"DISTRITO 4"},"geometry":{"type":"Point","coordinates":[-38.53823,-3.79079]}},{"type":"Feature","properties":{"CODIGO":481,"ESCOLA":"CENTRO DE EDUCACAO INFANTIL SECRETARIO PAULO PETROLA","DIST":"DIST1","DISTRITO":"DISTRITO 1"},"geometry":{"type":"Point","coordinates":[-38.54702,-3.71899]}},{"type":"Feature","properties":{"CODIGO":482,"ESCOLA":"CENTRO DE EDUCACAO INFANTIL MARIA ROSELI LIMA MESQUITA","DIST":"DIST1","DISTRITO":"DISTRITO 1"},"geometry":{"type":"Point","coordinates":[-38.57018,-3.72311]}},{"type":"Feature","properties":{"CODIGO":483,"ESCOLA":"CENTRO DE EDUCACAO INFANTIL PROFESSORA ANTONIA MARIA DE LIMA","DIST":"DIST5","DISTRITO":"DISTRITO 5"},"geometry":{"type":"Point","coordinates":[-38.62718,-3.78436]}},{"type":"Feature","properties":{"CODIGO":485,"ESCOLA":"CENTRO DE EDUCACAO INFANTIL ROCHA LIMA","DIST":"DIST3","DISTRITO":"DISTRITO 3"},"geometry":{"type":"Point","coordinates":[-38.55933,-3.72752]}},{"type":"Feature","properties":{"CODIGO":487,"ESCOLA":"CENTRO DE EDUCAÇÃO INFANTIL PROFESSOR ANISIO TEIXEIRA","DIST":"DIST6","DISTRITO":"DISTRITO 6"},"geometry":{"type":"Point","coordinates":[-38.49336,-3.85896]}},{"type":"Feature","properties":{"CODIGO":488,"ESCOLA":"ESCOLA MUNICIPAL HONORIO BEZERRA","DIST":"DIST3","DISTRITO":"DISTRITO 3"},"geometry":{"type":"Point","coordinates":[-38.56147,-3.72319]}},{"type":"Feature","properties":{"CODIGO":489,"ESCOLA":"CENTRO DE EDUCAÇÃO INFANTIL SANTA MARIA","DIST":"DIST3","DISTRITO":"DISTRITO 3"},"geometry":{"type":"Point","coordinates":[-38.58819,-3.7648]}},{"type":"Feature","properties":{"CODIGO":490,"ESCOLA":"CENTRO DE EDUCACAO INFANTIL MURILO AGUIAR","DIST":"DIST3","DISTRITO":"DISTRITO 3"},"geometry":{"type":"Point","coordinates":[-38.60325,-3.75602]}},{"type":"Feature","properties":{"CODIGO":491,"ESCOLA":"CENTRO DE EDUCACAO INFANTIL PADRE MARCELINO ZANELLA","DIST":"DIST4","DISTRITO":"DISTRITO 4"},"geometry":{"type":"Point","coordinates":[-38.56152,-3.78236]}},{"type":"Feature","properties":{"CODIGO":492,"ESCOLA":"CENTRO DE EDUCACAO INFANTIL PROFESSOR JACINTO BOTELHO","DIST":"DIST5","DISTRITO":"DISTRITO 5"},"geometry":{"type":"Point","coordinates":[-38.56925,-3.80653]}},{"type":"Feature","properties":{"CODIGO":496,"ESCOLA":"CENTRO DE EDUCACAO INFANTIL DARCY RIBEIRO","DIST":"DIST2","DISTRITO":"DISTRITO 2"},"geometry":{"type":"Point","coordinates":[-38.4784,-3.73293]}},{"type":"Feature","properties":{"CODIGO":497,"ESCOLA":"CENTRO DE EDUCACAO INFANTIL PROFESSORA MARIA DO SOCORRO FERREIRA VIRINO","DIST":"DIST6","DISTRITO":"DISTRITO 6"},"geometry":{"type":"Point","coordinates":[-38.52357,-3.84603]}},{"type":"Feature","properties":{"CODIGO":499,"ESCOLA":"CENTRO DE EDUCACAO INFANTIL TERTULIANO CAMBRAIA","DIST":"DIST1","DISTRITO":"DISTRITO 1"},"geometry":{"type":"Point","coordinates":[-38.5545,-3.71338]}},{"type":"Feature","properties":{"CODIGO":500,"ESCOLA":"CENTRO DE EDUCACAO INFANTIL RACHEL DE QUEIROZ","DIST":"DIST1","DISTRITO":"DISTRITO 1"},"geometry":{"type":"Point","coordinates":[-38.57063,-3.70655]}},{"type":"Feature","properties":{"CODIGO":501,"ESCOLA":"CENTRO DE EDUCACAO INFANTIL PROFESSORA BERNADETE ORIA DE OLIVEIRA","DIST":"DIST6","DISTRITO":"DISTRITO 6"},"geometry":{"type":"Point","coordinates":[-38.52734,-3.83899]}},{"type":"Feature","properties":{"CODIGO":503,"ESCOLA":"CENTRO DE EDUCACAO INFANTIL NOSSA SENHORA APARECIDA","DIST":"DIST1","DISTRITO":"DISTRITO 1"},"geometry":{"type":"Point","coordinates":[-38.53533,-3.72146]}},{"type":"Feature","properties":{"CODIGO":469,"ESCOLA":"ESCOLA MUNICIPAL LIONS CLUBE FORTALEZA FATIMA","DIST":"DIST6","DISTRITO":"DISTRITO 6"},"geometry":{"type":"Point","coordinates":[-38.51368,-3.83849]}},{"type":"Feature","properties":{"CODIGO":470,"ESCOLA":"CENTRO DE EDUCACAO INFANTIL CONEGO FRANCISCO PEREIRA DA SILVA","DIST":"DIST6","DISTRITO":"DISTRITO 6"},"geometry":{"type":"Point","coordinates":[-38.4812,-3.84756]}},{"type":"Feature","properties":{"CODIGO":81,"ESCOLA":"ESCOLA MUNICIPAL ALBA FROTA","DIST":"DIST1","DISTRITO":"DISTRITO 1"},"geometry":{"type":"Point","coordinates":[-38.52263,-3.73198]}},{"type":"Feature","properties":{"CODIGO":82,"ESCOLA":"ESCOLA MUNICIPAL PROFESSORA AIDA SANTOS E SILVA","DIST":"DIST2","DISTRITO":"DISTRITO 2"},"geometry":{"type":"Point","coordinates":[-38.46572,-3.72649]}},{"type":"Feature","properties":{"CODIGO":83,"ESCOLA":"ESCOLA MUNICIPAL PROFESSOR OSMIRIO DE OLIVEIRA BARRETO","DIST":"DIST5","DISTRITO":"DISTRITO 5"},"geometry":{"type":"Point","coordinates":[-38.5697,-3.81721]}},{"type":"Feature","properties":{"CODIGO":85,"ESCOLA":"ESCOLA MUNICIPAL PADRE JOSEFINO CABRAL","DIST":"DIST3","DISTRITO":"DISTRITO 3"},"geometry":{"type":"Point","coordinates":[-38.58906,-3.73381]}},{"type":"Feature","properties":{"CODIGO":87,"ESCOLA":"ESCOLA MUNICIPAL RACHEL DE QUEIROZ*","DIST":"DIST4","DISTRITO":"DISTRITO 4"},"geometry":{"type":"Point","coordinates":[-38.55693,-3.82909]}},{"type":"Feature","properties":{"CODIGO":88,"ESCOLA":"ESCOLA MUNICIPAL MONTEIRO LOBATO","DIST":"DIST4","DISTRITO":"DISTRITO 4"},"geometry":{"type":"Point","coordinates":[-38.55922,-3.83249]}},{"type":"Feature","properties":{"CODIGO":89,"ESCOLA":"ESCOLA MUNICIPAL ANTONIO SALES","DIST":"DIST3","DISTRITO":"DISTRITO 3"},"geometry":{"type":"Point","coordinates":[-38.55737,-3.74843]}},{"type":"Feature","properties":{"CODIGO":90,"ESCOLA":"ESCOLA MUNICIPAL AUTRAN NUNES","DIST":"DIST3","DISTRITO":"DISTRITO 3"},"geometry":{"type":"Point","coordinates":[-38.59586,-3.74941]}},{"type":"Feature","properties":{"CODIGO":91,"ESCOLA":"ESCOLA MUNICIPAL DONA DAGMAR GENTIL","DIST":"DIST3","DISTRITO":"DISTRITO 3"},"geometry":{"type":"Point","coordinates":[-38.59032,-3.76803]}},{"type":"Feature","properties":{"CODIGO":95,"ESCOLA":"ESCOLA MUNICIPAL JOSE ALCIDES PINTO","DIST":"DIST5","DISTRITO":"DISTRITO 5"},"geometry":{"type":"Point","coordinates":[-38.58595,-3.77435]}},{"type":"Feature","properties":{"CODIGO":98,"ESCOLA":"ESCOLA MUNICIPAL DOM ALOISIO LORSCHEIDER","DIST":"DIST2","DISTRITO":"DISTRITO 2"},"geometry":{"type":"Point","coordinates":[-38.45474,-3.74506]}},{"type":"Feature","properties":{"CODIGO":99,"ESCOLA":"ESCOLA MUNICIPAL SECRETARIO PAULO PETROLA","DIST":"DIST1","DISTRITO":"DISTRITO 1"},"geometry":{"type":"Point","coordinates":[-38.54455,-3.72473]}},{"type":"Feature","properties":{"CODIGO":100,"ESCOLA":"ESCOLA MUNICIPAL FREI LAURO SCHWARTE","DIST":"DIST3","DISTRITO":"DISTRITO 3"},"geometry":{"type":"Point","coordinates":[-38.54123,-3.73205]}},{"type":"Feature","properties":{"CODIGO":101,"ESCOLA":"ESCOLA MUNICIPAL DE TEMPO INTEGRAL CAROLINO SUCUPIRA","DIST":"DIST4","DISTRITO":"DISTRITO 4"},"geometry":{"type":"Point","coordinates":[-38.55881,-3.77262]}},{"type":"Feature","properties":{"CODIGO":102,"ESCOLA":"ESCOLA MUNICIPAL JOSE NAURI BRAGA","DIST":"DIST3","DISTRITO":"DISTRITO 3"},"geometry":{"type":"Point","coordinates":[-38.56663,-3.74972]}},{"type":"Feature","properties":{"CODIGO":103,"ESCOLA":"ESCOLA MUNICIPAL PROFESSOR JOSE CIRIO PEREIRA FILHO","DIST":"DIST5","DISTRITO":"DISTRITO 5"},"geometry":{"type":"Point","coordinates":[-38.6232,-3.8055]}},{"type":"Feature","properties":{"CODIGO":104,"ESCOLA":"ESCOLA MUNICIPAL NARCISA BORGES","DIST":"DIST3","DISTRITO":"DISTRITO 3"},"geometry":{"type":"Point","coordinates":[-38.57997,-3.73925]}},{"type":"Feature","properties":{"CODIGO":106,"ESCOLA":"ESCOLA MUNICIPAL SEBASTIANA ALDIGUERI","DIST":"DIST1","DISTRITO":"DISTRITO 1"},"geometry":{"type":"Point","coordinates":[-38.56319,-3.70797]}},{"type":"Feature","properties":{"CODIGO":107,"ESCOLA":"ESCOLA MUNICIPAL CRISTO REDENTOR","DIST":"DIST1","DISTRITO":"DISTRITO 1"},"geometry":{"type":"Point","coordinates":[-38.55859,-3.70918]}},{"type":"Feature","properties":{"CODIGO":108,"ESCOLA":"ESCOLA MUNICIPAL COLONIA Z-8","DIST":"DIST2","DISTRITO":"DISTRITO 2"},"geometry":{"type":"Point","coordinates":[-38.48539,-3.72884]}},{"type":"Feature","properties":{"CODIGO":109,"ESCOLA":"ESCOLA MUNICIPAL PADRE ARIMATEIA DINIZ","DIST":"DIST3","DISTRITO":"DISTRITO 3"},"geometry":{"type":"Point","coordinates":[-38.59913,-3.76832]}},{"type":"Feature","properties":{"CODIGO":110,"ESCOLA":"ESCOLA MUNICIPAL GENERAL MANOEL CORDEIRO NETO","DIST":"DIST4","DISTRITO":"DISTRITO 4"},"geometry":{"type":"Point","coordinates":[-38.53328,-3.76848]}},{"type":"Feature","properties":{"CODIGO":111,"ESCOLA":"ESCOLA MUNICIPAL CRESCER E APRENDER","DIST":"DIST5","DISTRITO":"DISTRITO 5"},"geometry":{"type":"Point","coordinates":[-38.59782,-3.79073]}},{"type":"Feature","properties":{"CODIGO":112,"ESCOLA":"ESCOLA MUNICIPAL DE TEMPO INTEGRAL MARIA DO SOCORRO ALVES CARNEIRO","DIST":"DIST5","DISTRITO":"DISTRITO 5"},"geometry":{"type":"Point","coordinates":[-38.58937,-3.78824]}},{"type":"Feature","properties":{"CODIGO":113,"ESCOLA":"ESCOLA MUNICIPAL PROFESSORA MARIA ODNILRA CRUZ MOREIRA","DIST":"DIST2","DISTRITO":"DISTRITO 2"},"geometry":{"type":"Point","coordinates":[-38.46795,-3.75566]}},{"type":"Feature","properties":{"CODIGO":114,"ESCOLA":"ESCOLA MUNICIPAL FREI AGOSTINHO FERNANDES","DIST":"DIST2","DISTRITO":"DISTRITO 2"},"geometry":{"type":"Point","coordinates":[-38.45651,-3.73805]}},{"type":"Feature","properties":{"CODIGO":115,"ESCOLA":"ESCOLA MUNICIPAL PAULO SARASATE","DIST":"DIST3","DISTRITO":"DISTRITO 3"},"geometry":{"type":"Point","coordinates":[-38.56317,-3.76397]}},{"type":"Feature","properties":{"CODIGO":116,"ESCOLA":"ESCOLA MUNICIPAL PROFESSOR JOSE VALDEVINO DE CARVALHO","DIST":"DIST4","DISTRITO":"DISTRITO 4"},"geometry":{"type":"Point","coordinates":[-38.55893,-3.77572]}},{"type":"Feature","properties":{"CODIGO":117,"ESCOLA":"ESCOLA MUNICIPAL LUIS ANGELO PEREIRA","DIST":"DIST2","DISTRITO":"DISTRITO 2"},"geometry":{"type":"Point","coordinates":[-38.47699,-3.72653]}},{"type":"Feature","properties":{"CODIGO":118,"ESCOLA":"ESCOLA MUNICIPAL FREI TITO DE ALENCAR LIMA","DIST":"DIST2","DISTRITO":"DISTRITO 2"},"geometry":{"type":"Point","coordinates":[-38.44086,-3.76526]}},{"type":"Feature","properties":{"CODIGO":119,"ESCOLA":"CENTRO DE EDUCACAO INFANTIL PROFESSORA OLINDINA CARVALHO DE MORAIS","DIST":"DIST6","DISTRITO":"DISTRITO 6"},"geometry":{"type":"Point","coordinates":[-38.52004,-3.82403]}},{"type":"Feature","properties":{"CODIGO":120,"ESCOLA":"ESCOLA MUNICIPAL GEISA FIRMO GONCALVES","DIST":"DIST4","DISTRITO":"DISTRITO 4"},"geometry":{"type":"Point","coordinates":[-38.56614,-3.83203]}},{"type":"Feature","properties":{"CODIGO":121,"ESCOLA":"ESCOLA MUNICIPAL RACHEL VIANA MARTINS","DIST":"DIST5","DISTRITO":"DISTRITO 5"},"geometry":{"type":"Point","coordinates":[-38.62464,-3.79295]}},{"type":"Feature","properties":{"CODIGO":123,"ESCOLA":"ESCOLA MUNICIPAL MANOEL MALVEIRA MAIA","DIST":"DIST5","DISTRITO":"DISTRITO 5"},"geometry":{"type":"Point","coordinates":[-38.61916,-3.79123]}},{"type":"Feature","properties":{"CODIGO":124,"ESCOLA":"ESCOLA MUNICIPAL MANOEL CAETANO DE SOUZA","DIST":"DIST3","DISTRITO":"DISTRITO 3"},"geometry":{"type":"Point","coordinates":[-38.59634,-3.7627]}},{"type":"Feature","properties":{"CODIGO":125,"ESCOLA":"ESCOLA MUNICIPAL CASTELO DE CASTRO","DIST":"DIST1","DISTRITO":"DISTRITO 1"},"geometry":{"type":"Point","coordinates":[-38.60014,-3.71802]}},{"type":"Feature","properties":{"CODIGO":126,"ESCOLA":"ESCOLA MUNICIPAL JOSE BONIFACIO DE SOUSA","DIST":"DIST3","DISTRITO":"DISTRITO 3"},"geometry":{"type":"Point","coordinates":[-38.57179,-3.75713]}},{"type":"Feature","properties":{"CODIGO":127,"ESCOLA":"ESCOLA MUNICIPAL DOM MANOEL DA SILVA GOMES","DIST":"DIST4","DISTRITO":"DISTRITO 4"},"geometry":{"type":"Point","coordinates":[-38.54518,-3.75467]}},{"type":"Feature","properties":{"CODIGO":128,"ESCOLA":"ESCOLA MUNICIPAL GOVERNADOR FAUSTINO DE ALBUQUERQUE","DIST":"DIST3","DISTRITO":"DISTRITO 3"},"geometry":{"type":"Point","coordinates":[-38.60792,-3.77199]}},{"type":"Feature","properties":{"CODIGO":129,"ESCOLA":"ESCOLA MUNICIPAL MARIA ALICE","DIST":"DIST2","DISTRITO":"DISTRITO 2"},"geometry":{"type":"Point","coordinates":[-38.48331,-3.73483]}},{"type":"Feature","properties":{"CODIGO":130,"ESCOLA":"ESCOLA MUNICIPAL JESUS CRISTO","DIST":"DIST1","DISTRITO":"DISTRITO 1"},"geometry":{"type":"Point","coordinates":[-38.58339,-3.72191]}},{"type":"Feature","properties":{"CODIGO":131,"ESCOLA":"ESCOLA MUNICIPAL HENRIQUETA GALENO","DIST":"DIST5","DISTRITO":"DISTRITO 5"},"geometry":{"type":"Point","coordinates":[-38.58099,-3.7977]}},{"type":"Feature","properties":{"CODIGO":132,"ESCOLA":"ESCOLA MUNICIPAL PRESIDENTE KENNEDY","DIST":"DIST3","DISTRITO":"DISTRITO 3"},"geometry":{"type":"Point","coordinates":[-38.57768,-3.76816]}},{"type":"Feature","properties":{"CODIGO":133,"ESCOLA":"ESCOLA MUNICIPAL WALDEMAR BARROSO","DIST":"DIST4","DISTRITO":"DISTRITO 4"},"geometry":{"type":"Point","coordinates":[-38.54906,-3.77846]}},{"type":"Feature","properties":{"CODIGO":134,"ESCOLA":"ESCOLA MUNICIPAL GUSTAVO BARROSO","DIST":"DIST3","DISTRITO":"DISTRITO 3"},"geometry":{"type":"Point","coordinates":[-38.55791,-3.73261]}},{"type":"Feature","properties":{"CODIGO":135,"ESCOLA":"ESCOLA MUNICIPAL DE TEMPO INTEGRAL DOM ANTONIO DE ALMEIDA LUSTOSA","DIST":"DIST5","DISTRITO":"DISTRITO 5"},"geometry":{"type":"Point","coordinates":[-38.6267,-3.78462]}},{"type":"Feature","properties":{"CODIGO":136,"ESCOLA":"ESCOLA MUNICIPAL PROFESSORA MARIA LIDUINA CORREA LEITE","DIST":"DIST3","DISTRITO":"DISTRITO 3"},"geometry":{"type":"Point","coordinates":[-38.56982,-3.74909]}},{"type":"Feature","properties":{"CODIGO":137,"ESCOLA":"ESCOLA MUNICIPAL MANOEL RODRIGUES","DIST":"DIST1","DISTRITO":"DISTRITO 1"},"geometry":{"type":"Point","coordinates":[-38.59145,-3.72473]}},{"type":"Feature","properties":{"CODIGO":138,"ESCOLA":"ESCOLA MUNICIPAL NOSSA SENHORA DO SAGRADO CORAÇAO","DIST":"DIST2","DISTRITO":"DISTRITO 2"},"geometry":{"type":"Point","coordinates":[-38.5168,-3.75964]}},{"type":"Feature","properties":{"CODIGO":140,"ESCOLA":"ESCOLA MUNICIPAL LENIRA JUREMA DE MAGALHAES","DIST":"DIST3","DISTRITO":"DISTRITO 3"},"geometry":{"type":"Point","coordinates":[-38.5462,-3.72614]}},{"type":"Feature","properties":{"CODIGO":141,"ESCOLA":"ESCOLA MUNICIPAL OTAVIO DE FARIAS","DIST":"DIST6","DISTRITO":"DISTRITO 6"},"geometry":{"type":"Point","coordinates":[-38.50999,-3.81496]}},{"type":"Feature","properties":{"CODIGO":142,"ESCOLA":"ESCOLA MUNICIPAL BARBARA DE ALENCAR","DIST":"DIST6","DISTRITO":"DISTRITO 6"},"geometry":{"type":"Point","coordinates":[-38.50077,-3.85343]}},{"type":"Feature","properties":{"CODIGO":143,"ESCOLA":"ESCOLA MUNICIPAL JOSE CARLOS MATOS","DIST":"DIST5","DISTRITO":"DISTRITO 5"},"geometry":{"type":"Point","coordinates":[-38.59597,-3.7835]}},{"type":"Feature","properties":{"CODIGO":144,"ESCOLA":"ESCOLA MUNICIPAL DE TEMPO INTEGRAL FRANCISCA FERNANDES MAGALHAES","DIST":"DIST5","DISTRITO":"DISTRITO 5"},"geometry":{"type":"Point","coordinates":[-38.5898,-3.78008]}},{"type":"Feature","properties":{"CODIGO":145,"ESCOLA":"ESCOLA MUNICIPAL MARIA DALVA SEVERINO MARREIRO","DIST":"DIST1","DISTRITO":"DISTRITO 1"},"geometry":{"type":"Point","coordinates":[-38.58439,-3.72536]}},{"type":"Feature","properties":{"CODIGO":146,"ESCOLA":"ESCOLA MUNICIPAL ULISSES GUIMARAES","DIST":"DIST5","DISTRITO":"DISTRITO 5"},"geometry":{"type":"Point","coordinates":[-38.61551,-3.79382]}},{"type":"Feature","properties":{"CODIGO":147,"ESCOLA":"ESCOLA MUNICIPAL GODOFREDO DE CASTRO FILHO","DIST":"DIST2","DISTRITO":"DISTRITO 2"},"geometry":{"type":"Point","coordinates":[-38.46536,-3.71807]}},{"type":"Feature","properties":{"CODIGO":148,"ESCOLA":"ESCOLA MUNICIPAL DE TEMPO INTEGRAL FILGUEIRAS LIMA","DIST":"DIST4","DISTRITO":"DISTRITO 4"},"geometry":{"type":"Point","coordinates":[-38.53781,-3.75253]}},{"type":"Feature","properties":{"CODIGO":149,"ESCOLA":"ESCOLA MUNICIPAL CREUSA DO CARMO ROCHA","DIST":"DIST5","DISTRITO":"DISTRITO 5"},"geometry":{"type":"Point","coordinates":[-38.60301,-3.78149]}},{"type":"Feature","properties":{"CODIGO":150,"ESCOLA":"ESCOLA MUNICIPAL DE TEMPO INTEGRAL DIOGO VITAL DE SIQUEIRA","DIST":"DIST4","DISTRITO":"DISTRITO 4"},"geometry":{"type":"Point","coordinates":[-38.55495,-3.82663]}},{"type":"Feature","properties":{"CODIGO":151,"ESCOLA":"ESCOLA MUNICIPAL SAO CARLOS","DIST":"DIST3","DISTRITO":"DISTRITO 3"},"geometry":{"type":"Point","coordinates":[-38.59849,-3.73729]}},{"type":"Feature","properties":{"CODIGO":152,"ESCOLA":"ESCOLA MUNICIPAL PROFESSORA EDITH BRAGA","DIST":"DIST6","DISTRITO":"DISTRITO 6"},"geometry":{"type":"Point","coordinates":[-38.51576,-3.77122]}},{"type":"Feature","properties":{"CODIGO":153,"ESCOLA":"ESCOLA MUNICIPAL FRANCISCO SILVA CAVALCANTE","DIST":"DIST1","DISTRITO":"DISTRITO 1"},"geometry":{"type":"Point","coordinates":[-38.57975,-3.71858]}},{"type":"Feature","properties":{"CODIGO":154,"ESCOLA":"ESCOLA MUNICIPAL QUINTINO CUNHA","DIST":"DIST1","DISTRITO":"DISTRITO 1"},"geometry":{"type":"Point","coordinates":[-38.59186,-3.72465]}},{"type":"Feature","properties":{"CODIGO":156,"ESCOLA":"ESCOLA MUNICIPAL PROFESSOR LUIS RECAMONDE CAPELO","DIST":"DIST5","DISTRITO":"DISTRITO 5"},"geometry":{"type":"Point","coordinates":[-38.58817,-3.77563]}},{"type":"Feature","properties":{"CODIGO":157,"ESCOLA":"ESCOLA MUNICIPAL MARIETA CALS","DIST":"DIST6","DISTRITO":"DISTRITO 6"},"geometry":{"type":"Point","coordinates":[-38.52336,-3.84536]}},{"type":"Feature","properties":{"CODIGO":158,"ESCOLA":"ESCOLA MUNICIPAL MARIA DE JESUS ORIA ALENCAR","DIST":"DIST6","DISTRITO":"DISTRITO 6"},"geometry":{"type":"Point","coordinates":[-38.51178,-3.85239]}},{"type":"Feature","properties":{"CODIGO":159,"ESCOLA":"ESCOLA MUNICIPAL MANOELITO GUIMARAES DOMINGUES","DIST":"DIST6","DISTRITO":"DISTRITO 6"},"geometry":{"type":"Point","coordinates":[-38.5058,-3.8616]}},{"type":"Feature","properties":{"CODIGO":160,"ESCOLA":"ESCOLA MUNICIPAL MARIA MARIZA MENDES DE CARVALHO","DIST":"DIST1","DISTRITO":"DISTRITO 1"},"geometry":{"type":"Point","coordinates":[-38.606,-3.71987]}},{"type":"Feature","properties":{"CODIGO":161,"ESCOLA":"ESCOLA MUNICIPAL PROFESSORA ANTONIA MARIA DE LIMA","DIST":"DIST5","DISTRITO":"DISTRITO 5"},"geometry":{"type":"Point","coordinates":[-38.62477,-3.79063]}},{"type":"Feature","properties":{"CODIGO":162,"ESCOLA":"ESCOLA MUNICIPAL MOURA BRASIL","DIST":"DIST1","DISTRITO":"DISTRITO 1"},"geometry":{"type":"Point","coordinates":[-38.53515,-3.7185]}},{"type":"Feature","properties":{"CODIGO":163,"ESCOLA":"ESCOLA MUNICIPAL CONEGO FRANCISCO PEREIRA DA SILVA","DIST":"DIST6","DISTRITO":"DISTRITO 6"},"geometry":{"type":"Point","coordinates":[-38.48659,-3.84186]}},{"type":"Feature","properties":{"CODIGO":522,"ESCOLA":"CRECHE GIULIANA GALLI","DIST":"DIST4","DISTRITO":"DISTRITO 4"},"geometry":{"type":"Point","coordinates":[-38.55012,-3.78266]}},{"type":"Feature","properties":{"CODIGO":523,"ESCOLA":"CRECHE ARCA DOS SONHOS","DIST":"DIST6","DISTRITO":"DISTRITO 6"},"geometry":{"type":"Point","coordinates":[-38.50477,-3.86099]}},{"type":"Feature","properties":{"CODIGO":524,"ESCOLA":"CRECHE NOVO MUNDO PIONEIRO","DIST":"DIST5","DISTRITO":"DISTRITO 5"},"geometry":{"type":"Point","coordinates":[-38.62841,-3.80212]}},{"type":"Feature","properties":{"CODIGO":527,"ESCOLA":"CRECHE SONHO DE CRIANCA","DIST":"DIST5","DISTRITO":"DISTRITO 5"},"geometry":{"type":"Point","coordinates":[-38.56474,-3.79992]}},{"type":"Feature","properties":{"CODIGO":530,"ESCOLA":"CRECHE HOTELZINHO ESPACO DA CRIANCA","DIST":"DIST5","DISTRITO":"DISTRITO 5"},"geometry":{"type":"Point","coordinates":[-38.59797,-3.79639]}},{"type":"Feature","properties":{"CODIGO":531,"ESCOLA":"CRECHE NOSSA SENHORA DE FATIMA","DIST":"DIST3","DISTRITO":"DISTRITO 3"},"geometry":{"type":"Point","coordinates":[-38.61193,-3.76327]}},{"type":"Feature","properties":{"CODIGO":532,"ESCOLA":"CRECHE ARPOADOR","DIST":"DIST1","DISTRITO":"DISTRITO 1"},"geometry":{"type":"Point","coordinates":[-38.57016,-3.7034]}},{"type":"Feature","properties":{"CODIGO":533,"ESCOLA":"CRECHE AMADEU BARROS LEAL","DIST":"DIST1","DISTRITO":"DISTRITO 1"},"geometry":{"type":"Point","coordinates":[-38.54241,-3.72398]}},{"type":"Feature","properties":{"CODIGO":534,"ESCOLA":"CRECHE CRIANCA FELIZ","DIST":"DIST3","DISTRITO":"DISTRITO 3"},"geometry":{"type":"Point","coordinates":[-38.59989,-3.73611]}},{"type":"Feature","properties":{"CODIGO":538,"ESCOLA":"CRECHE REGINA DE FATIMA","DIST":"DIST4","DISTRITO":"DISTRITO 4"},"geometry":{"type":"Point","coordinates":[-38.52627,-3.81242]}},{"type":"Feature","properties":{"CODIGO":325,"ESCOLA":"ESCOLA MUNICIPAL TRISTAO DE ALENCAR","DIST":"DIST6","DISTRITO":"DISTRITO 6"},"geometry":{"type":"Point","coordinates":[-38.50896,-3.88895]}},{"type":"Feature","properties":{"CODIGO":326,"ESCOLA":"ESCOLA MUNICIPAL SINO PINHEIRO","DIST":"DIST6","DISTRITO":"DISTRITO 6"},"geometry":{"type":"Point","coordinates":[-38.5192,-3.82424]}},{"type":"Feature","properties":{"CODIGO":327,"ESCOLA":"ESCOLA MUNICIPAL JOAO SARAIVA LEAO","DIST":"DIST6","DISTRITO":"DISTRITO 6"},"geometry":{"type":"Point","coordinates":[-38.47736,-3.82612]}},{"type":"Feature","properties":{"CODIGO":328,"ESCOLA":"ESCOLA MUNICIPAL IRMA MARIA EVANETE","DIST":"DIST3","DISTRITO":"DISTRITO 3"},"geometry":{"type":"Point","coordinates":[-38.60321,-3.76085]}},{"type":"Feature","properties":{"CODIGO":329,"ESCOLA":"ESCOLA MUNICIPAL DEPUTADO GERONCIO BEZERRA","DIST":"DIST3","DISTRITO":"DISTRITO 3"},"geometry":{"type":"Point","coordinates":[-38.59063,-3.73628]}},{"type":"Feature","properties":{"CODIGO":330,"ESCOLA":"ESCOLA MUNICIPAL PROFESSOR MARTINZ DE AGUIAR","DIST":"DIST3","DISTRITO":"DISTRITO 3"},"geometry":{"type":"Point","coordinates":[-38.55739,-3.72218]}},{"type":"Feature","properties":{"CODIGO":331,"ESCOLA":"ESCOLA MUNICIPAL PROFESSOR JOSE REBOUCAS MACAMBIRA","DIST":"DIST1","DISTRITO":"DISTRITO 1"},"geometry":{"type":"Point","coordinates":[-38.59076,-3.72221]}},{"type":"Feature","properties":{"CODIGO":332,"ESCOLA":"ESCOLA MUNICIPAL MURILO SERPA","DIST":"DIST3","DISTRITO":"DISTRITO 3"},"geometry":{"type":"Point","coordinates":[-38.58395,-3.75588]}},{"type":"Feature","properties":{"CODIGO":333,"ESCOLA":"ESCOLA MUNICIPAL DOM HELDER CAMARA","DIST":"DIST1","DISTRITO":"DISTRITO 1"},"geometry":{"type":"Point","coordinates":[-38.57293,-3.7257]}},{"type":"Feature","properties":{"CODIGO":334,"ESCOLA":"ESCOLA MUNICIPAL HERONDINA LIMA CAVALCANTE","DIST":"DIST1","DISTRITO":"DISTRITO 1"},"geometry":{"type":"Point","coordinates":[-38.59808,-3.71594]}},{"type":"Feature","properties":{"CODIGO":336,"ESCOLA":"ESCOLA MUNICIPAL JOAO MENDES DE ANDRADE","DIST":"DIST5","DISTRITO":"DISTRITO 5"},"geometry":{"type":"Point","coordinates":[-38.62952,-3.78898]}},{"type":"Feature","properties":{"CODIGO":337,"ESCOLA":"ESCOLA MUNICIPAL JONATHAN DA ROCHA ALCOFORADO","DIST":"DIST5","DISTRITO":"DISTRITO 5"},"geometry":{"type":"Point","coordinates":[-38.58093,-3.82598]}},{"type":"Feature","properties":{"CODIGO":338,"ESCOLA":"ESCOLA MUNICIPAL JOSEFA BARROS DE ALENCAR","DIST":"DIST6","DISTRITO":"DISTRITO 6"},"geometry":{"type":"Point","coordinates":[-38.48628,-3.8286]}},{"type":"Feature","properties":{"CODIGO":339,"ESCOLA":"ESCOLA MUNICIPAL SAGRADO CORACAO","DIST":"DIST5","DISTRITO":"DISTRITO 5"},"geometry":{"type":"Point","coordinates":[-38.56371,-3.79513]}},{"type":"Feature","properties":{"CODIGO":340,"ESCOLA":"ESCOLA MUNICIPAL PADRE ANTONIO MONTEIRO DA CRUZ","DIST":"DIST5","DISTRITO":"DISTRITO 5"},"geometry":{"type":"Point","coordinates":[-38.60222,-3.81731]}},{"type":"Feature","properties":{"CODIGO":342,"ESCOLA":"ESCOLA MUNICIPAL HERBERT DE SOUZA","DIST":"DIST5","DISTRITO":"DISTRITO 5"},"geometry":{"type":"Point","coordinates":[-38.60801,-3.79724]}},{"type":"Feature","properties":{"CODIGO":343,"ESCOLA":"ESCOLA MUNICIPAL MOREIRA DA ROCHA","DIST":"DIST6","DISTRITO":"DISTRITO 6"},"geometry":{"type":"Point","coordinates":[-38.46616,-3.81438]}},{"type":"Feature","properties":{"CODIGO":344,"ESCOLA":"ESCOLA MUNICIPAL NOELZINDA SATIRO SANTIAGO","DIST":"DIST5","DISTRITO":"DISTRITO 5"},"geometry":{"type":"Point","coordinates":[-38.58432,-3.79543]}},{"type":"Feature","properties":{"CODIGO":345,"ESCOLA":"ESCOLA MUNICIPAL REITOR ANTONIO MARTINS FILHO","DIST":"DIST5","DISTRITO":"DISTRITO 5"},"geometry":{"type":"Point","coordinates":[-38.60133,-3.78107]}},{"type":"Feature","properties":{"CODIGO":346,"ESCOLA":"ESCOLA MUNICIPAL PROFESSORA LIREDA FACO","DIST":"DIST5","DISTRITO":"DISTRITO 5"},"geometry":{"type":"Point","coordinates":[-38.60983,-3.78834]}},{"type":"Feature","properties":{"CODIGO":347,"ESCOLA":"ESCOLA MUNICIPAL IMACULADA CONCEICAO","DIST":"DIST4","DISTRITO":"DISTRITO 4"},"geometry":{"type":"Point","coordinates":[-38.53312,-3.82194]}},{"type":"Feature","properties":{"CODIGO":348,"ESCOLA":"ESCOLA MUNICIPAL EDUCADOR PAULO FREIRE","DIST":"DIST5","DISTRITO":"DISTRITO 5"},"geometry":{"type":"Point","coordinates":[-38.59378,-3.78651]}},{"type":"Feature","properties":{"CODIGO":349,"ESCOLA":"ESCOLA MUNICIPAL CATARINA LIMA DA SILVA","DIST":"DIST5","DISTRITO":"DISTRITO 5"},"geometry":{"type":"Point","coordinates":[-38.60095,-3.79992]}},{"type":"Feature","properties":{"CODIGO":350,"ESCOLA":"ESCOLA MUNICIPAL SANTA TEREZINHA","DIST":"DIST4","DISTRITO":"DISTRITO 4"},"geometry":{"type":"Point","coordinates":[-38.54932,-3.79734]}},{"type":"Feature","properties":{"CODIGO":351,"ESCOLA":"ESCOLA MUNICIPAL RAIMUNDO DE SOUSA MANGUEIRA","DIST":"DIST1","DISTRITO":"DISTRITO 1"},"geometry":{"type":"Point","coordinates":[-38.5835,-3.72286]}},{"type":"Feature","properties":{"CODIGO":353,"ESCOLA":"ESCOLA MUNICIPAL CASIMIRO JOSE DE LIMA FILHO","DIST":"DIST1","DISTRITO":"DISTRITO 1"},"geometry":{"type":"Point","coordinates":[-38.58204,-3.70939]}},{"type":"Feature","properties":{"CODIGO":355,"ESCOLA":"ESCOLA MUNICIPAL DE TEMPO INTEGRAL PROFESSOR ALVARO COSTA","DIST":"DIST2","DISTRITO":"DISTRITO 2"},"geometry":{"type":"Point","coordinates":[-38.47173,-3.71177]}},{"type":"Feature","properties":{"CODIGO":356,"ESCOLA":"ESCOLA MUNICIPAL DE TEMPO INTEGRAL PROFESSORA ANTONIETA CALS","DIST":"DIST2","DISTRITO":"DISTRITO 2"},"geometry":{"type":"Point","coordinates":[-38.50617,-3.75568]}},{"type":"Feature","properties":{"CODIGO":357,"ESCOLA":"ESCOLA MUNICIPAL PAULO SERGIO DE SOUSA LIRA","DIST":"DIST4","DISTRITO":"DISTRITO 4"},"geometry":{"type":"Point","coordinates":[-38.51814,-3.81262]}},{"type":"Feature","properties":{"CODIGO":358,"ESCOLA":"ESCOLA MUNICIPAL PROFESSORA IRENE DE SOUZA PEREIRA","DIST":"DIST4","DISTRITO":"DISTRITO 4"},"geometry":{"type":"Point","coordinates":[-38.57659,-3.82568]}},{"type":"Feature","properties":{"CODIGO":359,"ESCOLA":"ESCOLA MUNICIPAL RAIMUNDO DE MOURA MATOS","DIST":"DIST4","DISTRITO":"DISTRITO 4"},"geometry":{"type":"Point","coordinates":[-38.53747,-3.81373]}},{"type":"Feature","properties":{"CODIGO":360,"ESCOLA":"ESCOLA MUNICIPAL SAO VICENTE DE PAULO","DIST":"DIST2","DISTRITO":"DISTRITO 2"},"geometry":{"type":"Point","coordinates":[-38.46399,-3.71815]}},{"type":"Feature","properties":{"CODIGO":361,"ESCOLA":"ESCOLA MUNICIPAL PROFESSOR GERARDO MILTON DE SA","DIST":"DIST3","DISTRITO":"DISTRITO 3"},"geometry":{"type":"Point","coordinates":[-38.58932,-3.7422]}},{"type":"Feature","properties":{"CODIGO":362,"ESCOLA":"ESCOLA MUNICIPAL PROFESSOR CLODOMIR TEOFILO GIRAO","DIST":"DIST6","DISTRITO":"DISTRITO 6"},"geometry":{"type":"Point","coordinates":[-38.48928,-3.82091]}},{"type":"Feature","properties":{"CODIGO":363,"ESCOLA":"CAEE- ASSOCIAÇÃO DE PAIS E AMIGOS DOS EXCEPCIONAIS DE FORTALEZA (APAE)","DIST":"DIST2","DISTRITO":"DISTRITO 2"},"geometry":{"type":"Point","coordinates":[-38.49698,-3.76835]}},{"type":"Feature","properties":{"CODIGO":365,"ESCOLA":"ESCOLA MUNICIPAL DEMOCRITO ROCHA","DIST":"DIST6","DISTRITO":"DISTRITO 6"},"geometry":{"type":"Point","coordinates":[-38.495,-3.8455]}},{"type":"Feature","properties":{"CODIGO":367,"ESCOLA":"CENTRO DE EDUCACAO INFANTIL MARIA FELICIO LOPES","DIST":"DIST2","DISTRITO":"DISTRITO 2"},"geometry":{"type":"Point","coordinates":[-38.464562,-3.720275]}},{"type":"Feature","properties":{"CODIGO":369,"ESCOLA":"CENTRO DE EDUCACAO INFANTIL JORNALISTA DEMOCRITO DUMMAR","DIST":"DIST5","DISTRITO":"DISTRITO 5"},"geometry":{"type":"Point","coordinates":[-38.60826,-3.822]}},{"type":"Feature","properties":{"CODIGO":370,"ESCOLA":"CENTRO DE EDUCACAO INFANTIL DOM ALOISIO LORSCHEIDER","DIST":"DIST2","DISTRITO":"DISTRITO 2"},"geometry":{"type":"Point","coordinates":[-38.45498,-3.74458]}},{"type":"Feature","properties":{"CODIGO":371,"ESCOLA":"CENTRO DE EDUCACAO INFANTIL MOURA BRASIL","DIST":"DIST1","DISTRITO":"DISTRITO 1"},"geometry":{"type":"Point","coordinates":[-38.53512,-3.71966]}},{"type":"Feature","properties":{"CODIGO":372,"ESCOLA":"CENTRO DE EDUCACAO INFANTIL NOSSA SENHORA DE GUADALUPE","DIST":"DIST6","DISTRITO":"DISTRITO 6"},"geometry":{"type":"Point","coordinates":[-38.50327,-3.81502]}},{"type":"Feature","properties":{"CODIGO":374,"ESCOLA":"CENTRO DE EDUCACAO INFANTIL JORNALISTA JOSE BLANCHARD GIRAO DA SILVA","DIST":"DIST6","DISTRITO":"DISTRITO 6"},"geometry":{"type":"Point","coordinates":[-38.50649,-3.84424]}},{"type":"Feature","properties":{"CODIGO":375,"ESCOLA":"CENTRO DE EDUCACAO INFANTIL PROFESSOR MANUEL EDUARDO PINHEIRO CAMPOS","DIST":"DIST2","DISTRITO":"DISTRITO 2"},"geometry":{"type":"Point","coordinates":[-38.44896,-3.78936]}},{"type":"Feature","properties":{"CODIGO":376,"ESCOLA":"CENTRO DE EDUCACAO INFANTIL CESAR CALS DE OLIVEIRA NETO","DIST":"DIST6","DISTRITO":"DISTRITO 6"},"geometry":{"type":"Point","coordinates":[-38.52273,-3.84655]}},{"type":"Feature","properties":{"CODIGO":378,"ESCOLA":"CENTRO DE EDUCACAO INFANTIL MARIA BEZERRA QUEVEDO","DIST":"DIST5","DISTRITO":"DISTRITO 5"},"geometry":{"type":"Point","coordinates":[-38.58768,-3.80895]}},{"type":"Feature","properties":{"CODIGO":380,"ESCOLA":"CENTRO DE EDUCACAO INFANTIL MARIA DOLORES PETROLA DE MELO JORGE","DIST":"DIST5","DISTRITO":"DISTRITO 5"},"geometry":{"type":"Point","coordinates":[-38.61936,-3.78294]}},{"type":"Feature","properties":{"CODIGO":381,"ESCOLA":"CENTRO DE EDUCAÇÃO INFANTIL ROGACIANO LEITE","DIST":"DIST4","DISTRITO":"DISTRITO 4"},"geometry":{"type":"Point","coordinates":[-38.55817,-3.83812]}},{"type":"Feature","properties":{"CODIGO":382,"ESCOLA":"CENTRO DE EDUCACAO INFANTIL PROFESSORA LAIS DE SOUSA VIEIRA NOBRE","DIST":"DIST6","DISTRITO":"DISTRITO 6"},"geometry":{"type":"Point","coordinates":[-38.50283,-3.85148]}},{"type":"Feature","properties":{"CODIGO":383,"ESCOLA":"CENTRO DE EDUCACAO INFANTIL JOSE MOREIRA LEITAO","DIST":"DIST6","DISTRITO":"DISTRITO 6"},"geometry":{"type":"Point","coordinates":[-38.50245,-3.85168]}},{"type":"Feature","properties":{"CODIGO":384,"ESCOLA":"CENTRO DE EDUCACAO INFANTIL JOAO ESTANISLAU FAÇANHA","DIST":"DIST5","DISTRITO":"DISTRITO 5"},"geometry":{"type":"Point","coordinates":[-38.56213,-3.79927]}},{"type":"Feature","properties":{"CODIGO":385,"ESCOLA":"CAEE-INSTITUTO FILIPPO SMALDONE","DIST":"DIST2","DISTRITO":"DISTRITO 2"},"geometry":{"type":"Point","coordinates":[-38.51833,-3.743]}},{"type":"Feature","properties":{"CODIGO":388,"ESCOLA":"CENTRO DE EDUCACAO INFANTIL MANOEL MALVEIRA MAIA","DIST":"DIST5","DISTRITO":"DISTRITO 5"},"geometry":{"type":"Point","coordinates":[-38.619,-3.7908]}},{"type":"Feature","properties":{"CODIGO":389,"ESCOLA":"CENTRO DE EDUCACAO INFANTIL RAIMUNDO MOREIRA SENA","DIST":"DIST5","DISTRITO":"DISTRITO 5"},"geometry":{"type":"Point","coordinates":[-38.61385,-3.79624]}},{"type":"Feature","properties":{"CODIGO":390,"ESCOLA":"CENTRO DE EDUCACAO INFANTIL RACHEL VIANA MARTINS","DIST":"DIST5","DISTRITO":"DISTRITO 5"},"geometry":{"type":"Point","coordinates":[-38.62517,-3.7929]}},{"type":"Feature","properties":{"CODIGO":391,"ESCOLA":"CENTRO DE EDUCACAO INFANTIL FREI TITO DE ALENCAR LIMA","DIST":"DIST2","DISTRITO":"DISTRITO 2"},"geometry":{"type":"Point","coordinates":[-38.44022,-3.76496]}},{"type":"Feature","properties":{"CODIGO":392,"ESCOLA":"CAEE-CENTRO DE INTEGRAÇAO PSICOSSOCIAL DO CEARA (BEM-ME-QUER)","DIST":"DIST2","DISTRITO":"DISTRITO 2"},"geometry":{"type":"Point","coordinates":[-38.4545,-3.74708]}},{"type":"Feature","properties":{"CODIGO":395,"ESCOLA":"CENTRO DE EDUCACAO INFANTIL PAULO SARASATE","DIST":"DIST3","DISTRITO":"DISTRITO 3"},"geometry":{"type":"Point","coordinates":[-38.56314,-3.7644]}},{"type":"Feature","properties":{"CODIGO":397,"ESCOLA":"CENTRO DE EDUCACAO INFANTIL PROFESSORA MARIA ODNILRA CRUZ MOREIRA","DIST":"DIST2","DISTRITO":"DISTRITO 2"},"geometry":{"type":"Point","coordinates":[-38.46849,-3.75655]}},{"type":"Feature","properties":{"CODIGO":398,"ESCOLA":"CENTRO DE EDUCACAO INFANTIL SAO RAFAEL","DIST":"DIST1","DISTRITO":"DISTRITO 1"},"geometry":{"type":"Point","coordinates":[-38.51552,-3.71962]}},{"type":"Feature","properties":{"CODIGO":399,"ESCOLA":"CENTRO DE EDUCACAO INFANTIL DOIS DE DEZEMBRO","DIST":"DIST1","DISTRITO":"DISTRITO 1"},"geometry":{"type":"Point","coordinates":[-38.58081,-3.70908]}},{"type":"Feature","properties":{"CODIGO":400,"ESCOLA":"CENTRO DE EDUCACAO INFANTIL AGOSTINHO MOREIRA E SILVA","DIST":"DIST1","DISTRITO":"DISTRITO 1"},"geometry":{"type":"Point","coordinates":[-38.5856,-3.70071]}},{"type":"Feature","properties":{"CODIGO":401,"ESCOLA":"CENTRO DE EDUCACAO INFANTIL JOSE CARLOS DA COSTA RIBEIRO","DIST":"DIST3","DISTRITO":"DISTRITO 3"},"geometry":{"type":"Point","coordinates":[-38.59884,-3.73745]}},{"type":"Feature","properties":{"CODIGO":402,"ESCOLA":"CENTRO DE EDUCACAO INFANTIL MARIA HERCILIA EVANGELISTA MARTINS","DIST":"DIST5","DISTRITO":"DISTRITO 5"},"geometry":{"type":"Point","coordinates":[-38.58053,-3.81336]}},{"type":"Feature","properties":{"CODIGO":403,"ESCOLA":"ESCOLA MUNICIPAL ROSA AMARO CAVALCANTE - UNID II","DIST":"DIST5","DISTRITO":"DISTRITO 5"},"geometry":{"type":"Point","coordinates":[-38.57865,-3.81429]}},{"type":"Feature","properties":{"CODIGO":404,"ESCOLA":"CENTRO DE EDUCACAO INFANTIL ANTONIA NATHALIA CRISTINA CHAVES MACIEL","DIST":"DIST3","DISTRITO":"DISTRITO 3"},"geometry":{"type":"Point","coordinates":[-38.61844,-3.77441]}},{"type":"Feature","properties":{"CODIGO":405,"ESCOLA":"CENTRO DE EDUCACAO INFANTIL FRANCISCO EDMILSON PINHEIRO*","DIST":"DIST5","DISTRITO":"DISTRITO 5"},"geometry":{"type":"Point","coordinates":[-38.61742,-3.77723]}},{"type":"Feature","properties":{"CODIGO":406,"ESCOLA":"CENTRO DE EDUCACAO INFANTIL MARIA ZELIA CORREIA DE SOUZA","DIST":"DIST4","DISTRITO":"DISTRITO 4"},"geometry":{"type":"Point","coordinates":[-38.57036,-3.8312]}},{"type":"Feature","properties":{"CODIGO":407,"ESCOLA":"CENTRO DE EDUCACAO INFANTIL JORNALISTA IVONETE MAIA","DIST":"DIST4","DISTRITO":"DISTRITO 4"},"geometry":{"type":"Point","coordinates":[-38.51622,-3.80979]}},{"type":"Feature","properties":{"CODIGO":408,"ESCOLA":"CENTRO DE EDUCACAO INFANTIL FRANCISCO ANDRADE TEOFILO GIRAO","DIST":"DIST4","DISTRITO":"DISTRITO 4"},"geometry":{"type":"Point","coordinates":[-38.52352,-3.81454]}},{"type":"Feature","properties":{"CODIGO":409,"ESCOLA":"CENTRO DE EDUCACAO INFANTIL PARQUE SAO MIGUEL","DIST":"DIST6","DISTRITO":"DISTRITO 6"},"geometry":{"type":"Point","coordinates":[-38.47115,-3.82245]}},{"type":"Feature","properties":{"CODIGO":410,"ESCOLA":"CENTRO DE EDUCACAO INFANTIL PROFESSOR JOSE SOBREIRA DE AMORIM","DIST":"DIST3","DISTRITO":"DISTRITO 3"},"geometry":{"type":"Point","coordinates":[-38.57948,-3.76482]}},{"type":"Feature","properties":{"CODIGO":411,"ESCOLA":"CENTRO DE EDUCACAO INFANTIL HILZA DIOGO CALS","DIST":"DIST5","DISTRITO":"DISTRITO 5"},"geometry":{"type":"Point","coordinates":[-38.58547,-3.80354]}},{"type":"Feature","properties":{"CODIGO":412,"ESCOLA":"CENTRO DE EDUCACAO INFANTIL VIRGILIO TAVORA","DIST":"DIST1","DISTRITO":"DISTRITO 1"},"geometry":{"type":"Point","coordinates":[-38.56357,-3.70541]}},{"type":"Feature","properties":{"CODIGO":413,"ESCOLA":"CENTRO DE EDUCACAO INFANTIL PROJETO NASCENTE","DIST":"DIST4","DISTRITO":"DISTRITO 4"},"geometry":{"type":"Point","coordinates":[-38.55384,-3.7942]}},{"type":"Feature","properties":{"CODIGO":415,"ESCOLA":"CENTRO DE EDUCACAO INFANTIL MADRE TERESA DE CALCUTA","DIST":"DIST4","DISTRITO":"DISTRITO 4"},"geometry":{"type":"Point","coordinates":[-38.52093,-3.7594]}},{"type":"Feature","properties":{"CODIGO":416,"ESCOLA":"CENTRO DE EDUCACAO INFANTIL PROFESSORA FERNANDA MARIA ALENCAR COLARES","DIST":"DIST6","DISTRITO":"DISTRITO 6"},"geometry":{"type":"Point","coordinates":[-38.4571,-3.82703]}},{"type":"Feature","properties":{"CODIGO":768,"ESCOLA":"ESCOLA MUNICIPAL DE TEMPO INTEGRAL PROFESSOR EDGAR LINHARES LIMA","DIST":"DIST4","DISTRITO":"DISTRITO 4"},"geometry":{"type":"Point","coordinates":[-38.57136,-3.83957]}},{"type":"Feature","properties":{"CODIGO":783,"ESCOLA":"ESCOLA MUNICIPAL DE TEMPO INTEGRAL PROFESSOR JOSE JULIO DA PONTE","DIST":"DIST3","DISTRITO":"DISTRITO 3"},"geometry":{"type":"Point","coordinates":[-38.56222,-3.75006]}},{"type":"Feature","properties":{"CODIGO":784,"ESCOLA":"ESCOLA MUNICIPAL DE TEMPO INTEGRAL AMBIENTAL DRA. FRANCISCA DE ASSIS CANITO DA FROTA","DIST":"DIST2","DISTRITO":"DISTRITO 2"},"geometry":{"type":"Point","coordinates":[-38.50234,-3.75617]}},{"type":"Feature","properties":{"CODIGO":785,"ESCOLA":"CRECHE NUCLEO DE VIDA","DIST":"DIST6","DISTRITO":"DISTRITO 6"},"geometry":{"type":"Point","coordinates":[-38.51798,-3.82378]}},{"type":"Feature","properties":{"CODIGO":809,"ESCOLA":"CENTRO DE EDUCACAO INFANTIL PROFESSOR AGOSTINHO GOSSON","DIST":"DIST5","DISTRITO":"DISTRITO 5"},"geometry":{"type":"Point","coordinates":[-38.61353,-3.79717]}},{"type":"Feature","properties":{"CODIGO":819,"ESCOLA":"ESCOLA MUNICIPAL CRESCER E APRENDER - UNID II","DIST":"DIST5","DISTRITO":"DISTRITO 5"},"geometry":{"type":"Point","coordinates":[-38.59788,-3.78918]}},{"type":"Feature","properties":{"CODIGO":858,"ESCOLA":"CENTRO DE EDUCACAO INFANTIL PROFESSORA ANA MARIA MEDEIROS DA FONSECA","DIST":"DIST6","DISTRITO":"DISTRITO 6"},"geometry":{"type":"Point","coordinates":[-38.52413,-3.85263]}},{"type":"Feature","properties":{"CODIGO":881,"ESCOLA":"CRECHE VO MARIA DA PENHA","DIST":"DIST3","DISTRITO":"DISTRITO 3"},"geometry":{"type":"Point","coordinates":[-38.57624,-3.73254]}},{"type":"Feature","properties":{"CODIGO":882,"ESCOLA":"CRECHE GOTAS DE AMOR","DIST":"DIST4","DISTRITO":"DISTRITO 4"},"geometry":{"type":"Point","coordinates":[-38.54958,-3.78429]}},{"type":"Feature","properties":{"CODIGO":883,"ESCOLA":"CRECHE TIA AUGUSTA","DIST":"DIST5","DISTRITO":"DISTRITO 5"},"geometry":{"type":"Point","coordinates":[-38.58036,-3.79918]}},{"type":"Feature","properties":{"CODIGO":884,"ESCOLA":"CRECHE RAIO DE LUZ","DIST":"DIST5","DISTRITO":"DISTRITO 5"},"geometry":{"type":"Point","coordinates":[-38.60043,-3.78324]}},{"type":"Feature","properties":{"CODIGO":888,"ESCOLA":"ESCOLA MUNICIPAL JORNALISTA DURVAL AIRES","DIST":"DIST4","DISTRITO":"DISTRITO 4"},"geometry":{"type":"Point","coordinates":[-38.5779,-3.83534]}},{"type":"Feature","properties":{"CODIGO":890,"ESCOLA":"ESCOLA MUNICIPAL MARIA ROCHELLE DA SILVA","DIST":"DIST4","DISTRITO":"DISTRITO 4"},"geometry":{"type":"Point","coordinates":[-38.57837,-3.83866]}},{"type":"Feature","properties":{"CODIGO":937,"ESCOLA":"ESCOLA MUNICIPAL DE TEMPO INTEGRAL LEONEL DE MOURA BRIZOLA","DIST":"DIST4","DISTRITO":"DISTRITO 4"},"geometry":{"type":"Point","coordinates":[-38.56886,-3.83419]}},{"type":"Feature","properties":{"CODIGO":941,"ESCOLA":"ESCOLA MUNICIPAL DE TEMPO INTEGRAL LAIS RODRIGUES DE ALMEIDA","DIST":"DIST6","DISTRITO":"DISTRITO 6"},"geometry":{"type":"Point","coordinates":[-38.47766,-3.82251]}},{"type":"Feature","properties":{"CODIGO":942,"ESCOLA":"ESCOLA MUNICIPAL MARILENE LOPES RABELO","DIST":"DIST5","DISTRITO":"DISTRITO 5"},"geometry":{"type":"Point","coordinates":[-38.59792,-3.83086]}},{"type":"Feature","properties":{"CODIGO":944,"ESCOLA":"ESCOLA MUNICIPAL DE TEMPO INTEGRAL PROFESSOR EXPEDITO PARENTE","DIST":"DIST5","DISTRITO":"DISTRITO 5"},"geometry":{"type":"Point","coordinates":[-38.61771,-3.80762]}},{"type":"Feature","properties":{"CODIGO":945,"ESCOLA":"ESCOLA MUNICIPAL DE TEMPO INTEGRAL PROFESSOR PRISCO BEZERRA","DIST":"DIST3","DISTRITO":"DISTRITO 3"},"geometry":{"type":"Point","coordinates":[-38.60412,-3.76672]}},{"type":"Feature","properties":{"CODIGO":951,"ESCOLA":"PROGRAMA PRÓ-TÉCNICO GODOFREDO DE CASTRO FILHO","DIST":"DIST2","DISTRITO":"DISTRITO 2"},"geometry":{"type":"Point","coordinates":[-38.46536,-3.71807]}},{"type":"Feature","properties":{"CODIGO":982,"ESCOLA":"CENTRO DE EDUCACAO INFANTIL MARIA DAS DORES BEZERRA DE CARVALHO","DIST":"DIST2","DISTRITO":"DISTRITO 2"},"geometry":{"type":"Point","coordinates":[-38.46121,-3.80444]}},{"type":"Feature","properties":{"CODIGO":484,"ESCOLA":"CAEE- ASSOCIACAO DOS CEGOS DO ESTADO DO CEARA","DIST":"DIST3","DISTRITO":"DISTRITO 3"},"geometry":{"type":"Point","coordinates":[-38.54149,-3.72996]}},{"type":"Feature","properties":{"CODIGO":985,"ESCOLA":"ESCOLA MUNICIPAL DE TEMPO INTEGRAL MARIA DA HORA","DIST":"DIST3","DISTRITO":"DISTRITO 3"},"geometry":{"type":"Point","coordinates":[-38.59533,-3.75403]}},{"type":"Feature","properties":{"CODIGO":1015,"ESCOLA":"CENTRO DE EDUCACAO INFANTIL FRANCISCO EURIVA MATIAS","DIST":"DIST3","DISTRITO":"DISTRITO 3"},"geometry":{"type":"Point","coordinates":[-38.55413,-3.74527]}},{"type":"Feature","properties":{"CODIGO":1016,"ESCOLA":"CENTRO DE EDUCACAO INFANTIL VEREADOR FRANCISCO ANTONIO MARTINS NOGUEIRA","DIST":"DIST4","DISTRITO":"DISTRITO 4"},"geometry":{"type":"Point","coordinates":[-38.56094,-3.79215]}},{"type":"Feature","properties":{"CODIGO":547,"ESCOLA":"CRECHE OLHAR DO SABER - VO FRANCY","DIST":"DIST1","DISTRITO":"DISTRITO 1"},"geometry":{"type":"Point","coordinates":[-38.60457,-3.72021]}},{"type":"Feature","properties":{"CODIGO":769,"ESCOLA":"ESCOLA MUNICIPAL DE TEMPO INTEGRAL PROFESSORA MARIA JOSE FERREIRA GOMES","DIST":"DIST5","DISTRITO":"DISTRITO 5"},"geometry":{"type":"Point","coordinates":[-38.60314,-3.82079]}},{"type":"Feature","properties":{"CODIGO":775,"ESCOLA":"CRECHE PROJETO JOAOZINHO","DIST":"DIST5","DISTRITO":"DISTRITO 5"},"geometry":{"type":"Point","coordinates":[-38.57965,-3.7985]}},{"type":"Feature","properties":{"CODIGO":786,"ESCOLA":"CRECHE CRIANCA FELIZ II","DIST":"DIST5","DISTRITO":"DISTRITO 5"},"geometry":{"type":"Point","coordinates":[-38.56053,-3.81324]}},{"type":"Feature","properties":{"CODIGO":787,"ESCOLA":"CENTRO DE EDUCACAO INFANTIL SAO VICENTE DE PAULO","DIST":"DIST2","DISTRITO":"DISTRITO 2"},"geometry":{"type":"Point","coordinates":[-38.49687,-3.74489]}},{"type":"Feature","properties":{"CODIGO":788,"ESCOLA":"CENTRO DE EDUCACAO INFANTIL VILA DO MAR","DIST":"DIST1","DISTRITO":"DISTRITO 1"},"geometry":{"type":"Point","coordinates":[-38.58194,-3.69499]}},{"type":"Feature","properties":{"CODIGO":789,"ESCOLA":"CENTRO DE EDUCACAO INFANTIL JOSE DIAS MACEDO","DIST":"DIST2","DISTRITO":"DISTRITO 2"},"geometry":{"type":"Point","coordinates":[-38.50391,-3.73189]}},{"type":"Feature","properties":{"CODIGO":791,"ESCOLA":"ESCOLA MUNICIPAL IRMA ROCHA - UNID II","DIST":"DIST5","DISTRITO":"DISTRITO 5"},"geometry":{"type":"Point","coordinates":[-38.60147,-3.77712]}},{"type":"Feature","properties":{"CODIGO":795,"ESCOLA":"CRECHE NOSSA SENHORA DO LIBANO","DIST":"DIST3","DISTRITO":"DISTRITO 3"},"geometry":{"type":"Point","coordinates":[-38.55169,-3.75069]}},{"type":"Feature","properties":{"CODIGO":796,"ESCOLA":"CRECHE TIA MAZE","DIST":"DIST5","DISTRITO":"DISTRITO 5"},"geometry":{"type":"Point","coordinates":[-38.58221,-3.79875]}},{"type":"Feature","properties":{"CODIGO":801,"ESCOLA":"CRECHE CUIDANDO E ENSINANDO","DIST":"DIST6","DISTRITO":"DISTRITO 6"},"geometry":{"type":"Point","coordinates":[-38.51389,-3.84996]}},{"type":"Feature","properties":{"CODIGO":824,"ESCOLA":"CENTRO DE EDUCACAO INFANTIL PROFESSOR JOSE DE RIBAMAR MORAES","DIST":"DIST6","DISTRITO":"DISTRITO 6"},"geometry":{"type":"Point","coordinates":[-38.5207,-3.84968]}},{"type":"Feature","properties":{"CODIGO":831,"ESCOLA":"CENTRO DE EDUCACAO INFANTIL PROFESSOR JOSE TEODORO SOARES","DIST":"DIST6","DISTRITO":"DISTRITO 6"},"geometry":{"type":"Point","coordinates":[-38.51484,-3.87819]}},{"type":"Feature","properties":{"CODIGO":891,"ESCOLA":"ESCOLA MUNICIPAL MARIA MARQUES CEDRO","DIST":"DIST4","DISTRITO":"DISTRITO 4"},"geometry":{"type":"Point","coordinates":[-38.57599,-3.83637]}},{"type":"Feature","properties":{"CODIGO":946,"ESCOLA":"CENTRO DE EDUCACAO INFANTIL MANOEL PINHEIRO DOS SANTOS","DIST":"DIST6","DISTRITO":"DISTRITO 6"},"geometry":{"type":"Point","coordinates":[-38.50206,-3.83849]}},{"type":"Feature","properties":{"CODIGO":955,"ESCOLA":"CENTRO DE EDUCACAO INFANTIL PADRE JOSE MARIA CAVALCANTE COSTA","DIST":"DIST6","DISTRITO":"DISTRITO 6"},"geometry":{"type":"Point","coordinates":[-38.47864,-3.8365]}},{"type":"Feature","properties":{"CODIGO":960,"ESCOLA":"PROGRAMA ESCOLA ARENINHA LAGOA DA ZEZA","DIST":"DIST6","DISTRITO":"DISTRITO 6"},"geometry":{"type":"Point","coordinates":[-38.50259,-3.78114]}},{"type":"Feature","properties":{"CODIGO":963,"ESCOLA":"CENTRO DE EDUCACAO INFANTIL DALILA DELMAS MONTENEGRO","DIST":"DIST6","DISTRITO":"DISTRITO 6"},"geometry":{"type":"Point","coordinates":[-38.48885,-3.85649]}},{"type":"Feature","properties":{"CODIGO":977,"ESCOLA":"CENTRO DE EDUCACAO INFANTIL PROFESSORA MARIA LUIZA MOTA MACHADO","DIST":"DIST5","DISTRITO":"DISTRITO 5"},"geometry":{"type":"Point","coordinates":[-38.61997,-3.80329]}},{"type":"Feature","properties":{"CODIGO":978,"ESCOLA":"CENTRO DE EDUCACAO INFANTIL ANTONIA AGOSTINHO DE SOUSA","DIST":"DIST2","DISTRITO":"DISTRITO 2"},"geometry":{"type":"Point","coordinates":[-38.4554,-3.77301]}},{"type":"Feature","properties":{"CODIGO":990,"ESCOLA":"CENTRO DE EDUCACAO INFANTIL FRANCISCO SALES FERNANDES","DIST":"DIST4","DISTRITO":"DISTRITO 4"},"geometry":{"type":"Point","coordinates":[-38.55417,-3.82294]}},{"type":"Feature","properties":{"CODIGO":97,"ESCOLA":"ESCOLA MUNICIPAL IRMA GIULIANA GALLI","DIST":"DIST4","DISTRITO":"DISTRITO 4"},"geometry":{"type":"Point","coordinates":[-38.54973,-3.78402]}},{"type":"Feature","properties":{"CODIGO":423,"ESCOLA":"CENTRO DE EDUCACAO INFANTIL JOSE BATISTA DE OLIVEIRA","DIST":"DIST3","DISTRITO":"DISTRITO 3"},"geometry":{"type":"Point","coordinates":[-38.56574,-3.75748]}},{"type":"Feature","properties":{"CODIGO":433,"ESCOLA":"CENTRO DE EDUCACAO INFANTIL PROFESSORA LIREDA FACO","DIST":"DIST5","DISTRITO":"DISTRITO 5"},"geometry":{"type":"Point","coordinates":[-38.60952,-3.78813]}},{"type":"Feature","properties":{"CODIGO":441,"ESCOLA":"CENTRO DE EDUCACAO INFANTIL DOM HELDER CAMARA","DIST":"DIST1","DISTRITO":"DISTRITO 1"},"geometry":{"type":"Point","coordinates":[-38.57299,-3.72536]}},{"type":"Feature","properties":{"CODIGO":456,"ESCOLA":"CENTRO DE EDUCACAO INFANTIL MARIA MARIZA MENDES DE CARVALHO","DIST":"DIST1","DISTRITO":"DISTRITO 1"},"geometry":{"type":"Point","coordinates":[-38.6063,-3.72001]}},{"type":"Feature","properties":{"CODIGO":766,"ESCOLA":"CENTRO DE EDUCACAO INFANTIL MARIA TEREZINHA DE CARVALHO HOLANDA","DIST":"DIST3","DISTRITO":"DISTRITO 3"},"geometry":{"type":"Point","coordinates":[-38.59676,-3.76816]}},{"type":"Feature","properties":{"CODIGO":767,"ESCOLA":"CENTRO DE EDUCACAO INFANTIL MARIA LUIZA BARBOSA CHAVES","DIST":"DIST5","DISTRITO":"DISTRITO 5"},"geometry":{"type":"Point","coordinates":[-38.59439,-3.79386]}},{"type":"Feature","properties":{"CODIGO":772,"ESCOLA":"CRECHE SONHO DE CRIANCA II","DIST":"DIST6","DISTRITO":"DISTRITO 6"},"geometry":{"type":"Point","coordinates":[-38.52995,-3.84606]}},{"type":"Feature","properties":{"CODIGO":773,"ESCOLA":"CRECHE SAMURA","DIST":"DIST2","DISTRITO":"DISTRITO 2"},"geometry":{"type":"Point","coordinates":[-38.47408,-3.79679]}},{"type":"Feature","properties":{"CODIGO":774,"ESCOLA":"CRECHE CASA DE AFONSO E MARIA","DIST":"DIST2","DISTRITO":"DISTRITO 2"},"geometry":{"type":"Point","coordinates":[-38.46689,-3.7273]}},{"type":"Feature","properties":{"CODIGO":779,"ESCOLA":"CENTRO DE EDUCACAO INFANTIL BERGSON GURJAO DE FARIAS","DIST":"DIST3","DISTRITO":"DISTRITO 3"},"geometry":{"type":"Point","coordinates":[-38.59201,-3.75587]}},{"type":"Feature","properties":{"CODIGO":781,"ESCOLA":"CENTRO DE EDUCACAO INFANTIL TEODORA MARIA DA SILVA","DIST":"DIST4","DISTRITO":"DISTRITO 4"},"geometry":{"type":"Point","coordinates":[-38.51538,-3.79461]}},{"type":"Feature","properties":{"CODIGO":793,"ESCOLA":"CRECHE TIA KAROL","DIST":"DIST2","DISTRITO":"DISTRITO 2"},"geometry":{"type":"Point","coordinates":[-38.4654,-3.79785]}},{"type":"Feature","properties":{"CODIGO":798,"ESCOLA":"CENTRO DE EDUCACAO INFANTIL FRANCISCA DE ABREU LIMA","DIST":"DIST5","DISTRITO":"DISTRITO 5"},"geometry":{"type":"Point","coordinates":[-38.61605,-3.81516]}},{"type":"Feature","properties":{"CODIGO":827,"ESCOLA":"CENTRO DE EDUCACAO INFANTIL ALTAMIR FERNANDES CORREA LEITE","DIST":"DIST3","DISTRITO":"DISTRITO 3"},"geometry":{"type":"Point","coordinates":[-38.58156,-3.73997]}},{"type":"Feature","properties":{"CODIGO":829,"ESCOLA":"CENTRO DE EDUCACAO INFANTIL MARISTELA DA FROTA CAVALCANTE","DIST":"DIST1","DISTRITO":"DISTRITO 1"},"geometry":{"type":"Point","coordinates":[-38.60055,-3.71355]}},{"type":"Feature","properties":{"CODIGO":838,"ESCOLA":"ESCOLA MUNICIPAL DE TEMPO INTEGRAL MARIA ODETE DA SILVA COLARES","DIST":"DIST6","DISTRITO":"DISTRITO 6"},"geometry":{"type":"Point","coordinates":[-38.48748,-3.82251]}},{"type":"Feature","properties":{"CODIGO":839,"ESCOLA":"CENTRO DE EDUCACAO INFANTIL PROFESSORA HELEY DE ABREU SILVA BATISTA","DIST":"DIST4","DISTRITO":"DISTRITO 4"},"geometry":{"type":"Point","coordinates":[-38.53909,-3.78472]}},{"type":"Feature","properties":{"CODIGO":859,"ESCOLA":"CENTRO DE EDUCACAO INFANTIL ANTONIO VALDINAR DE CARVALHO CUSTODIO","DIST":"DIST3","DISTRITO":"DISTRITO 3"},"geometry":{"type":"Point","coordinates":[-38.60872,-3.7649]}},{"type":"Feature","properties":{"CODIGO":916,"ESCOLA":"CENTRO DE EDUCACAO INFANTIL MARIA LETICIA MOTA MOREIRA","DIST":"DIST4","DISTRITO":"DISTRITO 4"},"geometry":{"type":"Point","coordinates":[-38.55479,-3.84299]}},{"type":"Feature","properties":{"CODIGO":957,"ESCOLA":"CENTRO DE EDUCACAO INFANTIL PROFESSORA MARIA ROZANI MENDONCA NOBRE","DIST":"DIST6","DISTRITO":"DISTRITO 6"},"geometry":{"type":"Point","coordinates":[-38.51407,-3.82392]}},{"type":"Feature","properties":{"CODIGO":965,"ESCOLA":"CRECHE PLANETA DE CORES","DIST":"DIST4","DISTRITO":"DISTRITO 4"},"geometry":{"type":"Point","coordinates":[-38.55463,-3.83097]}},{"type":"Feature","properties":{"CODIGO":979,"ESCOLA":"CENTRO DE EDUCACAO INFANTIL WILMA MARIA DE VASCONCELOS LEOPERCIO","DIST":"DIST2","DISTRITO":"DISTRITO 2"},"geometry":{"type":"Point","coordinates":[-38.46897,-3.74421]}},{"type":"Feature","properties":{"CODIGO":980,"ESCOLA":"CENTRO DE EDUCACAO INFANTIL DEPUTADO EDSON QUEIROZ FILHO","DIST":"DIST2","DISTRITO":"DISTRITO 2"},"geometry":{"type":"Point","coordinates":[-38.46887,-3.77374]}},{"type":"Feature","properties":{"CODIGO":987,"ESCOLA":"ESCOLA MUNICIPAL DE TEMPO INTEGRAL DEPUTADO ROBERTO MESQUITA","DIST":"DIST1","DISTRITO":"DISTRITO 1"},"geometry":{"type":"Point","coordinates":[-38.60077,-3.71398]}},{"type":"Feature","properties":{"CODIGO":989,"ESCOLA":"CENTRO DE EDUCACAO INFANTIL ANA AMELIA BEZERRA DE MENEZES E SOUZA","DIST":"DIST4","DISTRITO":"DISTRITO 4"},"geometry":{"type":"Point","coordinates":[-38.55296,-3.80224]}},{"type":"Feature","properties":{"CODIGO":991,"ESCOLA":"CENTRO DE EDUCACAO INFANTIL RACHEL GUIMARAES MARTINS BARBOSA","DIST":"DIST2","DISTRITO":"DISTRITO 2"},"geometry":{"type":"Point","coordinates":[-38.47276,-3.72293]}},{"type":"Feature","properties":{"CODIGO":1014,"ESCOLA":"ESCOLA MUNICIPAL DE TEMPO INTEGRAL PROFESSOR AGERSON TABOSA PINTO","DIST":"DIST5","DISTRITO":"DISTRITO 5"},"geometry":{"type":"Point","coordinates":[-38.61491,-3.81425]}},{"type":"Feature","properties":{"CODIGO":486,"ESCOLA":"CENTRO DE EDUCACAO INFANTIL MENINO MALUQUINHO","DIST":"DIST2","DISTRITO":"DISTRITO 2"},"geometry":{"type":"Point","coordinates":[-38.482565,-3.732951]}},{"type":"Feature","properties":{"CODIGO":466,"ESCOLA":"CENTRO DE EDUCACAO INFANTIL FLORIVAL ALVES SERAINE","DIST":"DIST5","DISTRITO":"DISTRITO 5"},"geometry":{"type":"Point","coordinates":[-38.60265,-3.80695]}},{"type":"Feature","properties":{"CODIGO":572,"ESCOLA":"CENTRO DE EDUCAÇÃO INFANTIL HUMBERTO TEIXEIRA","DIST":"DIST6","DISTRITO":"DISTRITO 6"},"geometry":{"type":"Point","coordinates":[-38.51479,-3.84237]}},{"type":"Feature","properties":{"CODIGO":472,"ESCOLA":"CENTRO DE EDUCACAO INFANTIL 15 DE OUTUBRO","DIST":"DIST5","DISTRITO":"DISTRITO 5"},"geometry":{"type":"Point","coordinates":[-38.5841,-3.77374]}},{"type":"Feature","properties":{"CODIGO":479,"ESCOLA":"CENTRO DE EDUCACAO INFANTIL FRANCISCA FERNANDES MAGALHAES","DIST":"DIST5","DISTRITO":"DISTRITO 5"},"geometry":{"type":"Point","coordinates":[-38.5896,-3.77983]}},{"type":"Feature","properties":{"CODIGO":780,"ESCOLA":"CRECHE CASA DO JOAO","DIST":"DIST6","DISTRITO":"DISTRITO 6"},"geometry":{"type":"Point","coordinates":[-38.50485,-3.86277]}},{"type":"Feature","properties":{"CODIGO":803,"ESCOLA":"PROGRAMA INTEGRACAO CUCA JANGURUSSU","DIST":"DIST6","DISTRITO":"DISTRITO 6"},"geometry":{"type":"Point","coordinates":[-38.520549,-3.831218]}},{"type":"Feature","properties":{"CODIGO":804,"ESCOLA":"PROGRAMA INTEGRACAO CUCA MONDUBIM","DIST":"DIST5","DISTRITO":"DISTRITO 5"},"geometry":{"type":"Point","coordinates":[-38.580326,-3.806256]}},{"type":"Feature","properties":{"CODIGO":806,"ESCOLA":"PROGRAMA INTEGRAÇÃO CUCA BARRA DO CEARA","DIST":"DIST1","DISTRITO":"DISTRITO 1"},"geometry":{"type":"Point","coordinates":[-38.587655,-3.700601]}},{"type":"Feature","properties":{"CODIGO":820,"ESCOLA":"PROGRAMA INTEGRACAO 23° BC","DIST":"DIST4","DISTRITO":"DISTRITO 4"},"geometry":{"type":"Point","coordinates":[-38.534772,-3.746797]}},{"type":"Feature","properties":{"CODIGO":826,"ESCOLA":"CENTRO DE EDUCACAO INFANTIL JOÃO MARÇAL MESQUITA","DIST":"DIST1","DISTRITO":"DISTRITO 1"},"geometry":{"type":"Point","coordinates":[-38.57286,-3.72021]}},{"type":"Feature","properties":{"CODIGO":835,"ESCOLA":"CENTRO DE EDUCAÇÃO INFANTIL JORNALISTA NENO CAVALCANTE","DIST":"DIST3","DISTRITO":"DISTRITO 3"},"geometry":{"type":"Point","coordinates":[-38.60272,-3.77215]}},{"type":"Feature","properties":{"CODIGO":840,"ESCOLA":"CRECHE VOVO TONICO","DIST":"DIST1","DISTRITO":"DISTRITO 1"},"geometry":{"type":"Point","coordinates":[-38.57152,-3.71426]}},{"type":"Feature","properties":{"CODIGO":841,"ESCOLA":"CRECHE VOVO IOLETE","DIST":"DIST1","DISTRITO":"DISTRITO 1"},"geometry":{"type":"Point","coordinates":[-38.56642,-3.7067]}},{"type":"Feature","properties":{"CODIGO":843,"ESCOLA":"CRECHE NOVIDADE DE VIDA","DIST":"DIST2","DISTRITO":"DISTRITO 2"},"geometry":{"type":"Point","coordinates":[-38.46169,-3.79776]}},{"type":"Feature","properties":{"CODIGO":844,"ESCOLA":"CRECHE SEMEANDO O SABER","DIST":"DIST3","DISTRITO":"DISTRITO 3"},"geometry":{"type":"Point","coordinates":[-38.5933,-3.74346]}},{"type":"Feature","properties":{"CODIGO":846,"ESCOLA":"CRECHE CRIANCA ESPERANCA II","DIST":"DIST4","DISTRITO":"DISTRITO 4"},"geometry":{"type":"Point","coordinates":[-38.57531,-3.83652]}},{"type":"Feature","properties":{"CODIGO":847,"ESCOLA":"CRECHE ALEGRIA DE CRIANCA","DIST":"DIST5","DISTRITO":"DISTRITO 5"},"geometry":{"type":"Point","coordinates":[-38.56179,-3.81479]}},{"type":"Feature","properties":{"CODIGO":848,"ESCOLA":"CRECHE PEQUENO MUNDO DE FLORA","DIST":"DIST5","DISTRITO":"DISTRITO 5"},"geometry":{"type":"Point","coordinates":[-38.60204,-3.78415]}},{"type":"Feature","properties":{"CODIGO":849,"ESCOLA":"CRECHE PEQUENO GENIO","DIST":"DIST5","DISTRITO":"DISTRITO 5"},"geometry":{"type":"Point","coordinates":[-38.60033,-3.79571]}},{"type":"Feature","properties":{"CODIGO":850,"ESCOLA":"CRECHE JARDIM ENCANTADO","DIST":"DIST6","DISTRITO":"DISTRITO 6"},"geometry":{"type":"Point","coordinates":[-38.47723,-3.81839]}},{"type":"Feature","properties":{"CODIGO":851,"ESCOLA":"CENTRO DE EDUCACAO INFANTIL PROFESSOR ERASMO DA SILVA PITOMBEIRA","DIST":"DIST4","DISTRITO":"DISTRITO 4"},"geometry":{"type":"Point","coordinates":[-38.54841,-3.80469]}},{"type":"Feature","properties":{"CODIGO":852,"ESCOLA":"CRECHE CONSTRUINDO O FUTURO","DIST":"DIST1","DISTRITO":"DISTRITO 1"},"geometry":{"type":"Point","coordinates":[-38.5855,-3.71811]}},{"type":"Feature","properties":{"CODIGO":938,"ESCOLA":"CRECHE NOSSO JARDIM","DIST":"DIST4","DISTRITO":"DISTRITO 4"},"geometry":{"type":"Point","coordinates":[-38.54575,-3.75356]}},{"type":"Feature","properties":{"CODIGO":940,"ESCOLA":"CRECHE ENCANTOS DE CELESTE","DIST":"DIST5","DISTRITO":"DISTRITO 5"},"geometry":{"type":"Point","coordinates":[-38.59875,-3.77612]}},{"type":"Feature","properties":{"CODIGO":966,"ESCOLA":"CRECHE PEQUENOS PASSINHOS","DIST":"DIST4","DISTRITO":"DISTRITO 4"},"geometry":{"type":"Point","coordinates":[-38.5207,-3.78628]}},{"type":"Feature","properties":{"CODIGO":967,"ESCOLA":"CRECHE TIA LELEU II","DIST":"DIST4","DISTRITO":"DISTRITO 4"},"geometry":{"type":"Point","coordinates":[-38.555,-3.81335]}},{"type":"Feature","properties":{"CODIGO":970,"ESCOLA":"CRECHE COR DO BRASIL","DIST":"DIST5","DISTRITO":"DISTRITO 5"},"geometry":{"type":"Point","coordinates":[-38.58597,-3.81842]}},{"type":"Feature","properties":{"CODIGO":974,"ESCOLA":"CRECHE MUNDO FELIZ","DIST":"DIST5","DISTRITO":"DISTRITO 5"},"geometry":{"type":"Point","coordinates":[-38.59213,-3.77729]}},{"type":"Feature","properties":{"CODIGO":975,"ESCOLA":"CRECHE TIA NEIDE","DIST":"DIST3","DISTRITO":"DISTRITO 3"},"geometry":{"type":"Point","coordinates":[-38.60537,-3.76103]}},{"type":"Feature","properties":{"CODIGO":988,"ESCOLA":"CENTRO DE EDUCACAO INFANTIL IRMA ZEFERINA MARIA","DIST":"DIST6","DISTRITO":"DISTRITO 6"},"geometry":{"type":"Point","coordinates":[-38.49218,-3.82174]}},{"type":"Feature","properties":{"CODIGO":1017,"ESCOLA":"ESCOLA MUNICIPAL PROFESSOR ASTHON GUILHERME DA SILVA","DIST":"DIST6","DISTRITO":"DISTRITO 6"},"geometry":{"type":"Point","coordinates":[-38.51903,-3.85461]}},{"type":"Feature","properties":{"CODIGO":821,"ESCOLA":"PROGRAMA INTEGRACAO AABB","DIST":"DIST2","DISTRITO":"DISTRITO 2"},"geometry":{"type":"Point","coordinates":[-38.510982,-3.750058]}},{"type":"Feature","properties":{"CODIGO":836,"ESCOLA":"CENTRO DE EDUCACAO INFANTIL AUDIFAX RIOS","DIST":"DIST4","DISTRITO":"DISTRITO 4"},"geometry":{"type":"Point","coordinates":[-38.52549,-3.78757]}},{"type":"Feature","properties":{"CODIGO":837,"ESCOLA":"CENTRO DE EDUCACAO INFANTIL AIRTON JOSE VIDAL QUEIROZ","DIST":"DIST6","DISTRITO":"DISTRITO 6"},"geometry":{"type":"Point","coordinates":[-38.51045,-3.7641]}},{"type":"Feature","properties":{"CODIGO":856,"ESCOLA":"CENTRO DE EDUCACAO INFANTIL HENRIQUE VENANCIO DA SILVA","DIST":"DIST5","DISTRITO":"DISTRITO 5"},"geometry":{"type":"Point","coordinates":[-38.59999,-3.82229]}},{"type":"Feature","properties":{"CODIGO":857,"ESCOLA":"CENTRO DE EDUCACAO INFANTIL PROFESSOR LAURO DE OLIVEIRA LIMA","DIST":"DIST6","DISTRITO":"DISTRITO 6"},"geometry":{"type":"Point","coordinates":[-38.52393,-3.83899]}},{"type":"Feature","properties":{"CODIGO":871,"ESCOLA":"ESCOLA MUNICIPAL DE TEMPO INTEGRAL HILDETE BRASIL DE SÁ CAVALCANTE","DIST":"DIST5","DISTRITO":"DISTRITO 5"},"geometry":{"type":"Point","coordinates":[-38.56576,-3.82275]}},{"type":"Feature","properties":{"CODIGO":875,"ESCOLA":"PROGRAMA PRO-TECNICO MARTINZ DE AGUIAR","DIST":"DIST3","DISTRITO":"DISTRITO 3"},"geometry":{"type":"Point","coordinates":[-38.55738,-3.72218]}},{"type":"Feature","properties":{"CODIGO":574,"ESCOLA":"CRECHE PARAISO","DIST":"DIST3","DISTRITO":"DISTRITO 3"},"geometry":{"type":"Point","coordinates":[-38.5686,-3.74902]}},{"type":"Feature","properties":{"CODIGO":465,"ESCOLA":"CENTRO DE EDUCACAO INFANTIL MARCOS VALENTIM PEREIRA DE SOUZA","DIST":"DIST4","DISTRITO":"DISTRITO 4"},"geometry":{"type":"Point","coordinates":[-38.54262,-3.7827]}},{"type":"Feature","properties":{"CODIGO":364,"ESCOLA":"ESCOLA MUNICIPAL NOVO RENASCER","DIST":"DIST5","DISTRITO":"DISTRITO 5"},"geometry":{"type":"Point","coordinates":[-38.56493,-3.82653]}},{"type":"Feature","properties":{"CODIGO":642,"ESCOLA":"CRECHE VIDA NOVA","DIST":"DIST5","DISTRITO":"DISTRITO 5"},"geometry":{"type":"Point","coordinates":[-38.60263,-3.7953]}},{"type":"Feature","properties":{"CODIGO":122,"ESCOLA":"ESCOLA MUNICIPAL RAIMUNDO MOREIRA SENA","DIST":"DIST5","DISTRITO":"DISTRITO 5"},"geometry":{"type":"Point","coordinates":[-38.61356,-3.79651]}},{"type":"Feature","properties":{"CODIGO":879,"ESCOLA":"ESCOLA MUNICIPAL JOHNSON","DIST":"DIST2","DISTRITO":"DISTRITO 2"},"geometry":{"type":"Point","coordinates":[-38.49389,-3.76766]}},{"type":"Feature","properties":{"CODIGO":917,"ESCOLA":"CENTRO DE EDUCACAO INFANTIL PROFESSOR CARLOS ROBERTO MARTINS RODRIGUES","DIST":"DIST4","DISTRITO":"DISTRITO 4"},"geometry":{"type":"Point","coordinates":[-38.55237,-3.84292]}},{"type":"Feature","properties":{"CODIGO":919,"ESCOLA":"PROGRAMA INTEGRACAO IDIOMAS - IMPARH","DIST":"DIST4","DISTRITO":"DISTRITO 4"},"geometry":{"type":"Point","coordinates":[-38.555585,-3.760982]}},{"type":"Feature","properties":{"CODIGO":954,"ESCOLA":"PROGRAMA ESCOLA ARENINHA GRANJA PORTUGAL (PRAÇA JUVENTUDE)","DIST":"DIST5","DISTRITO":"DISTRITO 5"},"geometry":{"type":"Point","coordinates":[-38.60056,-3.77678]}},{"type":"Feature","properties":{"CODIGO":958,"ESCOLA":"CENTRO DE EDUCACAO INFANTIL OLINDA MARIA FEITOSA PARENTE","DIST":"DIST6","DISTRITO":"DISTRITO 6"},"geometry":{"type":"Point","coordinates":[-38.45772,-3.82608]}},{"type":"Feature","properties":{"CODIGO":981,"ESCOLA":"CENTRO DE EDUCACAO INFANTIL PROFESSOR GENUINO FRANCISCO DE SALES","DIST":"DIST4","DISTRITO":"DISTRITO 4"},"geometry":{"type":"Point","coordinates":[-38.53572,-3.83229]}},{"type":"Feature","properties":{"CODIGO":983,"ESCOLA":"CENTRO DE EDUCACAO INFANTIL DOM BEDA PEREIRA DE HOLANDA","DIST":"DIST6","DISTRITO":"DISTRITO 6"},"geometry":{"type":"Point","coordinates":[-38.48023,-3.85259]}},{"type":"Feature","properties":{"CODIGO":986,"ESCOLA":"CENTRO DE EDUCACAO INFANTIL MARIA AGLAE GONÇALVES MONTEIRO","DIST":"DIST1","DISTRITO":"DISTRITO 1"},"geometry":{"type":"Point","coordinates":[-38.58503,-3.70595]}},{"type":"Feature","properties":{"CODIGO":1025,"ESCOLA":"CRECHE TIA NINO","DIST":"DIST3","DISTRITO":"DISTRITO 3"},"geometry":{"type":"Point","coordinates":[-38.5975,-3.75648]}},{"type":"Feature","properties":{"CODIGO":495,"ESCOLA":"CENTRO DE EDUCACAO INFANTIL PROFESSORA BELARMINA CAMPOS","DIST":"DIST2","DISTRITO":"DISTRITO 2"},"geometry":{"type":"Point","coordinates":[-38.46668,-3.72569]}},{"type":"Feature","properties":{"CODIGO":505,"ESCOLA":"CENTRO DE EDUCACAO INFANTIL MARIA DE LOURDES RIBEIRO JEREISSATI","DIST":"DIST6","DISTRITO":"DISTRITO 6"},"geometry":{"type":"Point","coordinates":[-38.50354,-3.7841]}},{"type":"Feature","properties":{"CODIGO":782,"ESCOLA":"CENTRO DE EDUCACAO INFANTIL FILGUEIRAS LIMA - UNID II","DIST":"DIST4","DISTRITO":"DISTRITO 4"},"geometry":{"type":"Point","coordinates":[-38.53783,-3.75089]}},{"type":"Feature","properties":{"CODIGO":797,"ESCOLA":"ESCOLA MUNICIPAL DE TEMPO INTEGRAL PROFESSOR ALEXANDRE RODRIGUES DE ALBUQUERQUE","DIST":"DIST5","DISTRITO":"DISTRITO 5"},"geometry":{"type":"Point","coordinates":[-38.61187,-3.80548]}},{"type":"Feature","properties":{"CODIGO":581,"ESCOLA":"ESCOLA MUNICIPAL 11 DE AGOSTO","DIST":"DIST1","DISTRITO":"DISTRITO 1"},"geometry":{"type":"Point","coordinates":[-38.583391,-3.729386]}},{"type":"Feature","properties":{"CODIGO":563,"ESCOLA":"CRECHE SEMENTE DA LIBERDADE","DIST":"DIST3","DISTRITO":"DISTRITO 3"},"geometry":{"type":"Point","coordinates":[-38.60042,-3.74992]}},{"type":"Feature","properties":{"CODIGO":537,"ESCOLA":"CRECHE RENASCER","DIST":"DIST4","DISTRITO":"DISTRITO 4"},"geometry":{"type":"Point","coordinates":[-38.51512,-3.79312]}},{"type":"Feature","properties":{"CODIGO":468,"ESCOLA":"CENTRO DE EDUCACAO INFANTIL PROFESSOR FRANCISCO DE MELO JABORANDI","DIST":"DIST6","DISTRITO":"DISTRITO 6"},"geometry":{"type":"Point","coordinates":[-38.51801,-3.83166]}},{"type":"Feature","properties":{"CODIGO":832,"ESCOLA":"CENTRO DE EDUCACAO INFANTIL PROFESSORA LUIZA DE TEODORO VIEIRA","DIST":"DIST6","DISTRITO":"DISTRITO 6"},"geometry":{"type":"Point","coordinates":[-38.51458,-3.87845]}},{"type":"Feature","properties":{"CODIGO":833,"ESCOLA":"CENTRO DE EDUCACAO INFANTIL AUGUSTO PONTES","DIST":"DIST4","DISTRITO":"DISTRITO 4"},"geometry":{"type":"Point","coordinates":[-38.56005,-3.80163]}},{"type":"Feature","properties":{"CODIGO":861,"ESCOLA":"CENTRO DE EDUCACAO INFANTIL PADRE RAIMUNDO LEANDRO DE ARAUJO","DIST":"DIST6","DISTRITO":"DISTRITO 6"},"geometry":{"type":"Point","coordinates":[-38.46499,-3.82365]}},{"type":"Feature","properties":{"CODIGO":874,"ESCOLA":"ESCOLA MUNICIPAL NELSON MANDELA","DIST":"DIST4","DISTRITO":"DISTRITO 4"},"geometry":{"type":"Point","coordinates":[-38.55542,-3.82941]}},{"type":"Feature","properties":{"CODIGO":887,"ESCOLA":"ESCOLA MUNICIPAL HEITOR VILLA LOBOS","DIST":"DIST4","DISTRITO":"DISTRITO 4"},"geometry":{"type":"Point","coordinates":[-38.5806,-3.83807]}},{"type":"Feature","properties":{"CODIGO":897,"ESCOLA":"CRECHE TIA LELEU","DIST":"DIST5","DISTRITO":"DISTRITO 5"},"geometry":{"type":"Point","coordinates":[-38.56053,-3.81323]}},{"type":"Feature","properties":{"CODIGO":953,"ESCOLA":"PROGRAMA ESCOLA ARENINHA PIRAMBU","DIST":"DIST1","DISTRITO":"DISTRITO 1"},"geometry":{"type":"Point","coordinates":[-38.54512,-3.71377]}},{"type":"Feature","properties":{"CODIGO":956,"ESCOLA":"ESCOLA MUNICIPAL DE TEMPO INTEGRAL JOSE AROLDO CAVALCANTE MOTA","DIST":"DIST6","DISTRITO":"DISTRITO 6"},"geometry":{"type":"Point","coordinates":[-38.51484,-3.81984]}},{"type":"Feature","properties":{"CODIGO":959,"ESCOLA":"PROGRAMA ESCOLA ARENINHA BARRA DO CEARÁ","DIST":"DIST1","DISTRITO":"DISTRITO 1"},"geometry":{"type":"Point","coordinates":[-38.58437,-3.69987]}},{"type":"Feature","properties":{"CODIGO":961,"ESCOLA":"PROGRAMA ESCOLA ARENINHA SITIO SAO JOAO","DIST":"DIST6","DISTRITO":"DISTRITO 6"},"geometry":{"type":"Point","coordinates":[-38.51994,-3.84864]}},{"type":"Feature","properties":{"CODIGO":962,"ESCOLA":"CENTRO DE EDUCACAO INFANTIL ARIEVALDO VIANA","DIST":"DIST4","DISTRITO":"DISTRITO 4"},"geometry":{"type":"Point","coordinates":[-38.56479,-3.83482]}},{"type":"Feature","properties":{"CODIGO":969,"ESCOLA":"CRECHE CENTRO DE DESENVOLVIMENTO INTEGRADO DA VIDA","DIST":"DIST5","DISTRITO":"DISTRITO 5"},"geometry":{"type":"Point","coordinates":[-38.61391,-3.79165]}},{"type":"Feature","properties":{"CODIGO":973,"ESCOLA":"CRECHE MEU ANJO","DIST":"DIST5","DISTRITO":"DISTRITO 5"},"geometry":{"type":"Point","coordinates":[-38.55758,-3.81293]}},{"type":"Feature","properties":{"CODIGO":976,"ESCOLA":"CRECHE CORACAO DE MARIA","DIST":"DIST5","DISTRITO":"DISTRITO 5"},"geometry":{"type":"Point","coordinates":[-38.60042,-3.81862]}},{"type":"Feature","properties":{"CODIGO":368,"ESCOLA":"CENTRO DE EDUCACAO INFANTIL PROFESSOR JOSE CIRIO PEREIRA FILHO","DIST":"DIST5","DISTRITO":"DISTRITO 5"},"geometry":{"type":"Point","coordinates":[-38.62274,-3.80587]}},{"type":"Feature","properties":{"CODIGO":387,"ESCOLA":"CENTRO DE EDUCACAO INFANTIL MARIO QUINTANA","DIST":"DIST1","DISTRITO":"DISTRITO 1"},"geometry":{"type":"Point","coordinates":[-38.60009,-3.71137]}},{"type":"Feature","properties":{"CODIGO":396,"ESCOLA":"CENTRO DE EDUCACAO INFANTIL FREI AGOSTINHO FERNANDES","DIST":"DIST2","DISTRITO":"DISTRITO 2"},"geometry":{"type":"Point","coordinates":[-38.45653,-3.73784]}},{"type":"Feature","properties":{"CODIGO":1032,"ESCOLA":"CENTRO DE EDUCACAO INFANTIL PETRONILLA ISONNI","DIST":"DIST4","DISTRITO":"DISTRITO 4"},"geometry":{"type":"Point","coordinates":[-38.5283,-3.7726]}},{"type":"Feature","properties":{"CODIGO":1033,"ESCOLA":"CENTRO DE EDUCACAO INFANTIL ESMERINDA SOARES DA SILVA","DIST":"DIST2","DISTRITO":"DISTRITO 2"},"geometry":{"type":"Point","coordinates":[-38.49129,-3.77243]}},{"type":"Feature","properties":{"CODIGO":1037,"ESCOLA":"CENTRO DE EDUCACAO INFANTIL MARIA ROSA DE ALMEIDA","DIST":"DIST5","DISTRITO":"DISTRITO 5"},"geometry":{"type":"Point","coordinates":[-38.59008,-3.78347]}},{"type":"Feature","properties":{"CODIGO":1100,"ESCOLA":"PROGRAMA INTEGRACAO VIDA VIDEIRA","DIST":"DIST2","DISTRITO":"DISTRITO 2"},"geometry":{"type":"Point","coordinates":[-38.46965,-3.79845]}},{"type":"Feature","properties":{"CODIGO":1106,"ESCOLA":"CENTRO DE EDUCACAO INFANTIL FRANCISCA RODRIGUES DE SOUSA","DIST":"DIST4","DISTRITO":"DISTRITO 4"},"geometry":{"type":"Point","coordinates":[-38.54849,-3.79926]}},{"type":"Feature","properties":{"CODIGO":1108,"ESCOLA":"CENTRO DE EDUCACAO INFANTIL PROFESSOR FRANCISCO ROSELY DINIZ","DIST":"DIST4","DISTRITO":"DISTRITO 4"},"geometry":{"type":"Point","coordinates":[-38.54493,-3.82867]}},{"type":"Feature","properties":{"CODIGO":1109,"ESCOLA":"CENTRO DE EDUCACAO INFANTIL JOSIAS RABELO SANTOS","DIST":"DIST4","DISTRITO":"DISTRITO 4"},"geometry":{"type":"Point","coordinates":[-38.5542,-3.84748]}},{"type":"Feature","properties":{"CODIGO":1110,"ESCOLA":"CENTRO DE EDUCAÇÃO INFANTIL ANTONIO CESAR PEREIRA PINHEIRO","DIST":"DIST6","DISTRITO":"DISTRITO 6"},"geometry":{"type":"Point","coordinates":[-38.5153,-3.85879]}},{"type":"Feature","properties":{"CODIGO":1118,"ESCOLA":"CENTRO DE EDUCACAO INFANTIL PAULO CESAR FEITOSA","DIST":"DIST2","DISTRITO":"DISTRITO 2"},"geometry":{"type":"Point","coordinates":[-38.47289,-3.75284]}},{"type":"Feature","properties":{"CODIGO":1120,"ESCOLA":"CRECHE AQUARELA","DIST":"DIST3","DISTRITO":"DISTRITO 3"},"geometry":{"type":"Point","coordinates":[-38.59119,-3.76831]}},{"type":"Feature","properties":{"CODIGO":1137,"ESCOLA":"PROGRAMA PRO-TECNICO MARIA HELENILCE CAVALCANTE LEITE MARTINS","DIST":"DIST6","DISTRITO":"DISTRITO 6"},"geometry":{"type":"Point","coordinates":[-38.52477,-3.851]}},{"type":"Feature","properties":{"CODIGO":1140,"ESCOLA":"CRECHE GERALDA BERTINI","DIST":"DIST3","DISTRITO":"DISTRITO 3"},"geometry":{"type":"Point","coordinates":[-38.59313,-3.74031]}},{"type":"Feature","properties":{"CODIGO":105,"ESCOLA":"ESCOLA MUNICIPAL MARIA FELICIO LOPES","DIST":"DIST2","DISTRITO":"DISTRITO 2"},"geometry":{"type":"Point","coordinates":[-38.464328,-3.719859]}},{"type":"Feature","properties":{"CODIGO":504,"ESCOLA":"CENTRO DE EDUCACAO INFANTIL PADRE CICERO ROMAO BATISTA","DIST":"DIST5","DISTRITO":"DISTRITO 5"},"geometry":{"type":"Point","coordinates":[-38.59126,-3.81412]}},{"type":"Feature","properties":{"CODIGO":1171,"ESCOLA":"ESCOLA MUNICIPAL EPITACIO PAULA DE SOUSA","DIST":"DIST4","DISTRITO":"DISTRITO 4"},"geometry":{"type":"Point","coordinates":[-38.551879,-3.838374]}},{"type":"Feature","properties":{"CODIGO":1172,"ESCOLA":"ESCOLA MUNICIPAL PROFESSORA MARIA DE FATIMA FREIRES DA CRUZ","DIST":"DIST6","DISTRITO":"DISTRITO 6"},"geometry":{"type":"Point","coordinates":[-38.515759,-3.8771]}},{"type":"Feature","properties":{"CODIGO":1187,"ESCOLA":"CENTRO DE EDUCACAO INFANTIL ANTONIO MOREIRA DE OLIVEIRA","DIST":"DIST3","DISTRITO":"DISTRITO 3"},"geometry":{"type":"Point","coordinates":[-38.60721,-3.771437]}},{"type":"Feature","properties":{"CODIGO":1191,"ESCOLA":"CRECHE TIO ARNALDO","DIST":"DIST6","DISTRITO":"DISTRITO 6"},"geometry":{"type":"Point","coordinates":[-38.513877,-3.829722]}},{"type":"Feature","properties":{"CODIGO":1272,"ESCOLA":"CRECHE AMCTN","DIST":"DIST6","DISTRITO":"DISTRITO 6"},"geometry":{"type":"Point","coordinates":[-38.50692,-3.78602]}},{"type":"Feature","properties":{"CODIGO":1284,"ESCOLA":"PROGRAMA ESCOLA ARENINHA CONJUNTO ESPERANCA","DIST":"DIST5","DISTRITO":"DISTRITO 5"},"geometry":{"type":"Point","coordinates":[-38.589052,-3.814391]}},{"type":"Feature","properties":{"CODIGO":1285,"ESCOLA":"PROGRAMA ESCOLA ARENINHA JORNALISTA THOMAZ COELHO","DIST":"DIST6","DISTRITO":"DISTRITO 6"},"geometry":{"type":"Point","coordinates":[-38.514094,-3.828537]}},{"type":"Feature","properties":{"CODIGO":1294,"ESCOLA":"CRECHE CASTELINHO","DIST":"DIST4","DISTRITO":"DISTRITO 4"},"geometry":{"type":"Point","coordinates":[-38.546422,-3.768648]}},{"type":"Feature","properties":{"CODIGO":1296,"ESCOLA":"CRECHE MUNDO ENCANTADO","DIST":"DIST3","DISTRITO":"DISTRITO 3"},"geometry":{"type":"Point","coordinates":[-38.613957,-3.767179]}},{"type":"Feature","properties":{"CODIGO":1303,"ESCOLA":"CRECHE RENASCER KIDS","DIST":"DIST5","DISTRITO":"DISTRITO 5"},"geometry":{"type":"Point","coordinates":[-38.616597,-3.786197]}},{"type":"Feature","properties":{"CODIGO":1304,"ESCOLA":"CRECHE MARIA DA HORA II","DIST":"DIST3","DISTRITO":"DISTRITO 3"},"geometry":{"type":"Point","coordinates":[-38.583648,-3.759105]}},{"type":"Feature","properties":{"CODIGO":1311,"ESCOLA":"CRECHE MIGUEL MARTINS","DIST":"DIST5","DISTRITO":"DISTRITO 5"},"geometry":{"type":"Point","coordinates":[-38.599909,-3.824511]}},{"type":"Feature","properties":{"CODIGO":1312,"ESCOLA":"CRECHE TIO JUNIOR","DIST":"DIST5","DISTRITO":"DISTRITO 5"},"geometry":{"type":"Point","coordinates":[-38.576417,-3.794428]}},{"type":"Feature","properties":{"CODIGO":1313,"ESCOLA":"PROGRAMA ESCOLA ARENINHA SARGENTO HERMINIO","DIST":"DIST3","DISTRITO":"DISTRITO 3"},"geometry":{"type":"Point","coordinates":[-38.558169,-3.726479]}},{"type":"Feature","properties":{"CODIGO":1318,"ESCOLA":"PROGRAMA ESCOLA ARENINHA CAMPO DO BIQUIN","DIST":"DIST6","DISTRITO":"DISTRITO 6"},"geometry":{"type":"Point","coordinates":[-38.528732,-3.839809]}},{"type":"Feature","properties":{"CODIGO":1113,"ESCOLA":"ESCOLA MUNICIPAL DE TEMPO INTEGRAL PASTOR FLORENCIO NUNES NETO","DIST":"DIST5","DISTRITO":"DISTRITO 5"},"geometry":{"type":"Point","coordinates":[-38.59331,-3.82655]}},{"type":"Feature","properties":{"CODIGO":451,"ESCOLA":"CENTRO DE EDUCACAO INFANTIL ALDEIDES REGIS","DIST":"DIST1","DISTRITO":"DISTRITO 1"},"geometry":{"type":"Point","coordinates":[-38.56749,-3.71085]}},{"type":"Feature","properties":{"CODIGO":426,"ESCOLA":"CENTRO DE EDUCACAO INFANTIL PROFESSORA ANTONIETA CALS","DIST":"DIST2","DISTRITO":"DISTRITO 2"},"geometry":{"type":"Point","coordinates":[-38.50661,-3.75601]}},{"type":"Feature","properties":{"CODIGO":1182,"ESCOLA":"CENTRO DE EDUCACAO INFANTIL JOSE EUCLIDES FERREIRA GOMES","DIST":"DIST6","DISTRITO":"DISTRITO 6"},"geometry":{"type":"Point","coordinates":[-38.519365,-3.855182]}},{"type":"Feature","properties":{"CODIGO":1192,"ESCOLA":"CRECHE GIRASSOL","DIST":"DIST3","DISTRITO":"DISTRITO 3"},"geometry":{"type":"Point","coordinates":[-38.591423,-3.767763]}},{"type":"Feature","properties":{"CODIGO":1124,"ESCOLA":"CRECHE TIA ARLETE","DIST":"DIST1","DISTRITO":"DISTRITO 1"},"geometry":{"type":"Point","coordinates":[-38.57103,-3.71604]}},{"type":"Feature","properties":{"CODIGO":86,"ESCOLA":"ESCOLA MUNICIPAL PROFESSOR CLODOALDO PINTO","DIST":"DIST3","DISTRITO":"DISTRITO 3"},"geometry":{"type":"Point","coordinates":[-38.58127,-3.73096]}},{"type":"Feature","properties":{"CODIGO":570,"ESCOLA":"CRECHE SAO GABRIEL","DIST":"DIST2","DISTRITO":"DISTRITO 2"},"geometry":{"type":"Point","coordinates":[-38.51504,-3.75992]}},{"type":"Feature","properties":{"CODIGO":1151,"ESCOLA":"PROGRAMA ESCOLA ARENINHA ESTADIO MURILAO","DIST":"DIST6","DISTRITO":"DISTRITO 6"},"geometry":{"type":"Point","coordinates":[-38.48851,-3.83272]}},{"type":"Feature","properties":{"CODIGO":1152,"ESCOLA":"PROGRAMA ESCOLA ARENINHA SAO BERNARDO","DIST":"DIST6","DISTRITO":"DISTRITO 6"},"geometry":{"type":"Point","coordinates":[-38.491186,-3.820672]}},{"type":"Feature","properties":{"CODIGO":1189,"ESCOLA":"PROGRAMA ESCOLA ARENINHA SAO CRISTOVAO","DIST":"DIST6","DISTRITO":"DISTRITO 6"},"geometry":{"type":"Point","coordinates":[-38.524842,-3.837825]}},{"type":"Feature","properties":{"CODIGO":1257,"ESCOLA":"PROGRAMA ESCOLA ARENINHA PRAÇA DA JUVENTUDE (JOÃO XXIII)","DIST":"DIST3","DISTRITO":"DISTRITO 3"},"geometry":{"type":"Point","coordinates":[-38.59146,-3.769648]}},{"type":"Feature","properties":{"CODIGO":1258,"ESCOLA":"PROGRAMA ESCOLA ARENINHA SERRINHA (SERROTE)","DIST":"DIST4","DISTRITO":"DISTRITO 4"},"geometry":{"type":"Point","coordinates":[-38.538813,-3.78415]}},{"type":"Feature","properties":{"CODIGO":341,"ESCOLA":"ESCOLA MUNICIPAL MANUEL LIMA SOARES","DIST":"DIST4","DISTRITO":"DISTRITO 4"},"geometry":{"type":"Point","coordinates":[-38.54598,-3.79921]}},{"type":"Feature","properties":{"CODIGO":1168,"ESCOLA":"CENTRO DE EDUCACAO INFANTIL TEREZA D'ANA","DIST":"DIST4","DISTRITO":"DISTRITO 4"},"geometry":{"type":"Point","coordinates":[-38.568625,-3.83356]}},{"type":"Feature","properties":{"CODIGO":1181,"ESCOLA":"CENTRO DE EDUCACAO INFANTIL RITA DE CASSIA DE LIMA BARBOSA","DIST":"DIST5","DISTRITO":"DISTRITO 5"},"geometry":{"type":"Point","coordinates":[-38.601133,-3.807205]}},{"type":"Feature","properties":{"CODIGO":1260,"ESCOLA":"PROGRAMA ESCOLA ARENINHA DO ARACAPE","DIST":"DIST5","DISTRITO":"DISTRITO 5"},"geometry":{"type":"Point","coordinates":[-38.586728,-3.833099]}},{"type":"Feature","properties":{"CODIGO":1261,"ESCOLA":"PROGRAMA PRO-TECNICO JOSE AYRTON TEIXEIRA","DIST":"DIST5","DISTRITO":"DISTRITO 5"},"geometry":{"type":"Point","coordinates":[-38.58407,-3.81095]}},{"type":"Feature","properties":{"CODIGO":1262,"ESCOLA":"PROGRAMA PRO-TECNICO CREUSA DO CARMO ROCHA","DIST":"DIST5","DISTRITO":"DISTRITO 5"},"geometry":{"type":"Point","coordinates":[-38.60301,-3.78149]}},{"type":"Feature","properties":{"CODIGO":1263,"ESCOLA":"CAEE- INSTITUTO DA PRIMEIRA INFÂNCIA - IPREDE","DIST":"DIST6","DISTRITO":"DISTRITO 6"},"geometry":{"type":"Point","coordinates":[-38.48515,-3.79482]}},{"type":"Feature","properties":{"CODIGO":1266,"ESCOLA":"PROGRAMA ESCOLA ARENINHA CONJUNTO CEARA I","DIST":"DIST3","DISTRITO":"DISTRITO 3"},"geometry":{"type":"Point","coordinates":[-38.60582,-3.76665]}},{"type":"Feature","properties":{"CODIGO":1273,"ESCOLA":"PROGRAMA ESCOLA ARENINHA CAMPO AEROPORTO","DIST":"DIST4","DISTRITO":"DISTRITO 4"},"geometry":{"type":"Point","coordinates":[-38.528756,-3.761772]}},{"type":"Feature","properties":{"CODIGO":1275,"ESCOLA":"PROGRAMA ESCOLA ARENINHA CAMPO DO MONDUBIM","DIST":"DIST5","DISTRITO":"DISTRITO 5"},"geometry":{"type":"Point","coordinates":[-38.557306,-3.812024]}},{"type":"Feature","properties":{"CODIGO":155,"ESCOLA":"ESCOLA MUNICIPAL DOM JOSE TUPINAMBA DA FROTA","DIST":"DIST3","DISTRITO":"DISTRITO 3"},"geometry":{"type":"Point","coordinates":[-38.56237,-3.74947]}},{"type":"Feature","properties":{"CODIGO":294,"ESCOLA":"ESCOLA MUNICIPAL PADRE FELICE PISTONE","DIST":"DIST4","DISTRITO":"DISTRITO 4"},"geometry":{"type":"Point","coordinates":[-38.5492,-3.75709]}},{"type":"Feature","properties":{"CODIGO":253,"ESCOLA":"ESCOLA MUNICIPAL DE TEMPO INTEGRAL JOSE CARVALHO","DIST":"DIST6","DISTRITO":"DISTRITO 6"},"geometry":{"type":"Point","coordinates":[-38.47597,-3.81769]}},{"type":"Feature","properties":{"CODIGO":478,"ESCOLA":"CENTRO DE EDUCACAO INFANTIL ANTONIO DIOGO DE SIQUEIRA","DIST":"DIST5","DISTRITO":"DISTRITO 5"},"geometry":{"type":"Point","coordinates":[-38.5944,-3.77634]}},{"type":"Feature","properties":{"CODIGO":366,"ESCOLA":"ESCOLA MUNICIPAL JOSE BARROS DE ALENCAR","DIST":"DIST6","DISTRITO":"DISTRITO 6"},"geometry":{"type":"Point","coordinates":[-38.49051,-3.83862]}},{"type":"Feature","properties":{"CODIGO":447,"ESCOLA":"ESCOLA MUNICIPAL SINO PINHEIRO - UNID II","DIST":"DIST6","DISTRITO":"DISTRITO 6"},"geometry":{"type":"Point","coordinates":[-38.51657,-3.82641]}},{"type":"Feature","properties":{"CODIGO":1112,"ESCOLA":"ESCOLA MUNICIPAL DE TEMPO INTEGRAL REITOR ROBERTO CLAUDIO FROTA BEZERRA","DIST":"DIST4","DISTRITO":"DISTRITO 4"},"geometry":{"type":"Point","coordinates":[-38.55113,-3.80363]}},{"type":"Feature","properties":{"CODIGO":1115,"ESCOLA":"ESCOLA MUNICIPAL DE TEMPO INTEGRAL LUIZ TEIXEIRA MATOS","DIST":"DIST5","DISTRITO":"DISTRITO 5"},"geometry":{"type":"Point","coordinates":[-38.56954,-3.82781]}},{"type":"Feature","properties":{"CODIGO":139,"ESCOLA":"ESCOLA MUNICIPAL DE TEMPO INTEGRAL NOSSA SENHORA DE FATIMA","DIST":"DIST1","DISTRITO":"DISTRITO 1"},"geometry":{"type":"Point","coordinates":[-38.57229,-3.72042]}},{"type":"Feature","properties":{"CODIGO":354,"ESCOLA":"ESCOLA MUNICIPAL ADROALDO TEIXEIRA CASTELO","DIST":"DIST3","DISTRITO":"DISTRITO 3"},"geometry":{"type":"Point","coordinates":[-38.57514,-3.75562]}},{"type":"Feature","properties":{"CODIGO":425,"ESCOLA":"CENTRO DE EDUCACAO INFANTIL MARIA DAS DORES DE SOUSA SILVA","DIST":"DIST4","DISTRITO":"DISTRITO 4"},"geometry":{"type":"Point","coordinates":[-38.53794,-3.81317]}},{"type":"Feature","properties":{"CODIGO":943,"ESCOLA":"ESCOLA MUNICIPAL MARILENE LOPES RABELO - UNID II","DIST":"DIST5","DISTRITO":"DISTRITO 5"},"geometry":{"type":"Point","coordinates":[-38.59841,-3.8302]}},{"type":"Feature","properties":{"CODIGO":1283,"ESCOLA":"PROGRAMA ESCOLA ARENINHA SERRINHA","DIST":"DIST4","DISTRITO":"DISTRITO 4"},"geometry":{"type":"Point","coordinates":[-38.535072,-3.790978]}},{"type":"Feature","properties":{"CODIGO":1289,"ESCOLA":"ESCOLA MUNICIPAL IVANILSON SOUZA LIMA COSTA","DIST":"DIST5","DISTRITO":"DISTRITO 5"},"geometry":{"type":"Point","coordinates":[-38.590801,-3.829826]}},{"type":"Feature","properties":{"CODIGO":1290,"ESCOLA":"CENTRO DE EDUCACAO INFANTIL JOSE BARROS CRISOSTOMO","DIST":"DIST3","DISTRITO":"DISTRITO 3"},"geometry":{"type":"Point","coordinates":[-38.605852,-3.766696]}},{"type":"Feature","properties":{"CODIGO":1291,"ESCOLA":"CENTRO DE EDUCACAO INFANTIL OTACILIO DE SA PEREIRA BESSA","DIST":"DIST4","DISTRITO":"DISTRITO 4"},"geometry":{"type":"Point","coordinates":[-38.572686,-3.780902]}},{"type":"Feature","properties":{"CODIGO":1292,"ESCOLA":"CENTRO DE EDUCACAO INFANTIL IVANILSON SOUZA LIMA COSTA","DIST":"DIST5","DISTRITO":"DISTRITO 5"},"geometry":{"type":"Point","coordinates":[-38.59022,-3.82935]}},{"type":"Feature","properties":{"CODIGO":1298,"ESCOLA":"CRECHE PARAISO VERDE","DIST":"DIST5","DISTRITO":"DISTRITO 5"},"geometry":{"type":"Point","coordinates":[-38.619703,-3.808118]}},{"type":"Feature","properties":{"CODIGO":1299,"ESCOLA":"CRECHE SONHO DE ANA","DIST":"DIST5","DISTRITO":"DISTRITO 5"},"geometry":{"type":"Point","coordinates":[-38.583175,-3.823435]}},{"type":"Feature","properties":{"CODIGO":1300,"ESCOLA":"CRECHE JARDIM DOS SONHOS","DIST":"DIST5","DISTRITO":"DISTRITO 5"},"geometry":{"type":"Point","coordinates":[-38.597666,-3.824356]}},{"type":"Feature","properties":{"CODIGO":1301,"ESCOLA":"CRECHE SANTO ANTONIO","DIST":"DIST1","DISTRITO":"DISTRITO 1"},"geometry":{"type":"Point","coordinates":[-38.57258,-3.720958]}},{"type":"Feature","properties":{"CODIGO":1302,"ESCOLA":"CRECHE VOVO ODILON","DIST":"DIST3","DISTRITO":"DISTRITO 3"},"geometry":{"type":"Point","coordinates":[-38.594199,-3.726569]}},{"type":"Feature","properties":{"CODIGO":1305,"ESCOLA":"CRECHE ANIZIA TAVORA","DIST":"DIST3","DISTRITO":"DISTRITO 3"},"geometry":{"type":"Point","coordinates":[-38.59777,-3.737309]}},{"type":"Feature","properties":{"CODIGO":1306,"ESCOLA":"CRECHE MARIA DA HORA III","DIST":"DIST3","DISTRITO":"DISTRITO 3"},"geometry":{"type":"Point","coordinates":[-38.60493,-3.754501]}},{"type":"Feature","properties":{"CODIGO":1307,"ESCOLA":"CRECHE TIA LELEU III","DIST":"DIST4","DISTRITO":"DISTRITO 4"},"geometry":{"type":"Point","coordinates":[-38.556658,-3.827484]}},{"type":"Feature","properties":{"CODIGO":1308,"ESCOLA":"CRECHE TIA TEREZINHA","DIST":"DIST4","DISTRITO":"DISTRITO 4"},"geometry":{"type":"Point","coordinates":[-38.569426,-3.834854]}},{"type":"Feature","properties":{"CODIGO":1309,"ESCOLA":"CRECHE CORES E BRINCADEIRAS II","DIST":"DIST5","DISTRITO":"DISTRITO 5"},"geometry":{"type":"Point","coordinates":[-38.602549,-3.802673]}},{"type":"Feature","properties":{"CODIGO":1310,"ESCOLA":"CRECHE VO IZAURA","DIST":"DIST5","DISTRITO":"DISTRITO 5"},"geometry":{"type":"Point","coordinates":[-38.60979,-3.782484]}},{"type":"Feature","properties":{"CODIGO":1317,"ESCOLA":"CENTRO DE EDUCACAO INFANTIL LUZIE TORQUATO DA COSTA","DIST":"DIST3","DISTRITO":"DISTRITO 3"},"geometry":{"type":"Point","coordinates":[-38.595402,-3.755012]}},{"type":"Feature","properties":{"CODIGO":1034,"ESCOLA":"CENTRO DE EDUCACAO INFANTIL PEDRO FERREIRA MESQUITA","DIST":"DIST6","DISTRITO":"DISTRITO 6"},"geometry":{"type":"Point","coordinates":[-38.51025,-3.85651]}},{"type":"Feature","properties":{"CODIGO":1062,"ESCOLA":"PROGRAMA JUVENTUDE DIGITAL PROFESSORA MARIA ANTONEZIA MEIRELES E SA","DIST":"DIST6","DISTRITO":"DISTRITO 6"},"geometry":{"type":"Point","coordinates":[-38.50644,-3.81912]}},{"type":"Feature","properties":{"CODIGO":1101,"ESCOLA":"PROGRAMA TURMAS AVANCADAS GENERAL MANOEL CORDEIRO NETO","DIST":"DIST4","DISTRITO":"DISTRITO 4"},"geometry":{"type":"Point","coordinates":[-38.54039,-3.77144]}},{"type":"Feature","properties":{"CODIGO":1107,"ESCOLA":"CENTRO DE EDUCACAO INFANTIL MARIA DA CONCEICAO HOLANDA CAVALCANTE","DIST":"DIST3","DISTRITO":"DISTRITO 3"},"geometry":{"type":"Point","coordinates":[-38.58346,-3.75982]}},{"type":"Feature","properties":{"CODIGO":1119,"ESCOLA":"ESCOLA MUNICIPAL DE TEMPO INTEGRAL PROFESSORA MARIA MIRTES BASTOS MANGUEIRA","DIST":"DIST5","DISTRITO":"DISTRITO 5"},"geometry":{"type":"Point","coordinates":[-38.61908,-3.78981]}},{"type":"Feature","properties":{"CODIGO":1125,"ESCOLA":"CRECHE VILA DA CRIANCA","DIST":"DIST4","DISTRITO":"DISTRITO 4"},"geometry":{"type":"Point","coordinates":[-38.53758,-3.76606]}},{"type":"Feature","properties":{"CODIGO":1126,"ESCOLA":"CRECHE DOMINGOS SAVIO","DIST":"DIST4","DISTRITO":"DISTRITO 4"},"geometry":{"type":"Point","coordinates":[-38.53105,-3.7684]}},{"type":"Feature","properties":{"CODIGO":1127,"ESCOLA":"CRECHE MARCILIO AMORIM","DIST":"DIST5","DISTRITO":"DISTRITO 5"},"geometry":{"type":"Point","coordinates":[-38.58789,-3.79868]}},{"type":"Feature","properties":{"CODIGO":1129,"ESCOLA":"CRECHE MAE BALBINA","DIST":"DIST5","DISTRITO":"DISTRITO 5"},"geometry":{"type":"Point","coordinates":[-38.61829,-3.78654]}},{"type":"Feature","properties":{"CODIGO":1130,"ESCOLA":"CRECHE ACADEMIA DA CRIANCA","DIST":"DIST6","DISTRITO":"DISTRITO 6"},"geometry":{"type":"Point","coordinates":[-38.50465,-3.80519]}},{"type":"Feature","properties":{"CODIGO":1131,"ESCOLA":"CRECHE TIO SERGIO","DIST":"DIST5","DISTRITO":"DISTRITO 5"},"geometry":{"type":"Point","coordinates":[-38.57058,-3.81702]}},{"type":"Feature","properties":{"CODIGO":373,"ESCOLA":"CENTRO DE EDUCAÇÃO INFANTIL INFANTE ROSALINA RODRIGUES","DIST":"DIST4","DISTRITO":"DISTRITO 4"},"geometry":{"type":"Point","coordinates":[-38.54842,-3.80695]}},{"type":"Feature","properties":{"CODIGO":539,"ESCOLA":"CRECHE NOVO AMANHECER","DIST":"DIST4","DISTRITO":"DISTRITO 4"},"geometry":{"type":"Point","coordinates":[-38.52778,-3.81405]}},{"type":"Feature","properties":{"CODIGO":1150,"ESCOLA":"PROGRAMA ESCOLA ARENINHA MARIA TOMASIA","DIST":"DIST6","DISTRITO":"DISTRITO 6"},"geometry":{"type":"Point","coordinates":[-38.52009,-3.8541]}},{"type":"Feature","properties":{"CODIGO":1190,"ESCOLA":"CENTRO DE EDUCAÇÃO INFANTIL ABRAAO LUCCA DA SILVA COSTA","DIST":"DIST3","DISTRITO":"DISTRITO 3"},"geometry":{"type":"Point","coordinates":[-38.581786,-3.753594]}},{"type":"Feature","properties":{"CODIGO":1193,"ESCOLA":"CRECHE TIA SANTINHA","DIST":"DIST5","DISTRITO":"DISTRITO 5"},"geometry":{"type":"Point","coordinates":[-38.58878,-3.794048]}},{"type":"Feature","properties":{"CODIGO":556,"ESCOLA":"CRECHE SAO JUDAS TADEU","DIST":"DIST6","DISTRITO":"DISTRITO 6"},"geometry":{"type":"Point","coordinates":[-38.5191,-3.8229]}},{"type":"Feature","properties":{"CODIGO":1267,"ESCOLA":"PROGRAMA ESCOLA ARENINHA CONJUNTO CEARA II","DIST":"DIST3","DISTRITO":"DISTRITO 3"},"geometry":{"type":"Point","coordinates":[-38.61654,-3.772979]}},{"type":"Feature","properties":{"CODIGO":244,"ESCOLA":"ESCOLA MUNICIPAL SANTA LUZIA","DIST":"DIST3","DISTRITO":"DISTRITO 3"},"geometry":{"type":"Point","coordinates":[-38.591,-3.74987]}},{"type":"Feature","properties":{"CODIGO":283,"ESCOLA":"ESCOLA MUNICIPAL JOAO PAULO I","DIST":"DIST5","DISTRITO":"DISTRITO 5"},"geometry":{"type":"Point","coordinates":[-38.57778,-3.77665]}},{"type":"Feature","properties":{"CODIGO":219,"ESCOLA":"ESCOLA MUNICIPAL PARQUE SAO MIGUEL","DIST":"DIST6","DISTRITO":"DISTRITO 6"},"geometry":{"type":"Point","coordinates":[-38.47246,-3.82158]}},{"type":"Feature","properties":{"CODIGO":1021,"ESCOLA":"CRECHE CONSTRUINDO O SABER","DIST":"DIST3","DISTRITO":"DISTRITO 3"},"geometry":{"type":"Point","coordinates":[-38.59705,-3.75024]}},{"type":"Feature","properties":{"CODIGO":1282,"ESCOLA":"CRECHE TIA TALY","DIST":"DIST5","DISTRITO":"DISTRITO 5"},"geometry":{"type":"Point","coordinates":[-38.604813,-3.79541]}},{"type":"Feature","properties":{"CODIGO":1038,"ESCOLA":"CENTRO DE EDUCACAO INFANTIL MARIA FERREIRA DIAS","DIST":"DIST2","DISTRITO":"DISTRITO 2"},"geometry":{"type":"Point","coordinates":[-38.46633,-3.71431]}},{"type":"Feature","properties":{"CODIGO":1111,"ESCOLA":"ESCOLA MUNICIPAL DE TEMPO INTEGRAL JOSE CARLOS DE OLIVEIRA NETO","DIST":"DIST3","DISTRITO":"DISTRITO 3"},"geometry":{"type":"Point","coordinates":[-38.59518,-3.73833]}},{"type":"Feature","properties":{"CODIGO":1116,"ESCOLA":"ESCOLA MUNICIPAL DE TEMPO INTEGRAL VEREADOR ALBERTO GOMES DE QUEIROZ","DIST":"DIST2","DISTRITO":"DISTRITO 2"},"geometry":{"type":"Point","coordinates":[-38.46661,-3.71364]}},{"type":"Feature","properties":{"CODIGO":1121,"ESCOLA":"CRECHE CORES E BRINCADEIRAS","DIST":"DIST5","DISTRITO":"DISTRITO 5"},"geometry":{"type":"Point","coordinates":[-38.59766,-3.77312]}},{"type":"Feature","properties":{"CODIGO":457,"ESCOLA":"CENTRO DE EDUCACAO INFANTIL PEDRO BOCA RICA","DIST":"DIST4","DISTRITO":"DISTRITO 4"},"geometry":{"type":"Point","coordinates":[-38.55207,-3.83902]}},{"type":"Feature","properties":{"CODIGO":394,"ESCOLA":"CENTRO DE EDUCACAO INFANTIL ALGODAO DOCE","DIST":"DIST4","DISTRITO":"DISTRITO 4"},"geometry":{"type":"Point","coordinates":[-38.55951,-3.77771]}},{"type":"Feature","properties":{"CODIGO":1149,"ESCOLA":"CENTRO DE EDUCACAO INFANTIL MARIA DALVA DOS SANTOS","DIST":"DIST1","DISTRITO":"DISTRITO 1"},"geometry":{"type":"Point","coordinates":[-38.54573,-3.71323]}},{"type":"Feature","properties":{"CODIGO":1154,"ESCOLA":"PROGRAMA ESCOLA ARENINHA CAMPO LAGOA DO CATAO","DIST":"DIST4","DISTRITO":"DISTRITO 4"},"geometry":{"type":"Point","coordinates":[-38.56349,-3.82708]}},{"type":"Feature","properties":{"CODIGO":1188,"ESCOLA":"ESCOLA MUNICIPAL IRAGUASSU TEIXEIRA","DIST":"DIST6","DISTRITO":"DISTRITO 6"},"geometry":{"type":"Point","coordinates":[-38.515219,-3.877579]}},{"type":"Feature","properties":{"CODIGO":1276,"ESCOLA":"PROGRAMA ESCOLA ARENINHA MONDUBIM","DIST":"DIST5","DISTRITO":"DISTRITO 5"},"geometry":{"type":"Point","coordinates":[-38.580706,-3.826311]}},{"type":"Feature","properties":{"CODIGO":1281,"ESCOLA":"CRECHE MARIA BONITA","DIST":"DIST5","DISTRITO":"DISTRITO 5"},"geometry":{"type":"Point","coordinates":[-38.596407,-3.821243]}},{"type":"Feature","properties":{"CODIGO":1035,"ESCOLA":"CENTRO DE EDUCACAO INFANTIL PROFESSOR MIRTON LA MARQUES","DIST":"DIST5","DISTRITO":"DISTRITO 5"},"geometry":{"type":"Point","coordinates":[-38.60488,-3.78601]}},{"type":"Feature","properties":{"CODIGO":1036,"ESCOLA":"CENTRO DE EDUCACAO INFANTIL MARIA FELIX RODRIGUES","DIST":"DIST5","DISTRITO":"DISTRITO 5"},"geometry":{"type":"Point","coordinates":[-38.5858,-3.83279]}},{"type":"Feature","properties":{"CODIGO":1039,"ESCOLA":"ESCOLA MUNICIPAL ROSA DA FONSECA","DIST":"DIST6","DISTRITO":"DISTRITO 6"},"geometry":{"type":"Point","coordinates":[-38.51454,-3.85573]}},{"type":"Feature","properties":{"CODIGO":1040,"ESCOLA":"ESCOLA MUNICIPAL PROFESSOR NOBERTO NOGUEIRA ALVES","DIST":"DIST4","DISTRITO":"DISTRITO 4"},"geometry":{"type":"Point","coordinates":[-38.55364,-3.84743]}},{"type":"Feature","properties":{"CODIGO":1117,"ESCOLA":"CENTRO DE EDUCACAO INFANTIL DOUTOR SAVIO CALDAS ALENCAR","DIST":"DIST4","DISTRITO":"DISTRITO 4"},"geometry":{"type":"Point","coordinates":[-38.54067,-3.80011]}},{"type":"Feature","properties":{"CODIGO":1122,"ESCOLA":"CRECHE CASARAO DA CRIANCA","DIST":"DIST3","DISTRITO":"DISTRITO 3"},"geometry":{"type":"Point","coordinates":[-38.593354,-3.743486]}},{"type":"Feature","properties":{"CODIGO":1123,"ESCOLA":"CRECHE UNIVERSO INFANTIL","DIST":"DIST1","DISTRITO":"DISTRITO 1"},"geometry":{"type":"Point","coordinates":[-38.59217,-3.72001]}},{"type":"Feature","properties":{"CODIGO":525,"ESCOLA":"CRECHE ESTRELA DO AMANHA","DIST":"DIST3","DISTRITO":"DISTRITO 3"},"geometry":{"type":"Point","coordinates":[-38.59348,-3.76146]}},{"type":"Feature","properties":{"CODIGO":561,"ESCOLA":"CRECHE CRIANCA ESPERANCA","DIST":"DIST5","DISTRITO":"DISTRITO 5"},"geometry":{"type":"Point","coordinates":[-38.60669,-3.80834]}},{"type":"Feature","properties":{"CODIGO":421,"ESCOLA":"CENTRO DE EDUCACAO INFANTIL TEODORICO BARROSO","DIST":"DIST4","DISTRITO":"DISTRITO 4"},"geometry":{"type":"Point","coordinates":[-38.53617,-3.76643]}},{"type":"Feature","properties":{"CODIGO":476,"ESCOLA":"CENTRO DE EDUCACAO INFANTIL FILGUEIRAS LIMA","DIST":"DIST4","DISTRITO":"DISTRITO 4"},"geometry":{"type":"Point","coordinates":[-38.53864,-3.75258]}},{"type":"Feature","properties":{"CODIGO":1194,"ESCOLA":"CRECHE JOSEFA SANTOS","DIST":"DIST4","DISTRITO":"DISTRITO 4"},"geometry":{"type":"Point","coordinates":[-38.567742,-3.838447]}},{"type":"Feature","properties":{"CODIGO":1269,"ESCOLA":"PROGRAMA ESCOLA ARENINHA CAMPO JARDIM UNIÃO","DIST":"DIST4","DISTRITO":"DISTRITO 4"},"geometry":{"type":"Point","coordinates":[-38.535942,-3.814482]}},{"type":"Feature","properties":{"CODIGO":93,"ESCOLA":"ESCOLA MUNICIPAL BERGSON GURJAO FARIAS","DIST":"DIST3","DISTRITO":"DISTRITO 3"},"geometry":{"type":"Point","coordinates":[-38.59218,-3.75643]}},{"type":"Feature","properties":{"CODIGO":1274,"ESCOLA":"PROGRAMA ESCOLA ARENINHA BENFICA","DIST":"DIST4","DISTRITO":"DISTRITO 4"},"geometry":{"type":"Point","coordinates":[-38.537147,-3.749872]}},{"type":"Feature","properties":{"CODIGO":96,"ESCOLA":"ESCOLA MUNICIPAL JORNALISTA DEMOCRITO DUMMAR","DIST":"DIST5","DISTRITO":"DISTRITO 5"},"geometry":{"type":"Point","coordinates":[-38.60853,-3.82102]}},{"type":"Feature","properties":{"CODIGO":174,"ESCOLA":"ESCOLA MUNICIPAL JOSE RAMOS TORRES DE MELO","DIST":"DIST2","DISTRITO":"DISTRITO 2"},"geometry":{"type":"Point","coordinates":[-38.48383,-3.72566]}},{"type":"Feature","properties":{"CODIGO":225,"ESCOLA":"ESCOLA MUNICIPAL JOSE DE ALENCAR","DIST":"DIST1","DISTRITO":"DISTRITO 1"},"geometry":{"type":"Point","coordinates":[-38.58338,-3.71974]}},{"type":"Feature","properties":{"CODIGO":317,"ESCOLA":"ESCOLA MUNICIPAL JOAO NOGUEIRA JUCA","DIST":"DIST6","DISTRITO":"DISTRITO 6"},"geometry":{"type":"Point","coordinates":[-38.47612,-3.8474]}},{"type":"Feature","properties":{"CODIGO":1280,"ESCOLA":"CRECHE MUNDO MAGICO","DIST":"DIST4","DISTRITO":"DISTRITO 4"},"geometry":{"type":"Point","coordinates":[-38.551855,-3.764146]}},{"type":"Feature","properties":{"CODIGO":1286,"ESCOLA":"PROGRAMA PRO-TECNICO DEMOCRITO ROCHA","DIST":"DIST6","DISTRITO":"DISTRITO 6"},"geometry":{"type":"Point","coordinates":[-38.495,-3.8455]}},{"type":"Feature","properties":{"CODIGO":1295,"ESCOLA":"CRECHE ESCOLA INFANCIA FELIZ","DIST":"DIST4","DISTRITO":"DISTRITO 4"},"geometry":{"type":"Point","coordinates":[-38.549783,-3.781786]}},{"type":"Feature","properties":{"CODIGO":1297,"ESCOLA":"CRECHE SONHOS DE PATRICIA","DIST":"DIST6","DISTRITO":"DISTRITO 6"},"geometry":{"type":"Point","coordinates":[-38.514767,-3.832419]}}]}